event_id,sigma_x_first,sigma_z_first,sigma_x_last,sigma_z_last
1,65.83288627384267,75521.43745723226,100.06439988543215,26963.50755993958
3,114.94667647873129,9298.156223684888,43.664559174197905,159.37677018768187
5,12.225059884131161,825.8426700106062,3.9397802841412464,11.975204441634105
6,23.140649873928968,2815.465478108783,12.8166560008247,90.08820666438251
7,199.37532857363868,18248.765340184007,56.267883767363976,755.9350721511848
8,409.24610720495707,3500.3117589223334,169.34064922925631,584.9573902575477
9,75.06453247132463,4634.097051772053,74.95432359240955,4619.064060653924
10,63781363.00000019,63781363.000293694,2.9924985793715257,19.33555244293531
11,51.36512020695231,26374.60976533269,30.568442096012504,8926.981697642317
13,76.19685522382301,526.4277124587267,21.975270889259946,27.41573990988391
15,125.57758023446068,3137.018158703835,20.202612859549046,30.722384367388383
17,75.88260888294683,1364.9359814811567,15.819337775638349,82.99122250894857
20,50.38189335072518,5544.018979975655,30.090322169216037,216.3515358511075
21,27.776942619234436,729.4433698550822,19.26947630200711,41.24764842295616
23,416.2944106318119,11030.584959818983,79.78671338477292,12526.202950184183
26,191.1605380652493,26926.546298628666,187.8818294937126,27791.394032500262
28,13.583087302479994,191.03067922581658,4.0953286802080076,38.24783113374555
29,54.81773181157808,20726.753279029825,19.85068786382578,63.79730611251176
31,434.4828969481899,14267.322059161746,433.6472094373293,14306.300496515034
32,55.389723873757326,1329.462806708343,34.64567481726476,1043.129750594625
34,206.89914902958253,23696.88931047111,33.63735367216291,2867.9844291638506
35,54.736282052008995,3338.046376962259,9.94182803354901,34.9733580406444
36,184.0163679675762,206.7568135350549,184.90559031046212,207.0214086225697
37,175.98578462386124,3724.2506273881763,22.14341367723446,139.4946635285587
38,121.6320300447855,26062.89154048459,63.45868784956425,7523.943525950479
40,20.254959402552593,1277.818846761483,8.248605146205177,23.71154317952995
41,34.34025306257646,6049.677999436263,10.011675122060845,34.85246481472693
42,24.531251517995408,1545.287159236537,8.588213671720155,9.96206346855174
43,45.32022036413463,2237.6399661351443,22.26486938241718,22.515200437217825
46,26.740589818420077,1645.2026331335198,22.942424570338407,74.46511686830422
48,2355.952326574079,25878.96703236364,1518.0308961024368,18185.57138167715
49,21.07797870834098,1772.8561485453977,7.78567469181929,57.234041278460865
50,37.68527344256242,113.23008102234094,32.82714661047946,83.76485899080102
52,187.10404055857956,13526.786092068685,131.0049620579976,11306.919120652703
54,267.079613997828,3534.8193723192676,57.84905196550653,232.2075891819689
55,63781363.00000029,63781363.00026263,63781363.00000016,63781363.000004806
57,370.25080373004306,14004.29916468641,573.531292372067,1552.1442024052494
63,35.47208168289022,2200.95707278357,14.798581866309714,143.83784904136033
64,1616.6691462678646,13261.507456000705,50.16978887534176,417.8991166393756
67,150.14771599931092,7854.595414304943,480.2753484306529,846.250792432844
68,73.08574100909217,77238.25579193197,96.00082173966233,506.21189395007076
69,118.13111373526549,15728.449259794252,199.30437293420215,371.49520832149284
71,43.932922542863096,9346.726487002916,12.322213611587772,39.44169638336462
72,63781360.9136715,63781360.914825976,4.968426499185115,24.16799247371816
73,670.0993883425974,6742.023942707287,29.605423770778867,685.9527334956517
74,31.054546925502777,3021.367880862964,22.84958819610069,131.0222140165555
75,112.40199801359545,3377.2561459711133,54.48537390008396,69.80373725760921
76,91.8917911765234,1450.9215867155697,9.528958970299694,47.05874424268609
77,388.73728271329884,3200.336343524208,294.64710681397054,374.99037486920724
78,48.00126699750388,5548.799883946203,26.633568010910057,117.61292233533335
79,32.78153337392002,1790.6246660847073,41.013963655703456,531.3404746614324
80,471.9033860492545,19702.58324309737,473.1377656270837,20061.01691175941
83,160.44785952447782,28546.333372787656,148.38975184367936,25518.85687408049
85,199.73777915641256,20570.733697534783,84.07785437093857,231.23046907217238
86,308.2446207827541,34502.238117353314,354.07708982227774,42873.54658956629
87,63781360.9136715,63781360.952016376,5.312318071885618,41.481655395531455
88,21.806654139320198,173.86852013241702,11.778785382214629,12.105277886035351
90,151.9172576409161,1493.6779447252761,38.25219755897195,52.85225540587043
91,63781360.91367232,63781360.96193857,5.288776731422092,98.98038140824379
92,425.03154002102286,25635.23827132846,30.252509375938818,342.76642165852314
94,243.30581290127688,696375.877217228,167.0405039053166,709604.9883104797
95,333.4605801816566,33235.64063949899,192.76573018006863,7425.5982277002095
97,125.68754337874982,491.0839658006561,78.3096519845452,91.85566483591411
98,98.21736732844376,1354.7389454230736,27.425718542470648,96.53388999214825
99,68.42908697748761,1454.0571168142396,25.825906589779105,326.92401323293655
101,177.51788583662872,17117.573859002805,42.22705378405578,243.68105193923765
104,13402.78709311073,100123.63514902533,1754.651608300204,13619.475174706065
105,63781360.91367312,63781360.98954801,14.444716650282928,211.69534824168124
106,1787.2173049066384,69755.75278556504,696.4732549921554,28295.830138931273
107,38.18925347980992,6792.081779440162,26.23018756166075,171.88928796852048
108,63781360.913672686,63781360.951528735,8.34183058007089,330.51581411058334
110,75.76289855704901,1333.9358748944735,32.552312313169686,255.69247821832943
111,30.19655831927772,3776.8794774486323,9.806209468434442,18.02665932420976
112,364.4493544994979,15100.069903093086,236.64808357968025,3999.850879959713
113,152.26262799698006,9337.807566816271,56.83588313267912,159.60106651628234
114,82.70231980712182,15587.00850817064,166.02346308310095,294.14288344395186
117,114.82871984452686,13681.845758906375,29.487011115228174,555.9482834368226
118,36.554371011553734,19452.67612397,23.622192928117364,3975.2728536160635
120,38.35482184267774,1254.4820109198326,19.984558092526424,30.897091598253137
121,41.71326692954739,2719.244213285047,13.345402907325598,121.6960770015118
122,1406.679941724043,34290.17141008385,31.0887892427409,122.79371705440786
124,63781363.00000005,63781363.0000001,63781363.000000045,63781363.00000005
125,290.2781353932173,683.2264837305403,34.31261814129005,73.25134345770856
126,75.01306121615163,29165.314311095513,74.77119884891935,30360.93671984801
127,12.992381510034132,1352.7007266059584,3.8848179109578003,19.560733029581204
128,612.4112235640416,28886.350296854715,490.16570186166217,20281.046245765076
129,548.9582516165525,9702.37403294146,159.43419628921276,395.419198561775
132,13.932006573932876,232.27723444817497,8.173393532772684,74.72314125663596
133,63781363.0000002,63781363.000387,2.6556748643812833,16.444561371101006
134,51.91405533399439,282.366045980356,28.296957777069245,73.25948920597321
135,23.013011741569283,10578.707458946936,63781360.91367141,63781360.91369952
137,47.852943920030334,23837.61993707472,5.463170038335576,76.88710362122418
138,63781363.000000246,63781363.00000362,4.826421853333069,7.147232781478988
139,63781360.913671374,63781360.91367258,8.289071376504008,33.9495632646142
143,147.33928857770758,4244.858549611445,15.81619242552181,230.66055418044314
145,8.311512088992156,175.31372426580188,4.678135675611493,6.330515162792038
146,99.31937838744138,2873.083146170775,72.80380709584601,483.21911278282187
147,108.50893304390998,10833.98137514662,28.14094387149673,156.7944488487162
149,31.827026954894958,1321.9089371886666,21.196798409523026,69.18403455212554
151,565185.5434451972,3867641.9923739852,564573.065331174,3869116.5049950206
152,53.33733379577518,1698.538935768482,56.68154348272437,260.8658008243583
153,502.72250798978365,3806.6906459312668,34.88347383165719,133.922318834946
154,122.09638102754006,12888.567834064217,114.92206334762143,9162.80339576462
155,3892.195871139286,606955.9258464461,4080.5076960959636,611267.5013582489
156,63781363.00000239,63781363.11197995,48.056293196920414,2325.8280749930486
158,63781360.91367151,63781360.91536941,4.784659500366329,23.015022303788438
160,190.5628733019592,1889.13490064466,188.26820797004385,252.55890566686767
163,75.89249996548146,3616.8036307783395,65.5161315751261,376.4212577326629
164,516.2122235717806,7224.181105716546,445.5892141725148,2319.141410360323
167,1069.106517219119,249213.10571494236,1087.1709238514293,242148.06075447274
169,125.94309215082016,7980.699262120533,18.148997912797842,170.33396285045941
170,45.66020751485263,4911.956665436115,14.612932689904522,84.90964787070801
173,36.96463414640994,6462.866068112779,12.752482620325052,165.3131417297542
174,441.8585508759484,4140.603277530109,353.45830289632494,540.6813827345292
176,39.630346534588014,686.286407499786,14.942724919509136,159.7947113915459
177,166.39613471389012,98346.75098992235,177.65720698426566,100661.14140295515
178,155.66553830219772,14121.220549964817,50.30568162945057,2080.768587701198
180,63781360.913671404,63781360.91853502,3.2439244484210774,21.078496158817565
181,104.38867578046883,13499.490701804856,90.08764028601216,11783.195630209271
183,63781363.000211276,63781363.630469665,63781363.0000694,63781363.08286733
184,317.0682611718467,55210.8975589459,64.03836800018,3178.1723665612453
185,298.4936448577457,17892.152351500372,34.68160425262798,160.6107887423715
186,79.94295627946322,516.9703387901609,38.19745093665441,94.43801369421595
188,207.32581260577422,25316.022107248828,109.05660023053493,267.8890966494933
191,35.15384037024693,18152.88360371315,21.246051246201063,3144.6442734670118
192,359.5413266173373,5729.8644143802085,16.63899510965848,64.36165007541581
193,50.61715312121198,27491.249662786264,24.5387562610847,5135.236669120382
195,54.6404846278746,1359.4335115973215,14.986742520278243,29.074171287565353
196,925.7483003798958,6195.6545004205955,14.97776324008151,35.81034101835653
197,301.4178008024853,4552.1770359293205,301.30299285099323,5062.933686179225
200,298.97865438881365,9466.503179542906,124.6021656686085,408.0677237880441
201,247.04578965460328,345.3781255174715,11.861192008496483,14.115122748910833
202,25.96234351015043,8962.768065707458,4.771040585144696,22.696587433837287
205,192.14699370737713,3128.2607624838884,25.479997822369015,28.481780725885887
206,125.20137828430894,56725.88395688563,104.92246334843938,43223.69878823294
207,141.21583748891516,6233.237900973241,446.55912879741516,1753.7299644322322
208,63781360.913673066,63781361.24754216,18.426388093822194,418.09579177283416
209,302.361936310647,3846.9883112990824,12.374006888699519,26.580260815201786
210,36.91456156693593,4168.076544160684,69.27414875252367,2740.728454306622
213,21.34107661614529,3240.2305316707184,14.991616694824693,67.83722163012997
217,84.83779269649546,9359.977561294738,9.760152956669796,1613.4822417312776
218,95.57097598736804,5236.615668566242,112.7877057214464,314.58327653630886
219,489.5322503902781,1881.8190885415122,488.80995524622347,1858.1502619799883
220,63781360.91367151,63781360.9149392,4.646463677093702,19.01168535148673
221,76.93399376642249,5796.035606633931,31.53566042892497,773.5730157664024
222,75.56558380779464,8945.572198866565,44.36732569592834,497.2940771359006
223,43.8044985213537,168.96579925263546,42.874500781907315,167.29873958367216
224,160.28241203583735,2277.050155908742,161.3041521881648,2298.6680648236174
227,448.2755125508613,6446.244123109671,72.58091841527873,95.12974526385594
228,29.3737207994475,930.4871668478636,9.38060154651906,27.99863710425427
229,30.67847686179218,1129.4051099246317,15.895496824519912,77.16733396805328
231,22.50657296817348,196.10668567868234,22.379651970318957,186.6970163813689
233,63781363.00000731,63781363.00032792,63781363.00000167,63781363.00001785
234,344.1371412861125,58904.07945441165,20.043193754325166,227.35798595750435
236,103.19431808869592,5320.64494799776,144.04697719512268,236.49406364475297
238,50.70558333406442,1191.0612123685855,11.984526664158999,20.883998739164284
240,477.1642191758698,5997.9704622509125,577.9826021723347,582.3126965139784
244,45.71214765288393,769.0198575882538,58.03046036829637,125.58566839365932
247,43.022622112957535,3701.8250117923794,42.37093874607922,3548.855464288373
248,58.82902460760668,1904.2373765257346,58.76076142853887,1913.7265627342083
249,195.5438085886444,4954.985940961077,69.32577050553509,756.7461251376977
250,180.42153664487154,3784.872358377139,5.698062386367832,22.392441439106936
252,453.5588852147888,11913.269193676473,453.22786328346626,13053.71489436658
253,55.66338971641407,525.3733452269778,33.96250536502764,34.806195215654306
254,518.6131877094772,22379.66815257514,519.4094909726571,22496.45091967665
256,100.77582854523759,1404.7918643340454,17.069876960237668,17.788672149543853
258,86.6668657948079,1714.5505067001268,9.727862953685793,11.811068183462204
259,97.59325946608789,57378.59416061122,22.42689102067754,91.48423038040066
260,461.7247865276596,2396.4675075917266,55.87529241422865,118.94402363043751
261,18.387008242525418,9935.965731137909,63781360.91367141,63781360.91367612
263,130.0008732640595,1494.7799635887336,62.428610959075485,958.017371961642
264,27.507244555757335,1432.2875849623688,18.74613074809664,229.29380441717316
267,156.08630450608248,1135.6050418009931,14.690985007784048,15.543867264770968
268,73.028592308055,95.82529292333324,68.8572694372395,88.09261170493065
269,63781360.91472946,63781431.38022044,39.3550331826273,895.6389548587878
270,289.45071115465,13726.86273315835,2.9409410647496044,12.242372461875581
272,207.14542847759463,8959.588968369178,34.96810229133271,129.5367780150925
273,28.94120986060513,18995.28947886706,6.678085251414817,806.6109029950012
274,44.6729247261913,5869.993841883039,53.10185180633444,223.70091763218576
275,111.98264040406103,5678.301140982136,18.029289437324525,79.80321178972756
276,516.1525008390367,12063.563886224289,21.536356567113078,98.14815550576041
277,470.2045678804366,248938.14089221667,511.3641282813649,535.5811525269381
278,14.783349778571015,203.17474983316626,5.526380012827139,17.131983544887976
279,111.97579927952772,650.6085936911627,41.704267536555015,86.72035398320614
281,45.09756405570048,7512.58137147868,9.86403115408929,58.899359097591585
282,432.4448535361782,123795.31651525655,77.85830861289271,227.34193677565594
284,166.02468843908952,3387.770650660879,4.091380353371262,14.336145414374121
285,19.29603058240829,6114.764032877256,4.206587014625394,22.69845138338675
286,28.180829079340228,3680.2129909668,21.352182632763384,103.15246275074331
287,574.3052884832836,2780.055996491581,60.35497676901958,168.75086370149563
288,439.3570674901209,22035.155514538164,174.79356940785436,2514.5750114217976
289,549.2484713757641,31754.12056015112,665.0910419330784,8003.852458734565
291,63781360.91367136,63781360.91404117,1.6488596055987454,19.150359520321892
292,922.9895588153586,59841.949758761555,28.115862206528718,687.1741534847002
294,311.7458904551923,1850.924077605322,311.70884518607966,1848.1480664229832
296,73.1628720608767,54236.60561608491,46.887113710739904,985.7813140632425
297,75.50223796925354,346.23978229626636,24.302984548062287,130.41456716541094
298,602.7702229107127,272209.45044630126,444.3630113112135,172953.70631265038
299,400.7805049783926,106296.71676198395,171.695472524301,39361.76695953597
302,37.82849586997089,1526.992189581346,15.93557363546365,167.74726265494957
303,1686.5760508847295,36096.874028163315,1016.9937318597689,16436.731563579913
304,99.96532078754659,4054.536322592973,19.17309053537563,107.12453066273454
305,22.23885144626421,651.4667879825412,15.008936906453007,110.92075591302512
306,38.22486952324005,26912.750641297076,6.2390882759111115,368.5856517129612
307,36.43817393394644,447.8059106321262,12.684529509913903,28.58720321846374
308,2676.7542763270467,31788.571074692223,1229.9680942303376,8347.464061315324
309,613.019560843587,4739.30784607342,613.2107856676788,4315.145572039824
311,50.402659352221484,13015.116054749771,7.58985240992,29.16816549527453
312,214.7393229450229,48585.40786960164,199.16896137928384,44543.6346482794
314,2470.269483148402,167608.87985416362,730.9995691150542,30361.837466423924
315,63781363.00000029,63781363.00000758,3.9783920720865,6.368683596241129
316,52.1654579412789,2132.8627296983786,8.900210403088382,939.6911863690704
317,307.5781710121693,29643.334576007113,25.673002294550923,199.3301325153655
319,164.7319145453342,60490.866736919095,140.34889751768827,41729.24678440118
320,23.348572924423248,7324.637833636464,26.804920840423343,6442.752609754898
321,109.76000346032144,4135.387129618852,12.188863703848172,106.544756790896
322,91.03486504891146,1985.34231670074,84.30390818625257,801.2344361681783
323,588.2386545892117,13325.36317301843,587.9551138909964,12667.989868613855
324,59.2052731246032,11160.041838089073,59.3958425829413,11674.46348156171
325,274.4715397070839,85809.83335650738,273.3416265651998,53176.153495052546
328,557.5628226902519,9737.123666310628,325.62451445637066,536.7864048811941
329,144.67974901165587,2705.8841354378455,76.66415587870571,91.21359594867428
330,27.2135574653949,3176.9225361835206,7.1045412551164295,26.696004836380386
331,120.20287941307376,2912.4796417126613,44.243158870146225,438.5363040426521
334,63781363.00000039,63781363.00110026,63781363.00000037,63781363.00001178
336,97.18584034351923,29080.961155835772,41.74028783886262,110.05109955919441
337,341.89168514426115,10133.957651365921,280.6731976243557,3086.50976749373
338,424.43602851733607,98295.79778094211,17.399756823613377,295.60737808282784
339,94.91169230587634,8602.00443000681,23.55875750038803,234.24206273109542
340,43.867656593206235,2921.8371035304676,16.14945410568517,115.12439884058305
341,52.64547324057817,105.68107459507766,52.58999779149147,107.00204999182786
343,63781360.91367351,63781361.31229547,63781360.91367369,63781361.231372006
346,77.20626749049936,4777.797805159401,12.739078219421812,37.88982041993821
347,135.07014485187682,7960.39325927428,16.019671488425764,103.02216468037624
349,89.75160121357709,12056.809324799966,97.55976875289726,583.4407972029807
350,231.8416161607639,3777.564985708692,232.51428246655183,3837.4450145203436
351,172.2151055877425,24740.58699380321,26.433826036216807,645.9687579729507
355,2004.9271361927415,1121474.0503218353,2025.4550865973572,1119950.4181222285
357,96.22340897283111,4122.61899773561,150.2935560577964,1300.8818165801056
358,41.65798806487662,1833.8402612558648,10.665447058790612,27.552280670123114
359,87.2832375662599,10000.35665212946,95.83747884518472,1274.9931591555187
360,19.35733623352374,10733.895656829247,63781360.91367141,63781360.91369962
361,63781360.91367243,63781360.915235825,4.303790636736104,17.26631321159733
363,28.941209861871656,18995.28947817654,6.678085286102238,806.6108911151823
364,54.722405526862275,6607.712933497058,16.749131164878083,130.8778295880134
366,971.4258867435907,77361.00390935576,29.476601342154062,56.95621795199106
367,75.88570253617038,4725.103364050456,140.53952399308372,404.4630373175131
368,148.192391468139,15216.238772613999,73.88244718049005,4297.572848132036
369,41.353122424818956,511.9741121340679,8.92673112277598,33.35033338514251
370,63781360.913672894,63781360.98313552,63781360.91367156,63781360.914516225
371,407.99461358077895,11248.451563522618,58.53011524329176,168.99849991029473
372,535.209573571806,12812.608346335619,71.19422705914806,84.86852163357167
373,63781360.91367139,63781360.91367292,8.563218196777514,38.64029540941761
374,12.21713168942917,51.2318949816616,7.741632265311,42.52481809214195
376,25.778625908576426,1645.532168320209,11.012908614974407,109.42515520707488
379,291.365541871274,438.1469467896844,46.87062725637914,61.50019731120167
380,61.51946994995118,10586.245930604535,11.040008098224055,79.70811927929076
381,22.983567909025027,227.47003503532247,14.903546177036652,20.07280131694826
382,152.11205419502258,7125.859974680271,19.760108916190703,43.151700564448866
383,298.0133790697013,4057.1737674849583,45.36513822349205,47.93272679777627
384,158.61542718693408,25970.57967937136,54.96606409240063,440.26981959913724
386,49.69379442707459,24355.54638502215,33.343475032983385,10984.035228959061
387,18.288785754723037,7252.939885266217,18.238338955652765,1649.8350022197617
388,30.40990384281024,1364.234735903984,34.306095246483856,59.66246724583759
390,327.56383113203054,1955.3927414486598,22.619833170361947,66.13813937482588
394,45.620296031780775,9804.164647701811,3.5631716857568474,26.68527989266995
396,38.667413055391705,26496.889987177605,6.1447127252002245,332.4417413837116
398,33.10596842983715,8164.497284079754,30.034887341523934,607.9301641679004
399,347.46384945282796,38730.917705181055,332.3661962866972,2718.291175204824
401,82.21507031765249,22269.936514372763,4.868270458315959,23.87072720623927
403,124.39767637296772,2467.694768080941,36.560145214285726,126.61492478393707
406,23.07229754222575,1441.1531364623372,8.194054519015191,11.02805054840287
407,8.822061123799914,20.941922580389477,6.913460302068252,8.20550256697492
408,111.01892429265673,10781.919636265335,61.040780714727724,1231.6145255186989
409,268.65315254950445,3831.127217594328,107.43476295390722,643.3044836774692
410,504.1705649931909,24214.699280447872,108.20800414665827,361.2134603331659
412,90200465.63072722,90200465.63072722,63781360.91367144,63781360.913676284
413,97.76991039209531,15882.867206860547,28.32216067719608,405.99554740748374
415,104.62986773029844,1827.1479872418367,54.1011102995368,64.51752052968699
416,29.875010096522878,1851.6643874552205,14.132599425293916,16.910760441075738
417,78.83929395507361,1427.0536197173308,10.802692122504082,49.90020123685843
419,508.4146259985277,2126.3399661240596,110.10724902777886,614.6129994000396
420,14.059454571314916,306.43669225086904,12.265229353576041,55.560025678338036
423,205.93796331403243,17831.560807241793,193.56939732925665,7349.732360281456
424,209.53266645593067,38550.17739052636,743.4078197618352,5845.381454037104
425,2570.843135261329,173193.904492772,1996.8697071204213,77645.27867640692
426,212.55875203452536,9861.32932641843,8.823726050470853,45.58268141591974
428,699.3099891960078,103029.82710763598,292.81237209550704,23976.16691481103
429,187.54147684965466,8888.041938264614,19.44176628119783,97.08601613114479
430,139.81569486686794,5266.76567563889,68.32492792085942,83.62474821056192
435,638.3070373777366,221775.82922001925,746.9215816765309,145458.39456704492
437,72.28936188469179,2268.2583679430563,29.03104634398533,77.9263250505571
439,57.530245155426634,11630.389564245574,38.02913430403402,853.9284462856062
441,63781363.00000013,63781363.000023745,63781363.000000104,63781363.00000216
442,13.424140703376976,111.25212597928628,10.317821524156951,24.263135042735087
443,43.05329085755535,3595.286218066743,31.220470810955643,92.21009019101734
445,110.48093722138175,18088.98320569544,39.86662939839775,159.56720919722832
448,66.23263259829967,7693.46497469045,22.704278871639172,611.8177859160911
449,13.871820015904218,211.1108193036994,4.64268745288742,12.616382140167618
455,121.61160798208624,1631.2688469806512,120.63250128633061,1560.9419779485277
456,141.817869259355,13995.977281080737,98.04931813693604,8803.838082918219
457,130.3775533850736,14254.736585273671,30.751138220457058,850.1843570781239
458,42.95248132723877,224.5014467582243,42.953039955879646,224.50338400051461
459,14.643489808789537,2841.306365207433,63781360.91367136,63781360.91367207
460,671.3115356763723,69388.02893902878,244.11033468685693,5834.703937490391
461,109.0512593828649,26144.916742254278,111.36869079497208,26545.652436829463
464,27.998552604764043,1064.7931576800577,11.242768461041733,21.068570131242026
465,204.64466648304565,2118.0469535007883,29.86249377814734,133.22439704358155
468,78.33375519969256,5845.333029947214,160.04254150255719,475.3886464338532
469,112.86759933816374,37679.58870536363,115.41593199117334,238.27684336187573
470,23.80725519876322,2586.013205560773,5.026044127240223,18.850739322241107
471,209.51229660113452,10161.84578347559,13.991730622995313,169.80355451581633
472,42.508549540653675,3010.2180169069607,24.453075358587927,112.07392676157174
474,61.904037171212764,4283.547703079987,17.365875808041647,138.89268331559293
475,10.411878237333221,257.02498556226874,6.712927158156104,30.53021186746547
477,219.71403279273903,2847.761421135983,18.76125989042173,102.9090552722856
478,51.36838578287087,4718.564078372896,41.01335554069675,909.2500734188216
479,228.56247916079712,16894.242018251454,227.88552734473157,16809.24352327054
480,39.935268223714196,12570.89876099017,19.215044123081732,850.1263807737033
481,100.07913087971046,24918.23314780175,40.511919511584715,470.7890591911128
483,45.41438573397455,7094.382329599961,13.962871527543113,42.47582737304527
484,138.32490130490706,995.3048476917066,138.34833387463874,998.8241928168703
485,29.20200211995897,1207.5748939235093,27.56061197139667,156.97906362056432
486,95.22806348800863,7570.136650117057,92.34044716860225,7076.163829838573
487,102.45146356057246,5042.716680313493,25.433648952414,62.83909071082451
491,752.6871307782933,5026.5913648933365,44.92069200164056,198.4789397867581
492,1936.9977612467085,34292.952434523824,1897.1653691681172,33856.90540946822
493,191.09749602447513,5192.4987918965635,228.16970921093318,1036.8152451971464
494,63781363.00000192,63781363.00054913,4.894815403869571,5.292648304436779
495,5.894703694348493,127.38679976954997,6.181073876283135,34.92867831106117
496,298.11130058996497,16368.297918243008,62.37516334914497,3998.0990697898665
497,516.5407652903651,15675.163896413955,796.4523729587269,7165.655089969919
498,36.90990407600241,12121.13947274863,10.07018450080173,32.35859146396109
499,33.30806126715605,2715.9513244013847,55.37943842560323,1897.0919686762309
502,1207.813751052314,109044.09679826954,129.9872205685551,736.245537560602
503,63781363.00000017,63781363.000221655,2.786283968474607,18.249014716683163
504,659.7162143513427,40622.50547844062,59.80678282106177,244.33300087053266
506,76.80138662102985,2121.0615154505663,20.753409273644916,158.30101290046383
508,361.09512768754723,29143.685431232676,359.7104305122384,29664.05213941159
510,52.25033620639774,27153.175542132536,35.87623259837004,12889.115777042241
512,18.813530658566123,1030.3026774248435,5.830189524004644,29.793813553544542
513,1144.4620344249925,100367.26993798345,384.67623397182086,19511.538248422094
514,1240.1462860677848,123054.7892145721,823.3496317368764,52696.022530427625
519,87.49541235914856,1434.066342328146,15.238359820512159,15.44432356360288
520,267.40291806824956,26389.401041639296,208.32821926163408,629.1481102639968
522,159.48343161356698,40304.778458622895,20.07643681463246,588.0463030951695
523,16.218731794467605,682.9119823622634,2.872128149234164,3.0533636651085936
524,454.12730840165284,34905.308003860664,278.09441175875617,19163.24011850056
525,25.915748353863385,4132.465523872591,60.11497012443254,130.40196351123703
526,85.91373000433092,10122.539739719678,36.18915996359114,897.7620754429614
527,63.733844983870945,2563.6680247825416,34.44144475858597,134.5978842985427
528,63781363.00007283,63781384.527109854,63781363.000068665,63781383.12719732
532,63781363.00027538,63781364.11333234,30.90633708673882,413.21069070411244
533,63781360.91367193,63781360.91392103,63781360.91367155,63781360.913671605
534,234.9435142649445,48051.637431952695,208.08032173660706,41833.38844894466
535,743.7097864842538,13357.29041617816,101.22293545445285,244.37749634812332
536,272.10886062333356,5463.7399051390785,22.65967071941542,42.267163656024685
539,343.92695250732066,26608.561027188105,347.90265718796746,26803.986705251664
540,35.2263417247851,396.2186152658426,5.414788855928567,24.95326065793891
541,64660.89152558402,261887.7198993791,64576.92242329838,261636.28596774407
542,12355.829243210004,55773.05806977377,915.1769719509177,4529.342340874445
544,206.35728108684648,9399.290248394049,26.30952961621648,887.8134807039612
545,63781360.91367136,63781360.91419039,1.6087879560176608,17.57029363834229
546,26.408780826333476,779.1193786666597,26.01591981936246,64.85618636642306
547,51.31467850598228,671.5256218056738,74.10420255003784,272.9384344704989
548,520.792085612126,38811.59789655931,33.18501160837114,298.674031138622
549,126.4156634101039,10711.612638705881,24.97853464475942,345.0842813024932
550,5.331396023770253,86.93255107924179,63781360.91367138,63781360.91367141
553,66.35484047918975,877.3212726194544,9.049811961888985,11.188991281553665
554,40.02936111455131,4387.808604560234,30.886536654672344,1741.411918658286
555,25.348803580860796,276.70042354009655,22.07762765305215,234.54643675390287
556,320.6493271635749,14989.032541154278,48.91997407661492,99.02123496172987
557,50.86124349444539,5951.201457244841,12.096406970323208,279.68974765051894
558,112.88656939431773,3317.8618080574497,9.598738167223678,61.07449679903918
559,61.375482480565104,9023.322706217165,328.36058168745154,1857.3784690604655
561,182.10878146219292,5522.52572271087,182.20761993206403,5743.481004034614
562,42.97420224166137,3534.13656363913,42.9699465108187,3557.5435797829878
566,77.17307299628445,4145.790794948745,80.04207262466528,1283.6956627922775
570,520.7655475773311,1361.2787199449333,10.233793944728149,11.29295641679697
572,139.5174054798331,6112.775010374244,16.836399505489542,277.0322335095424
573,306.28989236173334,6425.535105671305,86.15189811398038,110.53378042937926
575,42.177745438223575,2198.922997570189,34.882019636263536,472.50956569121513
576,25.603776418064832,7204.8200690779095,1.6318320780666988,9.738224921356686
578,63781363.00000005,63781363.000072174,63781363.000000015,63781363.000000186
579,97.13343188457738,11580.549876700323,24.139743643902197,122.31119634222682
581,64.31910163995089,7979.554097324935,63.763774639210084,202.31513063130782
582,20.93878688699135,880.2156400544818,8.179778176109908,30.656589838687715
584,23.517270566237364,1863.1940367187303,7.7117283584812295,19.314680717266608
585,23.68675323693586,9198.379459761714,7.647475057945983,63.913568934978315
588,349.4007586317758,6455.747100771794,70.11257620517291,86.67192409605065
589,51.85906534138719,25740.243467203974,35.01120118592394,11920.381591710438
591,346.16576115027084,8713.168209630065,247.18318711164443,6134.249752166823
593,93.10493116087677,20596.98691440073,32.910778214303356,1225.3451636242346
594,63781363.00000012,63781363.00000013,63781363.00000006,63781363.00000007
596,41.199108614562284,2538.088213247216,14.126957919885381,63.171242917570446
597,62.838804658697356,307.21144375678034,16.032852711113172,36.39026704714231
599,18.76504428801099,341.86281911667356,6.272005438153688,7.297312967025398
600,745.4411199167231,18760.211065818046,340.34443043677135,4652.747910044645
602,319.9230218148994,16278.916109529117,319.56990764634145,15589.505509590332
606,11.439399961971558,444.82374271334004,10.616330522214355,357.4438322885614
607,40.0658179558301,1558.3677813594365,30.20198889523385,75.49132664318888
609,103.79267929001767,3744.9980437704617,34.76966055260376,40.55432368524584
610,45.87179866259754,2556.5750543413565,29.037451287823888,83.70725116874176
612,162.254442086813,6508.065585580199,20.733270477152626,49.057591255244986
613,24002.57074842889,3838690.0606061304,25239.694891332736,3991420.06618935
614,36.551909338508835,11879.800044224308,9.803956699660793,28.50925515618613
615,952.2828873462156,232207.5327870773,953.3634233622138,231682.05202467903
616,448.13999450346205,1550.0678095550245,78.08948331831685,248.55747617349385
617,73.25359598250279,6987.961740924827,48.208832953515035,3047.2725860230853
618,7.568553408141495,1085.491917441805,4.784111373507283,24.73122588667826
619,27.570544024902027,15881.168097838277,5.551345434606469,46.235227559710836
620,205.8429271983007,6171.754622309529,163.99997332190313,4589.769642698384
621,63781363.00000058,63781363.00071943,5.761059900415011,34.724451973054386
622,98.52966173356151,7056.059662973975,26.560131463632995,333.4867014738235
623,612.9429595354324,42696.045673157976,52.598474448797894,233.99419722294968
624,22.500335118125626,8507.626156128352,5.072589238182481,37.029287201989455
625,43.816393516355134,6000.9675170621285,31.802520024497507,169.54367529708637
626,16.395774122862875,633.19223100405,5.961918681645978,17.547501402246798
628,63781363.000000134,63781363.000103466,3.2595888480731423,23.467816799666878
631,72.91859126085551,4651.81076795171,17.476730544988534,46.16362454020416
632,343.9858087138769,8085.738059875418,512.0772086218034,7422.7264917064995
634,186.52320625184998,3856.5127316489975,96.7694104682706,721.9103833640265
635,64.71781267809097,100.09615971436149,26.857069089470713,36.345509789757806
637,406.36177312318813,74793.64568016154,292.8401185203404,371.6777154058723
638,50.494836144717844,26525.19847343786,6.322944445575595,210.7040733303914
641,352.293782568039,25002.7211447782,97.4793746787403,768.9973281395198
642,32.747610125234004,14654.201642560158,5.113099526604671,77.54294081673183
643,64.47015798746226,1023.1897810422349,25.0301547444693,444.63590730590937
644,360.382250657268,62635.266445265865,19.0913133157131,90.84055411139606
645,68.54198687114575,3416.2291917031594,13.518003633694267,142.50576240389736
647,165.50834484446315,18760.469620381296,41.1865546098217,192.79828378501762
648,181.0546704939116,5433.659577152428,53.851534176390984,625.7353193663444
649,55.05496185984467,9539.2617395564,60.51786894935768,101.7551545366458
650,31.58502160576881,436.74553840869356,29.08149094590588,93.9086372418657
651,5558.257088048074,240934.30791408976,4949.144754640559,215622.24493688825
652,69026.76515063918,2907255.8638540367,39646.65431598161,1629916.6719126443
653,548.1863963318978,11257.709440331555,529.3473507371692,2923.9156027823815
654,556.0031039116828,2169.3960910258106,22.868118016103644,26.05796299624495
655,34.93558481533457,2989.426310755892,7.662391463335695,10.900482840533824
656,148.99276934443122,4919.127162086834,88.09211778074328,445.680235780568
657,383.66511920403707,526.5398976432064,14.656596827964787,62.38854056605888
658,66747.43188672709,2694782.29883463,37760.87945137594,1521214.1649732504
659,999.9294833350206,46040.11753160146,42.35734897798613,124.96466863733184
660,129.57097965351258,20796.03772595945,63.56709331985548,118.94326795007005
661,269.7521048536558,24804.911033549277,19.596049021152265,74.14598354959284
662,78.917845947848,5384.937534636702,21.66983004059843,173.79515451579462
663,22.42961983022022,128.9446001176177,22.31305784499335,115.45389647828978
666,415.426221990798,445.2569782119729,215.7419835533596,316.3956735852904
667,26.66383602671087,120.9038021763903,21.733620048794634,56.26723355902721
668,63781363.000000045,63781363.000000104,63781363.000000045,63781363.00000005
669,1570.2995784867223,5588.796883621133,23.10593045203976,95.60531497952485
671,352.52191115003404,23709.96833128721,352.45908257210317,23327.41803409145
672,100.70454750090354,1785.314900939267,75.28671825387022,215.04031231636705
675,146.43735025810233,9519.581836964013,157.6136754811497,6180.041735035213
676,47.11329273790812,6800.0034710896325,30.419855994968096,208.92138008638315
677,22.909405125597818,1162.5818878971836,9.65297152014825,39.43634095356991
678,170.13134847891703,7614.398741900657,69.11139196764856,600.9498982368414
679,654.7534083103234,21450.39149203559,653.0169812814084,21209.120079314107
680,20.612272153397573,547.7939880397547,22.519934123374956,55.801265050869894
681,646.9965457940734,40681.20594359915,6.516046601830996,60.03761950340095
682,63781360.91367381,63781360.95864146,12.741878773665087,284.9604072984826
684,212.07115161126566,12614.911106767464,275.23766676584694,318.4405206089699
686,42.08007763828625,13373.743945973942,12.913735056542956,312.64716202857477
687,16922.61655870353,107535.70294529966,7203.56556589409,45456.488213502
688,111.10150212561858,11432.849872355058,25.57806057719803,102.49057165879714
689,56.04426559491968,4407.376909791391,21.533914921083955,172.9730810292482
690,257.75201673526203,42514.743431858,190.67798561729091,29291.793398482725
691,90.018811423468,9147.65356924479,5.962049669839725,69.9480355431131
692,513.1753292304871,31047.91844737096,543.7032684725069,1041.8826174872481
695,19.98536694502829,4891.63061400359,25.659062360425505,571.7406950289201
697,550.1036488827616,38530.509115298264,141.75514233171504,1997.1047533080966
698,80.51202342455336,19126.444425433554,40.58539841306083,5190.010432064152
699,436.187131972806,6260.340278972162,26.32517784489473,343.9381376468188
700,112.40048034634994,5913.969170284119,24.47486618379606,120.30714134094669
701,22.733090864872196,1238.9152573746906,3.1949351611606462,8.434645897160523
702,40.460574357371925,8748.588424147949,60.4020225354603,565.0637691089506
703,77.10254038824372,2139.0266965755777,53.15314008109329,403.3093581324439
704,642.9370015675299,3002.1043047466987,642.9431376388127,3027.196208191434
705,57.158505142930366,1863.4404797479895,57.05712312203025,1659.936412493097
706,140.73058767974612,9384.752163540195,37.59276443255487,170.2028109427599
708,10.071719329328527,992.5252924430273,8.1795433826962,47.47020424376747
710,24.064454276150848,553.5746233240236,17.25394482853517,30.691927794653907
711,293.3350331217117,9782.71966915396,21.450923694932705,103.34208717662067
712,23.013011745061252,10578.707457676908,63781360.91367141,63781360.91369952
714,626.9643280290553,196470.94117728752,464.1534298752144,74844.61010163838
717,187.9888062699181,9422.639805315099,29.853434659701517,2024.5212972237648
718,386.7714159080887,15421.585510123285,26.131283766029632,159.4150881775799
719,51.42893915721633,16893.49824253177,56.50769806803372,16347.652925673896
721,223.25625645858753,15757.991480398076,253.39663924611514,9252.39461985374
723,19.754680776781413,19718.555203457323,13.751417926471273,58.76124041584531
727,34.86910527788554,21288.78762863041,5.249788126783,46.091955708850456
728,81.20491461282128,3330.6734862844733,27.78840556710373,101.84294582769866
729,208.55523507834164,4123.904877254592,53.5362458487568,97.52248885435856
730,48.27784586851045,196.94564446942945,23.705644980184545,34.820320973587535
736,796.4507939635934,13536.370198709097,581.3355417665582,10017.183715813764
737,27.57054402346557,15881.168098599735,5.551345467276484,46.23529556930787
738,341.4489505613813,2283.223410644967,169.30641300097048,378.8093008747986
739,72.92774747550276,2417.852266563369,21.90261908870919,78.14297987602838
740,63781363.00000004,63781363.0000003,3.733492131603773,6.482222882915898
741,150.61527515605013,8997.465028481176,34.33357424032973,356.37919461809315
742,683.6270161792618,23656.958235642927,31.89634429244068,133.83720548435065
743,42.99677457793952,13822.102408311748,25.92238806480885,5187.378987045933
745,16.338566976359854,1091.4694747235205,17.057229225815604,1067.3422385209174
746,436.6183533465052,1317.5519371986693,63.04107834212388,114.35195276164328
748,316.07285580046744,42556.49895053584,59.977847331505075,597.9533182602464
749,63781363.00000183,63781363.000512004,4.680135053681423,4.801674408457363
751,3152.1993456122495,32608.911408117794,968.2376756609947,9192.788629588416
752,96.05295807715727,146.08345263984302,70.13735050202676,110.87926717564207
753,264.68243282845316,66754.39553797706,63781360.91367388,63781361.274972364
754,134.6508088201962,12736.913176445678,99.17556589983796,726.9023625321504
755,19.000231047885993,367.6614885788551,6.532232949378685,7.568260923315202
756,295.2582604494757,22917.124919918264,225.29631960822158,14861.340352090972
757,14.320047522237696,1198.31443632279,4.508893175336095,10.170812732772426
758,159.2382602931283,1567.5790919022877,21.507132373382376,27.95386762890894
759,57.9570973124671,22051.347512283726,23.98828250862261,3585.9155427330593
762,261.4465157602419,17949.62924280311,264.8627482191129,18321.877836142103
763,949.4778667145409,13605.191845452453,949.71501737564,13807.828384033726
766,138.5040176980085,4944.841237035542,119.55607370546389,379.36020387946957
768,34.94768845752492,21676.04443095411,5.288730446887822,56.38970125590776
769,49.97001860180694,942.8537531815956,34.88646451816597,571.9120776018952
770,55.756382222668044,2253.026185113918,16.989577908006236,63.7423551330883
773,897.9301381096421,58702.865979649796,879.6984397113048,57286.057081475075
774,107.83100890770545,20221.89498680488,57.25627376808381,7378.871345557025
776,25.730453814114632,5209.596559097381,20.47342537081528,93.03304231415088
777,20.513727896834332,5491.405512244389,9.123356857572192,38.32493809689986
778,124.0106733324249,16056.611444067936,123.86304757023338,714.4743115267119
779,85.24595645911263,15841.827554587966,25.481912371372164,312.66285316964127
780,381.1750576969418,25964.206580964845,125.15063906882001,210.17989104062124
781,35.656963058762145,2341.6314342388528,9.546742109664551,13.523547703286127
783,115.46734212930339,3045.2016874803376,63.04871114285494,142.4218507570143
784,439.59942285567894,6942.208526201787,423.9997367415169,6668.29106918799
786,54.76626799922948,29257.3829484614,16.98460744715575,2119.0298611578937
787,23.269173590710274,4710.829756504868,16.55999198254095,144.57483951093874
790,46.20330785971916,250.03080826732318,26.251480591852516,44.0158424103041
792,364.15212169561886,1793.0791366118967,124.0154774864481,132.36717323143412
795,1255.962351241742,7484.137597893484,1255.5735857105576,7235.34357004358
796,115.68455847166963,389.69100634834206,62.215348965951996,102.13737405299207
798,123.95207910580626,2168.124375533673,21.000011127709595,110.80998691130785
800,194.4943576003217,8081.793444217113,50.30385809495429,193.01460643193332
801,248.5248893477909,538.5065166206692,248.31207102756446,533.3551436434055
802,3464.345125029019,104889.6456843215,2360.7259557821717,76495.93298095473
804,111.11802865951874,1387.3526928425679,49.050532031316294,159.0839507431979
805,298.35590887851214,25674.81771459122,16.854755075639165,20.57670143872716
806,46.90536458259945,5320.5478871798205,23.773252551469216,50.40872496422945
808,169.2962604300665,11298.252645340679,187.85897787203916,1046.1492496144695
809,63781360.91367136,63781360.91429022,1.6263118393346485,15.122653942038925
811,51.37063593794816,563.0678904842672,25.368484103595417,30.034293582010317
812,6.569933742502856,1332.7316742241574,63781360.913671374,63781360.91367984
813,61.72458308598816,3351.084534485537,11.67469984963088,19.192153655932565
815,102.65666415471347,2374.5148423862397,103.24164563845225,1360.6638405322494
816,63781360.91367149,63781360.913675874,3.402687041935183,3.610150260187301
818,92.33496184106288,7590.503756911458,18.12515693972752,65.96217482866318
821,102.91363419842978,4754.495400470087,12.973279567635405,85.77034473898136
822,30.400338775499108,4144.908895699411,9.536402164167306,49.27889306932791
823,194.13315596062375,20197.096290913207,59.702892835226,2947.1418860553895
829,152.77151578527244,12288.103124780986,175.57372671405508,272.01647917483217
830,58.8430933895336,6705.120661918396,22.448534957426123,307.8535569696887
831,181.89672478975498,71276.36220310061,7.347219434894044,536.7943123326639
833,19.10512814625846,4460.003005557925,5.056080754636458,36.66117401777755
834,48.97159463117754,13591.484927943107,29.49911538460456,66.07038964927371
835,26.915639455355354,1653.868368506542,12.183216414795854,59.523015092402034
836,61.82629784552625,16907.197113224716,55.02097558169449,240.38698220062787
840,63781363.00000013,63781363.00003178,63781363.0000001,63781363.000002675
841,670.6075658526191,6988.389118521815,669.3730198947349,6720.8976502312535
842,12.111666713853074,269.1403660850181,244.6110070698795,4216.949885942719
846,34.82959315493958,985.0205376556846,30.27927808360286,324.1752530342343
847,5.784529630528183,423.894738411711,4.385199041125916,11.326897007703307
849,16.29034582989636,49.922926403877234,9.892852478165766,10.391135729195353
852,68.02968515249832,4879.903574375787,127.89168041302739,684.0837442284519
855,513.7054054338146,2085.1753489591456,135.9509493151964,349.35141175501906
856,194.72887474029892,440.9408641204706,13.582821557372663,62.40427939875896
857,112.50631849132034,16535.68553465553,22.128399761184163,867.6233927578746
859,258.44354236509463,29904.2177468662,292.5674579076028,26833.802029261646
860,142.22853948615304,9867.93561821358,78.05314438339002,108.8725229824963
861,56.38967570250792,993.5520385632793,75.20153936022263,259.81841024021764
862,388.7874344053595,559.4613717426666,192.55196568110048,1248.075890144814
863,1175.5207994023574,108831.7489037655,256.41347146513135,10549.888083485923
864,294.73861828494915,30886.520950661798,222.24511703858028,19864.51626596066
865,28.136148807596623,773.3635194856084,24.254862506867184,519.2118172689529
867,64.54329402082037,3051.165862254017,15.409160045343977,94.03588714742031
868,239.49549430320553,8648.286336771871,13.93933407629327,207.93793717886055
870,75.6726810529787,96.70177462434182,33.23177627421595,33.58208435192254
871,431.8958953450564,23991.10760111115,484.18757818144445,7145.5432156838815
872,22.860428589085977,2264.1833554065856,14.276431584897754,30.01565800454758
873,149.2304561568997,5454.82761783123,17.935574906971194,46.068348869711436
874,203.54503928423304,1642.0508372038219,80.61932114284974,414.18121820218795
878,8.631120512349069,52.98458772067875,9.98709406141083,13.789540922706523
879,522.0949427413597,2348.8330125417724,522.0904344204814,2267.4798282470874
880,600.7328276312462,35205.98006378781,237.83134800446103,4306.197264709182
882,63781363.00000019,63781363.00000095,5.711071005726878,13.60417342024484
883,115.77598832776698,821.6111362929207,76.28891951225462,126.57381233678166
886,566.1219964394976,3303.04442581115,92.84754816977153,496.2877506750082
887,63.29798670837608,4412.3939486017825,37.027095423701546,110.77220241206963
888,147776.25828009524,423401.4409359476,147693.99928062502,422599.13254166284
889,24.852165248421116,15866.88783932611,6.315209101777583,251.69407333203623
890,485.4457373513163,206176.8759300087,480.2832402082215,205566.65569073035
892,789.6022130715103,38576.25056536932,48.17570754130445,229.62412390825813
893,63781363.00004714,63781363.203936405,37.43453348211849,596.6166759654054
894,285.54654748728257,661270.5035421628,293.02763728609904,652420.716450518
896,40.16070064056781,19507.761183057348,7.571043749514179,231.79496947635656
897,177.61736018513608,2340.604575561158,54.64501500736301,138.75516764295799
899,101.83661924666107,9095.65982125579,20.084377471490367,146.592400797878
900,98.82001491787732,4162.119792166591,56.34133507802715,618.6631574255318
901,2721.966912588304,276116.1101277504,2606.296075510251,266278.9683328413
902,129.4676079907599,33640.88039476972,44.07153011566998,288.9184686380672
903,24.688734803749142,16138.443034697115,6.3905509581708495,282.0052392758794
904,52.12009083827089,26207.899626382863,35.36501719846801,12239.609188003004
905,6166.246698485987,22823.29472497412,197.22677511000634,608.3949935894374
908,23.217790513338358,671.1047850598607,10.073431339502108,20.109062710726285
909,1246.7817293043258,99337.90698271345,54.04924420823022,990.4124648315178
913,1235.966857153217,1059056.6155804906,272.74304440313153,28849.843224677865
914,7.794973563106336,177.7613321354278,5.406579622796457,6.4666978269186774
915,55.44493981425448,6129.657767142076,53.22005547972859,5059.1830833123595
916,266.23434240700715,51518.919590269354,188.257803858378,29978.191379749434
918,807.7750665401794,316529.25441639,838.5370413364557,328437.59001096553
920,17.81055425634459,4306.014559070035,3.5985014405934304,26.478394558902355
921,174.73941658658126,137557.759326839,45.20561986226185,39010.2293101269
922,581.3874812343136,12553.28804797089,272.4077543094285,971.7944958217427
923,34.50834503680576,17516.985384257925,20.077049011028016,2764.338367837952
928,57.56384527657218,1523.0573332875374,20.574843485259546,21.678516114100916
932,123.92834606197032,8321.00075637535,63.55794475511065,157.42094292371212
933,33.22136210745565,7463.942606447338,9.316877876601911,50.83270782798566
934,634.6518540805055,201387.74901823362,543.4018481841234,130412.2885631883
935,62.722591414796184,15098.17609876697,42.26856783212662,269.22216257663445
936,19.639669464791723,380.2699327099413,6.198679105379252,7.603754828407829
937,65.95832374175184,2818.827582619296,36.91990466717189,64.53534012122645
939,63781360.913672455,63781360.9139928,63781360.91367161,63781360.91367169
940,28.852841036256695,1664.636411448313,16.286564518967523,25.504044503934868
941,63781360.913672455,63781360.913845845,4.760294952344003,7.7446459886088626
942,200.62069207499908,5612.922369035208,109.4993601612043,2927.5187031943224
943,16.05015136434444,333.0580211035963,4.157286917129506,7.382242763126357
944,518.4172396922339,3591.7402718018243,523.7051432360905,3944.535360145514
945,502.36684162723014,604.6721368684636,94.38909656975054,221.80836174845362
947,176.46893789210975,4483.693074772857,32.98841015089366,48.15206272094263
948,16.21620608215734,261.28817311305244,15.901542916705203,257.75422774382673
949,12.549060202730923,111.6043987210441,9.34095073008986,42.63798992323866
950,38.592272371460396,10813.819224928102,52.26721957007109,4155.151891804754
952,230.3326802727758,13466.280443345353,16.81159061330503,95.60426941139293
953,43.80698848219509,745.3052260952288,12.602553570653791,23.6127006338289
954,70.61693493227664,8065.398680654479,29.54220493035178,97.64794103999658
955,14.078153003512503,259.19633498386423,8.71090362538091,15.111584713319006
956,58.597354985546005,33782.25720925998,11.47202243543574,834.9411297685741
957,48.099179938755555,8038.205861807071,34.816699280494376,152.22809467570383
959,276.3305953130624,11394.406810609147,166.70111157281696,836.2836038859447
961,111.28512418012117,9370.260628322743,34.94310527448922,160.77631931763557
962,50.15062002874888,5830.967096858641,13.359432502019958,59.610704820839935
963,29.489910577169915,255.42275531629275,11.564876366008583,34.97876935135489
966,8.600600199519384,526.0592712957252,63781363.00000008,63781363.00045894
968,23932.93858757463,378388.9085181654,204.47399697657352,4847.4266345336355
969,68616.81237867719,14382888.962865483,68582.1742759222,14395858.071241958
972,63781363.00007725,63781363.346946895,54.40014180891442,2307.6759193791263
973,1409.43818596067,45757.96395678797,57.292340239326165,124.84627338723891
975,39.303536631675165,1989.0118074485063,15.000912498584954,199.65699452062083
976,19.179759055653697,6420.21557982133,16.575823816219145,72.62439098120336
977,69.21006620341606,10854.370157503852,20.375417401022414,527.5136223219263
978,73.27900265809049,21472.84761036371,77.81941721032295,25731.981887084083
980,431.7744622519762,5730.895777100805,48.198119701795285,73.11395874856976
981,51.86413340244866,28416.913071503273,25.459096673579364,5590.796274008012
983,71.13982097327658,1050.1099495394726,59.50898101161838,96.49874585988805
987,72.46232471493398,3801.4683340216097,16.143420429835878,238.28070590121732
988,72.37625771270945,28910.126487118607,50.000105621597136,116.04643440878947
989,63781363.00000025,63781363.00017132,63781363.00000013,63781363.00002012
990,49.30000415018672,25997.944956834814,7.224040815762656,283.6734437186196
991,503.22859735075957,57219.57739312172,188.3921164698271,3853.6926215879334
993,24.529177373145476,312.77716788114384,63.137974732745526,203.81837286123576
994,544.8888971226131,12921.7357531607,650.8350177933614,2370.987780698359
995,30.19481867160158,189.64171164945233,30.060156638026864,205.28773994826463
996,19.150958471699685,211.10591015050062,7.667158335151484,7.993770609274322
997,415.4505403715123,59299.58655383614,140.19005936370743,12593.182297206205
998,424.7121895577827,36130.76307609924,170.19886820664289,275.510701904877
999,24.691589226403792,2948.603591293997,10.390613729593333,93.29327426729913
1002,113.66057117365949,3377.8607630151223,68.97613732302607,2716.141016580565
1003,298.92581374853575,9461.966997140938,311.4273574226351,10558.363568809782
1004,28.414536409335124,732.9624578080287,6.358542231391943,7.851725859761894
1006,356.44937239671293,41548.65093129788,257.6473825187142,6550.197392652368
1007,659833.9443693971,1228745.7092852178,660908.7354871416,1229394.5140076464
1008,5.270227428713059,83.18500939646283,63781360.91367138,63781360.91367141
1009,15.998799778398018,660.2256842761946,3.2509089906166526,3.4814379910071103
1010,65.50823330674673,5153.1751013229305,22.336425778699514,242.55879677695683
1011,308.9896157457744,25304.034687987423,206.97697215501753,13351.328745235467
1012,53.865418424348334,33216.83514780735,12.471182470313476,1863.4715289110718
1014,278.13729714388955,33442.22275378906,165.4404988159227,16379.180963305702
1015,101.76267656095236,881.8832170305673,93.63294763642152,282.61098155716087
1016,367.57288260480857,3043.0713202804704,367.1893864340284,2934.630145052053
1018,63781360.91367279,63781361.29694734,63781360.913671486,63781360.91394148
1020,55.625881860807574,492.86269650654987,43.92837576468643,178.76959003503714
1023,88.52405398807531,953.770750129124,81.9240425708979,393.8596458115605
1024,192.91787175295056,79779.76922698354,74.88052883262822,2396.2758837212614
1027,57.0669863747175,5017.362818315887,57.16451840601172,5071.883841394041
1029,77.31754715919203,26709.126453477187,81.87124170443822,773.1394562360416
1030,24.52459054806087,1902.2239692709184,12.91297889886948,31.605560320707447
1032,20.718611722421784,474.4769284914811,10.55348158814576,57.05477106808342
1034,184.28522719108966,1816.3844318982315,184.2766694739991,1843.7095590022693
1035,19.108609918789977,176.38666309810856,5.490493874715842,17.614273184631394
1038,25.31725398075494,3146.591022388916,43.76136851594335,80.32201143735156
1041,25.064696621784847,15597.115291980623,6.2464383255082625,223.36341115901368
1042,145.35056669699492,1207.5036205816455,167.7994454919399,833.0282319297518
1043,202.95142267873,6132.138491992665,89.82592538537078,187.8954842030689
1046,124.22306456707035,8841.769295013593,76.22509258124875,955.4111236431977
1047,475.6613670168777,10344.03299433844,475.61538822809706,10416.907516883037
1048,34.65172823745961,1243.6558524249408,25.613624903843597,758.6743787042948
1049,647.0884870642409,4160.430975203899,647.018908951261,4207.428904776922
1050,50.481707280966646,24814.196955390726,33.92339585614994,11292.651723619652
1051,366500.9899164973,4238823.906201787,365065.0139145906,4236146.216204129
1057,11.392901829028578,502.5597131066595,11.688126767298767,15.88058292943907
1058,165.19386676977078,5104.917446097145,41.415734483417395,354.6296157672642
1059,33.42369380512911,14573.527164801651,23.270521239818397,6788.725236577613
1060,123.14853000193521,7679.337215246174,51.42073670321689,2339.364272594909
1061,64.60812159281876,2888.934998421307,15.877987899897049,338.14786959015373
1062,175.91307076662005,6121.779106431939,175.35129532528924,6204.789896197523
1063,63781360.91367245,63781361.05152156,5.453977548380677,42.215437265073284
1064,624.0922424912148,27773.173904064006,63781360.9174968,63781368.15922545
1068,286.41481048667316,24611.465589863743,44.92934131273792,1114.6041957380378
1069,72.95762550049952,1791.7101380950414,12.346846683693288,47.23605098253152
1070,285.746622045587,27797.143511567807,18.937046641030193,104.61669516687616
1071,4089.061303823009,124197.05008324423,4088.361478923961,124152.67791535077
1073,815.268553664652,23355.249930840408,395.72622269344515,844.8359287515389
1074,16.793461648524886,956.5194387767607,21.925192478578715,111.46673506435488
1075,63781363.00000009,63781363.00003995,5.483144874259942,13.302622178572879
1076,66.7472410859568,11295.508329546617,43.86244508574547,5340.507746174434
1080,1988.8803389195855,355378.0470206467,63781363.001212366,63781377.57875629
1081,489.3058767072298,8170.900108551177,21.785966946995586,204.16745437801788
1082,51.94742411457675,7683.378938612222,24.559222748146265,3940.959590117646
1083,190.04021225554598,3864.9335035930917,48.327581446086846,524.5614041306143
1084,560.7547710229446,6129.430311540825,560.7893214872438,6092.796730125529
1085,43.16226706352824,4158.2513520001385,22.298553222659788,114.55131353646722
1086,131.4442424363394,6145.441632254948,35.045637875661946,627.874413484518
1087,28.948629353052926,12757.106783069721,4.804476790469847,31.734150761472485
1088,1949.07865165762,31591.01056366399,65.25695296779931,558.7602503713459
1089,121.8637665340502,14374.68723341406,25.391600002802324,129.83339190484736
1091,28.7796895547312,1335.0939584656473,31.17370954142132,33.67688802106926
1092,14.488101034325682,4917.5768902089785,63781360.91367141,63781360.91368354
1095,698.713441734514,195975.18916115124,358.50089463465986,48567.991258215334
1096,20.893555318634178,922.0874106294608,8.426116905729888,38.73664920501351
1097,57.67234152574021,2666.460747588927,7.600367351613065,9.940083467739434
1098,280.81875709315375,58696.70940621524,63781360.91367357,63781361.17923219
1099,34.781099783652294,14491.13985616217,7.7705714317045995,29.9560232018156
1103,110.20630350834342,5301.699685346313,64.89953673691673,2240.0145226013706
1105,610.0215844784369,276881.0012421285,450.2335534119179,176689.87508390364
1107,35.07010041004114,4954.935396560664,33.89885757203356,4788.453501995562
1109,39.908237660033386,603.0904991623049,22.973592767790898,51.83639660995619
1110,18.359191789320136,511.9956064579955,9.989940983772387,30.122994430852675
1111,131.41832119507401,4411.330895065512,55.70318952802025,540.8413610404922
1112,452.5169678659078,38289.60411384238,442.0418655856309,37009.37855443914
1113,65.0815425479916,1761.8736980965634,44.70773309401847,264.67621869361307
1114,200.5550939646879,30147.091623583525,131.72048963717864,17681.078160382833
1115,63781360.91367152,63781360.91480817,4.90137205121814,16.827803281059758
1116,191.21546179957068,22436.596682183525,79.77294001021352,344.5899939844054
1117,90.25451042352691,4877.563710138952,109.88779921215487,129.9707994470264
1118,231.1575683165032,7455.27104507176,28.685803109240837,54.9221212168252
1119,55.99013494888028,5137.6808385688355,23.55522911904785,132.81809881128507
1120,84.1701003397775,16699.532978216335,77.43227411241186,12689.721066620683
1122,227.7618416066483,2827.656534217074,227.8274817248731,2966.598935444107
1124,49.971139601662856,25168.22379041804,5.838165625329809,129.0913076540885
1125,68.4513680774723,10339.576439184306,9.525210486082958,30.393846685864528
1126,352.3819310731761,23350.247255416252,352.2925096902948,23219.90583185798
1128,64.6846943129361,3072.913551033951,60.79685859963308,114.60391194234994
1129,63781363.00000013,63781363.000000134,63781363.00000007,63781363.00000008
1130,53.640065087298424,2817.7925222598205,11.491445940791266,409.33706616609953
1133,40.93438486771048,1333.8275170057696,28.69470357137616,92.3206215043517
1134,90.32222724044085,3350.9038087139256,52.42408594457087,253.5892571829645
1136,14.003702531710802,372.07708711560315,3.1551466686204392,12.77365253989322
1137,269.3950003972023,64403.13749099539,63781360.91367377,63781361.24542844
1138,411.1500193133496,21739.203245672274,18.436832829113865,42.668725416509346
1141,656.6045052096881,12533.837369754807,315.90497345936626,3594.4144598289377
1142,8.148268662253999,82.26622028538195,6.201093215267414,28.494895988301145
1145,35.7797041677014,18474.065228678603,21.88999669443069,3343.5194552572657
1146,34.0196145511363,15834.092817636676,20.54488799594882,210.2249233760019
1147,122.93807254232634,2519.5633502746364,88.55386561041216,1641.1515392688361
1148,13.549350818412668,86.11262248402433,10.16937638101741,57.21967946572295
1149,1073.366562753012,244302.96538314648,1094.5210246119373,242816.29245745152
1150,31.047328581217865,11661.233849220074,32.938154077769326,8926.605068639297
1151,27.53272789268426,658.9919880208699,20.630361665188712,60.71677716304269
1152,55.9501462441143,753.7397440255326,54.67179983338925,119.94301409254219
1153,3226.898729135096,47797.935231847434,174.08524465046466,2217.1281725137023
1154,504.85223096503495,27864.842180088413,214.69478019049873,13368.52322469314
1158,430.55547768424015,19568.124916410685,27.210263360142328,141.0468928324912
1159,61.01375815405651,1062.6459782573484,15.080903232558013,23.084813710319505
1160,53.92919624075882,12559.97716511598,22.261233870480133,723.1549595841186
1162,25.841982411491355,4229.151367713115,47.05683700774604,184.410436497522
1163,29.774807380043463,2265.9481855183267,12.110963479450602,39.52293190992405
1164,307.9402215343305,31580.669691748102,28.831115879991536,441.55004408126905
1165,11.418694202930984,240.4867988700181,10.120266228502997,216.86056327541385
1166,190.22897845851855,35975.55465155635,62.91121974761836,560.3175843928362
1167,1526.927565370415,20821.196682369646,654.2523977340568,9897.34534924818
1168,575.0044200375683,12483.652899806917,129.1117086379702,237.2193956507982
1169,63781363.00045705,63781380.45201969,182.07095761351547,19375.752300362044
1170,38.45337469897777,5378.445423229577,13.79426707949736,74.7951643096769
1171,322.75502945670485,10628.870637745664,322.4071603331347,10589.192141342332
1172,103.38939831544451,598.8469897198811,55.84798609415243,102.27754503651921
1173,80.81916575754998,5228.702701075271,24.71173170369745,55.24628872490486
1174,63781363.00000153,63781363.00035842,4.614185509677282,4.6677200788330095
1175,19.39967590667243,387.9525281221222,5.8633894651589324,16.508159292416558
1176,3615.6143547090664,16458.967118645713,1319.6396648654443,5929.873072283335
1177,142.40506780914822,36090.55799420013,100.98439176426619,227.92202983070092
1182,558.5841819744172,8374.793071357237,35.33265719825932,49.81117774106959
1184,258.08791987292136,3568.863597750196,24.815776528830135,108.48283102070319
1185,57.85375841715384,231.75411878647407,57.51596120761789,212.4342081568797
1186,1063.8178659784846,23986.75937393909,67.28743937021005,191.21763736606465
1188,40.04266966706481,3862.8036016914334,46.01113535475864,337.71632576129474
1189,66.82383276573,5428.450630395264,37.04621547132172,101.17999518799651
1190,36.017836638161356,552.8889492160832,43.580025319471005,116.12316080280408
1194,63781360.91367177,63781360.917589515,63781360.91367157,63781360.9136806
1197,63781360.91367486,63781361.22329383,23.061899586339464,4723.746684041564
1199,69.07617460377902,2298.7439916092344,68.70346448160271,2241.7159301097377
1200,5.091998512217815,88.09352574822765,63781360.91367139,63781360.91367142
1202,352.18627959784135,23242.00621575792,352.09791045961873,23111.33038104939
1205,465.25702775504965,26290.611185017806,99.59660684339595,1219.0489221792936
1206,331.6908898115564,17120.0088205168,18.061427417855,71.48873625502253
1207,1461.2479178882354,11405.348774216127,1411.0070617270455,11029.019686332054
1210,25443.87147554253,4014404.006005927,25284.811896686973,3985296.8842627746
1211,51.3429404315154,25275.804223346084,34.54603108136853,11604.786037653073
1212,63781360.91367231,63781361.00714837,5.563581324224877,42.49292189288838
1216,136.46889032034395,15679.804876208469,18.893974022873724,44.28545012529192
1217,38.689287159318575,2427.112248605067,13.525614997612715,24.69671054984403
1218,9.354331951207461,514.6979391973097,8.488520353986136,475.8585624144133
1219,55.029363491810244,480.2906819561898,31.39988817814611,98.85116558453474
1221,9.593215543575555,522.3233544049407,4.087248975037242,13.863196920970173
1222,71.16185280820007,29564.68611955306,179.99355913859839,547.7146336206631
1223,87.13202692592958,497.6006316294878,34.41336253567573,95.09868274138427
1224,143.25028931057062,15613.69194245363,30.729998074724595,1927.9342431374007
1225,16.523077809559176,620.0711203363076,9.97387419341577,56.82048160496207
1226,63781363.00000067,63781363.011257656,5.470049784824156,24.91909223781819
1228,7.454161344717143,20.548119965771633,7.0714084784301825,7.098648251590027
1229,250.0004326277495,12618.002175984257,250.12606849878156,12654.047004444405
1230,96.59251682490034,5256.263778989655,24.56895159569148,51.56828821709834
1231,31.98742201735513,32909.05599918191,134.41207703357526,1759.8630646129034
1232,63781363.00000026,63781363.00021373,63781363.00000015,63781363.000026695
1233,109.0614133051345,48115.38617089181,49.94192160174057,815.4668390214072
1235,110.84837479196288,3866.4015157155854,36.61508635551646,154.14633566315638
1236,53.43355786133873,2582.583124275944,41.706786687183346,406.7950831736355
1237,80.83572633294784,3253.3969056652704,58.96646720549869,229.270067850463
1238,124.13428342681306,4652.067254358342,63.32963039656999,95.00733680572236
1243,18.526084144198027,413.41717110612393,6.4445718362564195,7.841769590000284
1246,101.43546435593272,587.2789836432634,9.945542778340263,41.84983380730302
1247,74.43472591654978,236.0312138077699,46.288353109186126,257.4562490409498
1248,1223.9614423473754,110053.93566454214,135.726416372823,852.6922181686529
1249,185.39946090325168,19834.401931471617,36.08719898220069,353.0904793116754
1250,759.9055485913568,16032.646527604908,688.3512156791235,13025.160492064542
1251,55.29589073463192,13307.845084374789,74.82686273600504,6791.404953408036
1252,135.5901470292305,5210.021965094327,61.96377283876323,1227.9665127682522
1254,115.95050892605299,2263.7168937220886,77.65105545804764,237.8564258090092
1255,229.98732576959364,1569.3589695451174,63781363.00000875,63781363.00007473
1257,45.375157345230114,393.115254701358,36.30830438846423,150.9463550200827
1258,21.68310184531955,1421.8949413844798,15.099332542466042,78.65874987595978
1259,331.148024717562,4064.2329742740976,61.88826557313379,709.7504396256312
1260,117.28680179290457,13500.527392997476,89.53711077108382,670.4604066852753
1263,510.2476444809692,2150.8601010164307,102.37981920890815,562.7745088828316
1265,352.3592357918511,24362.895000638535,352.42903629176305,23014.86536710631
1266,141.6347092125201,5884.664137346355,173.3829860965374,225.72129562419167
1268,63781363.00053264,63781411.97044936,37.33398244524464,1433.7705362516479
1269,328.42474794917,7280.710058752255,207.19937522807518,7088.7210491146925
1270,197.82231967061136,5711.509781026178,19.501404124549,160.28012591781467
1271,66.71435582202952,116.77556799017756,21.90499109086109,22.533822617318627
1273,81.91104269310715,3432.988864800519,30.410204264715848,1125.9826632509746
1274,112.39156591029821,20857.59672516665,19.594540079866075,215.66983556902272
1275,121.7993881842458,5520.955353469021,87.38799762454273,505.0695448199468
1276,101.99221491670555,1044.731208045895,58.95385579777329,163.18853414508627
1277,30.030827170204553,261.60643478070847,9.696672481870147,11.64509299374622
1280,195.48722264455597,10057.88632474136,107.85068761050123,945.5856642882803
1281,63781360.9136715,63781360.9154177,4.82093453868593,24.046747443706966
1282,112.39344351653023,7248.229235367754,47.6264920146048,2120.212424277563
1283,118.74879607926292,15760.233420224735,49.72584712320693,1004.3895237010781
1285,177.90565732212852,6335.322896596985,18.864821916330907,107.57063693499269
1288,44.38087245331216,1433.76873849173,119.09557666119002,139.2425578707114
1289,653.2661556736759,7209.357781350653,140.04963735918557,259.3131209479678
1290,108.14003506537767,7595.752719652374,107.78653428989698,6270.588244348904
1292,291.18867274751375,43983.57125038497,67.28471011038557,712.7811197687482
1293,256.2465080964905,19106.201838428602,68.23365563655888,465.09266441219944
1294,806.1551236596198,150673.66253613326,92.50652881206449,1185.166666001951
1295,53.31481247760624,3091.3304524424425,26.304125327239007,33.167848530861846
1296,421.4570162249334,96195.53969151674,14.259381753131827,187.30854001691074
1297,50.4817072799979,24814.360637397873,33.9233958531106,11292.726543024002
1299,23.74118098323568,11189.345177749916,63781360.91367143,63781360.913746424
1301,63.17741723631715,16395.925120238066,49.70846427724721,10031.231439136125
1303,62.79092973228588,8848.94735780508,19.18014737222521,161.53845079555512
1304,265.26662733565723,16019.381282335298,31.893990098253827,455.14510480139853
1305,269.9821178257543,75051.7845458504,63781363.00000212,63781363.001304634
1306,340.7755440177003,9446.3035053591,105.84833918592503,300.6626558221482
1309,63781363.000002645,63781363.0151744,5.4862504116389825,28.7582348660681
1310,22.55176856239282,1849.1625263509477,13.582112661615536,83.95246621086858
1312,29.504171617696112,792.772838535609,29.99044411992703,802.1106212709237
1313,22.03485176051051,340.6276706010604,11.056554665087729,47.27822961098103
1314,259.9952662195389,19635.819493248757,139.2837766443615,206.95042781297693
1315,406.786060097359,30452.962107034004,268.08248762736287,19552.37200774012
1316,62.40843550882303,726.9666821169931,11.52176269847034,17.577425162987716
1317,34.927281336924715,8710.737324000167,19.959916901173813,165.29333505280724
1318,24.66370092884809,425.16966390972965,7.311532799449929,38.663783169501315
1321,77.41714868428924,27058.157239473636,16.78759490340697,259.1059975632846
1322,19.956394151317728,441.81098070646334,13.494518435378069,100.49086678647278
1324,19.17417519789349,2850.933994448001,14.43647986130989,24.487924600441083
1325,73.47509561740233,9869.664820429014,66.53439958519039,903.36361019242
1327,49.82117878675281,12233.960072410087,105.47648725637866,1185.729039608812
1328,19.278140177633695,6699.703809371991,63781360.91367147,63781360.91417577
1329,373.27341549562954,15762.8654757211,369.7564833635414,15570.382898641412
1330,943.9374816063576,136469.220255677,724.8884439867404,98412.14575024437
1331,233.89524504943716,6979.466286262278,18.732858542729552,186.53493209489588
1334,62.44498117931052,1269.009315030452,42.623786225628415,163.49513719299884
1340,119.63942224341488,54640.62009919861,115.82376223666436,36071.098071201064
1341,63781360.91367226,63781360.913880646,3.8518661592585235,4.9047799248286905
1342,195.2917157281792,5317.916058719606,11.244305851493756,85.64487578479337
1345,63781360.91367136,63781360.91450352,1.6279412720215507,11.825625017772504
1347,90.59008749291827,1926.2618795620706,36.11149700066416,623.8527495114643
1348,63781363.00000092,63781363.00127058,63781363.00000108,63781363.00000163
1351,30.198609781020068,72.96399328736588,20.04359298649221,25.872893625176857
1353,76.1809259082049,1741.0164904844646,26.06596188824536,87.51645607857763
1355,127.61195434709883,41007.63650221807,125.05667850622217,36310.23699739208
1356,121.55372527363302,1580.3711135603733,89.09437091300815,148.64764339677836
1358,22.79608428228121,968.2960455307134,8.081482962043653,36.11545399090775
1363,22.984103700663166,2521.257018495197,2.90410750326693,10.763872782480064
1366,89.31700719814278,11500.778825456762,24.855588431138592,98.220546112338
1367,54.218292760031346,3273.1719944501465,9.623208722190851,30.078133828980523
1368,63781363.00000168,63781363.000441775,5.13117485289849,5.6452257898730185
1369,168.56933259713838,15887.222816464146,55.40060209041176,427.9245921452038
1370,91.00686616083762,4003.8497997702934,34.65831338070472,93.29338745977199
1371,39.96328333832878,2828.716903199242,14.60319299005893,96.62304825211086
1372,38.58333781707706,10619.285157229018,95.84338223375289,4503.796383260514
1373,25.803072221141704,2347.619524613416,26.667219026354676,160.99598787672124
1374,64.56858623815269,118.48162695415581,50.76051046229436,84.07537446001275
1375,117.29257671582,5195.381194059618,58.35555276776712,1470.5423645194337
1377,53.6188291679285,1927.7867377922241,13.103626408256705,52.34027275808601
1380,270.1997043759578,2670.835162016285,73.55017295684858,110.41832424951355
1381,72.57360962942258,7815.801367701924,84.2343050314183,428.89038952860005
1382,8.620620331603954,543.8261699362329,63781363.00000005,63781363.000001535
1385,1297.4648361871473,7428.464047775199,1297.4636750102188,7428.464285451379
1386,72.94310010229474,3360.1370084646533,57.02092197423245,1063.4297467690137
1387,140.39110160933325,16413.53487105665,31.53004605044686,808.8962980942197
1389,9.885581419053246,217.87405276610147,4.780617775156525,18.070953976859737
1390,22.99956628109159,10378.294178963526,63781360.913671404,63781360.91369201
1391,375.6368176731699,4864.733964556669,34.49493512515696,123.4500533274386
1392,463.31013283588476,24500.144206938494,202.67335039804104,3604.1279684564815
1394,778.6374851226867,8298.490929096808,706.2533973465726,2441.499260618395
1397,27.769609324119227,4819.0541866064395,11.771341936546099,63.01063671732892
1398,49.30000415101029,25997.772447449042,7.224041027268124,283.67342486246747
1400,577.8420977031727,171224.87831231736,579.9452318842815,168762.15531989417
1404,46.53952690073239,5292.075654929225,37.544359765772384,214.0008182762396
1406,19686.634754729697,53737.33586575975,899.6505064744786,2495.56011287426
1407,418.4463827172593,6507.183779659553,34.42696105315309,172.89632682032516
1409,28.706984466829837,1833.6668247419034,22.311679298301673,212.8814062153118
1411,629.7008667222444,4406.53442179105,129.41548606664455,162.2393684221111
1412,46.89182877868058,23026.47322720688,19.953812305664034,3104.2359662479503
1413,637.2303302446476,53585.931303635785,635.481130831779,53516.42343912096
1415,90.47151923283177,4599.167119150274,287.3796435970888,690.782766906032
1419,33.798621953799255,1489.1340721266395,9.82157493663948,29.99199969192406
1420,143.70459211018195,2903.22784429318,98.8560106801531,557.9334096629594
1421,587.8670123789872,3157.7412753060303,587.5603380532732,3152.8963574255076
1423,120.22477548064589,11525.328433787405,26.59817845368101,252.2770519769383
1424,23.265618939364504,5341.563422695673,10.18930308109276,33.066626248702086
1425,82.96851163632532,3416.021406588175,30.409544298697547,48.57560192811598
1426,533.2146653022004,796.89381541077,13.8840129556906,34.590621076522275
1427,64.16172677162761,119.1233555095583,50.46182663187277,83.91852442861398
1428,80.30329085547154,32659.728616074655,50.87932416550516,247.68718814730403
1429,162.89779809600046,1442.4951397804157,162.6997333702674,1414.2146678571646
1430,73.70646546348233,2387.433410078743,29.493689778074177,85.04064515459397
1431,34.88410316763562,2024.4335331108412,15.059205623189797,70.60531105585353
1433,59.42461554479278,1740.3860286218166,42.60114636551533,59.22591233935448
1438,1286.4838631214775,6640.490159423371,1286.4827204989829,6640.490812076649
1439,37.05222007425663,59118.91684794342,63.179498249697275,14847.675410668147
1441,31.41712384408192,165.44131856438952,8.144870065920626,14.915155236691474
1443,95.76164814999349,13914.198395879337,54.53183820837918,2267.9573477028193
1444,929.9140886229037,25389.334079158936,903.4467173161592,24666.902401607244
1445,80.84769484247836,3050.438331877016,55.727220775998084,1395.3374208474631
1446,54.62731180021838,5969.126596044963,63.66301043785203,798.5733508502241
1447,74.06285841095357,9675.802585940748,21.754443102118582,285.37330104965173
1448,22.91068999786684,145.894520693923,17.885753430940564,45.337912814941866
1449,295.22391819020106,126593.5965779407,101.1140867220331,294.51686482998656
1450,730.7322792260572,10794.293827243062,131.3767101086665,157.11662564425893
1451,114.35339819244113,1650.8396153447209,21.936253360543382,27.43658120300865
1453,11.177157307190054,77.69221888923431,63781360.913671374,63781360.9136714
1454,44.244724730770926,3034.7648112596753,16.279520184352496,122.4280990505446
1455,181.17693202521156,40281.411560650544,181.69527338985228,40933.595231944404
1457,38.69210120701259,5929.604674879815,31.810847625967334,164.75405563434205
1458,63781360.913671575,63781361.09016436,63781360.913671665,63781360.996747375
1459,64.62776073285217,17390.3545396306,21.30752349980188,3206.148597043181
1460,274.3103886835533,3102.6508904734446,116.74395113976718,465.08897450272093
1461,211.7402116823866,24996.397062806398,211.72899200911192,24873.703549508227
1462,73.5810719639677,9865.145534807962,11.252470458648814,84.17322135120475
1463,151.8993939224599,2706.037571425576,12.390737627709244,33.36207019376533
1464,12.75425764999026,537.7619007803848,3.1999133523853676,3.373470580854799
1465,38.68088512296863,2870.809692943766,12.213135403863777,21.856594523209132
1466,96.25692510052274,3858.9094948299203,20.132176993875817,114.50678405340877
1467,420.5321874040518,48735.88665410352,56.19903221825268,3976.5960689958642
1470,4427.614950907016,113982.26654556648,2623.296534680041,59674.481039601276
1471,201.908895431511,5355.08510523715,201.3117084917636,5099.041676172156
1473,173.63802481929443,4471.736784687823,145.29380319692376,157.30863704546897
1474,342.6982445187048,3254.171794461478,261.56318973596274,533.3441581464864
1475,28.811669919109775,5113.36418505835,5.597560934372494,31.961994048815196
1476,1347.691067012549,45657.04103473801,823.1395000227111,27357.957632440135
1478,128.74493205500633,7295.389661270095,22.987998465016407,34.436530797759616
1479,56.21309563587755,1009.0540324838756,22.37494571978769,154.4411705918639
1480,159.7161751305595,3624.5949630370333,83.06870132555196,163.09215717989179
1484,354.45635773696273,7094.459440736921,18.209145911515396,307.0037897239304
1485,67.34484082725834,12584.375435149088,15.173885884121805,168.3353876078536
1487,6413.672756899269,250694.1347218197,3268.667754997839,121441.8200824349
1488,15.975752981815353,1893.4371200494447,4.881084136973414,14.058281681812728
1489,51.14234379651243,832.000280557939,15.727277466657284,58.129974042916125
1491,912.2899091430787,1905.671572978513,339.4323889930122,610.1986544590928
1492,189.38487171024988,13361.84768566276,130.41358293897613,8329.046133578358
1493,63781360.913671404,63781360.91440649,6.656296453440775,1448.3408219450305
1494,49.015703832061526,2998.781812809999,19.609345000333775,221.46483236938553
1495,13477.126286494738,199518.87641630857,319.6272983736695,3413.397060501291
1496,63781363.00000035,63781363.00015811,63781363.000000246,63781363.00001873
1498,403.62674152182046,106096.29490415019,170.00495860702708,39714.86366779282
1499,121.10383648879433,16728.367588543017,43.12019410789272,1490.0529387376337
1500,76.31350923717996,1531.8246660227173,77.88175813813677,460.8294445414428
1501,58.92205353494543,320.1777924923854,43.561308846519466,84.1874989651226
1502,53.04345315557485,2894.266823125862,34.10834321609404,78.03447207173883
1503,279.21876715039866,7988.54286330178,27.33679347779801,157.76320635935107
1504,487.47194974715615,18247.63040933676,178.93957104924576,4451.1423988365905
1505,322.5169294754392,3148.9994387630254,322.5026111750786,3127.918761502418
1506,63781363.000000484,63781363.00117559,5.170056893018357,24.18327794307064
1507,28.728979453641873,3032.083410159081,23.85756785085114,118.3799738665715
1508,18.552290566432827,1516.2140435050912,12.104716993477265,75.13867499328288
1509,142.82969858816386,5190.057369612541,172.79160033250045,921.1734731980242
1510,29.006521565267384,815.1953060004579,20.125689963857184,65.30932441729405
1511,51.26207828841461,4869.263409003584,79.83349292300245,246.77170542772524
1512,7.840291080080027,149.09484418254561,6.897205385021538,69.27691686970793
1515,173.75197876841187,8108.3615656694155,44.412820778005525,48.99175758707224
1516,36.13415182479009,4315.306549230223,17.063847827855362,226.01999952873325
1517,12.36517979971956,851.9728999663679,8.700006341361915,47.98778543004235
1523,253.3506191737576,28566.65691444233,71.77398762379208,556.80231229244
1525,9.483023833598882,414.24030740927986,2.8904461351443684,16.01204298089239
1526,27.85481929050859,1309.9052867546013,20.882174689450164,68.6727402660725
1527,32.431114262741914,1157.1729612733798,14.615307447192977,91.22105731088529
1528,106.31441482801146,12941.231789395684,17.316013305236517,91.67774177855553
1531,52.37587552315229,1833.2545758722258,34.321413534451445,36.136978207236204
1533,236.898764158751,20557.571675108175,272.3490342855239,25099.33709723611
1536,14.353129325339323,1490.9729974762909,7.087191935525455,32.35101969180554
1537,89.89128552352419,14843.864452683083,90.2482528795903,14899.879672222762
1538,42.034144531484635,6145.224332619656,41.46370475938193,6310.122311272101
1539,11.783267726682444,57.51867369081189,3.111001300965451,3.4523266075901637
1540,478.9964649766638,5919.510655454931,564.5090397756459,582.2500805101987
1541,63.75098987271424,8059.2524881429945,51.45333088228776,3963.4149581052966
1544,149.1209270414743,17503.856270816017,128.76435995003766,672.953450688893
1546,110.72071476790684,6731.8337736729,46.77571918033332,1542.2689099112142
1548,19.5431113983129,5687.24706058305,18.461173087365335,608.4541701498259
1549,63781360.91367164,63781361.39063949,5.906020826479677,51.04121831349581
1552,55.812063678380476,1212.7930130261057,37.99257117971871,463.1603285162623
1553,28.29476768652017,18420.35184594574,20.79838176394192,7567.524052851644
1559,156.58238895274235,494.8486831515948,156.5082769055715,457.7487986606945
1562,110.8580898489424,6325.332528421403,22.60059367160916,82.93034584119658
1563,295.90316017856816,23448.83914315562,119.92739562393105,5271.199338945724
1564,53.342567499221,33795.13622747125,12.751852267259059,1989.312471343016
1566,25.796663534718792,1099.424086849896,16.470186772815683,104.00631223151038
1567,60.1669694197956,1758.880566278114,29.92448608506245,565.6318638109283
1568,343.4845117331965,450972.13386504987,238.07982644135984,74935.85178131913
1569,227.138179725455,17816.276667282196,58.543441278373244,131.06977406781425
1573,86.12444626390591,14448.995857758542,78.28312438594342,318.0049768772704
1574,124.3672811301321,11913.08110237018,158.54170159410234,290.7401644536888
1575,38.99143348482449,1057.5875251654759,25.277339369926747,103.08823397923327
1576,16.01648594336551,910.7449143510395,7.434376377432477,24.809627569118543
1578,85.33789122214124,9458.411072511095,17.79304377441418,113.91614988871503
1579,238.61541466572473,32052.23053419742,90.10922000198835,2053.0135955154906
1580,64.76415933520104,2490.2812681249497,14.301823226708278,27.332931147655902
1581,22.99956627746504,10378.294180226932,63781360.913671404,63781360.91369201
1583,40.83402620920028,2543.687069341219,24.311676835456005,318.2097602212965
1584,165.42254479796748,11190.880029151167,35.25847692917896,86.65033129381133
1585,31.237920596325466,54.57626266008168,20.522299516048996,36.21386684555358
1586,250.25274817669472,34741.728323611154,18.48358941415623,109.93122147434646
1587,223.24480375512692,4831.534787242601,21.38691040463602,97.93310183777714
1588,63781360.913680635,63781361.218371734,11.122588691190398,128.74258870591103
1589,49.72677017463898,1417.4196209448617,11.219651980068555,60.22774866616108
1591,52.71819067107126,28111.018746319827,36.53878377639704,13552.941729814876
1594,19.87403098864811,372.0596461682039,19.773135967425215,398.65119170610535
1597,152.29580333516432,30521.181753454035,115.15626723643298,11355.637910540117
1599,933426.3149509842,4254363.155377805,938086.4687519134,4271376.271359925
1600,135.94958506617348,5962.6324720301,127.59169565933169,609.5832787893902
1602,195.01157504212935,1821.537311944521,195.0969710588062,1840.7863343523857
1605,250.87826999522127,5916.902604520376,27.766196773349936,147.32251444213122
1606,31.7474263993987,224.36629488945673,31.737659855410314,220.1169246982927
1607,555.9934636413005,7519.136148396113,37.96152308737605,105.04713617574865
1608,341.25402808971575,8300.387376045703,35.830860693724226,243.09413770516827
1609,660.012094221069,4353.332671158585,675.7651333549431,2710.320119656925
1611,2154.5937238512074,95593.36119811304,2163.6031952085627,95969.58126040312
1613,155.1529378966276,4304.2289846391905,52.3628178084192,1059.240254203552
1614,108.30167681555989,1156.2584841044306,90.73164135563736,869.7652782912688
1615,439.62439617752295,77761.83627228483,444.0518956650094,78510.76281001377
1616,122.01479723646777,4514.316825342988,14.329315376985823,108.14448892627624
1617,63781363.00000075,63781363.0149966,6.005258384948101,39.82125664968547
1620,56.24563450744303,538.3468936076463,21.633377557963477,26.82712637023119
1621,15.659322934795993,1617.9821420139551,5.741468436632647,29.145844897156294
1622,72.27754154212138,13461.408714486319,37.57473116410261,7789.935463623694
1623,721.4060508381386,280640.66977668524,336.39984103872644,23375.900254203832
1624,102.7790706620711,22251.234155950104,33.287139454617424,4221.655055502513
1626,57.15157125935962,2272.3346504873803,63.922979143875345,186.17692743691688
1627,85.63881977429271,777.9114332674465,91.55291219522745,4811.934485218491
1628,63781360.91367329,63781361.008095644,16.16285600691012,286.2298466671931
1631,481.94027482223737,17922.855556284194,176.30294349448013,4758.028093086779
1635,27.35045340817619,163.17367252851497,21.000237983179396,35.03070016807508
1637,236.0914050690023,2674.0468686696818,35.45319293193978,138.45951158301332
1638,6956.065666596503,18315.714903757853,6956.091508118117,18315.474833458833
1639,63781363.00000039,63781363.000000946,6.62426406582978,7.752585360290133
1640,127.14310347094558,524.6665667432496,79.03746194707217,91.6784146353283
1641,11.73232698885379,76.77857692945624,3.0777675374357774,3.5237857842436244
1642,76.4564006182649,7861.869549382504,87.93253810328586,106.247139979587
1643,178.3345936630477,66867.46246525296,6.544679194596504,412.86937175327654
1644,63781363.000002004,63781363.00058629,4.970211157035816,4.993843938990872
1645,60.30269734871454,9676.754560299813,10.419409115102335,32.50732089529237
1646,92.11901812926004,9376.49493268556,18.69955660473627,63.43890247937653
1648,297.6949733492044,30590.590307427537,181.77999833549097,20943.282037675086
1649,26.19317273321265,1682.4571914736157,9.190139927195384,41.16761128937344
1650,130.35235043331096,8049.378838967435,142.52798223923836,3784.566197733321
1654,68.03011281779963,11665.337840592316,11.345933551597785,89.94097734279019
1655,406.5012447517871,17243.056943868814,214.3740128474197,240.4685134627316
1656,13.183209997213677,227.43234073685923,8.47657560495626,28.34277785361323
1657,69.2019251384663,13130.345483364163,33.5866183292766,5670.750836799557
1658,423.4266269085713,154378.20639001427,43.3597424546813,320.7809561354734
1660,306.9183874493335,11510.516488679656,16.513771940939854,123.27589685697117
1662,55.673216668540405,2325.451670586811,5.445797964030134,5.899221784475255
1663,501.26596838956976,33207.83583180869,531.9559912416005,35471.81774709965
1668,121.54048468846558,6180.020563463866,96.36977617733378,337.6392785247827
1669,410.94988263441417,146033.00176282314,44.42766084388626,401.2065584029641
1670,37.132636794566956,5691.249819324665,14.034585362780868,54.10319999165493
1671,127.89021415981165,541.8914670208266,79.40952168236814,91.62325575627821
1672,128.4653980177681,11884.633329625873,25.784947992326174,1592.6432430103216
1677,63781363.000026576,63781363.362255454,5.36240634579554,23.636141069013465
1679,4298.088064170045,135795.36150728655,1090.5344247327098,26825.166616476927
1681,63781360.913688034,63781360.91402491,63781360.913687035,63781360.91371831
1682,834.1731910709791,91969.06245269564,79.18991890527971,2702.671442581624
1683,52.94366373556657,1364.3912474948288,37.25930568168068,295.51482142711524
1684,46.49119865737112,28522.72386058843,8.57521696746335,457.68951833515433
1685,46.207089020724524,11717.062314801864,6.318941774960288,25.43952416864324
1686,236.97583522109989,3787.0595926574333,239.11987481297035,3929.047393442911
1687,47.40436712658985,12051.655749386635,8.996612625031121,84.06158344302057
1688,663.1859388249277,4403.696921976068,677.8216401315971,2718.266070686314
1689,67.94878402818213,906.8201037563725,121.30917017909611,148.1410664190092
1692,861.3139811026219,1081.7390340920133,51.96257085273,289.68754854480244
1693,3019.1176768931327,34002.185862317056,249.92052927977406,1317.7461872293056
1694,21.623937091509546,2047.0875279881711,16.928199073831305,128.67802335969267
1697,63781363.00000008,63781363.00000011,63781363.00000005,63781363.00000006
1698,23.29255457455364,1468.7647350060565,13.952712698991496,51.706836931457445
1699,13.06363738680192,324.86614378830535,13.908792153001055,192.35922565817387
1700,397.18814099178536,102590.60702025931,90.37975190142731,6430.703585825539
1702,251.74682567480917,14151.391174820918,17.66080728432118,258.1363408161237
1703,134.6150761859752,4659.157231926181,30.302761070893094,182.5779615016077
1704,88.3343151569103,17327.475844845674,87.67583399194557,16215.582485693782
1705,150.44404254002708,7954.415149189686,63.72039791605434,70.34819441815642
1706,78.60559247665748,2822.1729559612922,35.867436376036636,44.35932182197274
1708,132.06045527226868,2794.3055921001633,8.913943381953182,10.930177340352607
1709,828.652107343371,48640.22495780447,681.8020185050461,4523.027396029546
1711,73.99744131009003,842.4314413740916,10.824871944704565,15.609983785689113
1712,14.558127139824471,2386.5247795392665,5.261372807616721,17.776006960982414
1713,37.053313120957036,9451.680723889982,56.61196742982934,1820.7068569430878
1714,63781360.91367147,63781360.91367452,3.4632861756454267,3.9394128998542546
1716,498.45018224038535,6562.035612375616,509.0564742643019,7236.100049952875
1717,243.09919101105575,2252.330507040628,152.69465433613078,168.13501341794532
1718,80.28769217751795,8033.527286174615,9.313213418994849,30.04252432522843
1720,647.9272090113183,161685.01705868216,407.0146521937001,73732.26651796351
1724,63781360.91367258,63781360.94519157,8.130759713511232,263.4180838555642
1725,153.83048621864012,3753.7705517582035,30.08516699056504,117.34724712523902
1728,60.73848969695553,16453.682435961495,28.796322902244427,163.99318463526782
1729,3819.1060402376584,43310.780167712655,4012.7465920251984,45850.87044488423
1733,63781363.00000011,63781363.00000228,63781363.00000011,63781363.00000193
1734,435.58074229841515,83471.97064732814,68.17871667688851,24673.808932919874
1735,460.9284242359085,6323.921347054794,460.6937447935646,6385.428329529358
1737,9.728972699144764,240.72692087535827,165.52468242810036,9376.294581024564
1738,111.71289355357845,2883.650473944995,57.17111585486306,143.44388325419374
1739,195.13734393893853,6502.403221121609,306.4968133059631,2447.4092631246413
1740,289.67724679958815,13851.881606108956,2.984745878567007,12.856111416305705
1742,211.82826385338848,7331.6171687829055,38.97135598153135,457.64242950506537
1743,148.87384327951168,8845.88555712577,87.51355023691437,309.66884397225357
1745,122.11232564187563,474.31990137707925,6.920018389850906,7.522964216693168
1746,25.51374828745326,3487.633772057733,24.542907853107813,136.985362566809
1747,159.87846555555768,40663.417206257924,19.055958580764557,211.28072967927793
1748,308.821548200343,1128.563362274258,557.3792884764746,775.404799253135
1750,19.273052074014156,79.53216085998248,14.52143798699412,38.76281693877455
1751,399.6494964845711,1087.571413623155,35.93482351496335,782.1798924703628
1752,678.6815333153811,60767.86863134319,687.1970842200284,61483.21964315596
1753,51.4611084896421,2776.2651082980838,11.636473275851468,54.124930029995
1756,20.986937942768204,5571.939166225052,2.972713559799654,15.589219767346712
1757,447.8938633710419,2257.131384726365,421.99795194017776,450.4770212047789
1758,71.59417274101551,12708.109332729899,33.48971155720992,6184.8794436067
1761,63781363.000000164,63781363.000134006,63781363.00000009,63781363.00000182
1763,231.29390176756542,22766.71290872092,34.868555279860814,712.7157912200662
1765,24.12724970467765,721.5562857136811,99.4394163239876,132.46354679710117
1766,63781363.00000021,63781363.00036543,2.62143483658443,15.83695288691828
1768,272.9480403817286,22361.04770945548,242.35176448040033,17608.68089528151
1769,38.89818909798914,1512.4088384290333,13.816427051707114,353.4808493853842
1770,197.69335052653662,3687.416321791535,269.16682802758817,1231.1703322625963
1776,19.34913954735883,11556.558745991813,63781360.91367143,63781360.913790785
1778,16.203777102400903,6655.703203915443,63781360.91367148,63781360.91413422
1779,148.727475205428,2122.456574614834,61.31513110226601,815.8313536597782
1781,156.11813465589114,1912.2842318411208,116.12608259541754,133.62770461614255
1782,64.3779625974373,35988.59574980341,236.0668849967395,1199.1998036128894
1785,28.507744860059002,2550.2078151999103,12.041953959383813,39.004700248398144
1787,162.75095185964057,3714.0842135114594,128.09620240175988,218.99465968945222
1790,2252.1588450101217,380242.67794335866,2206.747879210509,373090.3213719615
1791,23.074331872086958,4114.94726767344,13.850492609857705,130.35894343247628
1792,63781360.91367271,63781361.19770322,20.349684128477445,4431.211506764279
1793,30.832746459057724,303.88870284295785,13.895503025299496,22.65053238405884
1794,81.67346375586861,5669.572376738724,16.791168520368384,81.42667297834747
1795,146.66548292915485,5270.958830551567,21.159621230800994,207.33396644576777
1796,78.59985743022995,3134.3874165002853,76.52217632749436,2881.8702904485112
1798,17.87470917750552,2205.7080013340947,8.99413815456356,103.21103679785843
1799,72.2146678240003,9879.590769056575,25.01195813219812,90.41417100180689
1801,291.0002133216291,8743.598371872018,134.0753590383853,267.6079318693142
1803,15.719571462576269,320.45556116621384,14.091076643670055,83.16852641871803
1805,148.49775636875825,3967.3463858764594,148.72476038173687,3999.013218731191
1808,12442.345626072402,65757.17595488139,2223.5737382509387,20688.115731750317
1811,58.211117199872426,384.2687159411023,36.13759481548364,203.31920508020514
1814,110.7106719627038,5207.64367376713,55.07373832053585,1428.0349387942454
1815,63781363.000000075,63781363.00091859,2.6390884956009297,19.635364251872996
1816,63781360.91367139,63781360.9136731,8.7100017324629,41.04803611447228
1817,63781363.00004212,63781363.163195916,35.92997617668579,470.6623816238637
1819,25.17301688131887,981.2225487190427,23.68682678504754,902.7225479254768
1821,38.78828908726668,881.0743511552456,10.70411147333743,23.650350898191586
1822,135.27689085059893,239.91211237702137,135.27118588037982,239.85260350255604
1826,133.94782427516895,4995.382227471483,26.89421748563499,56.103061641647436
1827,63781360.913671546,63781360.91492042,5.0345836129007235,21.601131977636356
1828,76.33442740148782,4918.726024916143,73.15694704175887,111.96144191120669
1829,527.9293644526667,5235.451279576374,65.5531604820034,102.37047468036515
1830,120.14736785594194,5792.489754621925,32.49376935323169,260.1571616357693
1831,51.06187933665506,20794.259711110684,19.276204902009,119.3001105392738
1832,68.4809294310698,5725.612976692839,32.0716190805467,139.72045270503972
1833,113.86254232060566,4869.632485237428,15.666062506157987,129.66388761220963
1835,36.70121000218876,3965.2419445877563,13.847324886422241,59.9371822115034
1837,63781363.00029228,63781364.23805629,34.45367890261112,518.5651822570159
1839,63781360.91367225,63781360.91390878,3.772859468286539,4.793385531444943
1841,117.02487554229201,18380.656785471423,14.268354402800805,124.11825779992618
1844,13.013022660571938,185.74961105985787,6.191157768578018,6.991074643422532
1849,755.1832748988215,6445.173624071744,737.9128488102609,6327.340888022049
1851,63781363.000014514,63781363.00962301,14.220811550514387,20.284654668922766
1852,32.486657885472184,437.126829179411,32.422984238464785,435.2002439022226
1853,19.950266852223734,1833.4180658022162,9.524286943304588,79.57141629791205
1854,199.63320769673115,49878.4541294339,20.979260647285734,319.3584467863743
1858,63781598.95901837,63785984.05979393,63781468.444314696,63783427.0003255
1859,167.1430830138021,1864.7945122749934,54.835008217781095,168.5320383392646
1860,147.0300288861979,735.4167437589263,149.741209967784,613.1715514019379
1863,983.4280101064948,189617.3427378587,728.7898875894746,122618.44408260027
1864,307.67629904171343,688.1085318969532,19.28117310324503,28.073549504547476
1865,93.21888766575972,12144.508878312647,9.371301724998325,174.60638628577738
1867,450.33733767573716,5311.144316545964,89.03391741211935,207.38997294234247
1868,215.9522924179213,10412.5994436547,38.761484189864895,1530.742345283031
1869,66.3773130073387,9555.524411007787,70.22738438765337,10624.6503926774
1870,56.24270643744258,1937.524657192869,35.08655880354557,149.03323581475
1872,86.20630481609248,4975.9496275561305,86.50260429897195,5036.29943251844
1873,306.9727130922264,61051.90666590791,25.69990577615537,169.8134186557083
1874,38.14530890750453,3959.78704676233,36.0766471788883,46.13131488216206
1875,106.13037554721055,9186.249831874307,56.5318159147897,124.97916122097787
1876,76.69693011664792,4412.562393497299,63781363.00000062,63781363.0000447
1877,179.13108437032207,12226.47090418615,28.880513154723488,655.0454192166478
1878,187.68303495756504,6264.283307789032,184.07166490215852,6095.849645399605
1880,286.35064280764396,46279.024430135614,162.2096904391399,23035.678207396202
1881,150.16391276581496,8743.525092769323,20.331910158939515,229.67879966507337
1882,728.0931277913344,98929.98470637636,728.7011205362426,100111.8742006627
1885,340.8311055947909,423.71208441372914,340.9085236911688,423.7120246121287
1887,17.05514997737874,1013.2517771863861,14.343427305371007,65.97449729098595
1888,104.06047592715174,2336.0964831245788,12.852112134784008,19.348724279879395
1889,92.70218813603847,7794.514776693097,8.226055233954783,53.66960251097577
1891,112.89199858307671,12814.909525411334,41.10289583356139,139.53541145809342
1893,63781360.91371665,63781371.878213756,7.62617538525411,54.73268025807851
1895,183.80024932282228,10428.345342666235,183.77569771290712,10795.036721384287
1896,15.19711922504277,615.2441846681469,12.750091080353023,108.92582871921593
1897,28.080573105673164,18749.019663068404,20.867145576801594,7808.67678596406
1900,298.1227576132084,2189.984812375941,16.929137831386278,60.97160554246661
1901,137.88156539454712,474.8386131086414,37.36675234401242,106.51908394461093
1903,342.7353311520233,19668.287222271672,318.7744212664774,18066.318916508193
1907,134.82375547123462,11302.06683726396,72.31989219255331,82.89894816309538
1909,428.40849900454555,575.6119191024891,75.71151924341933,238.33979450484344
1911,65.67087096481531,3097.0483937414688,61.78782435271459,115.77875749460603
1912,236.56591580752007,688030.8527801596,177.7857746570282,693364.1059746244
1916,49.099996130620184,3532.287354288547,31.13411943516759,72.76440244412788
1917,63781360.913681135,63781361.26582442,11.555435362840681,89.63561706849359
1920,351.0382215773059,4905.279622353344,85.88087527035343,180.99219956017228
1921,394.0376251527018,5196.756072333525,277.01386626512755,465.78640824366715
1922,119.54563584060176,16921.77397861449,22.32279360214217,158.85874198902192
1923,26.306013034671018,5406.871093534114,27.307799210152833,110.99492393973118
1926,221.00162732989526,97989.84605571578,29.541728898632872,618.3102441357719
1927,187.71985121018372,15247.308942181427,67.08945575331545,1077.5461192594967
1928,182.3281729054199,4337.362002056795,145.94311962464127,553.6494516999414
1930,18.263111950754077,959.3334280157686,12.459983538945716,351.8271675527199
1931,356.1543581832912,1793.289154419499,346.62080932621427,1314.3729748975838
1932,63781360.91367139,63781360.91420649,63781360.91367141,63781360.913696915
1933,54.456105639726445,27758.02951396073,15.58825436992766,1694.2250149738657
1935,18.91553411319672,6367.847738682992,63781360.91367147,63781360.91398338
1937,18.40996167666657,594.9043551759789,11.17642671673727,31.173850969829683
1938,951.1657493672669,13877.543048452497,951.4040563481192,14102.447277702086
1940,15.783608171652293,155.12517255426292,19.15240288699205,134.91111578276437
1942,452.64171170191815,23273.39876725314,93.15633228668084,126.36944748104362
1943,84.43046628337204,5801.2146152994865,51.118464904924814,1379.1894328891678
1944,96.29219074456815,8165.5983700448005,23.509962803122352,184.34816419735344
1945,15.232842634741989,1294.8456673629444,6.014395033770084,20.52727392984082
1946,63781360.91367285,63781361.3251768,63781360.9136715,63781360.914069995
1947,63781360.91367285,63781360.915030085,63781360.91367137,63781360.9136717
1948,7.054873496158542,799.6903647970886,4.587173652720782,21.962396920222808
1949,42.55470344394464,2400.6236220394467,90.59875608879545,307.86579495130445
1950,47.58049913537241,24260.029820914064,6.538244392364762,160.36972296785427
1954,789.156540556407,28785.742472567636,90.6001244080281,1822.7829113388052
1955,444.5066566691938,19832.178155926453,76.5791931810407,87.45217258515582
1956,30.878550503548766,3557.4401223784466,7.305191933923952,29.070330556796193
1957,135.8724401822674,3909.278839624362,46.97352103477645,49.011291653725
1958,1321.2175933931405,61282.97342435873,1281.340674212822,54296.72888886375
1961,63781360.91367251,63781360.91401606,63781360.91367154,63781360.9136716
1962,425.1292018397061,22088.13282611803,19.146409814801316,52.131580617575736
1963,200.81636133629476,13406.378326451004,285.9824424713726,1086.0443535560955
1966,31366.310531950385,145534.7195976664,18831.669358471714,87323.3071084259
1968,38.516785962564704,875.7815540704926,14.050746124080243,31.889321400662578
1971,334.8454609061195,2676.764453281307,110.87888032484794,1333.9178337654653
1972,174.67883959548348,66945.30947240199,200.11326526243673,35774.32122948031
1973,221.4970351708226,23569.842782103784,31.878082963887575,142.56683671618336
1974,135.11823002003996,20539.814597937166,53.97003498146383,5132.241635321291
1975,27.429927670255918,1306.9963743887374,23.196860003873073,93.43215984476535
1982,28.621305738796128,1131.9683209514458,11.37352638915487,16.447918099826897
1984,97.92188225419196,6447.918258380188,18.9140123684665,84.65731074042192
1985,72.33798758309891,16942.277954693087,8.126989653671307,51.450219773082004
1986,71.57324765480044,1621.3121429038051,6.554379845115744,37.14331959047533
1987,147.58773184048238,13023.727903406327,147.8052582271655,12962.612607301204
1988,461.2196935037494,24111.820788061734,122.88093071429908,134.2729471907181
1990,14.930733734804472,5218.01629060357,63781360.913671434,63781360.913699895
1991,59.95655349242716,3164.1317372982076,52.5654420066828,2624.960214029253
1993,181.62814845819082,3796.736466739526,22.742358217795182,46.452080566645016
1994,52.530352508091624,25805.300834558926,13.57198117408682,1201.7598866041005
1995,63.741425010746916,20545.081289234997,49.82817636434814,97.68947988942605
1996,187.24813696462408,5389.373599184261,19.583951549762272,96.62355251679939
1997,24.688734805103135,16138.336728414659,6.390551045136813,282.0052217364942
1998,84.6280623288195,6012.572388523509,84.5510154729703,5831.48619290756
1999,140.26627899653332,4123.119090247444,131.21813757811728,3848.451939876992
2000,10.014343910920948,374.69864231083926,4.867098263168305,23.545592513363246
2002,215.95798862186456,1697.6251795799672,19.620899570077395,35.69593720056332
2003,73.86622664456421,17492.608629076163,13.149504265820728,138.4384868219628
2007,18.474770997383807,3398.23742393013,9.209399248761788,39.2451264724655
2010,601.4489405240962,4431.775180499373,125.85921134914032,205.02730139855763
2012,63781363.00000042,63781363.0018386,4.171132895825065,27.994162149999855
2013,31.074545069821536,1085.913072116066,31.690043970291445,1106.509831684086
2014,82.28473065294551,7067.191890717602,139.04757658076977,1136.8373526467417
2015,55.91830231040625,1069.2125528692395,10.67239636714168,30.540531038674985
2017,7537.853483790681,263488.2717694427,5426.206886859418,167959.51208770927
2020,286.1615266225331,30304.247279056806,59.25356855293549,539.5276959184689
2021,121.91736273413309,791.231606303667,34.00357309871236,41.77868564507883
2022,145.29389701687867,7401.772594331177,15.516104276456993,109.6021655623048
2024,132.49540074969258,11887.70522598944,60.86748210106717,470.09675178874136
2025,276.50871378279,60946.08840509718,63781360.9136736,63781361.204413615
2026,631.287573715456,207933.6603945143,70.13563943424471,9774.664961195404
2027,150.54446972701794,1251.7677096772707,16.783390070612054,17.072373354243478
2028,312.0859187515225,9049.811051576738,160.43655563289929,1255.3783456890283
2029,92.27641257034996,2864.6360441521665,16.726742985405142,102.68425286225359
2030,142.37293343412375,16740.422961507324,29.453076787405028,126.64903807377522
2031,34561.645273820744,189215.89186135904,10383.999514302794,56915.96582419344
2032,271.8001315871827,20357.59735328169,68.34665031617405,82.96212705782558
2034,63781363.010544114,63781374.553021036,413.7767829152577,1783.346570428838
2035,4413.194106202079,24952.683731236633,302.4588798683466,1692.0286410199378
2036,66.67637960950181,6995.896212694305,66.07496269175893,298.32940000574206
2037,154.1622939443757,10833.201835842168,21.78110705317043,111.45121979718736
2038,95.5533762711642,11366.072346220033,36.80471609613276,165.36484449734047
2039,847.0396623459519,92165.11783274893,285.2942829603311,64172.820239698274
2041,45.14110783615243,3379.3753821116834,26.54901600425649,46.852655037881114
2044,63781363.00000023,63781363.00000291,4.568848313309232,7.352225663680065
2045,11.115103113113005,80.347812317925,63781360.91367137,63781360.913671374
2048,57.77366380785535,3996.2147042275114,11.96093394763093,69.13114145915554
2050,186.19744120961192,50652.16335124234,27.33818716684063,246.31894871438976
2052,45.593300018441425,7399.727992911949,14.205669409601443,378.40994762595295
2053,32.829540650423205,14859.203870156278,5.205187658249602,92.72925039406103
2054,56.92113743221307,73045.15166952381,85.43887044465224,1643.8838162189193
2055,33533.92973734562,522796.7752256655,3179.5578893308752,52766.648143091144
2056,191.3574088836352,17371.410252128382,45.4153816773711,3914.1421682073774
2059,64.23410866871123,58057.74834337999,59.97859308857016,34239.164278266835
2060,85.48095424782268,255.38932020322312,30.647786210842735,133.97575279761006
2062,396.4986376747138,104416.62407804087,344.4314468699032,76553.97991656706
2064,63781363.00000262,63781363.015634716,5.534316843113042,32.499052033039085
2065,12.337493987528461,103.58968455219586,9.229447133562498,40.77160276364606
2067,17.812190101386737,123.10836857810668,12.365816164978172,86.41264080730188
2074,405.3125824000174,32590.953968468653,297.65342165105926,23399.56312845668
2075,101.14807782807173,1758.7204510995703,24.450139890864186,44.76557763776906
2076,43.073715691605535,3644.879507449387,20.491981372719177,114.87950162970925
2077,19.546609680383284,226.9932474971309,17.354349696037293,66.40185842380677
2078,29.235348759140287,3978.5080514783986,8.825194665504258,26.54319058354558
2079,370.9652507994798,8154.018131065543,136.91604479391899,1370.8379212737784
2080,109.06637087740687,6543.46948273907,108.82656947054657,6370.452369855443
2084,107.21804653876877,7681.537989610184,76.58708691284752,1109.071109825496
2085,72.8665437564197,1882.2646416788662,73.32674545325767,359.24013780631884
2086,26.078063150917238,803.8514262118489,7.431676868857735,12.168538719237997
2087,83.94672479722043,6244.29500394809,61.703390428943884,639.8025971051918
2088,9254.624852003582,91301.93802785763,6895.26680467382,67186.32135757072
2089,10646.120040650256,21983.65236564815,10646.184928792502,21983.474595564432
2090,4802.115793889354,1272869.0663767667,4836.54543780286,1286938.3347613194
2091,63781360.91367137,63781360.91367946,63781360.91367136,63781360.913672015
2096,100.32174117141544,4726.93052589048,23.312677286067238,30.356764117800207
2097,54.74047360094967,2853.81291097947,33.56709287700428,1451.3999918916097
2099,19.459172589738913,149.6614968887038,4.916193836891474,18.902824895288568
2101,90.2179398249906,6914.29106030026,37.93561398295473,129.0007398595822
2102,72.36540809943226,2837.3169578904935,4.167690138732301,13.250281616283667
2105,90.20292201257615,6111.294165264652,78.7835281621215,5395.484909487003
2106,632.5134827641566,199249.56634522753,502.5336547904959,99225.94502709154
2107,44.82132571488565,2473.8463054148892,19.45185254127039,294.31934357096566
2108,512.3628010431171,6899.59358318119,66.68939736066396,135.65827216230653
2109,17.95087099468902,311.29905649400183,4.677609153286199,10.582608118761044
2110,588.7606637952532,7857.749148254584,271.35481511919915,2052.163741251062
2111,162.73697163342766,29495.482674471456,228.71533644286836,658.2790109619568
2114,40.00008550285384,19145.40548013963,7.37911257740438,199.0702670465651
2115,6157.327095992671,10064.17452359417,1027.1940273019843,1614.5949031264338
2116,63781363.00000016,63781363.000158586,2.997938691885607,15.427732134396265
2117,28.7496202463964,4064.4406745678166,18.32367774519356,45.91778213782004
2120,137.00542218908686,2234.2120605595783,44.34332425063571,135.1577898754051
2121,82.19839832375273,4494.558364826749,24.817045318073063,83.52483611593676
2122,123.33738311179167,7827.953814687119,93.54830126473925,5528.807492761005
2124,625.3213206011982,37372.825310527034,543.2622468734073,30593.139791743673
2125,141.35788016306387,13325.115530985795,24.95528239449334,86.56962973276644
2126,264.74477358637193,2908.992269593949,83.4727806742305,222.5590489990411
2128,81.17002544726942,13433.437604435096,77.41789537262146,12740.189825782367
2129,156.94043948487953,988.842959250058,13.550403561551816,72.97586677964851
2131,115.15100521529298,8875.222565192034,15.60879129161431,108.37235345363409
2132,63781363.00000074,63781363.000411965,15.346103282148277,40.39768831917386
2133,125.0442670310846,8137.645609488124,77.021632471619,2734.230882320863
2135,170.56708784494853,36388.87756612754,176.96675542140989,39399.676868283284
2137,160.16147526298013,11281.64465627685,117.82029514120063,5541.598410052473
2138,18.497243776182543,124.70605463580286,11.096850295729073,11.816464808961246
2139,357.81556905766627,1300.4467356095784,357.32905678748705,1279.235072529709
2140,236.14913080662024,17207.47720599749,183.61328710849952,1190.3046850110593
2141,207.1124312984628,2330.3670559860348,55.04815470740767,63.51343509760556
2142,7.976153043593065,49.16889319847533,9.331584362054798,10.347813966748975
2143,43.17844502774154,1224.6881570400249,27.55135421793726,112.39388234534995
2144,194.78943295498436,6227.452253184904,117.29703908578986,639.9593486408726
2145,498.23447747106826,38955.950888944826,499.0347941794803,39046.85782389613
2147,704.2438723778376,20235.840757620703,319.65852820841684,8024.017196604245
2148,25.98969842585124,5976.587842346704,10.104407462432677,173.55952046160044
2150,94.80109849225492,11179.369958815701,36.400554541477646,151.2459658456677
2151,23.598486505565113,1958.7869375378903,52.82569174654089,223.307744598913
2152,210.96557773784943,36295.45470868708,51.62180106345174,1916.807071172875
2153,978.6145803628128,126490.40407972869,841.4620464108887,98715.98170699055
2154,186.92986258209555,15497.582756635842,17.063668610877315,166.10428483637804
2156,179.69183559101154,65173.66549411024,170.14373818013573,67464.31453686065
2158,22.58912797720414,13538.010134391769,18.680433830724763,9843.464410417706
2159,54.7789982262899,30060.943010146868,5.231672182528111,52.273350902239116
2160,57.154945454656946,4489.915140326503,117.87481802181371,202.88790003899993
2161,129.30033004780216,5012.827739718634,81.88283471326224,100.27677912158508
2162,148.79180210220485,25295.709991506017,155.53824838032222,25567.381087175225
2163,63781363.00040081,63781371.66135905,185.11228353887427,26417.378908380262
2164,335.8611255278759,27536.66547146656,329.91519850960253,26737.755535608052
2165,621.1727215935283,35617.390600028084,620.070598501623,35315.14390167118
2167,63781363.00000073,63781363.01431871,5.893733269564692,36.187174143342844
2168,151.27278956325188,12185.589036938183,90.52273318212433,442.9880213215044
2169,28.099389694774285,19413.326900884127,21.175999032144226,8299.8707061408
2172,305.47093148680057,7111.488625224131,100.20624399939729,546.4923134744477
2177,32.573155253768725,2826.128041870881,63781360.91367138,63781360.91367235
2178,52.530352509004146,25805.13034838656,13.571981249408232,1201.7519318298341
2181,20.16660904549012,34.98038305877888,16.24838820600149,31.865879186103548
2185,29.762515311117575,4234.18537372164,3.8616533669196076,28.15766105045996
2188,148.86863990291542,3524.0927358338845,20.02893483527879,50.239168538980074
2189,513.5470892676667,12317.232517990476,132.38540513468487,313.432286745522
2190,277.23730691550384,18524.785720378968,278.023393155922,18589.030382833873
2191,726.9695819538143,25725.191278099297,728.5102855868529,25790.25531688639
2192,51.813139267048484,2983.8406770932165,31.59850393546231,95.20760092219348
2193,10.651510657388544,47.11541580200037,8.314862177946228,27.949271189971387
2195,190.0207926200549,25771.29295496918,58.12780655869193,182.43961312350814
2197,609.7316620418628,175719.42742302766,671.551422231924,192748.24954145716
2199,20.651731224405943,2848.171279933971,9.553720032769185,59.92053440829674
2200,636.418115722444,7273.1656389011005,128.87120862377904,291.2845536065585
2202,126.55344174653544,543.9043320291618,48.00413315914405,143.26307488102367
2203,63781363.00000039,63781363.000986785,63781363.000000365,63781363.00000914
2204,63781360.913673066,63781360.91502445,63781360.91367136,63781360.91367171
2206,63781363.00030689,63781364.37347644,38.00905263537248,637.410646309732
2208,71.93655975468086,17671.777232028886,14.163101146891012,62.91215114430081
2209,37.98609634749976,1390.093855545639,15.278931013377589,77.31240528361843
2210,191.37323734415773,1797.9578245318407,189.17373062387168,254.6667095882845
2213,290.49692761353015,8641.621329523336,40.53704094102367,143.20393991412655
2214,40.36393327768333,552.7668201961408,27.41516617902134,135.28497136216976
2215,684.9693720320705,4781.072241658891,691.7774085063028,2777.9369231814844
2216,34260.632346670434,144086.99656511538,63781363.07399988,63781364.32875353
2217,254.15667725968572,9783.160999105789,10.893051803170982,41.3553428805715
2218,75.44577747794492,12539.403514979596,11.702608363187577,44.011404815257535
2219,4.0817873026775455,46.377047623041626,63781363.00000004,63781363.00000028
2220,71.86319712250683,458.97021694361916,73.33338176491787,468.8578193257575
2221,36.70340302296463,259.7724801825146,16.185232458440804,107.18852116776509
2222,55.92879384914709,1028.6946153869837,21.548088051549808,97.15895980046332
2223,64.85061328787474,7484.896058795182,38.31312504715317,4513.638813778318
2224,152.4053621158403,15082.753017854408,153.53288903794308,15403.580504663021
2226,21.803037155999462,612.3422679439973,5.867099810041114,11.803824819240848
2227,370.2153623532662,91580.35083790985,87.59186872759659,591.3095091350397
2228,443.95385898772395,52176.285125106646,38.41959513911162,2372.805855771266
2231,74.19216713113018,6314.307942565085,55.151245971020174,190.20237461502882
2232,5228.097258873726,56229.92299824157,962.3177171418365,5125.33753760487
2233,188.248438236923,3943.086914838134,48.72782024147848,541.2729308988971
2234,2302.4025446699898,519610.2102840094,2217.137074172863,353719.7368291564
2235,349.2595343184294,34235.23199314418,350.6822211383909,34383.64045406587
2236,144.1191970947756,15543.578468378177,26.097832789476715,304.7316940349833
2237,82.80624990314618,1912.0693023120527,52.73094306371933,81.03799093394053
2239,49.03237978762173,12711.00862264314,24.92280112352331,177.9385449615153
2241,18.424511141475893,814.1540835900865,16.67131446684758,117.07983032078114
2242,952.8013978535101,14148.614953482858,953.0416268117863,14395.607278912325
2244,56.452224599239464,4168.715859780723,40.81267552545168,261.1642552015143
2245,33.566705485583675,1570.5185598903238,37.01722102406819,210.2696940331488
2247,17.4780014741992,5260.369352894339,63781360.91367141,63781360.9137103
2248,51.16659533259217,24848.28334904088,12.587859990207928,987.9565423195049
2249,136.15196324810412,69508.47252194813,131.35109342354298,69287.2598211016
2250,107.15892098283949,35849.4141679337,39.59154908149721,250.23969518372698
2251,64.30633115703853,2692.9835270349968,58.426284582946984,2190.982166232943
2253,56.96918325405125,6744.829621986265,7.038917380969881,63.21255042083835
2254,34936.77024493687,219585.22454629806,5716.48427567135,35810.33950467618
2255,30.096375429521263,2505.2544353602084,18.656717653413246,75.57934610741756
2256,738.1262751937173,35310.46515906381,153.92078843219446,2580.31052194312
2257,78.4570292675328,4416.82252567151,10.42834914846143,36.89907490402872
2258,75.89458344264303,687.8713080011462,31.979490757200395,1695.5652527519746
2260,37.123356591811806,4924.443895249196,15.354267489344615,909.553424869488
2261,179.41630273729055,17033.913589390584,28.948863114045164,443.15468660312916
2265,178.0943867091174,69987.99814542696,7.164281422364539,499.28600269806185
2266,13.422353766018794,243.77782478840788,3.8103360897731973,27.241866673373387
2267,100.25455506060752,1725.539425842396,88.17675293852285,2354.769272816802
2268,74.97853781932112,6058.747895160411,73.39946301412044,5874.62076708777
2272,7620.521853369063,124108.40582736729,3523.1613258390976,56231.5833602831
2274,1001.2152220747786,6470.374240320344,1000.714982297987,5902.100615656379
2275,328.3050042177296,56657.43462346491,17.189907673698976,135.62088759780517
2278,109.54177117227492,2103.9912548296375,43.86225950312516,478.67810937806615
2280,32.06710419387557,621.055861437909,18.684453264121043,77.99973998863139
2281,23.35754646041376,2033.3855071605203,8.887432735569615,37.90973796953698
2282,89.25765800265125,34203.568207949946,132.0082662228842,9693.859938439851
2283,370.7416395168033,20873.069809619097,23.690369927674226,186.62473409289203
2284,80.04912755030524,3318.9983484893028,45.37871277731847,606.0511980949467
2285,326.6485610731371,6202.719035598326,10.323618579420023,98.84493656957888
2287,197.4542007047473,9089.526588244586,135.96130278054125,1929.4496858189134
2288,63781363.000000045,63781363.000000335,3.654209381913711,4.21331910802295
2289,64.05375183615016,6697.505642600292,39.391944074858614,67.50471452811242
2291,278.13703387133904,1268.534164499091,5.861488295309558,36.06698388590007
2292,142.7533390992692,13568.146507319409,26.710248155051943,113.3186292653547
2293,165.60711765120635,7728.019412029359,30.673090572804,524.5000028723367
2295,75.29776472407809,7451.706258554128,24.402974281305408,75.37915130802317
2297,207.49047164838817,3135.5716542209525,127.57986703331346,414.26005089889554
2298,63781360.91367137,63781360.91367159,7.178035810375054,14.244993435020335
2299,63781360.913672194,63781360.99393563,9.424582800479723,120.46357829759236
2300,35.2569253533237,252.47252560271156,36.3997244653435,74.57305635371789
2301,135.8181452329018,42912.805753960245,71.3242887737957,14888.120621592441
2302,91.96967059547524,3118.611237337195,14.136623364457202,85.60212800181202
2303,46.539399772422705,2038.889518176798,7.578585107339851,36.86097299002416
2306,63.459133894517876,4930.576855866605,12.376939500333787,243.14609293191208
2308,32.816183279646765,508.7379129177998,16.180881020098735,31.350986659854513
2310,1207.246798781857,203726.41926870414,123.4362738934754,755.8368902443787
2311,63781363.000000045,63781363.00004516,63781363.000000015,63781363.00000009
2312,188.49139667720408,39971.678570457116,847.8907234043447,158784.09370255904
2313,24.261098687984628,1539.3277031141047,13.579021019952663,60.68754041820808
2314,147.98506177325058,6991.337662596168,224.30207010983466,3026.3308999148526
2315,72.93071691233767,3554.850274290926,27.76105417617164,100.33974268135876
2317,40.743426363242655,2777.356609916795,12.47178165944049,45.700375812652645
2318,49.09128224045749,23900.53713411282,32.84792475557315,10679.245675506552
2319,130.61974014236682,3970.7841377063073,52.81180690430098,176.87419028104998
2320,163.9430048662878,2197.149145001507,26.159410712822588,34.131248886892955
2323,15.474438633046805,740.3824754591112,32.11672270191716,69.51466779800418
2326,130.55884587755105,8305.48140116135,47.57073028403742,871.3506600507179
2327,51.812718991888,608.3878094953998,18.55677007482935,20.65616094634783
2330,170.5681865847527,917.2418641913954,18.28116845859946,30.497866646856625
2331,50.39701727055976,2029.6145486662858,43.5410115935317,1475.3172722217682
2333,84.53049503777977,1293.9182753993573,56.50661958771321,69.02262397395943
2334,28.12041915434416,38.29785002558271,28.116731930980972,38.51987140369194
2335,138.9983074364024,2343.179186747698,10.144316609656705,34.64045638618375
2336,106.46816954051063,3144.1884226832844,72.37930484689205,73.3513743731892
2339,97.628478462753,18228.32845123299,14.50382609860145,173.81806846943715
2344,307.85523907679317,12541.034694339438,22.12377505503457,195.21834218720375
2345,13.216097086285165,867.4658531836143,7.0205295646142085,50.39364770588315
2347,22.80907465274672,547.1795851319238,9.275019660479355,10.379982643199499
2348,111.54371272366663,2703.371768835974,61.78592164612819,102.22706872253332
2349,304.9000963236781,8153.203910327313,304.8484591613157,8020.737797518253
2350,1388.6895883429486,20160.54201315579,1116.9771366055115,3424.311152902713
2351,610.5097423611462,671.0793387561392,163.23675398960955,370.6818624323242
2352,121.68087621012099,6750.394010656494,17.86104527161157,32.35540007552215
2353,18.35345607966724,978.0696647115541,12.577505610397502,363.17632407213887
2354,173.25253595701605,759.4720612083325,11.110001205114372,13.207408095659293
2355,87.21625139519041,10863.754640344536,27.752350448287807,209.71092804812216
2357,99.16139902985906,9605.9706508282,79.10859142706352,88.37349408240729
2358,54.23898653285221,27264.911838368465,15.0894314491003,1563.022073476796
2360,140.55082984250134,7243.254058843252,44.503750559467335,112.11080442166097
2363,115.35297867604797,2988.9569581772457,62.74233431580322,135.93785364981412
2365,678.6419872237312,4669.166586726763,687.7617360592244,2759.9885674018806
2366,2682.2537583433054,89568.41344619988,537.9052106473354,9795.938193796945
2367,141.68805900751985,1129.9979720004053,737.9632861041945,2331.2802494413113
2368,54.60251281602814,2384.224008737985,63.7700014283935,137.9718084776046
2372,365.89193156411415,12453.457367335817,288.4736009236603,852.4748387628237
2373,63781360.913671516,63781360.91490579,4.859214327304048,175.05355882954606
2375,749.1597175963999,145588.74103474518,92.58585411458648,1173.4491544909351
2377,281.0786025930162,12062.817330065842,66.3867985266188,774.7719376294351
2378,63781360.91368019,63781360.93394305,8.39858469734905,79.34349340056957
2381,326.8675752049514,11710.954285921722,37.29854811514723,150.7055315855927
2382,18.51334137287966,506.4226791228885,9.59746893659089,45.3496975834006
2383,67.44118219578539,6030.2870009757535,12.690741044715699,53.443638916124655
2384,71.15898674899586,3054.9729999703277,9.325982966746913,9.749380867329782
2385,29.054115585549066,18945.03349549963,4.795840109003734,111.191503827706
2387,105.59888367240501,2379.9880445623785,12.970410317121313,19.739143661516884
2390,66.9052523946499,541.79257892086,67.81753299817031,667.172632614772
2391,521.4205450311684,1323.4886466462963,322.88972836670393,871.9316051073724
2393,98.43838327950216,2771.523176822774,37.75833994243829,419.430934165109
2395,3.83567610128914,327.9801890658987,4.7322051737512005,16.571369050184558
2396,169.27221317200414,11365.305805343927,27.22600249437125,720.0771171135837
2397,66.91690209909987,28877.261969594376,66.78643931506605,28841.930439336644
2398,688.9195256754522,13094.967638426495,138.54887877207278,285.27047979378284
2399,690.2904698729718,26430.373168776812,189.82170260428038,321.2896269654735
2401,154.0889392983049,348.15113233063107,62.821910401618126,7372.303248301499
2403,27.656324856160822,2607.1766428055043,10.536584909241249,83.5976776922089
2405,202.9796543278484,9812.857916801477,53.54705096563791,443.9310393708657
2408,22.589127978757343,13537.921762347216,18.68043383310165,9843.400172006512
2409,409.73872354926914,13608.241214410178,412.60820203727513,13737.276005237156
2411,28.1247934823257,970.6306975052107,6.989386650726215,24.9831131972604
2414,288.18431910393605,7565.240805993419,416.7802590478198,799.59228944404
2415,117.74114888352403,3675.223039869411,12.210227480631369,23.560891490885233
2417,302.13876543655795,26226.6518066973,17.11752250517062,25.353725562531576
2419,1922.3254054325753,34866.14642386522,1990.4174184289095,35195.01358795227
2420,42.66443729665196,537.3050718137476,41.93221367597402,467.32991363981796
2421,63781363.00000006,63781363.000000164,3.8026544815386365,4.472894301542365
2425,97.6655535227944,15100.77886523699,23.935579365717356,141.49408801604847
2426,40.14407348660954,706.909998162499,20.996482785561817,72.31009043463528
2427,25.490656737670914,115.53515810167985,8.597011809335743,11.780906504560544
2428,63781363.00000043,63781363.002199374,4.248945828474069,32.006439542638574
2430,1908.569468031315,37276.531466011314,683.6128513179041,7365.981342020101
2431,236.4318749935695,3448.2556670563786,26.777291592878996,72.82566913425462
2433,1229.5415459481887,3949.684797615402,501.44497582726166,607.2077174842448
2434,9.27333870229614,409.29082146514065,4.404728267243989,25.134810126529878
2438,1742.1407392216433,1216580.4136459937,1667.8009720312043,1229327.956694121
2440,29.46957467792376,7332.6526514003945,27.291896239856367,3994.2080942891325
2441,100.55804959456223,822.000881799663,24.911809146654342,33.30952779364012
2443,63781363.22888914,63781541.9457435,3457.5049544101093,94804.30578776532
2444,10.058531259560759,56.827196734731324,6.463168861477497,14.681520517376763
2445,445.9327585196218,3912.6699720723686,202.4916780886713,1646.2461339041158
2447,264.71558048070153,25250.36597994067,30.384264328932588,3193.551032789207
2448,152.2600451043848,6938.396830724667,55.34210329206168,539.480153819838
2450,217.9090246728823,56630.41443473349,174.43918231301882,32702.900596832496
2451,248.94237220558216,51707.83624233679,546.4407147577335,3229.585863166964
2453,222.000923019615,8870.862301069545,58.59091726411687,2680.4389191989503
2455,30.37131292791672,344.29349340871465,17.430065414868974,184.69312822212734
2458,245.51446235809433,17103.18205473976,26.661166088461915,713.28804954165
2459,521.1881997625517,13280.715039068995,164.5735745166317,364.15211407413955
2463,114.76596160724553,657.1929951561456,49.37543472816701,213.6448955542948
2464,63781360.91367154,63781360.91525457,4.701689356439685,12.627323716561696
2465,73.26813591538316,11555.508545954173,72.79118954843752,10794.645002690319
2466,46.03571349795464,23596.014576164645,27.470958137146592,9375.063663665414
2467,303.21024917894414,24335.82869376541,234.86387756701416,15817.648847042987
2468,162.40103817903866,22468.449804704145,331.2951770226893,8277.383598025279
2471,2974.6945447491635,101051.89385069677,205.70166119775428,2754.324895120768
2472,77.08202056007096,2319.0466262338273,49.939458107372275,398.8800043855178
2474,18.969431859748198,1091.026811502314,6.532838080991272,11.197695056699633
2476,274.7046378653026,12844.26123354319,335.6975984731692,1658.346732441784
2477,22.723595162370643,8639.53870281,5.149927844603712,42.91255398504884
2480,185.91395204589216,78199.14163406056,173.619959236064,54359.3191245354
2482,135.2786138028329,11011.034880737012,106.30833141668533,11856.26741395986
2484,44.05751119654774,2978.0805070769943,16.214133607423108,118.5454311693298
2485,95.79763336240649,16095.580133650237,21.67697348804037,129.99013837153268
2489,13.270113549450741,766.6617033223159,3.740392748738943,22.691165350903496
2491,795.5740014915995,1321.1000829665488,40.10637721876567,104.73324307919084
2492,276.60361409365197,1599.6215598559284,193.99513838642804,982.188766034021
2493,507.2022669854691,12737.0519669902,680.0292377463392,1095.80821111682
2494,42.70949418450577,2552.565856690891,22.326919802468442,222.20407326903398
2497,57.63054660233884,1504.34670770156,56.09426431223136,93.73141052022757
2499,50.417517660158545,971.5331674250108,58.78246497485375,808.6351793175525
2505,80.44406512986406,5733.186619105914,16.031779566860646,19.29794409892611
2506,54.49715298018912,6232.706005508975,25.779087176269122,2184.857704060863
2508,197.00332582978,13852.42083540958,158.31308266943392,6188.516646285422
2509,21.451026496155624,543.0065645540682,10.94025150674374,65.99751110473882
2510,52.27766024259436,28378.030689971507,7.144874651698081,364.2080921971085
2513,198.60930582744047,17797.01915101906,60.90080822886887,328.3976169086658
2515,203.30741824195246,3767.34903632209,16.81849879312198,95.74128561011273
2519,75.21273184112009,3810.7552892929652,17.396415738108576,275.46608189011226
2521,76.47031045933427,8524.308896753404,36.96790438007194,3362.4587404976937
2523,612.1939308459113,3283.906892134514,1071.9984787835456,58476.47405076815
2524,13.229533668638933,561.8148293887582,4.09358662926659,16.059437243618692
2527,81.90415654589275,3465.7033638590797,33.737680460972946,169.47636095689032
2528,29.275564631474733,61.850251697202076,29.229640357694997,61.33990272278336
2530,63781363.00000041,63781363.001092084,63781363.000000305,63781363.00050889
2532,47.62824432842393,25123.296771642068,6.855861355595329,215.63340616690544
2533,106.08160611561429,4881.636789521906,106.50250505834106,3474.920272410325
2534,525.9802073313263,91889.22343029095,66.04931448243536,2492.640544417243
2535,1222.438523679859,69191.03350801369,53.66367785677598,455.9104100544478
2536,103.88867566014041,4320.395210046317,18.97105451483051,64.56977196771895
2539,89.68166456418265,13786.53589376117,20.172482049359758,169.2071511681232
2540,63781360.91367241,63781360.91383751,3.8748648697163817,4.400227069588918
2541,175.00223160174494,14681.867177548997,175.32351996968103,14764.386266153271
2542,256.02025047162863,25105.96917275296,166.19741062567516,19009.842751970846
2543,23.315791808714973,3594.443176576438,14.132096501061188,67.03284497088757
2544,130.70847961197438,17070.303748542086,204.2132474472514,834.0315342128007
2545,161.71561895424125,64575.073118496446,158.54573042094881,64728.58947558742
2546,705.7120911926147,760.065677132214,568.4228935582005,655.8428929591653
2548,350.7258315247359,551.7166741212752,350.53387589120246,551.6672909708226
2549,39.74850737031745,1064.1243518994177,9.457973080077679,23.478667429835237
2550,125.3885815939372,31882.60395487896,76.81735150837922,21996.462085310493
2551,28.199449726648677,232.9919690069994,4.7831299360471045,5.64776410053636
2552,383.9867343635062,7665.105413078314,289.21554776706887,1447.2452353359852
2553,84.35558102403198,15930.749120461429,23.774985148596034,1064.9168978015482
2554,11.320682406178095,2016.9361143483616,4.096021714309764,13.780447367573158
2555,112.99157789149491,13265.376897876082,82.29748031268386,6341.036112535867
2556,40283.70971102456,125299.03330509547,6442.182216373968,20285.47615746551
2557,22.27300403789759,49198.1735775602,120.25151655519569,4807.350740230717
2560,28.099389695890878,19413.20011119504,21.175999036988053,8299.8707045285
2561,63781360.91367157,63781361.098876156,6.127916031913486,72.2334229037623
2562,42.74593289278918,6028.050409779451,390.004532174589,462.74274554705136
2563,520.5370897369598,17839.053883790613,144.17284440072703,541.6660713314685
2564,107.332765984546,1597.2382885529491,107.23855959210951,1630.810367899355
2565,63781363.00000019,63781363.0003057,2.9781368854714567,25.30532826817073
2567,364.5381268172295,1696.3896320713075,364.651023006106,1754.4033119478072
2569,47.57686504692709,655.8933657860244,5.955359969378177,7.0687654127592685
2573,283.0061437116375,16254.435642899574,47.19919644881378,138.39362290316933
2574,47.44320095495475,25309.855778453984,9.787627109072957,507.96909274829216
2575,23.196978267683562,6416.749348912261,5.820132972448262,50.43270186147681
2576,44.99560856672075,448.7504441879434,42.379505986231905,256.84268496335443
2577,21.08359906029064,508.09261661322006,10.74316581781941,61.13140975355097
2578,53.825203771599526,2337.9614627244227,49.398402801928476,156.92435865097352
2579,267.50011721284443,73570.21965416214,63781363.000001796,63781363.00087523
2580,308.844068556696,52053.93685983202,252.49242928644668,35854.28728572921
2581,56.07247537404615,6012.77858791216,53.9011434983228,4955.200640268116
2582,146.08641026556708,5822.040710994388,170.40043071000224,219.25999878964933
2584,81.30176161059048,5328.629513940273,25.28037856818661,62.07989370802601
2585,52.722755205878045,1979.6577550236284,14.35686329784118,84.35004730867725
2587,20.486358432573144,6316.615808058619,12.68264572284435,161.3388904928829
2590,1230.4336806507233,27666.67543841131,71.04316595997686,134.64914472565408
2591,55.18387121016868,1145.449677577801,12.321351758829476,106.99247359173297
2592,101.33099419322494,5476.998497660882,20.669017624621553,25.758546086368646
2596,1446.3683922817504,2172.7782542435725,1445.569569906641,2150.05448347156
2597,55.409805232070546,4522.719403669413,36.36720362352393,322.94027530182984
2598,434.9979069507315,1925.439191318587,382.4100194880286,1086.739924007094
2599,240.77779334705184,3337.767963081222,54.701291705840724,781.2182568182717
2601,63781360.91367934,63781361.379125915,5.910411777456575,56.86745318239241
2603,333.2209291419789,7307.438646070311,74.87307519045555,188.61319373946654
2604,35.973909455714065,7936.057316409491,17.591055902759845,46.441335446474916
2605,61.518461192815636,9428.038227603203,18.981286718980776,661.9457914888657
2607,32.18870726316665,118.64744794767793,32.17390196478332,119.65496622256691
2609,1078.2286314320258,251046.47055434078,1077.6483549733207,247929.51843434508
2612,9.388581216869232,590.2729721407965,10.091644296392017,15.136713261857459
2613,15.8166947231696,6324.4228372608995,63781360.913671464,63781360.91395299
2614,88.72075427371615,2825.08799458498,33.28500578929214,523.6888864503961
2618,136.48120929168195,6815.512026994476,15.99558336576639,21.54453425611474
2619,66.80863340571052,2064.9940487771732,13.094955206440671,45.32471129572082
2620,14.526211420190302,2840.16354628881,3.8375667991471416,39.64394301679158
2621,35.26915286760942,1421.0618035328635,25.949896279132815,109.55786487431176
2622,1406.4346968012371,6812.376380410758,488.4326668009547,2364.395085707369
2623,25.327412582011075,1600.8264735762925,15.828745915854219,36.82292989982468
2625,355.61885755041357,43372.71159460974,125.2318050116661,15605.344765162448
2628,168.6733625402867,709192.2591212179,171.28900381023993,710794.6273044163
2629,72.50550113594859,18031.314657732484,46.49144039527752,15388.879178810115
2632,248.009992264091,6278.429115201078,47.45274216825227,230.39506240711094
2637,63781360.91367149,63781360.91367542,3.6819925535630853,3.8140957752063938
2639,28.207683173362526,709.406426040281,13.063896833316404,21.2253019514899
2642,17.18054709019851,1070.4341658595874,13.259047325189874,49.463271506106274
2647,53.97650762781014,26774.84748035208,14.592847474154201,1437.1765317096279
2648,1371.721932795952,3976.213581209432,328.55770492839713,3104.469302702556
2649,34.51597122715952,351.87267857850134,6.787616566136031,8.125217189665195
2651,95.6900918311465,1908.2224727936805,15.741553047532346,126.53758919551622
2654,24.899080418872963,1087.8689084089726,9.006381098785061,37.285644509590895
2655,18.871328311015805,1525.2791104921228,6.622766984194217,29.554274762445335
2656,192.09514671979028,55210.35586870704,192.581918184296,37754.024700697875
2657,303.4951963690368,21010.47055572612,64.06202098035392,527.7249713225924
2662,43.20993489597991,1276.2912445907416,13.800776883145621,46.526424860429415
2663,235.8196246138972,23128.23321555593,211.04734872475828,19604.686384227385
2665,21.461852655613367,1255.5219143786644,12.18988273198296,36.0682095730871
2669,168.7071249639822,468.8636461397944,25.049471449626992,25.914932204368164
2671,18.552959231178633,1967.3425581531965,7.650596685446246,48.32783198596573
2672,3.9692026314615387,50.29014505972289,3.349199490163476,30.11436136142586
2673,211.1575645337736,2969.266664917008,32.84270958629318,260.74426263994434
2675,321.9512761900495,10480.543935459715,35.87278547063077,529.1765549742464
2676,64.76808399240906,645.8793187171409,63.248207548039446,633.6190818498809
2677,63781363.000087574,63781363.03831439,60.29717499095822,441.151291970668
2678,143.8343154349041,13812.354463082629,27.71727147963963,133.25990743043536
2679,29.756433273619905,1424.3435742312965,7.526756780399388,21.816211592689275
2681,854.0961673471442,38731.813054613136,29.09398557801299,103.44633289363009
2683,48.602817471474005,4171.643544832782,24.35294706666797,1179.101034763296
2684,170.82177432943985,13771.371357382752,38.963247171637704,62.50361467490716
2685,5.866994338107924,16.954358402364196,5.550545654895384,14.743119492240595
2686,133.77726024223475,8729.924400685602,22.229146834964663,206.11481202210376
2687,27.718917270162382,10960.87672690429,8.549003445269163,159.14763389101412
2689,50.86963850945166,3796.7331234206786,10.880255328157839,131.27442088359848
2690,104.18308215823355,3039.612200213297,60.96142929847579,71.51712363450336
2691,106.12391045839739,5662.486070265052,34.561665234667,49.21594517053329
2692,63781360.91410251,63781361.013916336,9.703110250256731,20.258527831427287
2693,100.21530112332782,2085.9968628627007,25.751201212416976,287.6924665515916
2694,485.24270053167135,5122.911528676935,487.9928516226098,5195.287396711166
2696,43.449238931114735,6347.612305364811,8.143098179389257,82.42928975725576
2697,236.12443341565063,8295.614181114752,20.188341503036234,29.58024775320857
2700,398.05559496686556,33267.2247835101,39.250189234569675,788.7542208680371
2702,169.92014102165743,99725.25380880096,170.6794396697847,102476.590447805
2704,17.621759028424332,250.111036346632,17.751676614486264,292.99927148048323
2706,63781360.913671404,63781360.913672164,63781360.913671345,63781360.91367136
2708,160.74420910876603,31687.10167516976,26.673590133179854,549.801414997398
2710,675.2311700412088,27605.342321806278,72.60619429589353,932.2063505010116
2711,63781360.913672455,63781360.91400013,63781360.913671605,63781360.913671724
2713,69.65228961982798,12366.847421794406,50.489457236106574,53.73576913260845
2714,554.0417139747874,115534.1017234785,56.17289908628378,915.3087162225347
2716,34.91530074518964,10437.53940845748,6.152845492657923,43.212680363605585
2718,63781363.000000596,63781363.00074775,5.88084519630303,36.034699871245
2719,39.36288165275232,2703.345206556944,32.70240660282755,1532.3702633262455
2722,22.249517970236973,8577.683089290047,13.573852065632355,4359.011545666468
2726,55.00047580893956,2303.3686289050197,4.766495412197246,4.860776734253781
2727,435.75131236760734,3597.2710319746097,436.0895926213606,3613.276998739595
2729,63781360.91367323,63781361.09407477,17.2982309103043,347.4693335526661
2730,11.657205737106414,75.96619324966022,3.013916634517532,3.3626735688054312
2731,85.74923711370795,2497.738328265209,73.73937836415634,95.5293379152584
2732,21.695583036491975,367.6462470276381,20.96807592151058,243.23283959976933
2733,52.81086648822757,29797.789837904562,7.926038304501931,513.6505324246042
2735,41.52060388156629,1109.4753996102963,37.17038896857862,56.48329996720404
2736,35.69992231731145,1945.133492646633,7.784218610023508,34.97103975843325
2738,819.3577616401343,4776.987011301547,347.14503390834767,391.3381789963399
2740,289.53250010941014,6253.893731235839,11.469600071308097,127.77114965354946
2745,560.6632972191762,16300.003836893866,552.7083484535449,15464.36561961072
2746,327.0199800720747,244361.72658205917,188.50367150694615,33681.03106490031
2748,63781363.000000715,63781363.000242665,63781363.0000007,63781363.00022651
2749,2527.99481728168,12646.686102111255,49.04808927743408,92.04755542231915
2750,32.73636974809625,2645.061897197813,17.032180203533866,18.73264939122687
2752,199.58082301142798,2537.555761775718,36.735869329125514,82.7585486979836
2756,116.65529555812687,1370.978079515998,94.6214525972841,728.1359865487117
2759,465.1818438042591,2392.4434421109345,63781360.91367143,63781360.913671486
2761,285.0180330276639,56489.499337944435,14.208027066304743,1613.6571248739085
2763,1169.9941330371648,13483.91630704898,31.55166703719215,172.24535028803507
2767,67.1519119001538,2988.7732208677794,18.53025679999576,86.05306682632246
2768,549.1364359214367,33331.09029588354,470.22964954331525,18100.0109606312
2770,62.800765112188344,1785.558004212031,32.80725319737618,918.4536810442391
2771,133.96564235599232,5952.32504098727,55.729033524802425,2395.0667887136196
2776,69.49425448435646,14683.04174369677,40.85301073425508,2968.4914368787317
2778,8.634686393991728,68.82397641071104,7.363436217542978,35.241989313653946
2779,331.1467939386686,9026.579795689002,118.78434933661832,2069.9146040743094
2780,91.68620098928598,5279.719585651782,30.601660638054533,178.65604448927917
2781,83.42766843434977,384.0156568456325,81.83976259178257,313.7987876246866
2787,63781360.91374115,63781360.96535363,41.34318850252235,227.7813051916032
2788,63781360.91367138,63781360.91375858,3.484624512612218,35.40857149255506
2789,400.31065153103754,84893.61002615032,20.782650638415806,845.8732806302585
2792,80.81846059609585,508.1838462020768,30.425956267332918,50.6719220547185
2794,2004.9657876903736,8664.755434151577,2005.6083427362166,9006.93117863821
2795,201.8191769780714,3242.477855574569,25.76330975804398,28.78471274681448
2796,52.27766024177653,28378.21558836419,7.144874527546915,364.20810948838766
2798,871.6490514842575,110257.74749888094,110.35444857845522,13039.945830668697
2799,64.89067093574441,7999.399033618163,30.699941763592605,142.2693373696406
2800,168.37062529523982,34000.82517172943,30.253031859442153,893.187361611347
2801,24.87762154902644,1695.1463131488126,11.38511024604096,56.919843954213185
2803,255.96134529533285,7185.214346619708,94.66602886861494,511.91697312388794
2804,55.23212827710993,6977.183697031465,22.44609954342475,140.65678400921425
2808,156.66885001281196,4205.206862262371,23.980412569957934,88.81042476161106
2809,63781360.913671635,63781361.438971795,5.424703798981577,83.15132041249802
2810,384.00778602722664,1128.883359083282,282.5568969309309,835.2374530468757
2811,6578.799767160321,192997.39152622357,6663.325796112807,196116.94992191964
2813,68.58031322670507,5732.21458869291,52.50319133925105,109.44822621128608
2814,1101.333326504049,101738.44334027836,124.19135544258843,628.0246015945447
2815,373.6503640069319,93214.1757072295,89.62401136067507,703.084025546314
2816,22.468296221757555,3370.1641301589634,9.941349154065161,69.67903473270265
2817,14.171633460159264,4624.200243734564,63781360.91367142,63781360.91367617
2818,51.3842264950048,782.0784370830274,28.41861410487805,90.03015221465745
2821,84.4137850430979,13877.905455588118,19.280587483623275,71.08184219727721
2822,291.68992222144516,436.8225785171277,47.000547333508564,52.2516725450883
2826,140.17983219935664,6185.822569239645,78.64690674260947,439.91821379243163
2830,121.14526897948514,6764.579478347179,41.30096031666231,1130.0123180434068
2831,277.3281267759349,55615.521412983035,169.84765078563797,25229.76791678885
2832,16.590781967144842,1104.4479451969917,8.930254417334597,148.48738583161
2833,72.53462118650799,13555.226413217259,9.85374254571389,166.6853525956569
2834,202.07610397053995,7752.3386899974985,199.43851591341587,7551.240558509796
2835,70.51020856871166,3606.3577237613626,14.810468157268982,186.95153290292023
2837,233.0186626133231,5915.913108431345,94.62013225669193,2061.680244839182
2839,205.78598197860285,6922.726631228779,78.94889760200212,4264.928455328063
2841,58.08978223243332,11147.640593502645,24.91222137945776,554.2074699590675
2842,63781360.91367229,63781360.994065166,63781360.91367156,63781360.9149216
2843,37.59173453141426,1634.6003153567628,16.139909202078524,18.60580971958332
2844,38.21611942106877,8812.538209054946,13.383333800491398,114.26386944554562
2845,28.221628593963732,955.9878404043022,10.512982008191766,21.152863517484207
2846,100.55042225510184,7556.579253381719,53.67833310072709,459.32251223247397
2849,63781360.91367135,63781360.91386273,1.732459037991252,26.88747229291423
2850,525.6884303848599,13551.410929346428,117.92319671667178,3168.6621341157843
2851,116.86705449491672,13885.158551725584,25.705733923384454,482.4535568561781
2852,63781363.00000692,63781363.02775801,63781363.00000727,63781363.03073196
2853,302.0679668572789,7097.7177442089305,21.303681534435295,326.40809738324157
2854,63781360.913672686,63781360.96285858,63781360.9136715,63781360.91396639
2855,429.4262921647434,42626.6008425406,200.45044242559183,811.8409539067654
2858,151.47130549009688,18708.389005673715,20.46432999456188,240.42105916893945
2860,11.430284910104561,73.48494027542941,2.8253278617780513,2.9764927260984586
2861,11.125043587795906,78.84667266771528,63781360.913671374,63781360.91367139
2862,209.58673438231298,3378.6654139789734,158.18638419742626,312.47024975334426
2863,256.7550141571862,9910.440040427335,13.992229050979601,156.27866033257325
2864,232.00249284134276,4609.175575670557,72.85237267546034,585.3787933783921
2865,42.96786565923114,2044.9614297571939,22.353145957311188,112.46586296883521
2866,359.8648917507136,22539.97258074489,31.612666575285825,439.4630859286137
2868,694.9430836105327,2396.2227598039794,803.8229225054569,2396.228367809938
2869,692.09097536308,241388.16714470944,63781360.91368577,63781362.41303541
2871,256.72941798223536,13171.698078713871,342.899694633638,17721.46123958121
2872,63781363.000000656,63781363.00090456,63781363.00000034,63781363.00051356
2873,145.40002536623194,2485.1904583860846,22.60409919078753,35.41454858100302
2875,392.09973381180953,6435.800884353353,156.55211633002858,1568.195734028384
2877,63781363.00000136,63781363.050495274,4.590506640132743,24.32284859222714
2879,2696.884276601685,73181.1266436249,2696.172818671506,73070.42518105228
2880,52.8466236365911,29321.403748067234,7.650015617647269,460.2758261562147
2881,8.469399147755158,255.2387824542587,8.315371138209679,36.06369294279291
2882,157.2444941822869,1387.5384835634582,73.14919427164457,94.42604872011468
2883,781.5252309286178,5150.872519896337,1560.8845121339286,1684.7831585487359
2886,50.70876286079195,1162.549337409047,15.161522394003969,33.00759566037866
2887,112.68732943676984,48329.49966236398,50.14764090343249,906.8677877868515
2888,30.146080170565206,266.77049896896705,34.74119973279686,70.78064285425884
2889,180.18986068189966,69407.74286799603,6.844696095574894,482.44549080473087
2890,261.89244822021965,5729.623678754261,45.749743167660796,168.1385909890315
2893,128.4563638821312,2340.311134309574,74.80983591872844,126.72786198048769
2894,46.47667824504671,2510.9707214553364,21.125602082657558,346.0963361673099
2896,281.41629539387503,1703.697044847586,7.54717427639327,29.108227194374102
2897,21.204867347300816,233.29040743631555,4.667337214652909,5.341926255023103
2898,27.33456718539489,2740.2894073824073,28.911878504993524,47.278030849802676
2900,434.4988966715649,12518.772485562302,583.8415277985233,811.6729342519885
2902,73.36757526150676,11370.914456288163,17.650317454684657,65.43606887210869
2904,649.4324506936929,12673.514305581737,728.3232504009188,8932.473040670562
2906,134.813163119425,11040.717816445767,133.6494238310095,10982.936985982205
2908,15.248737891764188,191.97051085504913,12.438836069166728,39.21897992281058
2909,63781363.00000011,63781363.00075241,63781363.00000005,63781363.00000528
2911,63781360.91367335,63781361.04694585,5.2933790527327895,49.16399972148782
2912,46.48722528774397,4486.451890289007,5.722093495705956,41.767864251537624
2913,38.224869522478876,26912.92841394289,6.239088216673659,368.5856702114447
2914,52790.79068073016,107224.99563737186,51999.93498891326,105837.87121667013
2917,114.31516896725739,13041.452138810126,42.525247449765196,1079.130789664017
2918,60.13902568378871,7643.068028323154,58.33487502965243,7439.056779640616
2919,54.96632180198621,332.75949650224766,36.911476872548874,228.95437566127686
2922,219.3505184333905,3166.656287875561,101.93780579706903,329.2317832464855
2924,303.25970207040103,10043.815821404194,303.23808530571904,9747.107931578532
2925,383.83664501945753,7620.830825381433,288.0134803944629,1423.9316325635136
2926,117.18362645902612,4600.270057008427,107.49037719471576,136.98090033998625
2927,293.6230157721593,7313.118737725111,423.0595536518464,804.294695217426
2928,63781360.91369576,63781360.941733986,63781360.91369448,63781360.93106082
2929,26.08555418814143,636.0766614796457,22.60763335583211,243.7306289185984
2930,185.09223255625815,10271.588946970558,184.96648041333677,10160.784298968758
2931,2691.1856388446577,37208.028336206015,2564.8504627255343,35550.36053078983
2933,144.9418295208144,8667.066875214086,116.88608675706419,710.0420635885257
2935,46.93072365005964,2331.4661472860166,12.403839483637341,240.20595234675005
2936,122.55806557938014,11286.330742872573,122.53590887497923,11118.824668121828
2937,706.6843230286706,33890.979260565284,547.3388143522984,27108.75919612648
2939,196.98512763221595,13601.220291177593,198.62949115211197,13544.5325921796
2940,71.60574960739778,3623.3395220626935,195.21958640153505,1166.372553154619
2942,434.4013801120051,18715.414751682576,434.3809433460625,18715.456553767206
2945,63781363.03419788,63782478.287007675,63781363.0008977,63781383.64227902
2949,632.4066221072516,9312.155623865909,634.031200104483,9348.665409318353
2950,147.37280050158998,4828.90325919112,137.4611245048204,4528.006988107646
2951,252.88032968426015,27688.548893252948,79.53616848436666,6863.796761536145
2952,198.28593049521575,7637.192321999182,199.10040592518368,7663.294889217507
2953,798.6637470885527,39291.115928007326,121.4464707315919,1914.8372129986215
2955,11.460892228353337,61.87328843721347,12.19376457375395,31.66396832350022
2960,61.3304800388422,2586.3987339927075,32.268975634566246,105.43947722292377
2961,28.294767685272816,18420.472112547577,20.798381758478314,7567.572945192366
2962,60.65958163819927,23326.957006359095,62.868129224864056,578.6878475302633
2963,85.40273006416348,2331.5586866644303,28.11950271267098,91.13794995398308
2964,34.64411827740089,401.4758732665539,5.033852774302298,6.400090757384775
2965,24.899010443562556,4470.812132768052,11.142899560014861,73.34920483520112
2966,252.7679149193427,3094.873845305086,235.67876492248692,2542.9791123001464
2969,371.2778999672331,1885.6204361484629,365.7737125721746,423.59928801125585
2971,240.53600808480482,5992.7238400280485,24.202577829631785,63.05166477868049
2972,3276.400278040906,438448.01350618096,774.3757547262933,38613.69239856018
2974,780.2538789981073,5200.721273210756,179.43126090868986,218.88992457421793
2975,86.12975065751927,3586.7789384910634,211.19491169153335,2948.7596957253754
2976,43.46587348879115,14047.33790157886,35.525405669009075,9592.670700199524
2977,123.15858592346883,5927.160463044454,106.15467453068125,2856.97739762907
2982,296.4660836858041,1996.5992403728803,72.31917681160888,149.25970869729935
2984,58.59735498619543,33782.257209095376,11.472022550476346,834.941119501695
2986,13.355740172533173,352.8995734726445,12.38682973350006,317.7221485129542
2987,483.4742192051369,536.3568852743157,51.654208884100974,93.66766706514206
2988,41.44275282523316,817.3328487414474,24.171439869632273,70.15638820054659
2989,63781363.000493124,63781405.53467499,24.624484218005097,628.9579419269751
2992,183.66139607129801,10873.662684476196,167.6435055313065,8624.095103744725
2993,66.51128001042085,1105.353770185968,52.278881867538104,249.0212638795751
2995,70.9816215534327,2975.0282003772727,56.48767169746211,1100.1416191470719
2996,82.17547735430782,837.115389359061,82.17579375049114,841.1816241711928
2999,298.91356135401577,7587.387831868276,53.28231868233204,1349.2442931784756
3002,19.583786163427177,6867.994650252959,63781360.913671486,63781360.9143018
3004,797.831275728426,5076.628368148969,9.717808587896917,24.188636125031515
3005,32.8093792259193,8271.536596644513,16.30066496788009,79.54468112943113
3006,585.812305522731,4022.1901327964733,585.7804555511464,4014.352910933462
3007,286.660634764844,3503.9579563828497,10.146234922840797,89.36369051846276
3009,507.7155692443468,16445.9932210686,505.8695015123715,16387.131662990345
3010,252.31895607720182,5327.41018411505,45.31767876245393,134.80927676639905
3011,13.408852985588537,313.0447254228296,5.93259506274279,13.411811874276243
3015,37.298416549829795,791.8694433211858,20.613397476302744,63.26977253576413
3018,10.745911334510785,82.79491191492355,63781360.913671345,63781360.91367135
3019,235.6731840407198,7322.61020332692,36.73735694421745,237.5283133021099
3021,53.38777687457955,268.4800855950677,66.4587526594886,125.00861863774843
3022,62.57905453550159,5941.13565345014,22.811166937981692,139.76842583469855
3023,174.60773967862687,33539.83170250424,26.503753891188033,235.92875701637217
3025,30.054960832285506,361.3041743423975,14.525144317833094,138.06335521882036
3026,54.38854435956219,8598.253614739308,63.84621857451055,3913.5715998777437
3027,24.880660493445813,1437.2552779405964,6.5799305598524045,16.419399616660765
3029,53.971582625253326,1472.62218634594,26.103085617213424,38.13498053774301
3030,265.2393227310619,50342.70047492259,171.87312675398704,22017.777870099573
3031,39.36193773283637,18431.072567417094,7.0341683761474565,144.24186709312
3033,63781360.91367166,63781360.94334578,63781360.91367157,63781360.918846615
3034,705.3437627803481,6174.185162585253,705.0052619903444,6092.949964759443
3035,29.73259158292474,5253.69416302801,63.0732216553271,76.44374919789651
3037,146.594808769499,3776.675743883529,136.96566024133568,2382.7934233996402
3044,46.68356288073286,22991.364103658318,6.158416703987634,101.21680665188504
3045,1401.4787618969744,81743.73993633989,463.15048924510677,21979.56156363783
3046,63781363.000000395,63781363.00152358,5.661835635593273,30.33332845112146
3047,1128.0819936575976,341950.3052877147,63781363.00006432,63781375.44804455
3048,3831.19010024599,145023.1825407249,1777.3978248291778,70184.91295867109
3050,92.13526521185237,14822.214782543699,51.991325370753216,120.53444736671965
3055,1147.7218220203429,346816.89061623486,63781363.00006721,63781376.46010732
3056,63781363.000002354,63781363.00482786,4.443019746126482,5.088860224733714
3059,576.9080952390211,6818.763212696338,576.8941016886628,6976.375135030391
3060,34.36416620042719,3945.3332345893887,37.09136165169923,70.26335254574414
3061,783.8259834244516,7565.522378950648,47.035427567458484,101.72703943141705
3063,37.23998890980224,2514.8587718199983,14.86264464129245,69.76703757089616
3064,95.66847571490932,574.6424949822319,16.62133289169102,32.004566212777206
3066,28.68622128425733,47.797414842815485,28.68448226823202,48.73873826249706
3067,13.058904012838427,562.5694221908253,3.458119950980198,4.794153015577195
3068,29.304561416378352,211.331716781627,4.707969490569522,5.595145521338892
3071,434.32384605404775,5401.579203999202,124.24727547873408,203.09465781306508
3072,17.22419162244914,1089.774433189807,13.346152399230462,50.14612446195273
3074,24.78317669813337,1031.7455228038061,6.1510806686946795,6.890427640508732
3077,217.6830797984661,4476.617420906261,9.824416787390362,68.81604448587063
3078,41.93967335823064,171.27188843184567,15.042615921112583,18.279624026391943
3081,63781360.91367316,63781361.1931663,18.988505006561372,457.0005368175015
3082,333.2525227601695,4310.345357936241,24.841177887611497,54.405891895430415
3083,54.766268000033946,29257.382948273007,16.984607483340408,2119.0158392647163
3085,186.75536723984135,76595.93874971778,173.91629230666157,53089.4537355473
3086,140.93648235715455,19611.688722749,46.108759493598534,1163.0597621298355
3087,23455.53750083503,137710.86616291883,20276.914190171607,116906.35526458712
3088,258.8330741281831,69228.15063032575,63781363.00000103,63781363.00021459
3089,63781360.91367314,63781361.170784995,17.86498605732581,381.600555233038
3090,106.60233561195476,9189.16679757359,13.676525583111365,140.15599107405785
3091,133.15905235190166,8512.362439986407,19.62696601847282,79.97940101533277
3092,167.6578771778044,8686.463950755575,203.74882327698168,504.6043755207981
3093,168.67020747575535,6920.920418200455,52.420685586785055,1195.6316792866912
3094,7.2621450941297585,20.275301330848702,6.893877849974958,7.035741453058368
3097,75.13454141855739,2687.719069442046,46.735723218121905,66.0503497629213
3099,42.99339866776693,3302.2644433400155,32.49946620600515,735.4717103059309
3100,25.26548824202035,889.5452432367656,24.716579759525274,760.4288033678523
3102,20.37345653298061,4152.878536059968,23.290853530695507,162.47695321386374
3104,519.5765648501529,23686.74549629629,43.084252820918806,349.62390561522665
3105,59.663823197308986,5352.073763001789,56.55460052951349,1017.7109568661019
3107,46.921568788908516,28993.537828101966,9.049095743427173,523.7631899573381
3108,216.08876386450387,30597.75482357971,73.46987008976792,6029.602078685784
3112,107.63955838672216,10645.542129711366,11.317702543983595,46.87111083539194
3113,5268.413755993449,143379.64550658522,2238.396848741984,94725.5921065474
3114,111.53604407087731,1271.0042490891574,51.18673413275068,219.35515481104295
3116,52.89938534040923,5845.021140403205,15.889779187129262,24.717506589850913
3117,47.27367430544783,3191.2912768081383,12.989575076154749,22.53384202789586
3118,79.44082550493877,25050.144509678197,70.08239779405069,239.1828287291714
3119,64.12092854421539,1833.234658478511,43.90142330972745,470.88813121452506
3121,63781363.000000045,63781363.00000028,3.7231318791969863,6.329435583150039
3122,174.71247268735607,82917.48640431603,152.7264713411921,62389.95551563842
3123,702.242286759804,409995.3181657761,489.42193792500404,322285.1370727252
3124,2923.59884491207,65524.41082110636,1557.9924644380235,34334.35035279086
3125,23.97103322792239,241.77398295534164,14.52102215323515,37.12113268703987
3126,339.08618980277447,43797.79060377728,31.742397137922932,72.71657038456736
3127,114.17560286059076,18722.942030903156,39.70487951734071,115.56558989370106
3128,291.78136576864586,7397.361716684171,420.93865919373934,802.7236422866039
3130,2191.0782281030433,17667.973000296966,2190.7076451404887,17520.099470750574
3131,147.23149783841708,10717.65606594892,15.081974239559123,116.15982623211764
3132,24.404073012049118,2903.39143852662,8.34890447442938,22.847051954691675
3133,121.31752823163305,7073.276194923567,32.54834368363198,139.91199975377222
3134,63781363.00000018,63781363.00023697,2.8214912693043295,19.087487959555457
3135,548.3195931311723,46738.59769888041,227.75717191260634,3531.953599847995
3138,91.2689559733914,14046.371586399564,21.02762807557028,137.8149420212157
3140,531.739008068966,5822.618553287345,85.35038000901302,799.9530408223368
3145,61.035755344604716,127.49680906761547,20.55955973235544,68.91936209656603
3146,34.69360913425699,1669.2645554560795,21.082417578587673,33.540018584924866
3147,74.60658813661067,3592.838494917254,16.502782656025936,29.400765969941503
3149,442.8441603915216,22443.392300602078,105.06380098932807,200.80991083454117
3151,138.30223337590164,6421.43480287321,15.066058276317007,28.075908685656394
3152,19.664611474309517,205.38760714256856,21.124489711884813,85.6838928139944
3153,74.68036845084065,15083.727367932615,37.9793121201118,772.9721583736722
3154,39.63825174967987,2778.718465843986,14.477927595701194,94.88577987219935
3155,34.23111804962135,311.342135495711,23.32449194941094,109.91614324930738
3158,99.98916051044935,4403.081028147857,12.22485730929509,16.762339894977185
3159,81.13766180621482,303.3669557437534,48.02455575951713,116.39310221401401
3160,1039.2551799013647,6665.934322384688,58.13644584758266,89.28725989417026
3161,803.5516036709813,69693.94867630713,841.1697874813221,68859.82578043661
3162,31.30875599406309,952.8496625064508,18.158688953286333,59.65519119769068
3164,199.4012992253367,1634.906306784562,79.90486705492872,411.5885756170668
3165,146.34894374512794,25814.098979068774,58.67898523526979,325.40310971095124
3166,10.763897188879337,299.2231933119566,2.6479704214610553,12.059710704612185
3167,128.7955432257239,2035.8504344785351,49.68580789160077,440.8104165739254
3168,228.68142601371324,3749.8032676792336,86.04491344568012,2437.2585539433153
3169,23.107535712522633,10780.616415564426,63781360.913671404,63781360.91371037
3171,646.2761724537994,3046.3527296837456,646.2825599065239,3071.8115112469654
3172,16.326375098430628,170.9769864862989,7.002169226788669,13.498019488992917
3175,4047.3253149594125,45606.115868906985,4084.1519201310675,46446.38605060491
3176,18.17053826123735,940.7631262380733,12.341771399748332,340.6390491212553
3177,539.7804964340944,542.4160495569274,539.7800139499848,542.4367635289003
3178,122.4132007955543,13776.91324847503,6.720696693331649,34.785329269108885
3180,81.26641276667877,5889.253785084286,15.308259830963516,725.8407499368208
3181,24.467949281408345,2490.1585422982653,117.62453401060206,201.00494643306104
3182,108.78994866536745,20266.952640262145,9.192116442658795,77.11999756268501
3185,25.470288132429864,9502.921369204087,9.523739120879597,193.00845884803843
3188,18.90061228174048,69.27959556736928,11.818970582872598,13.95999378297224
3189,20.144365752851375,666.5408407763024,13.477625854050867,20.4425271471067
3190,77.39135829429753,6347.327899541033,92.8720845779192,5029.991873960637
3191,63781360.91367137,63781360.91414935,1.6030758778264766,16.847693242534753
3193,56.7691883633186,6046.4071381909525,26.81167244157017,191.16018653038597
3195,32.63416363907266,152.54451744352255,7.356772745755638,29.54054619831103
3197,154.25406009000199,17175.065349921126,77.6653320565858,718.9199724389566
3199,206.6176781666427,129533.85077713376,225.18608746574003,129394.73566099035
3200,776.7658901837829,6551.979665166643,776.6691457737714,6563.945211820071
3201,63781363.00032138,63781364.52042492,41.60361987497408,769.9459486467435
3202,552.2425587946066,122994.75485534752,408.8776542753715,59276.70522434507
3204,858.7918207963824,13484.630035216158,857.3078654086422,13446.736454079222
3205,63781363.00000156,63781363.00037444,4.697436393177726,4.741126030321226
3206,259.6533522428892,34109.775221060416,224.71933369952265,22274.855666285017
3207,27.486848903828726,292.00546873327835,20.30655944249902,208.96834982843205
3208,695.6962165432651,28111.990797500355,25.68925245065303,137.08444372928378
3209,29.4645855372109,8832.30897918014,6.088693280566757,82.81887145668752
3210,25.13085927793574,4867.6006547546,24.96456176294475,356.98165713921077
3211,133.95406462931902,3844.9145245930804,44.39153545672923,48.607239315469926
3212,626.3580226092698,100883.76732578009,79.45877495764636,474.09676925204985
3216,138.22555916905813,2113.0307657706844,12.81968190788691,29.925599429516772
3217,22.519908758785867,201.99253201633172,22.258910797699276,190.3717436826795
3219,604.4751160344927,110180.71042743218,571.1619407841735,84443.89728940559
3220,32.67237462212706,980.3443896407541,33.98028718289715,328.8832611015756
3221,269.57053059187905,33503.71450010464,158.4942953410862,6818.478995362632
3222,91.0000425163034,12845.995704982897,14.974657184556674,181.39042861247773
3223,113.82212529328861,7048.095082434534,116.16792416343372,604.45227785777
3224,12.367349467771824,345.5367187921762,3.873968488481741,4.365841043540841
3225,63781363.00000016,63781363.000115335,2.8663079176608237,8.9958800726222
3227,63781363.000000276,63781363.00021906,63781363.00000014,63781363.00000403
3229,63781360.9136714,63781360.913673304,8.857159836662984,43.50023879270405
3232,31.530259663616327,10401.07166543785,7.674890672517416,26.328998325716515
3233,63781360.91367244,63781361.04535549,5.402915666031689,35.37971606021705
3234,3725.2643586461872,86434.4468169844,1431.0804417092875,18858.740645867696
3237,290.39411492628193,14884.951081682639,476.3204698614441,638.5922411749948
3238,39.162516592172615,7062.9217100079995,8.57250408100952,22.550903312144065
3239,75.3803083234034,14373.763453329495,12.862693268029405,90.21033184102866
3240,130.0502940793702,10839.040176252718,459.20598153756447,3535.122671605869
3241,103.88741739780845,36818.39997312183,61.36481278807586,1773.291510662634
3242,18.459557467307622,217.3996807002315,7.460258263455036,13.25689354522594
3244,4107.302389532544,101301.05204649996,2981.883386184317,67012.8666587951
3246,112.43830908201052,11636.676968782778,25.939479378613846,116.6514863073628
3247,213.9304574981214,41493.169737911,91.38265229227336,539.7866105925114
3249,63781360.91367334,63781361.22940217,29.333267214089563,1535.1388975497537
3250,120.73441685316163,11880.821705143666,20.12015495723812,138.8176895696818
3251,34.56361888630387,17203.126944532843,19.54446323035092,2583.110466419877
3254,369.03034482681613,68977.95942167973,18.68184011822411,51.088269006603866
3255,518.4350222235787,25777.89275426671,54.860081484930674,168.68328390450827
3260,12.19169691709569,318.3089176506099,3.850616918357278,4.380129704250163
3262,19.25693376415833,11348.459768216368,63781360.91367143,63781360.913757466
3263,1357.204995214245,161037.36598289534,267.8169788849439,11653.494033868588
3264,42.469260724157195,6453.850625241375,45.14772870208343,157.7532597465294
3265,90.41814691914993,3887.0275299869186,34.291433805729184,91.17785130351534
3268,57.84640599498899,2698.4086582675563,6.0359655885429255,7.866859787045044
3269,122.96262825325384,267.79290765792234,42.69258957332324,183.61279999607171
3270,300.41894578397023,26517.179629001843,193.91112030035487,1661.4072912187878
3273,322.898967802807,17585.624465828056,232.23189775073607,1454.1745895447832
3274,52.91256502733636,2923.4663776139305,38.71394434276748,792.0132705492879
3276,271.3119122080082,7279.064434529677,22.6911011824248,96.1191695267163
3277,97.4399951188858,7429.348960798443,12.524607792912361,63.451236875438696
3278,1054.0086547354251,5450.007248275615,830.2331826733323,2310.87486936265
3279,9.519945698564362,4482.066132210065,3.57923293118001,11.2306747942361
3280,154.41766553534666,10751.577013229102,98.9337201759711,6613.9732233868535
3281,427.78319410934535,121798.16144240317,76.00034512337815,190.58858367970456
3282,31.397209305874146,1127.409774176699,5.89104267625319,6.569011776285786
3284,15.339362584317668,19248.347287300123,12.261696314152543,24.866124585102277
3285,180.3519946626692,6286.8400141858865,22.093538227483823,25.4171979050277
3286,74.52253086124985,14935.920794427098,24.13696440414995,1363.0056399168716
3287,190.5010657791436,9026.361535775914,12.646721158416716,402.68437246098904
3289,14.488101025244209,4917.576892904548,63781360.91367141,63781360.91368354
3291,76.44262044735946,7449.063252610828,24.09378001888151,168.60220829880885
3293,19.669158320784124,4588.207678983354,8.554028783582016,48.442494015699076
3295,40.69217308700264,445.22981754526523,29.837528241052862,94.61032641366417
3299,3616.816694811211,81776.22118500558,1334.7126043244944,16662.744808247335
3305,115.04566538385397,8676.387067602904,15.209434308665493,101.23895305869206
3308,134.53362019686168,33782.44760549063,73.71624879214332,1535.8663394103735
3309,119.12109168496741,18188.508159176865,42.82046914164026,653.189175408937
3311,71.5256668709714,6355.860665370258,83.33367576389722,106.59785366431242
3312,23.96600749916876,1333.7560764974742,15.604488362743442,131.77405503003374
3315,293.43196621839945,8700.634369582278,313.97368527300796,10071.59869873935
3318,1656.4094560256456,7199.255537741367,1641.644609876089,7132.052435010196
3323,18.979758436913745,6533.0469778867055,63781360.913671464,63781360.91407049
3327,553.703251608655,35862.62204652749,281.7580020168136,12196.220543941576
3329,458.341861288987,6364.120648857138,458.12469756956256,6430.272938999879
3331,1532.882862265125,32139.61491483852,24.667198925610546,86.29011810904224
3333,188.05945885463308,1298.8450823656326,46.563860955907316,121.35022042175237
3334,120.43128979114584,5770.869178880985,30.226256408998267,91.48162080136106
3339,63781363.000005744,63781363.009611584,63781363.0000029,63781363.00265393
3340,241.805463923311,18857.060506740287,10.935970159753742,28.748718710475863
3341,23.595957153207845,7806.9382390901355,5.200592114488974,46.26793679391813
3345,31.369141354975028,10208.018777740745,7.510006526561287,21.71271394230749
3348,271.7367953581957,2263.4414755424154,66.42973890248919,263.19567364499864
3350,334.54058493084256,11641.976960163454,185.63383958112277,245.9155752044927
3351,38.34559547062544,642.5617704655796,15.305099970153519,32.589713529492585
3355,92.24359680921907,6698.1917376849615,27.22339776212433,313.47329611821004
3356,63781363.00000229,63781363.00442044,4.18751779232594,4.579570643547831
3357,838.5710498212285,126383.0741120677,498.1075139094504,66946.40928811149
3358,140.64638317800132,23159.958214264723,12.636408053657373,112.31812089057478
3359,100.78773908948389,27273.80282323153,5.369673620592426,53.20933983001624
3360,145.36806357122452,2196.6154454881103,23.680646389743835,32.533525099406035
3365,36.55437101269788,19452.676123660895,23.62219294609123,3975.2728509865306
3366,46.85500084291161,1632.4492347103692,19.551485227471048,40.40405935719542
3367,11490.067927382906,368568.8301486978,46.39755397894506,428.22381058383485
3368,71.5866820060353,1404.0581702096113,12.020684675039522,72.09220153996195
3369,19.99202300938368,172.6714522183818,20.006408107550143,43.68936426532639
3370,25.39275927492765,18850.187362461143,6.5033589343049565,93.62572768135576
3371,35.991022204666066,532.8872243199588,26.16769020602841,59.38134375545618
3372,4669.146858377761,508521.2693357379,4695.041423688763,507852.25012489397
3374,63.01941178155398,3223.167481311907,12.740445659647865,16.908380274598077
3375,124.22591631295063,9288.249075606194,15.526672920240635,26.4133689257076
3376,53.30191108666227,5107.955748413614,114.64541784876641,455.58543305750896
3377,63781360.91367139,63781360.91367352,9.013297669320226,45.980157716179896
3380,25.046256047074944,98.18922010421139,6.899579287070837,7.215801523736453
3381,157.32291852882315,5418.161199856716,114.17961739056564,292.2583055331927
3384,211.20054435906798,55785.640304352244,97.51371104784789,7245.894665697144
3387,49.845061261457346,27032.60301643899,24.06152908020417,4913.247615682257
3389,14.738855780760042,586.1010097302577,12.419086026045802,285.2983837790116
3390,80.98613147116215,8330.158621348046,118.2366782415088,1702.6357086016935
3393,1222.172417539629,1073420.3271586124,332.817631621797,33830.62373229429
3396,321.06629443834765,6188.303776276491,43.87982139623079,262.7847059775081
3397,45.56149312025076,110.28583307266588,45.48581124788113,111.14513493366545
3398,59.78602195697297,9286.611999192086,27.264758402202183,2760.1453830542305
3400,179.67095935575486,1100.587013709174,22.843433566886098,24.396301679094346
3402,54.601724651331516,1410.598760988644,15.647134756411837,22.26777726636309
3405,35.82623035381074,3921.7668430820104,19.813142320845092,66.8336862042726
3406,77.25073129471043,859.2088208558293,25.874699439380013,31.58065915111719
3407,467.72414102221273,24916.39401190307,142.90419479595764,175.85678899541455
3408,39.928046615838,18553.118343194208,22.76824951277408,6449.209597331577
3409,21.03193123918178,237.8580629485161,5.156178384481168,5.5796169537141775
3413,56.21121240906268,31678.013067648775,9.665608539054189,511.66664413286657
3414,63781360.913671345,63781360.91390441,1.7596155763690167,28.656710556244064
3416,164.7474574096585,16940.942860375726,27.292381232021206,145.77155879025332
3418,83.56134340058733,31598.268467782505,85.82719769038043,23216.206385794234
3420,57.88227463399897,4579.108910830097,42.59003820187227,355.6082321092954
3421,10.962201265543872,78.36011658777885,63781360.91367137,63781360.91367137
3423,23.77382396405446,2128.127428863367,9.046905672429169,45.12981774033501
3425,41.00320081469364,11945.517183141435,18.897540071359725,210.69779370615967
3430,111.19429879860301,13215.055646825705,28.53970451784388,475.26740002122625
3434,63781360.91367145,63781360.913673975,3.3978754760393564,4.121929232585472
3435,396.1921767184857,8098.792144902603,396.24335488639605,8127.19541201022
3436,78.4319972518404,3782.9609580357373,35.81747424467243,229.00276441678201
3437,64.40647953897059,7829.732525268868,63.69665465191842,198.01023157210597
3438,23.463974938375934,623.7505096127616,12.912779956930338,210.87542849717397
3440,63781363.00000071,63781363.01303198,5.6810891409853115,30.39835375877907
3442,169.8255309967251,98912.19443887933,141.4506390403254,1332.3098991838062
3444,123.7910251906795,2034.8158385554016,22.414894402895804,154.73348702093085
3446,63781363.00001197,63781363.00001575,63781363.000137754,63781363.00035148
3448,57.024571676397024,4330.472178031381,41.26551621388787,296.2847136099256
3451,149.95616538898054,11705.380786425985,54.634288692310555,438.3824647868877
3456,608.7423594723774,195197.01693157037,52.096086393060574,979.9883600568369
3458,312.42282257896255,25793.80063958001,210.22132121179473,13739.02847215448
3460,162.2409090166566,794.9141441481236,162.14916610791033,794.8000496063684
3462,82.73732181394222,19151.17131433947,51.569008591140026,115.20544864033523
3463,44.673787793984246,2122.757877644701,29.447325788154203,47.50299490164033
3464,164.602125310612,76314.43219392968,70.14317817766681,12967.121397331448
3465,26.552944359906196,816.1899093318159,9.974198561929029,49.685467621664905
3466,63781360.913671404,63781360.913672216,63781360.91367135,63781360.91367135
3467,88.85054558907399,1877.2428893149295,35.250364995473866,600.1558984822394
3469,209.67561299629995,26542.67298783794,176.9331849131242,4009.2287515660437
3470,180.05739172641577,30610.16930879769,181.566798713224,30844.56913161903
3471,42.903923096306094,3229.240399768023,12.30135433133174,36.990172212866234
3473,1258.3155513971096,96417.43487765726,133.50526912854863,1185.6009933918
3474,153.82169739138206,10419.553903194217,36.87251105105944,459.8880393600359
3477,63781360.91367271,63781361.18675396,20.242804626828065,4310.714852716616
3478,37.409877239093106,17386.4827101693,6.620205430615397,88.75128673730137
3479,798.4216705645367,10680.227802980044,110.20415710633701,328.5172250869454
3480,63781360.913671374,63781360.91432869,1.6409186234879691,21.144308194440757
3481,55.155310918386625,2836.1967717521684,17.14445615444998,46.23776307262891
3482,515.8497559701175,3088.5908623189516,7.733035411387892,10.766690789933332
3483,1242.4857685154557,20857.90773234603,1845.746655063457,31136.653277404086
3484,172.89988748832303,7171.950922726396,103.66516141970997,1409.5926913194087
3486,694.8678336511347,10810.120507107651,47.5948372993372,72.31367903616123
3487,19.552778471265107,4761.8273853707315,11.315068404961535,59.347808718336516
3489,187.70411490027504,1406.5920891555706,169.9575152448836,330.505697344554
3492,159.0281508832862,19596.10532275259,157.82661896842075,19392.170750367753
3494,20.478643456390053,328.04820837593405,19.746737079987643,52.18077278970801
3495,1080.0500457443663,24600.595819980255,41.79871751779108,96.23314386821856
3496,27.114813241244406,2131.449171869626,8.011143072679326,54.93117313705028
3497,63781363.00379455,63781440.60155292,42.38984420977256,161.23260318337793
3498,120.57149664848916,3949.935727212633,15.286240007807285,15.88132186473452
3500,191.06610473269228,28560.884903788894,102.05034714126344,218.09646381886427
3505,71.05386732513207,1042.781191886053,47.665340574672555,50.20028758279996
3506,90.7237486853777,3945.412568988924,34.5011626006152,94.75730231376185
3507,40.70081148636498,1047.1460354598698,32.73015994227876,60.27439576229069
3508,22.85126049687849,9982.147423538592,63781360.913671404,63781360.91368366
3510,47.95736544086209,615.0065292128295,48.0061200358625,613.1329142722224
3511,30.243398580835418,933.4047029474036,30.790259956177312,948.8438423588373
3512,83.2632124473708,10874.757575517546,32.70670886745038,266.2163163533934
3513,47.99338858134239,5195.48067978599,20.69549980637192,208.26423168427462
3514,17.74884781888993,6788.382141763287,4.684155518640059,49.50529742772106
3516,177.18746542771396,10784.024918754232,176.99581826804106,10727.973839485678
3517,38.945826739418784,10292.84476117463,23.48323052420948,953.7950348674856
3519,119.2421621674417,18113.536957828008,123.38361963101468,18558.809559342313
3520,76.47109379101578,2489.0478303294167,5.06540781506688,10.86571311754799
3521,17.222729990497797,1406.3450717376113,9.181789291460692,40.66006849964773
3526,193.21948919220517,1053.8398759086506,38.52253778758378,44.629027804559485
3527,30.234153890629546,4245.885542148086,13.089107252007775,24.7513165439489
3532,394.6799961014417,4877.414516955217,394.6249585797717,5142.259551549042
3533,146.30453881057196,6423.1813183489785,158.52780714791862,212.19108522159007
3534,30.220757180155147,363.8206806997292,39.87938560661817,1981.2013600088958
3536,98.58140385052639,12203.265689250733,33.7397182201219,787.4742565017056
3537,4432.709649853309,65369.31642986598,148.75251907439244,1310.2695178061554
3539,64.11402289661783,2403.8924838820826,9.363574314311718,157.1113159720706
3540,449.382957570644,5422.782863187282,29.57173446753946,108.21817834564686
3542,12.263034227818041,341.50475374227875,3.8395469397174753,4.341853784317417
3543,24.130094763366987,5400.516684145545,24.390522713043985,53.87247885423174
3544,42.76872440494835,5406.029837989581,17.73562804767846,269.08425555035984
3545,61.07392676187043,10638.831762322741,60.131334557624506,9990.988327884716
3547,47.9143441158204,1968.3683182122722,49.40881084044883,2037.0426877139087
3548,58.72379759582026,6323.021467862845,41.103053640030595,924.9535448262335
3549,43.09389406532678,3642.5005031287405,43.07899892111238,3673.4092527494113
3550,306.6335594104251,21859.110955022228,139.33248465774858,143.8360027755339
3552,701.101503574681,13262.676819509603,78.76700621940331,387.57217190897745
3553,83.47598994953498,1959.8666223911112,53.28964756125913,82.80599040891698
3555,65.21777768608074,258.81744005452794,94.1269491115698,100.77987671196408
3557,63781360.913674556,63781361.02636355,6.375666533912741,83.8670668758296
3558,329.5339339932326,11021.910522372455,28.736717743414026,49.64665501847351
3560,89.6649918194924,5747.056514445375,52.529144739291645,3086.5837243519095
3561,198.73884757817197,17708.76978880507,222.28987817113907,15147.2206634116
3562,38.764324274505206,18079.804406502735,6.882313645749667,122.18588401875519
3564,732.8719492203489,113095.01094490942,734.4205997641284,114068.39740775328
3567,102.26077128470817,911.4963557305023,50.09952388308869,258.2381106944459
3568,161.14076077373988,6644.657904600808,156.7450997867367,186.4007444863952
3569,387.9834850413507,31427.38117667722,75.0718273639516,676.3337959712487
3573,22.958197739901664,914.6136717686406,7.047591588209034,21.93728742567125
3574,157.7571261184204,534.4729370000096,157.67639310216111,488.8385180901266
3575,288.5528442347274,668832.3499211957,192.8831496159021,678936.7522219556
3580,63781363.00003795,63781363.0081626,61.63698115186581,141.05019432404592
3581,740.2821037655993,7236.716705172126,11.639140997235558,17.786343660661796
3582,119.91688595870882,3765.0579917145296,46.66881429648786,159.1203943318111
3583,220.327050829144,1499.3631769119154,15.665865966921713,51.18673070544747
3584,35.62623325272913,1168.3006204228861,3.1818240336184274,3.4030028411546667
3586,344.34689068991463,12011.3539146491,35.07153904166124,76.2170794093342
3587,71.09677143137591,25885.26859926728,30.778529156751652,299.8634712700687
3588,359.13950327639645,9306.635861909535,68.13608752356258,119.64255773943287
3589,70.51937652945983,2039.448829579683,75.20772275823732,83.52051085997606
3592,162.3452264208066,3761.2545634711814,74.59919622744101,247.73660841438198
3593,393.15129800602233,102550.16551842904,341.35510191915955,74961.20519195139
3594,357.6815120355597,442899.09142402816,235.9575505987727,71532.10419536012
3595,559.8620354128243,2187.659056718502,476.3113642647561,681.5570904322983
3596,216.43535756471232,573.8471075141488,167.68880459716843,195.7765906006274
3597,63781363.00002597,63781363.112584636,37.992237622117365,320.2446550273659
3599,351.5411851690357,14183.25812315698,72.05318539932912,106.02018738080805
3600,584.1144306566047,1399.665856440004,505.1629217642826,816.6462883320394
3602,19653.13228583238,116176.92919928441,3407.1732000629213,20108.319790750225
3603,143.1650295486776,5078.700918890527,61.69286987337336,178.67942517458332
3604,1079.2842400983086,1332.4457301256869,1334.4346999128738,6012.942530365785
3607,63781363.00000449,63781363.0012528,13.16235186520811,49.016365699583645
3608,284.56920899737844,58140.32065049846,174.06110027792772,26753.423086721803
3609,106.28599195287536,5892.448931379782,35.24432012945807,431.2911019342997
3613,63781360.913671575,63781361.10788761,5.728093477757723,28.84456324820427
3615,65.6882921754512,1926.4239151929721,20.538352828091003,43.4074867552851
3616,52.14094676092402,1368.1548020512798,14.527173916542774,36.10886912820917
3617,63781360.91368104,63781361.2534892,11.28076899118047,77.96723570708842
3620,63781360.91367161,63781360.91384254,63781360.913671546,63781360.91367763
3622,1431.8464507935555,598737.1169138335,1219.4424358082474,352117.1112226872
3623,46.38974689060979,13790.90225708963,4.319271160913954,52.52462474963397
3626,15.760234591178733,311.7617953759813,12.14950485265105,14.269752515257059
3627,640.7491760462149,24122.967214427437,33.08662288572273,295.1892447375685
3628,90.70928118539749,9158.731947726335,58.122288039902095,150.89302523445753
3630,63781363.00000017,63781363.00019743,2.8218855330807475,11.731597035772866
3631,69.77448657412639,3200.75191892233,15.422538754317916,33.54452273659462
3634,32.52639076133377,4447.948133413474,35.73776368510748,155.8619016700444
3635,35.23010389016791,2515.6665279527906,24.511061605363885,251.15639012831937
3636,424.43662763531904,41202.55474808018,148.18957513803605,4899.110264120294
3638,469.4351982230222,2044.093593685376,90.50549916193411,170.51960783654687
3639,434.76010832413107,6577.407600319505,14.329110074394759,293.2380962434722
3641,60.98326065476435,2997.672420223443,27.458897391041443,585.145902120549
3642,34.16458377099771,2744.352585417872,15.577792128492378,53.460104191324966
3645,76.07367927024505,2773.622071114799,47.3627688866842,73.83043578061871
3647,91.30690016741109,12896.94385893768,17.56631675242264,99.6101281334084
3648,22.025077309693987,880.7275751252182,14.977682562631962,98.9604725778933
3649,11165.818248663903,131266.48395688678,7162.52957056977,83280.99311139551
3650,308.8428787625488,50201.49326508399,249.23757153117094,35009.952489532196
3651,36.95005618219966,9965.974722963441,32.230226713274966,5086.848339629111
3652,63781360.913672015,63781360.91475435,9.899814114898383,35.98959568835967
3653,383.40413383108273,3445.3789672530643,58.231448256644995,194.08631969986067
3654,73.82190391874846,2549.5264180565327,23.692836438908287,36.87895804345329
3655,200.50874093941246,14448.0583870255,116.53227846910096,589.4524089327324
3656,36.54425245998005,19123.979618115227,23.096834780518122,3758.903056925038
3659,144.3878937537632,22461.17572814635,31.726933065353204,200.70553029712698
3660,407.6445784645936,109777.12767401316,99.03429337669624,8578.832869032381
3662,142.5234538938191,1803.8808337467526,88.96551071849164,1057.7423964658205
3663,49.81526437329672,6132.678226234476,207.79494718125017,4300.787885911459
3664,85.82934289213034,10790.783733587847,22.751689417005885,122.2362516683559
3666,63781360.91367345,63781361.29745053,63781360.91367363,63781361.217693806
3668,238.33874627356045,264.385028741569,264.6004192397222,348.076891117518
3669,106.67016256983635,12867.20588831577,34.885158484123814,107.4975379391673
3671,137.60587583855752,4169.537930036622,137.64852060146995,4166.664740761176
3673,124.35887338718824,8604.87345660002,24.185053214245652,273.037705719841
3674,116.86600501480059,862.2881881536208,81.049334825028,292.4136146385081
3675,44.52658582072994,756.7384482481904,6.9639258170904075,26.980728206263272
3676,20.16944389981746,148.646579274348,8.335174981168308,25.362641323460856
3678,24.4717408015656,385.4915650848817,12.376568122230541,31.172396762116044
3679,44.56359884456115,18876.95264236053,33.90442099567734,119.10379487767636
3680,144.61852819563538,4916.686040718364,136.06641375833277,3192.439948391296
3681,23.233535519371884,2074.593697045117,12.48207225671427,80.86751906973944
3682,264.8329278978261,72106.05066233203,63781363.00000152,63781363.0005676
3683,42.489390025997565,20037.901152620452,24.396741045236723,7292.761139239002
3685,62.29952922218142,2317.2717776994937,10.282585407805444,12.457689769327807
3686,59.47506632947002,1070.0889843777834,36.8640238968579,89.59706776705767
3687,65.35302337109134,1684.8864212337626,29.173159053733336,50.84734773987475
3688,371.2878311037649,8605.930177805585,371.25231551936076,8182.786853007706
3689,43.143576591275036,512.3607888355311,22.321280049237377,27.912241801993204
3690,28.08057310687143,18748.897251444105,20.86714558196275,7808.626336051375
3692,16.02686945678414,2227.8758521699338,4.640780303181229,28.172088243031375
3693,63781363.00113312,63781364.713636585,153.30863687418778,6600.824971889381
3694,43.06124406919918,5764.162474275185,27.8511669056388,673.2778540123138
3695,690.8309562176785,48362.629134501876,690.4474811570392,48298.979352496615
3696,129.65139132003577,9775.201490740952,14.604280491532647,111.73795644810801
3697,237.94899976315372,21858.79671226842,152.90982292387912,805.8081084444575
3702,125.27543913289476,13150.147132656639,6.983165071940854,124.04013337441671
3703,288.5472671388799,51346.45550889255,206.4787087393756,35097.00492045614
3704,237.63399563443377,11612.723049553202,24.129790834027744,54.92833477965911
3705,248.27792407181443,48835.60770601059,15.240559956073955,54.17351852311283
3707,92.9581333547357,248.98154481390424,54.651818898383176,64.88589945785023
3709,67.91396025510265,2046.129910381464,37.88733131981925,50.560856291881954
3711,9304.799372308093,68179.90924374748,301.16760405990163,1153.0135890128718
3712,30.167682423504004,2373.8846434794887,6.063233746515382,54.824143498627386
3713,51.897512673494106,1104.0546850681117,29.66578623094523,77.09399789951026
3714,191.3432780272483,17707.725083366127,72.98817794039934,282.559017006478
3717,92.6362188483228,11481.606875569934,14.742491585959597,254.82898477534928
3718,28.949115820855244,3582.101953661254,10.38851470197287,55.8712556220684
3719,445.99601917159,88442.50989373811,75.61701115391097,4335.768495350424
3722,314.63395058007814,27924.91238329053,159.0888032208846,10244.012484729554
3726,121.92188637992217,3017.194882205881,42.93826538253984,166.3950496191759
3728,259.665311826033,30437.988932702032,105.44180831275888,18615.29993703255
3729,71.76319130189782,6992.713820359492,14.126572740069184,191.57928696647002
3730,1481.71263855912,5345.358994007837,24.807021301485975,98.07689736975354
3731,63781363.00000025,63781363.00017788,63781363.00000025,63781363.00011955
3732,53.97132802597759,1699.0206003152173,26.45780200596399,43.28586093298036
3735,19.841583527409263,389.55994648840294,6.2551107027939885,7.714310332877553
3737,44.43059432482415,21342.681703677805,5.831378544290979,62.90267568616275
3739,34.00031512532443,190.5561971995827,25.016946343016414,28.61221778333671
3741,63781360.91367135,63781360.91395525,1.773406299778796,16.28010695102095
3742,36.87090763562282,1300.465189767569,30.245283143958936,140.22105667550653
3744,26.318565917578063,15792.243995936347,16.345920305574406,600.075645061217
3746,246.6739852962176,25521.190796083094,212.4881170101144,15276.167432200102
3749,52.567554639050535,2646.6311708501244,57.026434604090625,2154.8518187971736
3750,30.6237902370575,2680.704292922075,24.332185138917243,82.77582164282467
3752,233.59467236994777,32760.11799923544,6.027342611418725,41.47063175596525
3753,254.94990915678812,27177.993045983305,169.26280101071762,9446.701455749739
3754,11.903912511698387,1740.2460745247918,3.8529556744592903,20.643961457420307
3755,30.68360919451377,13205.268416432174,11.230950280229123,265.7611825158232
3756,514400.7615447942,42656710.84949474,521608.7822204788,42891213.66886188
3757,46.92156878957196,28993.537827946377,9.049095876028922,523.7631741078841
3758,63781360.9136809,63781361.24147191,11.007833819603574,68.60529116131822
3760,10.02834125987716,630.3467990626013,5.178640397427416,36.63982936602254
3761,19.76444901780151,514.1274138155144,9.870276846500888,11.106237100506153
3762,25.249356422931523,7657.365543742715,7.87118076578564,657.7067578917273
3763,103.72115115348828,3032.1332545156,27.206005720960704,52.63245498749747
3764,132.4979776249055,484.8042062724099,28.839541788452916,45.11638612003344
3766,582.5347882061827,25920.42770787276,89.51126360880117,935.5431771504385
3768,63781360.91367274,63781361.17610692,20.142726579898316,4191.52616932382
3769,30.334255458052173,809.4866624612795,29.724004722101633,756.2094930401386
3771,279.0490704441922,11641.126366529446,109.42709354209225,7286.371615592346
3776,199.16838218384925,132172.67407297099,217.6278053457552,132032.65754317434
3779,67.5518995895513,4381.797515765489,10.73273290933884,16.629102415206567
3780,46.69642393243587,6069.332015241932,19.277635563003408,213.96194308555573
3781,63781363.001054935,63781386.00466936,83.28937330734107,392.7177979805638
3783,828.8551329417141,10055.275489610469,746.8814955802198,898.4298131794739
3784,12817.158692440285,20344.27597742673,6529.391637914137,10376.156157105468
3785,203.0557820428022,28707.259792356355,50.7079260453907,715.6876799558606
3787,175.41421832894437,67435.42644237024,6.8082499247436985,428.60499163180174
3789,32.62573619128658,4504.700811024729,15.171126816337093,65.90885931194661
3790,103.23080389864056,1012.8852068323522,103.12942231034361,996.6298642137507
3791,2444.3452961747553,52744.44964746145,646.0130724378571,16001.207470268837
3794,300.27291642136,4376.493412745708,300.2872546616029,5088.925013578109
3797,75.14476916486213,5816.133728865584,17.72565989252909,136.4171456233556
3798,46.232923389602604,3084.7820974562414,41.46210728837358,2241.788349746553
3799,245.89655670033815,5348.045049922583,15.628188524109135,85.65396452163337
3801,102.93491673074536,3831.2789539149126,82.59711744959593,490.7727920848245
3803,93.7337193051927,6525.446768087687,52.83977329005264,415.9302152109085
3804,53.05070601936773,16813.48445565687,23.851147052801398,253.74111646687388
3805,24.222159902397074,11603.35185959342,63781360.91367143,63781360.913810395
3806,309.00598300566924,10784.229254752174,47.52516416755211,354.986018380668
3807,81.44610606718862,7123.414976713529,81.52614066283975,7080.022936445215
3808,1118.6230497987835,8986.876504882071,1119.4352438758242,27402.23373584904
3810,91.68121922392514,813.4385661832827,17.279507378330223,57.86917229908533
3811,63781363.00004922,63781456.58857796,21.42773474908415,301.6300941709237
3813,37.652745120255624,372.3607649109394,12.586609623785035,60.400969881332635
3814,333.5424968902235,146673.22033171184,80.25689176503772,5889.002439751314
3815,39.03479063080016,2073.037850230808,25.513390437048578,272.12462211665405
3816,17.36986959799324,346.51215560014106,6.26941128073935,7.250266465952549
3817,680.8318688558994,9667.420535364721,679.399159070533,9631.037221489876
3818,328.92597137743206,3878.954429576935,21.972373391934727,37.46631458953357
3821,61.054629791590465,5268.725735719884,500.5572955797435,666.5556486680592
3823,93.78941756534161,3370.4745703009025,680.1428669208905,685.1856463651969
3824,49.26997948425843,4576.139472992878,39.347332579379525,68.054990486646
3825,566.4495826803495,28904.96189896313,27.807695626914622,101.53622003939496
3826,162.8991973063002,8080.590081714153,91.55519275471485,2056.47099450948
3827,29.046193653131404,18625.73666986917,4.742379849919179,94.79883863451532
3831,92.38942085687972,2105.6440763965193,10.524271570736047,29.4031551800103
3832,79.22192903676068,9376.71121764848,6.521674947351146,25.720627302121603
3833,25.5902030817772,1822.3360609553308,11.990831001920451,12.710151501026619
3834,188.57863490281085,15113.63747955365,10.869146718959255,66.90133264352332
3835,63781363.00007295,63781383.88080768,63781363.00007085,63781383.95531748
3838,168.66040235545523,12832.92072919249,32.38784622172098,1196.1409308531338
3841,287.58789724616037,62191.12099509499,29.685748121355058,1819.7102022557533
3842,156.82294038745255,6924.013805642783,20.40980326388893,73.49893616136745
3844,49.77624258366378,3059.0200830046774,14.921642239807428,414.9827033485686
3846,53.7214751284633,6341.285707927608,19.024093673402636,108.97128351517672
3847,406.08896998821984,24396.80292466975,13.318616747325242,58.94064794801605
3849,153.37068671124445,1435.6341557107153,153.47775549409272,1479.373837157636
3851,119.74598695932976,36859.461563305355,48.01951493132278,1127.8053748831835
3852,67.60936090811586,5004.032184494504,54.19999704694466,81.40009388046379
3853,82.63016657530257,83717.83066032744,93.80086985412592,1349.056217745999
3854,753.7709578832967,424464.17016557825,146.70103550356498,13115.38829695962
3855,62.574955657215696,2876.166211667632,14.571371314142354,69.47297829137602
3856,37.40606277493308,1809.943611650575,16.783138469528783,43.82614264920376
3857,18.15955466083913,3357.8344454866365,5.712664534985021,16.179515038218735
3858,797.6126729510617,22252.320347985067,798.4235974321398,22254.674015139903
3859,20.85731008182681,234.82952176364105,8.36834697763133,12.842672904138166
3862,63781363.000000134,63781363.00005478,63781363.00000009,63781363.00000434
3863,63781363.000000164,63781363.00017092,2.7574076643790875,9.517424992551605
3864,135.4026348377571,3986.2375139426595,18.33427516870579,55.995144692670976
3866,15.951317681674004,2081.650410796642,8.548878344781766,131.74241309374946
3867,52.841039094381614,4013.389582372901,12.113492255648312,62.20044815607157
3872,149.90705672448794,58231.827145525094,9.82062634693012,3009.839364369694
3875,52.74862706086507,28848.375875555834,7.385203246117369,410.52426914064927
3876,90.23549094990321,242.7628364516258,90.1965548332384,241.97004047463804
3878,1217.9150081859977,10934.998479552514,85.83773656418938,659.5990518702113
3879,938.8035248170797,56990.32281930833,296.0332862551916,16438.24733951309
3880,86.35682795067811,5122.862392721292,27.340374152540008,77.90053321397953
3883,109.02876277559695,10769.770349558537,57.56366101168869,415.879113280031
3884,495.7563216985007,5243.37673101058,88.78893889982642,118.6156886205457
3885,214.90175477110031,35078.303279297535,133.6791481556602,17736.62144120531
3886,49.89283985881161,6627.294382545532,14.619409592466772,108.26410537706751
3887,522.7444498733419,55239.0882981978,47.430070908856266,1027.2517330883147
3888,101.29257346058417,3316.278762204316,45.883417710170335,71.34622765371807
3889,53.253599613860814,950.9239306988504,36.412340773557716,47.2766673522253
3894,24.852165247016607,15866.992357599514,6.315209011629058,251.6940914689518
3896,29.07446642571853,215.63524108964393,4.740471199605097,5.699221119917763
3897,105.94543565964614,7260.0708583665255,40.15781699115529,241.97962008249254
3898,63781363.00000205,63781363.001271635,63781363.000002146,63781363.00004837
3899,160.39307204993102,15974.007530212788,35.98447140301707,905.1649356918484
3900,359.3452826253559,9573.743303712894,359.2993436429469,9518.450077468693
3901,92.36114820220087,1747.0202249310196,43.03496728986707,557.7658480178463
3903,3275.3543412974077,52249.624696447565,1548.1326630160347,19276.373109128665
3904,21.691665201622165,2429.345090371745,14.365362245313525,81.59370197933005
3906,43.32584641037374,2004.0716627284062,16.890608838633376,106.51130025726019
3907,1714.2339261251454,12976.406017260582,1714.0096337062034,15425.95987470559
3908,21.762964444452166,712.7069108836123,11.385697052511162,25.14111518906082
3909,84.7881083929098,8086.680766569802,9.58100337352657,23.35072795805869
3912,63781360.913671345,63781360.91388294,1.7201836020510464,10.37272649665228
3915,296.9525036286413,8713.035701256556,23.944302711992968,184.43081809384427
3917,16.92987592197998,4665.516548724016,63781360.91367141,63781360.91368383
3918,53.49583223677436,10352.348459575038,20.601626847775456,67.44804512310668
3919,62.18343369318774,3266.543492675972,13.93988109996969,21.351438719086932
3921,243.27282226278518,4277.9000523688155,29.434107310347546,160.14416584635396
3923,62.943603328618245,5112.4645073519,28.11449919762089,67.74651824201784
3924,12.25980575907021,315.3262037255217,3.863121179719392,20.462388061424114
3925,131.42396497029807,4041.9951486930704,53.134233628337796,191.889764920351
3927,18.477400666136674,339.2595292918735,8.089587971726418,14.037296878322442
3928,236.82099137271018,1661.253194392456,25.00762200736744,71.07593255045143
3931,224.17522666474858,7357.0091161573955,7.44842680760759,32.283853746678965
3933,71.93345529649282,6099.875678367574,11.347423738711235,57.89342233797352
3934,241.44271640253942,2569.3293021099225,11.803759715734516,17.07573239242182
3935,287.10558229878995,19393.795345999453,283.35429631042615,19122.886957812894
3936,19.0961277296799,5690.0247365460455,21.218917810468177,44.968495821023694
3937,87.3524749866596,3732.8577957001503,283.4896221722326,458.6873935057555
3942,16.87811354077569,77158.26904679126,15.858915694301196,141.70819036076568
3943,97.64005946802081,50474.02315177567,96.88843486788296,50489.20899110037
3947,1068.0396139401123,6482.834036009745,1067.9336781769234,6494.497347972038
3948,19.58378615656434,6867.994652150601,63781360.913671486,63781360.9143018
3949,46.49547946963755,12303.20958229711,7.990835695738441,17.392032897905143
3950,38.33710198693988,13340.05815254311,25.3211738225926,5967.675485128101
3952,382.24688892152096,9177.22360149011,55.59711727212764,144.35964719097632
3953,113.4700717145215,18854.320040392347,106.62874562910895,12245.111944752785
3954,110.02528932984117,23781.754159621974,9.929127458794873,60.69527909395891
3955,156.20993768774346,27916.966272563364,156.20993794419883,27916.96627258275
3957,63781360.913671374,63781360.91368072,63781360.91367135,63781360.91367345
3959,163.29423978815447,9574.565752158329,62.013867591719794,1632.0519884354821
3960,103.61444889552186,2374.9286445145485,467.5771579083246,479.7324552980035
3963,11.578551585832551,176.79109985640315,63781360.91367135,63781360.91367136
3964,118.09465529563461,12179.648968820973,21.328481530192562,107.24632053121513
3965,84.29071264505852,13295.321759201122,8.070334651170596,29.945993293832498
3966,79.90585773829217,447.5246896335951,79.62767323241195,449.2930028306993
3967,38.793495959757784,1064.7111700621015,35.78205536053622,99.004752825533
3970,124.71878191867395,7764.232970977825,125.98458685325984,7716.458968428658
3972,8.54268336234943,20.808727983561564,6.884788824062306,8.056532348688119
3974,25.648767445650964,604.6990880803022,20.449320928082216,39.368404536812655
3975,19.665063888060608,5419.502877678479,7.995797838678265,47.109618993723146
3976,28.916300118803775,1178.040230755673,17.251031168743147,92.79882934367136
3977,52.35188968447842,26678.774553228188,35.70081096779364,12562.473432291848
3979,16.078734711743767,667.8858827357178,2.751308250191665,2.8611627735134206
3982,376.1939170349778,13054.421076943647,25.72515509858464,327.32469743441817
3983,38.09200378072771,699.1453331278476,8.500255033895044,14.034345147734498
3984,24.621079110900776,1171.1780295487968,20.97785652464116,143.3207441554892
3985,20.48928086868497,247.49633539275644,8.247951828496683,9.385320031371906
3987,93.9187067007092,12103.474889883342,36.53786008316713,88.62946644481666
3988,57.518193172652765,3355.9658221278546,7.877766850122376,28.77599412528993
3990,43.84030581084209,1617.5482990683774,13.37366485778441,99.58097157057699
3991,513.4922703684409,10559.128606100414,260.175972059469,787.6560350281877
3992,63781363.000033,63781363.10065759,33.87470461702104,286.4250131431822
3993,7869.836130593021,36531.4619794191,3709.6125590795473,16983.18165489456
3994,49.461550232374954,26575.420218567033,23.65594077665363,4694.8725091066535
3995,87.59797546881822,1925.7216020508736,72.07033161564611,130.6292318550056
3996,45.13057866182485,359.34713536345527,20.8199467080708,66.80702224302684
4000,436.02954003295605,6236.513873074792,12.359089093233836,219.57763899718822
4001,249.9121693677035,3644.3140066772785,249.86250741120773,3613.447184131741
4002,17.424818635044854,253.77470665032794,8.182788409902262,8.540267905398512
4003,129.54397407073367,6039.574850200396,258.8705094417483,737.3022152799192
4006,5.16234938210078,94.06972040712873,63781360.91367139,63781360.91367143
4009,25.94830339970996,1769.8411749159347,19.25163325153109,327.7810185747763
4010,10.879183764567154,3016.422066276024,3.406239198679021,24.905592241858844
4014,28.958941203898053,5202.722134753813,5.678736030049547,36.92005764592884
4015,36.36978710073227,1418.0644877510153,36.358076085199734,1462.4009171206123
4018,236.3776939375842,23595.533510423214,203.39373242794906,15420.14117923133
4019,41.28143278580371,4512.268805632633,11.331099239967456,53.599703985252944
4020,312.0767881647342,53096.04157633955,255.408529047077,36707.16605454637
4021,397.03001557081717,36788.58359016789,43.36467719756523,785.9526312455448
4023,23.181972340369242,10823.385533817753,5.610183061106447,45.39227388298872
4025,24140.575005705035,66133.98309577901,160.90908154860168,440.74552778151724
4026,255.0123866103082,44702.63939941976,155.492382443343,853.9824801954558
4027,63781363.00054044,63781414.25314844,155.2417265399645,17018.296245093086
4028,1349.3833138795646,66220.16684141486,83.68743336298914,694.191349805249
4029,30.774581192252516,1596.345128235563,8.532283222378112,19.781751852162248
4030,118.36336890743318,10052.384857624971,39.28401667319361,203.52191983856864
4031,8.464790812815968,36.915441216033415,14.7669651960791,18.29525421080885
4034,21.79294498104759,163.23853019033714,21.021452383876415,54.049030618813795
4035,121.00828432573918,11104.345323372363,120.900732037499,10931.76887799452
4036,162.006729154198,10064.833477472577,16.45695660079523,129.12157800056636
4037,227.42783919100293,2170.253881370065,100.92149237640581,131.79339603831252
4038,14.609823065303694,1085.3282402935638,4.67139282266599,12.513990292395226
4039,138.46355329081098,5371.079439913481,15.633316485033959,18.994483418761718
4040,130.36425352184838,303.39475719249424,138.79702261490326,260.6471060275748
4041,923.5705723658446,207526.04462037852,62.96490972531783,2551.9949659357912
4043,452.61480818404846,39671.25980313247,440.22725768976915,39147.51750261364
4044,94.20936510777048,7207.102194961915,70.34425064734884,273.5752069016515
4045,265.0184924484154,3884.14219854896,167.95928342812655,178.59420978712814
4047,63781360.91367165,63781360.94861707,7.004890972896088,58.98578602111355
4048,180.70288468331782,75933.63423514659,7.599388049040723,681.3734831501463
4049,105.20642147389772,2519.398197596496,83.27479502047021,807.9348641339993
4050,86.37690722566363,9015.047197695214,83.68210125839245,8982.166616438783
4052,708.449087721138,29996.527012797786,222.73264189219185,4132.24724832121
4053,122.57027033874877,2459.38444295105,46.23609510089869,339.1332863574767
4054,739.5320250578494,45546.46545614497,68.03062057921325,619.3303436072526
4056,132.71286411794318,44665.816975627415,130.34951290145472,39742.46338268087
4058,53.42698316080185,26288.609830066962,14.086733837905795,1316.7700446471517
4059,178.5220547922549,73729.70112632925,190.65835693915926,14038.333665859256
4060,14.593334153211165,1635.0871234102615,10.240738239732591,40.30675980544269
4062,36.72908274776667,2272.485979178259,13.725872717877944,167.47556354164416
4064,59.65228447243035,6917.042090925129,15.556818539692578,27.097958993353156
4065,105.73479741892461,3594.2312039139374,61.525991030318025,917.8281828693447
4066,222.8826858209885,56770.936731282534,625.0773008514661,13144.88494129142
4068,217.92665800884905,51705.20246107286,118.0812792421554,14493.060473093268
4071,1674.7981931549125,20748.193304940705,220.6418632091755,969.8995902329433
4072,648.8925873086349,18498.550932065114,92.70007689558695,175.04792642302473
4073,19.912979361509596,2107.8565868860087,6.866318449905927,38.130976990201866
4074,29.478709587849814,14405.40248777132,14.135750011193169,425.20552508627503
4075,50.95458864498873,5125.021733752956,13.666191455375738,79.4021549072525
4078,338.7339077293665,19458.579933797726,18.85662218333036,94.32776013362852
4080,63781360.91367151,63781360.914863,5.01284021511481,25.25675453802221
4082,18.153163707030455,394.52122085049155,6.23976973979347,7.6205559334985695
4083,72.44021194832051,11663.682098478299,30.196252722910845,712.5918802963992
4084,201.7660967470011,44725.226120307256,163.85862773025207,24308.80592282352
4085,174.60483680285103,3238.193757273743,63781360.91367387,63781360.91367543
4086,67.63389354275232,3944.16619229425,26.984477319265903,49.90004537526722
4087,275.9920539309144,19489.49101976628,52.421164912060824,898.114711747181
4088,312.2185837280448,4086.9898071600865,77.83864372529533,1914.449636824824
4091,71.22553801116783,3554.5704948445164,53.7793520540164,332.1975201549474
4093,1151.422181762594,2459.931411437842,1095.214950179087,2073.876288243273
4095,21.87773044684319,2948.973154497854,31.170872198863545,366.7433462083313
4097,376.96909961566695,603.403163330514,188.7216046821899,485.4949030971934
4099,23.05908826273772,774.7048450644133,14.214568815160858,65.43530261402243
4100,2903.78015505822,97189.69160471247,193.2482841077475,2471.077196749801
4101,359.73400956531566,364942.4689746285,212.43201690098778,119931.72346902838
4102,132.40144608451598,59074.782793644896,24.465519018658487,166.64439628558844
4103,1447.1077720217381,2119.2124616357914,188.99297550650488,938.352143569702
4104,321.1835386490083,6166.872202927133,112.50326233137578,699.8076093074883
4105,17.722715445702452,5413.535606114489,63781360.91367143,63781360.9137254
4106,131.23117111536138,13975.371821792522,201.75153503631003,423.81280720137045
4108,35.60229843745064,8572.917641587197,17.72350354790468,47.41071450328362
4110,63781360.91367161,63781360.91388151,63781360.91367156,63781360.913678944
4112,32.280573219249064,3545.70316514814,33.58127370261398,90.75612731546055
4113,266.30052801707245,57549.469398633446,144.78969702055298,26644.855733002856
4116,47.409490467777765,13886.548184654373,26.26160119225774,306.22180455300423
4118,1090.9828606410301,12759.789734966185,1091.0057287163138,12382.777879831061
4119,24.218619516499054,2061.173075991732,7.447078339667597,17.324294602557313
4120,37.88056036416868,2369.386525284698,7.540254985033782,48.935292966271525
4125,802.6277569156791,30892.201521205225,380.25491189573825,14772.833442597223
4126,154.1400156992212,39150.97795253489,113.03801727901204,10499.456499903874
4127,48.986135829845615,497.2011007991766,29.347564353568785,321.76399084465265
4129,69.14340054593508,3165.7350451746856,8.691989147019658,38.17034351033653
4131,809.9378281814913,13879.96233650417,41.575477188839,652.7057767024822
4132,686.6846991661754,10153.928959859275,686.6063309532497,10029.167158839227
4133,33243.21165197673,213534.97512905212,1354.828224084451,8408.828914022037
4134,855.6066291888787,350298.41088696197,825.0081838064496,317308.0441018994
4135,190.76720361275542,6849.739197540956,189.65129643627614,6598.3128375707565
4136,96.63144553915764,35373.821449754476,97.46742833981399,34221.48760609397
4137,49.62450790414316,3810.7739422076456,9.169377641267216,33.764378359226285
4138,3867.0928962919247,91284.56781337605,2460.1086185513086,48172.17511478656
4139,3567.271117065941,13208.306889335083,3657.457772494001,13543.18314191781
4140,172.93957663423282,24963.10965538881,18.321143902105625,390.4241265942823
4143,56.64095882724946,25203.217367765206,485.05015111654194,487.14986583177756
4144,177.84232749027396,130346.66964463537,113.89895389512972,18477.708509752832
4145,12.627240724585093,311.25186098656786,11.373831856017608,63.877813502117355
4146,223.58221865286438,16462.627456122398,62.618574556660484,169.7425201394687
4148,35.23008779882922,22065.163536104505,5.332866458287355,68.4692250387838
4150,123.58731349061647,55790.77026891357,26.02359228814779,738.8006516006448
4151,63781360.913671345,63781360.9139052,1.7340431781336554,11.864880883870637
4152,60.62435622469642,12590.581139152879,11.800365505089783,233.8076561145705
4154,364.9964666140659,18054.201977461675,367.5954414401246,21465.32082756488
4155,21.029749407764154,1841.0717439321545,6.698172458670165,30.036849213574108
4159,63781360.91367243,63781361.05789566,5.508419497964569,50.02266060242853
4160,35.47292239344771,3352.832781159998,13.350274440254442,99.37008958753924
4162,31.872733584828424,1186.626892846117,12.100871576235996,318.80945064250074
4163,211.44452823684938,4542.109336149403,211.69671132760988,5268.764673188179
4165,1935.564683854805,14200.794632909587,894.296701303303,6273.974595718475
4166,63781360.913672715,63781361.20896481,20.45964683009277,4553.0234476377345
4167,447.6946083116913,8820.75959406088,449.27873517950576,9647.832661815937
4169,127.7290500394358,1677.196722811772,127.07991648646922,1593.2613546668101
4171,492.80800624376707,12551.83829217252,35.91565074856042,370.4593811961591
4172,185.8417886272454,51959.19211961648,30.964614673416413,340.32979419656164
4173,87.66500387255863,8866.323840503115,59.64853625493821,3061.852158448557
4174,247.65894375778157,6343.212652393392,97.34610307440416,145.2333779114226
4175,61.41464111538363,17878.29082272137,10.836697574854925,49.165530117878895
4178,179.06236168081858,75602.8136559528,44.20789985690062,1131.7660981689971
4179,479.77653115089703,83975.1656243785,36.177107756842794,608.4358944125504
4181,185.90802412993415,39895.98443598408,184.31950150494384,39995.618597330475
4182,373.0571979856498,2814.0950747022216,13.592690838820781,25.063500979867847
4183,175.5109239689624,10703.32793832168,17.5812594867725,72.73412738161265
4184,11.390178247036056,236.2080802618516,10.086607621188097,212.08047908548534
4186,150.5801998022422,8652.78367721898,60.8741213879914,380.92856588814664
4187,63781360.9136722,63781360.91388268,3.9139785172900217,4.911727457238373
4189,21.84713733198819,8209.073780290933,14.762682953506086,3031.8962027785815
4192,63781363.00000025,63781363.000162624,63781363.00000024,63781363.00010825
4193,17.89185348053222,1152.0964615183561,17.351709501776906,567.7180426188622
4194,231.0167791626667,2293.652535377666,11.135455653003318,66.34763826319302
4197,205.7718138898029,5933.837129460277,23.37882735458451,513.7497952368792
4198,48.341436392670346,6097.866986180414,11.875534890123378,34.86717347748357
4199,76.40118751278405,4206.523203014138,19.069447490428193,360.94022211133137
4200,199.45867637535764,63044.635921468485,205.30401224525278,54733.8882570656
4201,14.680019437915956,5066.881553220886,63781360.91367142,63781360.91369021
4204,123.55552933659035,10817.455351375394,8.806767839568396,175.48663718126843
4205,46.683562881789626,22991.364103400923,6.158416805761632,101.21680535133603
4206,1130.3637311334214,19463.545584987867,54.38026434442949,176.80967571401888
4209,63781360.91374195,63781360.92072472,63781360.913737975,63781360.916750856
4212,334.0729241362353,26993.425663916896,36.1228079511709,221.11698569248264
4214,53.910096385572324,944.5839293611286,21.118609090556927,38.20633898975342
4215,1842.9649804214241,328201.0117908124,200.08912699089137,2960.8901522356505
4216,42.816041694376594,8379.525984206015,47.53054217558146,183.58720073053334
4217,22.60789019781832,16006.586213557013,14.086178324160915,125.49089918034937
4218,151.04035324964258,4251.959853046617,185.87275009000004,277.39326268081004
4219,63781360.91367244,63781360.945756644,6.84289115795842,86.47374653962623
4220,148.35184161240034,6304.434942509337,78.01593338549726,1630.460104683547
4221,50.66222102819413,3837.79140411782,51.01580840137712,3912.143157765175
4229,523.4691986859085,65980.23324358041,217.9369950412261,2763.6210662948542
4230,195.292048685872,20448.794650670574,196.4855484300405,20661.785092045364
4231,793.2009215272727,12505.00225977178,799.3486859313922,12923.213887679429
4232,29.174344516148135,5393.076013094699,27.56411511578679,1161.5834322855476
4233,35.24103529619465,2479.973431008495,11.02062530535476,43.17860737111734
4234,3926.5493183556764,30328.378731025947,3108.300523184479,24182.839904803302
4235,53.535609693923504,4557.4989742118005,18.73329186161118,58.271260947320634
4236,39.844023540760666,1158.6571269022888,28.857883966759907,360.3107430200864
4237,463.42325079292766,6281.050450143962,463.17154041532757,6337.893166208594
4238,10.59971139510035,80.81297584088635,63781360.91367138,63781360.91367142
4239,39.06923953376393,2329.7450880257934,26.660118798219386,92.39837450762313
4240,235.16460693186824,16409.355509213714,91.05082371679076,301.9174113924727
4241,28.497274150501216,4021.049051181385,11.12638418383539,45.3192303701818
4244,187.69656499615857,3531.2693471285947,112.28286647233834,883.6930834381193
4245,63781360.913671374,63781360.913721666,3.3728160945493726,14.704358053956144
4246,123.61291144264447,25811.977465547367,45.58896333023331,10568.216410968422
4247,74.7032167466461,17507.584163685005,51.05854233092828,62.561731124924925
4249,754.9547856539813,39273.59772483509,27.880310033768797,331.76465476321914
4250,45.53582539176071,6546.429454916416,9.60000861433832,58.179255140996666
4251,153.8712964771258,2192.233439730815,14.585903678939431,21.98907717921172
4252,1093.3372245018631,256351.00691798984,1069.7810575584772,244383.37019321427
4254,58.30550451170356,1085.174123759786,36.063111206631106,193.11310268476637
4255,52.96873742150608,1517.9752256287468,15.598028699974419,45.14430519634557
4256,2075.6404274770116,8455.37528220421,83.18790973550989,490.48336612259146
4257,335.3308600167016,10392.581698099573,321.39216497481215,1611.2652389724785
4258,35.2300877977576,22065.163536522006,5.332866770693933,68.46925740233446
4259,213.2372203311845,3741.3035348629073,20.17896364612148,65.8787366464793
4261,282.86109381073965,57588.8029588221,63781360.91367353,63781361.167255424
4262,463.58327796951016,87928.31840577848,268.96312041001386,34166.482706197945
4263,37.157800126387244,8795.233711576135,34.72440477864043,509.34130377286505
4264,160.14667401824659,3265.5428735722467,160.69443992160103,3287.437794504687
4265,340.571347485911,74375.90016734067,48.31371279701453,5055.604063362634
4266,136.87079473669093,17373.380561425074,27.702387690503826,218.11211751899364
4268,29.474153709026726,67.65787825332572,29.42675592204182,66.95110298261457
4271,375.37445351290296,25268.958951385433,154.2619280966999,618.3715066419829
4273,15.447409592001598,681.6457537266002,5.1628540705890344,16.228474390210312
4275,243.05000574271088,5417.327285374201,129.1168063944804,2324.5715611274118
4279,233.39470508401982,19540.657406556536,24.127187716290667,50.16834672451809
4281,63781360.9136728,63781360.975807495,63781360.913671546,63781360.91428222
4282,63781360.913697734,63781362.39299871,9.939513110798561,51.36788742212131
4283,38.480456388391346,1511.9444628543151,13.913358570043583,25.137725260567866
4284,65.32902426087645,1742.6918053136703,36.5231105456661,1704.9988660992012
4285,955.3631175264221,17718.331159073558,12.480144907100897,141.7037867629756
4286,63781360.91367136,63781360.913671546,7.057553958030865,12.91445083687787
4287,365.53999990516434,1408.7240780413867,263.60504304755955,929.7631528946675
4288,31.316054763140123,1847.1980974920862,18.40193579340634,673.292475904811
4289,98.14590606304459,12954.015766839753,115.96175559839608,804.0989621574371
4290,74.30827676369042,2704.2329487461757,21.837449683993793,93.01349562285507
4294,22.472627221360742,4149.586237945958,12.78436107696207,167.24287333203824
4295,157.86631227761526,85612.91310401753,175.8161450887779,101804.63843037505
4296,21.15036063554192,117.31909140296669,12.338815483228949,20.603662165461714
4297,5187.116641828324,33937.7861003578,5172.593405430618,33816.48978341259
4298,1659.5469464798077,409916.43564558204,293.93520576223284,42112.645263419625
4302,672.0929321528888,16284.530989817977,31.397855956384003,57.419018630888615
4306,589.0687709636668,4026.842138816034,589.0369128202842,4019.11639941944
4308,120.70626440266099,3631.0060739502364,23.331475989557834,70.40882154605653
4309,360.8239676101374,11175.104255151145,349.4634116159431,10632.07979710286
4312,46.03571349690738,23596.168382076554,27.470958133043624,9375.063664716812
4313,12.017892184916457,311.10072995301175,3.761042017549994,4.32694222674156
4315,39.08421716261454,288.82533302147726,11.678449980115568,29.176560580771906
4316,71.88121226039848,9282.022199635634,22.47909820406394,2543.2103580071903
4317,160.84871096407534,21507.69727841563,28.66697139006486,370.710374578209
4318,215.30862490370805,4916.783949206494,36.886399730214244,204.9733054508756
4319,63781360.91367222,63781360.91379369,4.617911757410545,4.797039145319884
4321,37.40249744068637,4921.65033177187,7.791056321564419,120.29211539425948
4322,11.650717782128272,63.20409886161433,63781360.91367135,63781360.91367137
4323,9.746564934854476,3501.8136884236296,7.619298341742426,57.03696794371639
4324,4838.023052913211,156691.62007947138,159.59246515105434,5647.569962876981
4326,616.8154380156495,8326.907463578971,275.36061179609044,2217.642398245925
4327,65.00969599269092,2938.278050904861,14.545321018022069,37.89770115342532
4328,17.895353438954807,4358.2153409934535,5.163341520534487,33.91331553721262
4329,2254.4027273356764,65031.098935512586,246.1743430160706,7593.887381766739
4331,78.28842653402766,3138.9160716032848,33.651604497971306,107.41194461575016
4332,140.76103109630958,20936.6439817551,97.7837657235896,11759.594515455772
4334,189.21247803691867,13831.766048181506,32.033599527715836,647.6369079347638
4335,611.7328555102742,3415.0248932995964,283.1977457164059,6397.090576226202
4336,635.4398790481887,5314.867770637889,635.4067212329527,5335.585115112241
4338,63781360.91367153,63781360.914844826,4.9447569394361786,18.29217128754731
4341,540.9324796748399,16584.37052080892,541.2754757059054,16854.215448756415
4342,284.1079343235384,11391.866760801546,284.0641584891413,11398.327151595013
4344,63781360.913671374,63781360.91437967,1.6447028536505481,16.834057893251295
4346,670.2923803787983,8770.57223009824,334.925175597355,447.5803648596103
4347,13.98786877573635,4189.257501011358,3.73094655825419,26.00960509804517
4349,522.6692491227886,64958.5450018016,504.2653128972762,60861.77515480228
4351,172.5676518795287,11212.360338507175,129.30001373280655,2398.528581750296
4353,160.2205256194585,1598.9240987157982,38.74720060874358,58.09948448932079
4354,51.389708368669616,2070.0799089060724,44.02942588148048,47.43710620725988
4356,86.70123636449877,9663.02861586991,68.56454527784275,6912.016127412268
4357,361.0671438121612,19942.494056811647,105.01840844900633,886.5074202919226
4358,61.38794426454109,4061.9489652640927,30.063918956093502,94.74739351939361
4360,34.940093307778355,3302.17585654719,7.258647500587787,20.806660997037664
4361,130.8273443260293,11004.597810544754,336.5980588818298,2159.6354764773723
4362,158.87556852143132,3583.239325132112,151.44875715164667,2468.7342201495558
4364,63781363.00000014,63781363.000000216,63781363.00000006,63781363.00000007
4365,4631.773681051117,52420.60459804706,4837.876122680347,54343.456661174714
4366,304.64460027272884,10225.489107123662,61.067385930664166,407.9086373062264
4367,63781360.913675286,63781361.0851144,6.436273246781543,65.87752382675507
4369,875.7573520432157,6223.397245582955,26.10313257674066,117.86185137297676
4370,701.5416794919976,32503.552889993844,211.9300664217048,3247.744147095536
4371,38.57085543722667,13587.83447339355,25.58522899432421,6139.746570474145
4373,34.55486206828059,17834.050959519358,20.616898379877977,2951.606650289088
4375,405.80780147729513,48167.968063205175,405.9338047987193,48337.58639398642
4377,73.07685177099232,19626.357289694162,72.3622519990305,205.36206382873715
4379,27.433280969030708,1246.318316334568,26.50893362886257,92.55072926648086
4380,62.4833777640537,1295.2012734350146,29.094544597703717,129.71450189976747
4381,42.760859730256655,8237.599621236419,47.45134961662963,177.84088789592244
4382,39.55199752297214,3199.6011941695247,14.183065531523464,89.95808225413417
4384,63781360.91367141,63781360.91367229,63781360.91367135,63781360.91367136
4385,505.87913902679026,5864.294910104173,105.1816371186143,323.9215184094328
4387,182.56939776364166,11528.77487888763,143.98137138172598,244.03465458829376
4388,20.161479096831062,255.86369277901514,12.048039284694912,53.22862006668669
4389,74.35381446043935,3625.344190398696,49.86874954572869,191.22051840786798
4390,63781363.00000008,63781363.00313533,3.4467835891273824,9.506368212363151
4391,87.38157118700808,28748.490014323164,40.649270772650596,686.5442493578157
4392,52.24797388785419,7655.8834627152155,38.84571781315029,220.56885071536124
4393,19.385032389964916,895.4544645866806,12.30482488408879,55.931301377601216
4395,279.4561748023486,10128.950512579468,77.48295089976848,133.4350671073287
4396,291.0290144459743,9277.749204823082,204.13402077125838,1013.5602804056223
4398,175.46591635203197,68705.82669720051,6.983736129259019,463.21266582232545
4400,738.9554846284913,18540.017159286228,263.0661676935257,606.0611961885228
4402,73.46753257416991,9666.036265660283,94.88652751237179,7378.287109886252
4403,63781360.91367184,63781360.91399559,63781360.91367162,63781360.913671695
4405,49.73500778946234,3116.83725220921,15.703573815315787,73.56700971062129
4406,328.11063070115387,5212.2454424838,182.75791640793517,1342.2046019576762
4407,63781363.000000045,63781363.000000134,63781363.00000006,63781363.00000006
4408,31.420801037692062,1189.6749224400726,43.423498393098065,180.66612340091396
4412,132.29331619786416,6297.827056111956,60.901182198621235,1141.5367400397236
4413,161.36262351594053,1749.685564530619,137.46461412583383,1732.4527021664646
4414,87.39861123172693,1553.7019515531404,26.11331269405059,113.59279057616547
4416,480.17975635840816,29870.987622774086,33.91481680068433,207.52522818168708
4418,173.88839611961353,6495.931446329656,55.41234081037179,186.7670177614374
4420,438.87795527371895,17582.387533974335,16.469982790204423,398.43272600159133
4424,130.31501642275063,3677.5842268425026,130.30497305698867,3694.2286586021505
4426,42.54052610048253,126.74980985831667,36.48721345919536,68.91529705756922
4427,1303.2281721811353,7828.8939575888835,1303.2277746198909,7828.895337615684
4428,38.73815047276799,7493.16800313967,41.15644796395394,269.6763476927319
4429,644.8449465246795,7479.192399775772,133.44397819386603,324.10177120808316
4430,196.09595124614648,6572.020954142118,38.807018416547066,259.2977705264991
4431,142.37830211024598,2948.0725235226837,21.173169958581486,41.528830851250184
4439,46.421633245469586,7549.339821299817,36.045800237048965,580.5050877374445
4444,48.38786999542868,8074.517062475106,8.206625054237767,65.47959655792036
4445,188.15252843908348,54632.18936246401,38.52043053053418,575.3439634478143
4446,522.755542444257,5119.816920312642,114.2193906915478,852.0615040584252
4447,242.67877705990207,11773.55855152054,93.1231554125394,4173.317997916047
4450,599.8070490379572,32333.528329765944,596.5788372302904,31885.155085564616
4451,63.481082563862586,6644.421133639486,12.295362549786592,44.62631528540097
4453,122.0960412472902,15765.841005011103,26.82207064788841,92.23018287525957
4456,271.41308314219174,76550.01956717385,63781363.00000248,63781363.00188606
4457,95.59969853131115,9369.842668296924,7.025342356523701,66.50519378314105
4458,184.30158203628366,9701.775869501307,32.365510075999275,169.81111478407868
4460,63.36007599883152,5174.0798493469165,11.943252638999583,51.30558116199771
4461,41.936026097462666,2726.3982761874895,21.246957872234155,152.5702770491539
4463,75.64564701543452,4496.517902101633,615.5380848076288,837.801563708536
4464,68.3289289643951,1046.3400447988672,72.619357734182,1211.767388346233
4465,90.06311633111235,62578.289882226585,25.38189740300563,184.29700843651992
4467,197.43376249985525,8759.357877941742,150.3704230366176,7813.618768901981
4468,358.9259159684774,767.4966101367113,186.11064089892355,386.86824282059615
4469,34.23174035249311,323.66852032099604,16.632699210571666,72.30022315575016
4471,73.1920073652832,6715.157443140004,129.34648838826553,249.4163483796936
4473,69.81742004841584,2953.095181671284,6.507121205121241,8.207804906921025
4474,507.60567491786844,603.2142610917825,732.4659686437367,1295.3102634551208
4476,55.246877282952234,2650.037608648393,17.904400113612233,179.49388833780444
4477,646.2224703317424,44733.378830523034,41.426589599454715,382.66949461801477
4478,21.766897344013998,1992.9482199665483,11.570211812897785,92.92181079045328
4479,198.56546091579497,3440.4457450868067,41.92244046983409,468.9962417242103
4481,26.44045208875278,4174.441229295171,24.156106454695912,3367.19427270628
4482,231.1947175011478,18524.92569114509,231.42544875386727,18450.7209425555
4483,65.412701056105,681.8345840609885,90.44471919691343,4706.402095428051
4485,78.61984616167103,8629.300073413859,69.56206448004326,4251.620567386735
4489,106.55487890229843,11271.182766607626,54.97206560590608,5287.633566145232
4491,390.6701801328273,6352.903641496067,28.101135183246782,252.13750664153426
4493,63781363.0000021,63781363.0036839,5.1359227803445355,6.794875450398643
4494,206.08382758419788,2951.160717889255,158.35914058605115,303.32711713083086
4495,29.426596277637678,3450.3695380453746,9.972819003348274,24.281375886179823
4498,166.7007191613277,191965.80050910983,169.11194551451493,189922.47924788474
4499,56.456027042265646,1119.5960885415773,7.724698232055515,18.52950618570991
4500,140.86033575427072,16325.055749349987,24.248470387811903,75.33593149672211
4502,130.0707872010179,1126.687930420355,63.661272951469165,145.13320006138204
4503,56.708649894881475,416.9518962317675,55.7667008705116,75.22043526733528
4504,302.02663374065435,22428.018563840586,14.935267017342703,69.36444311966096
4505,474.9613626594539,97468.53860019708,240.07255271885563,26734.93661714678
4506,62.528068748963676,4413.147741469175,125.75328037363448,200.90377762825008
4508,653.8590344162318,506277.82934581744,442.2891849162509,39993.2055365137
4509,20.447009321714013,559.5843699997552,8.198505336239142,54.73641511347452
4510,370.90890713187923,42726.81540658394,267.3037401702453,21770.339283261957
4512,29.075484756363057,56.61329226641405,29.03117841587854,56.26955345019356
4514,138.22008335796704,15034.450398782103,17.976872229223517,366.1716407115664
4515,107.35101128981393,7993.152722658003,80.1843180678892,2118.4983123468146
4516,3593.7318765232985,69908.23785469896,2859.6618337332166,55720.18338784204
4519,169.65712485297348,12270.296431547815,16.85139426178724,137.70677053668075
4521,50.56957874995131,28633.980958914653,16.49452511607336,1917.536500154416
4522,206.15664066956336,1709.1803975637479,17.49754931293087,56.53532178551911
4524,20.938726579232792,2543.6384024911854,9.725723231505523,35.51498747254651
4525,257.20945064423324,36123.60892329728,177.96683656787488,25429.161707932843
4526,280.82901677942704,4875.3130310913575,13.658957250216126,46.68501152384519
4527,63781360.91367148,63781360.9136751,3.409207916339652,3.5346879747217526
4528,13766.406924096616,33423.03784990203,43.259106733887464,61.5831923650719
4529,185.97315588106306,830.4948157133703,186.02315776122114,834.5388878342519
4532,30.518591823100234,1699.874053815405,11.468682820440739,21.86314369503013
4533,154.42519594592918,4494.418575977226,9.920299797648774,134.54654699461034
4535,77.43755302268572,2806.6615018559514,79.98603678212848,192.14231323570118
4536,255.7177249199477,57021.89199079772,258.2218179887702,55310.94207470747
4537,101.81335307229389,2039.0934143771228,12.70771525769359,20.647306832608972
4538,44.57496108213064,817.4611462653749,60.98200554166544,68.94634366794183
4539,758.7567563505625,1271.701283581331,253.0097119582447,433.291791014996
4541,52.127544060121856,1151.15549357285,32.2781493608,35.11959601536391
4542,197.00465680677885,3185.4683775525027,25.61708502794357,28.539743909142324
4543,25.762463501100086,2370.3724532950405,14.953142948881531,71.68594522778878
4544,36.77836520095408,5291.045826814439,7.262426415303229,17.095679808804356
4545,223.41893601646856,5430.281057858794,15.825461570397657,107.41103365247154
4547,57.965086401758356,5347.682508505672,43.60521883307881,863.8992882440741
4548,374.0913120409589,20515.473568703084,12.617536701265623,104.58211312045542
4549,493.6300818886227,10713.390240032833,49.03265321130975,121.43386789665894
4550,393.5990487480419,17082.13944567366,219.2177598297092,8627.387160256552
4551,684.5943048752202,117752.7717221358,152.1039395633203,1115.5688468073972
4553,74.33000534097482,13946.044615086073,19.642516928492373,877.893703784809
4554,46.39349987071361,6105.307026187103,19.13380744678865,152.89004953255997
4555,1469.9319481287662,64397.16800962891,1446.3830538871969,63372.524446095726
4556,135.28817448930585,6593.874828015495,50.189098517742906,267.144031088137
4559,29134.21918697713,269229.0995679413,16174.625369731608,152111.33750966357
4561,51.44974464094399,2640.4886458307938,5.112027135734037,25.24745081159073
4563,28.89821527504968,1374.475175693061,10.938734845197958,11.853010277306979
4564,84.1392330356203,6203.373142987043,87.70488496576434,1087.9906998899573
4569,98.77892618496135,1405.273960222359,27.99265291234295,31.26384940951326
4570,190.58346576746814,30716.602454629396,93.92474449082333,9042.250342793193
4574,62.736927460387214,3022.6939719534985,89.79295759994535,918.9668188854132
4575,187.355623694212,4342.823018924551,146.697036615979,318.3677438420499
4577,32.07326795720531,902.6907378733165,13.209069299050043,33.36323530630985
4578,587.58496705479,6345.078952309147,87.52538616279332,246.4175211801275
4579,53.976507626935934,26775.024373064665,14.592847413544256,1437.1860448604828
4580,11.14875198151292,51.22227236487009,3.4092695528503536,3.651042782334378
4582,136.95348791782072,4062.1433068738124,137.12578818678705,4065.8900130231013
4585,233.57252872411948,20304.545511237677,268.0285089947909,24777.871613956795
4588,2158.6064310972406,106785.10909572498,2165.396819813119,109510.81140446225
4589,61.86284512440874,3023.4923476818676,81.81274701207236,2372.4732338739664
4590,245.85380255386596,9686.444150463916,140.51289479591946,5331.0419378930355
4592,347.07692370225976,10408.728155102148,189.83367703690055,2046.0453924307208
4593,121.77414255529241,1777.2140792704897,20.95225101020523,200.14217622599892
4595,44.64046467876065,10008.99273684449,19.822520069067163,1017.8934518190923
4596,112.27723546479015,1906.5951148774186,48.94135514710716,191.30019629218864
4597,288.59771067486184,2538.0512865953892,171.8746258765332,1354.4844297009497
4599,1655.532885292274,11846.185622438183,25.239915524347648,42.09878003544959
4600,12.497543099056402,1304.0926584387712,8.659085705205337,51.3115916502944
4602,13598.214589132434,97666.71582938402,4045.27027254451,29064.17147286299
4604,122.90991789352752,4589.65812839989,26.25600962281585,108.8069519850864
4605,39.35699772196909,2586.662411451185,21.745179109516673,47.295861361335064
4607,67.06946424265989,5685.928775970435,5.292185559981456,24.950938940050168
4609,18.825100802992086,976.0151179429363,12.85820816863627,381.84052338764207
4610,14.022769200107087,87.28727293542823,13.977198379180187,81.88069135140421
4612,63781360.913671345,63781360.913844295,1.7981936729926555,34.737891997720865
4613,320.6130981799746,36841.72708221605,192.93319091085357,17195.005433825823
4615,11.573011640618029,62.3626279271239,63781360.91367135,63781360.91367136
4616,1000.5204657728619,15227.732794027634,54.8477058454387,152.3612208924965
4617,1084.2495146595859,48128.839796768836,63781363.00152844,63781364.615151204
4618,33.39063535457753,4261.790048092272,19.425794701574798,130.6955352340738
4619,63781360.913710155,63781361.00117459,2.8945303520052588,14.662502107574719
4620,1444.7624716659734,102465.39243685373,864.7043123732499,54636.48449217846
4626,130.36974870317925,2689.1361904007517,30.999941287567648,75.37145352911767
4627,186.0551948974463,11410.618016546983,46.865129936790744,77.49151834113586
4628,1591.7953655329356,2378.190230500764,1536.1368310100024,2287.1402433893877
4630,54.97946998209371,4792.623381254707,42.704953501807466,64.74499325478274
4633,129.1382582474849,5294.872833400798,203.99681246974419,235.22946358179968
4634,187.39451129267027,4307.2172170367385,147.21056047786877,318.07915399966174
4637,97.39344595715546,32093.52730873915,16.78521371477819,65.53615293820263
4638,150.91265884962053,21842.340286106042,48.23532872562553,817.8903152199998
4639,1656.8677887033055,19617.64768918616,1650.8709117493884,19517.087924591364
4641,176.73114817527073,16489.792413466275,134.17192418568905,11532.65704983432
4642,71.88923546228162,4811.8952103215715,21.349852514067912,96.9527514914545
4644,527.9207057972329,25211.679348340276,510.09511049212443,24456.244354105635
4645,30.826138071542722,463.09723120415003,22.924473812005328,74.34333293643735
4648,63781363.000000186,63781363.00027581,2.951784427087378,16.82798146172599
4649,312.88954264510215,10033.178743397855,332.81454321844495,1350.4894312424065
4650,974.3465184305833,6309.11509687463,142.6368933817093,279.8504626606437
4651,75.64170278989714,10067.392110977804,75.69065727613265,10227.677132211977
4652,6971.727413158057,116886.43932181677,204.75717775260225,4725.078989408001
4653,26.36809743679231,2844.904217080953,24.688553536749573,2130.470017749163
4654,25.518363482216007,1188.8952477520547,7.405792632130455,14.068578490546335
4655,41.22339252912423,378.074117134424,10.299650521807695,15.23976761604008
4657,404.35074490416184,12888.609118943144,18.617102662245024,145.4451564492662
4658,111.88052090768089,33178.30493993515,17.662113045433546,11640.16224170414
4661,203.92549313579062,108381.11203627946,156.15311869602826,800.2078114916395
4662,58.60190077226111,10874.305020062633,40.71170087060925,279.08300085204127
4665,67.8253787996132,1015.462513132348,12.683034384860806,61.40928463517575
4667,43.58126743758557,6241.678428944397,21.821505759742053,432.05800162784186
4668,117.58773869443532,2707.9426146922615,18.74539580316514,20.981277365662468
4669,1135.7658178946797,183594.52779620356,193.562876073859,19758.52986137782
4670,652.5307415100857,14789.211730708945,34.16090635341779,1537.0498480906585
4671,63781363.00037458,63781660.48287594,213.9897552720791,202461.91444900818
4672,23.5647761785418,380.31489209684685,23.513946206831893,376.5768979211697
4673,179.66319023267806,1225.5494294993186,179.6937558887699,1284.0812982721452
4674,137.55982742356935,10667.85581182739,7.3562392012853834,31.122213253772287
4675,293.94052934044157,2022.7297860899646,15.41956284200863,245.4800411272448
4677,25.476624402598645,1039.3630108145285,11.904924353120993,18.229979360292194
4678,1327.0402499075337,12459.261906201718,921.3417082088974,3226.50396795178
4680,42.39023409240317,6538.024632652146,65.30282302475763,246.2923215864783
4681,412.6137675061111,92049.24961739896,167.6137983367876,20781.337962957718
4682,63781360.913671464,63781360.92226705,5.579238822608056,127.20498565573318
4684,3751.5247654223085,42749.07827134536,3941.876486742105,45222.025993642215
4687,89.31790750560121,25796.288921332904,54.87940326541115,1612.83641446611
4688,138.66736482091335,11935.277521541171,9.777265718987161,48.96796881439386
4693,306.48435845366765,26785.33654877715,17.41320070455772,33.36194110908183
4695,63781363.000347994,63781364.852188736,13.912137401681452,55.980949652138534
4696,669.3434453147363,12753.87543350423,454.69708294277547,6252.492645105338
4697,176.41781873201353,65609.05744118187,6.39904736567254,380.239057717268
4699,24.797312199656204,924.9783708153457,18.869508254679577,78.71351303210042
4700,196.75017370322183,2553.524264712303,149.2196722111694,1921.4774479182422
4701,73.28298669006304,3283.123383119927,13.07504318136499,29.869250411654853
4702,6080.6492300978125,1587680.1977595978,6081.162848479037,1587702.464274398
4703,83.96877593116145,5720.67402686641,50.749690369359,1334.670209590295
4704,54.81732816171902,11247.96761037384,52.04544531007198,184.10629533334034
4707,35.06103298750124,18170.701776406677,12.12301890865656,775.0382352169588
4709,87.31749920368016,24061.11145744686,27.974488195864048,906.9543387315877
4710,63781363.000002146,63781363.00385797,5.294408666400582,7.730623764979594
4713,133.07614515980612,32548.1416060229,22.290013848116615,634.8862487125056
4714,57.58827370837992,4495.516234801156,42.14892874889705,335.01100257118924
4716,2408.436739403144,3068031.508017152,2560.803521973366,3096226.598417334
4717,28.312724815717313,1098.1078361170776,11.643132687442062,23.788837785645264
4718,17401.040266845936,72763.28585972033,17374.419482438174,72597.01701904752
4719,546.1484637342523,22894.295963975972,177.55781599652337,1731.275170095499
4721,244.4373155055691,4652.248783571334,13.551703132919444,42.07756588037318
4722,17.09991009532494,4811.612793477051,63781360.913671404,63781360.91368708
4726,573.68866549701,5132.983173272331,559.8562967367338,1143.2749356620977
4728,628.9481908198023,93863.23454271062,632.1597691626561,92484.16897935754
4730,63781360.913671724,63781360.914362304,38.53275614069475,324.1179388368823
4731,17.963110395764232,1006.6335834114559,11.294077346057401,48.90503184658748
4732,449.5051633411234,62010.95142131432,30.940135820081075,282.34424714727714
4733,306.23839012049416,45924.884845855086,310.0263999083431,46614.260332502745
4734,63781360.91367288,63781360.91508789,63781360.91367136,63781360.91367166
4736,23.32741503674535,3693.2425116035215,32.05917668467211,128.2110387276647
4737,1075.2299126610199,8246.137422266771,107.7642490972505,135.656359768184
4738,46.57741387955366,27590.660793332274,7.795967940415248,341.9267851607168
4739,1129.6398404942056,363360.3657946375,639.2744783971925,133550.71764500893
4741,19.41029743460292,121.01503773903036,19.408777944783477,121.06310296418611
4742,38.6178844930993,3250.52595138393,41.682228570029345,139.04418050779114
4743,42.96618389526581,4170.36306543461,13.611278737655603,51.30239598133484
4744,63781360.913679674,63781361.3980447,6.126424197494223,68.49372288326941
4746,827.8503116546539,45450.25114373859,551.3399538345069,27947.365348117422
4747,130.9955609773033,3323.309496894474,37.95524413140995,670.4365602995806
4749,20.156087044868222,307.4737336417087,23.31878429953362,34.33292351778802
4750,61.34418971646708,5667.542142761952,61.15921530931385,5766.637523694949
4752,75.39435196088289,15297.133770821429,37.76009365999216,779.4100623968428
4754,14.797048332844914,623.8784016210186,14.37758957423599,581.1930366631354
4755,150.2734720589028,3661.850058444758,29.404845847748106,96.49942836816591
4756,63781363.000000045,63781363.00005747,63781363.000000015,63781363.00000011
4760,92.24103364162154,4708.609852657087,27.334919486690776,98.41356750667155
4763,148.72955339062455,4262.161541770144,147.9486202542858,4163.086230482713
4765,56.78606231629189,13866.882614722708,17.67874528874348,195.77686405057523
4766,172.90753250157746,35324.21296253396,12.099344487789178,142.9949769902422
4767,152.51446452703863,14053.198467922526,44.58352908146743,1698.2530612956177
4768,76.6926800451586,342.91981242825284,23.569833183360878,48.00652791262436
4769,980.4339277202594,20271.46117137932,117.89280543126729,642.583229441805
4770,225.21424845665044,14037.654265874973,121.2802998413822,2347.573382898538
4771,133.037563497298,3812.6312020450905,43.79063455680325,48.42643684011717
4773,58.00255844678378,633.4692136576267,52.03287787199234,62.46617633896034
4774,137.86851168114183,9702.650599842364,78.25992447127352,104.4341805117977
4777,160.07332059660223,2443.4611815572566,20.699662249861024,25.466690244881057
4779,88.51056025668287,7474.743554945743,19.207145202266194,41.11873192151118
4780,2110.7425733202526,278015.9386190276,2214.5986758867184,278706.53297961527
4783,63781360.91367165,63781360.9545346,7.192445531924362,89.1712245798971
4784,152.78423522255073,1449.1202147874376,13.96373688046599,36.903310292930854
4785,154.48409519283953,7064.874915569352,150.9671344389211,6869.923102907636
4786,63781360.91367139,63781360.914383195,63781360.9136714,63781360.91381482
4787,72799.85079790378,290924.1383921569,1940.5169187586232,7586.0765926512
4788,11.005508554237514,261.1218470333303,9.048270201668897,58.97135471829626
4789,535.6405615918014,1027.6200891259193,535.2805344157377,902.574732943722
4791,178.56279103940656,5146.234093734325,154.10562692892339,721.7946187835348
4793,32.37522669840328,1992.1190797994552,18.243316125352386,193.24846055118738
4794,176.7019289138689,5488.950674375904,17.63638342230553,59.45512112718516
4795,27.65438318190393,843.3621071779112,10.86288212266935,61.524959549238105
4796,72.8585690229121,4169.429820490875,3.537552963057994,31.56932514726368
4797,23.726454642738464,900.0483730290571,9.165174127093449,57.80173887078183
4798,17.30178465375318,3116.696744206844,11.628474751839452,79.38032393524786
4800,88.41606641719905,11710.017786094855,65.22389362087969,7135.8064456492
4804,53.71113380629736,14163.58674647948,35.07021359764013,4923.9159886587095
4813,344.188158512015,31981.059450227996,77.59182689522098,1840.613515178311
4814,1074.24049624547,100836.44962871406,772.9594429174052,44107.783448515576
4816,20.300335938677435,1335.3336539268644,7.479621891230771,26.343036717153456
4819,50.132827125991845,3049.230950674168,13.720034184795406,39.52611835535359
4820,171.65231683161946,33007.51677704065,325.4944888753187,1047.2007050079321
4822,30.41447269850744,3662.558741448607,43.153278249406206,213.47588014067085
4823,63781360.913671374,63781360.9145481,1.6663314841926822,19.066184940927247
4825,2520.816758802845,56697.77736519538,2508.390937335687,56408.75202501477
4826,1188.7819764011008,28736.287336729853,1265.0575110265165,27084.620942005295
4827,33.245190477213015,984.7605799462642,15.868529907791414,46.26801552385893
4828,59.82249399730333,1903.5907743832627,41.73343455303969,132.881466840618
4829,1125.8650965004933,4050.4128755829224,803.3038038757194,2856.9264132098624
4831,286.93352853564534,4785.4204242351225,46.85927581284155,51.279610052909206
4833,64.30748085899542,21951.32091863108,939.2232756254352,4534.482791939911
4834,265.7266656549658,15551.029940879866,162.67550871702477,482.20783802103506
4835,63781363.000000104,63781363.00000126,6.125925381154962,6.474945076722252
4836,20.197744443796783,1037.816068149499,18.539729745779578,686.4149465528806
4838,17.95052501999758,3065.833089493596,4.710394870770384,22.649926839339955
4839,7756.517372616808,38608.278027045126,553.2558094791215,2285.4519566153635
4840,26.836575330149078,94.61003393333762,7.550728916553549,9.491239353325303
4842,63781363.000000164,63781363.000157654,63781363.00000009,63781363.00000199
4843,220.2112173106378,7374.141732528968,69.74043235794274,90.12531075411667
4844,417.62038162114794,1852.8283007132363,417.5203544189579,1636.4527547755793
4845,127.32564918575869,7037.871965765133,10.44190883661942,64.21994734852386
4846,85.86454799189131,10845.329932904922,30.822355722850475,103.9702829892059
4847,49.84512533900174,2129.3140989924386,27.491305436694486,69.55198550684639
4848,189.7263971234394,6998.794676424395,57.93731435463142,246.30020602371013
4849,148.44212973271775,17197.760465716547,148.7541092706859,17259.44579595261
4850,31.34885083425995,3662.8575033101442,30.46743668103868,393.78692429472073
4852,63781363.000000164,63781363.001251414,63781363.000000045,63781363.000005715
4853,12.234156612561847,90.96434984895104,3.4939947699001697,5.80097764014526
4855,182.88340659630902,19701.413353657594,319.3148712017512,5855.550887864541
4856,197.58018368890967,3891.280358628086,11.178540238955263,50.06825785626788
4859,386.23284041070985,165916.9766657188,255.4589624315663,56150.704724577154
4860,19.85827786576628,982.1442736661105,18.241614150299846,632.1294819395697
4865,165.74269233705675,1585.2177040196266,8.860470706526414,31.042256820154762
4867,141.4674900155898,1366.7640743063027,48.487759969544065,628.8103859516139
4868,463.06485882475937,547.5031483851229,86.910419730323,138.41363662103683
4870,70.55812869636334,2181.744459328778,11.747440424685673,56.343537465174876
4872,753.1866445024465,44512.94615375065,38.251777604966904,169.67592808459557
4873,1116.6869432827584,339513.1290680311,63781363.00006288,63781374.962902
4874,64.36773426238217,118.78747966654534,50.615131782960866,83.99268286477842
4876,155.62874171882862,11937.340556474192,29.127771295454284,203.40754229530168
4877,110.4794421342212,5702.2367830840785,3.6782101694962277,36.08812580637692
4878,14.02355358515965,703.7442973505865,15.587336392707234,16.993357243070495
4880,21.233477292212015,3101.6215083055504,8.720067755512144,89.27498639164801
4881,63781360.91367248,63781360.939668424,7.965816495992266,206.17430686657997
4883,279.4183067103159,8020.395648028053,18.446285840541712,111.23206337290256
4885,28.92696396761106,4588.2920965525545,24.718978992817043,40.99498218172299
4886,282.86234920543035,74003.2207185881,284.8082329836514,74312.79555165581
4887,47.89062658318091,5008.902078354218,44.6426341845068,113.89734093404454
4888,97.87728842529265,848.9240824948913,97.86852603006125,844.1367850960738
4889,45.87472828861498,6760.488094667501,50.01600338998466,5168.58458205192
4891,123.80090717585503,7192.786958378686,180.0000099350131,574.4726653949037
4892,115.27927188694122,10350.25897743836,13.223597663290391,32.83358222092907
4893,22.875274802209073,653.6268912795555,9.920579537173824,19.210776947311786
4894,16.92987593431112,4665.516545808156,63781360.91367141,63781360.91368383
4896,91.79159614937068,4178.9897394167165,35.23777322553926,99.91405570032859
4897,212.05206128581514,11014.171320303367,211.54658603904795,10656.255560907344
4899,11.085958964710546,573.9282291136352,7.159082309654805,42.36010219763093
4900,45.87933630822433,1343.2069257408177,11.671532127188279,37.34798268335374
4901,63781360.913671434,63781360.91812168,3.6229158647846362,19.006751468622124
4902,549.2494369381797,4055.418341074251,549.1892494341145,3880.6638028328825
4903,186.99923990196206,1808.8639887939034,53.98665494203127,124.96827834743536
4905,36.48129228613528,1418.8564947758578,14.683618497065776,48.27217796259458
4907,139.5937721750955,1940.9598372614319,143.5962540887953,1993.4455775288416
4909,12.124047237856907,2230.0402259673456,12.134172396472474,25.38208021226975
4910,27.009546698842595,118.34458713560082,26.54330460565641,112.51264256044297
4912,36.57614199278522,24449.103208585104,5.706850290140362,182.11142668599325
4913,425.9653581550956,39623.6739325109,70.66077644082017,1447.1847242854026
4914,163.4066183540074,17828.692023188738,21.95343106653192,95.46834927877987
4916,63781363.0000037,63781363.000482656,16.641507617268303,220.0015847834921
4919,143.42982977104015,4283.0568892769,5.453535498489709,29.032538722268356
4921,39.256352736866155,19305.540406178465,26.621625105778048,5143.344752592963
4922,100.95770928527843,4454.30920256307,66.20707872868803,89.42114442094247
4923,54.02644038435248,1627.9605653808944,61.71257597771875,202.06042266887627
4924,608.2578753383972,64888.9209352337,587.9942646369238,62349.17427884523
4925,42.03430633091822,3388.195594836026,35.273773351142765,192.10471125209452
4926,63781360.91367687,63781361.02191974,22.588644480608274,2332.766061997722
4929,30.843204855908493,3595.006297005328,7.748886623164286,34.664488084977435
4930,54.88227352144568,14137.166095110359,59.3913250488166,301.0051306041642
4931,46.12089843757908,1340.7242242107322,19.67761215153362,72.60451724258057
4932,63781363.000000186,63781363.00013214,3.4318939342183397,20.46862403228324
4933,627.7795271247035,36982.25097981186,31.18277851410654,809.5361685878128
4934,35.16448053108042,3467.447705149113,15.781610100806633,72.74346358320214
4935,203.7065889439222,4747.786931501534,138.84415724516603,216.8411884661553
4937,63781360.913671464,63781360.91367426,3.305381914635033,3.543046378122506
4941,71.77384013739098,12952.666083154787,36.56131188336994,7087.054444565366
4944,158.90745139842565,3161.4112917441103,159.4292267335445,3180.812886272946
4945,127.18837488902282,8571.169621419092,127.09784698360124,8529.098302335631
4948,20.309092588483505,1849.8121629690206,15.142431944556241,213.4087731405062
4949,1678.79094429836,62772.65869792553,43.6205892242153,200.10514749154933
4950,165.18477679194862,4747.73233354274,166.2478816851089,4781.090624171943
4952,145.42147941031945,25649.10481009952,148.16258133731367,26086.913597357907
4953,72.8983977992563,2401.8176427917465,21.80496547979354,76.00778407238539
4955,198.73921494773793,22396.386134293174,36.13977882122635,660.5933847749454
4957,76.91135326094123,12726.037760591049,55.250689195659064,816.9901047992206
4960,130.06621246345358,8174.608622791667,47.293762157437065,811.9914392515145
4963,423.1758128538189,8933.267439482735,55.31874634440992,255.0294058496069
4964,50.25691987677665,2804.764812834643,26.089848296215166,550.5755770557962
4965,1499.1569961544494,25388.6555302793,148.90904084353957,1928.1362987140947
4966,51.54935266164256,27911.047912930913,6.9254847170066585,321.0867015925359
4967,78.72122546971984,1699.0683901694479,41.01376581819228,75.05960162220525
4968,766.2142660410823,35890.06240749713,32.958600785768596,183.64564875771572
4969,27.87617855790059,2572.078808973968,14.251310485264113,31.966955890780437
4970,75.2973270213424,104.96305943068892,75.19584649817655,103.43309659252924
4971,137.81518847603658,3595.236527463642,11.964316817153712,127.54690668515025
4972,134.4191700643979,40999.40724360399,99.28843120582395,30116.95496215824
4973,32.90707907557177,224.59467729331615,53.48196798731943,253.9018534954689
4974,276.7270496292567,7807.822136352414,26.093731966460524,139.5105926899241
4975,424.18271093037055,119815.57374181933,74.17402129861176,165.47510703421477
4976,35.244307073657964,8410.847955165993,17.76063187322288,41.73068261808834
4977,49.63161480073931,1249.2155062839427,10.765996273952263,39.96430407757877
4978,39.73199478512365,1972.1291033875584,31.03392777238213,83.02895719008526
4980,25.1560477133467,870.5390853661652,7.409198749167514,25.189328682944428
4981,44.76113417360351,3125.5126167886524,14.24069301751474,103.58127648005792
4982,1227.6210200864743,6092.177062539153,162.5838531272525,766.7355982465907
4983,189.54695942223987,168530.35137239637,188.53017510980746,160247.66719321223
4984,675.4868246557681,3931.185450397656,470.64436031127747,686.2805558513888
4985,531.7035960314345,8316.529348293465,32.746885481484284,59.91368639948611
4987,44.4894355110925,5765.884522922316,20.10417570156635,209.45345254142015
4988,478.82248489406146,6195.383169070514,478.8214919964647,6195.569287283444
4989,155.83661468143322,9503.979705021946,21.984046624125508,42.969014410521474
4990,52.865673932792305,835.2594643262918,52.760854206018536,824.4719063179163
4991,15.237053946568942,172.9688682226704,11.733814261254226,34.43447380624841
4993,301.97062341891603,878.9128659388516,32.629496559608555,80.26009668441553
4994,29.354521082051857,605.8686013104544,20.957915357437262,86.49178396934789
4997,59.60964433199759,4987.862952834272,34.765018874639914,70.60792424817267
4998,97.33843343686145,14282.80441605141,75.7642911464632,6459.375352287074
4999,140.28636074323418,20574.528749732937,9.82386398260591,127.665926735006
5001,74.27272203953557,4019.2162970967497,24.474241693622066,34.824400841962735
5002,345.53860141235475,130658.122388969,344.38915866814403,130580.87308929472
5003,225.75342049166517,13095.801759331227,103.85871566417151,2711.5109623854746
5004,108.971554918499,1413.3576563251659,91.17465641024125,97.89893857088828
5005,935.2035099974244,259568.9599779397,365.2168063341056,19578.10318386716
5007,385.368654926732,28198.313441297836,29.370477932772328,58.081118714764926
5009,460.70294583681346,40122.03962566891,111.70171643598884,517.9193600815368
5012,75.20930753480106,6014.993602250658,11.931706894002051,14.712700145428338
5013,24.364188540907094,17449.931906546393,17.37486097208702,140.71910398483496
5014,39.85467435235264,1450.332829173251,11.876689538679416,30.828871971411996
5015,1134.5771411378867,358208.9256151088,635.3876150859486,130550.17478814803
5016,348.249779226346,10391.6612003118,101.88828841766026,285.82415504185633
5017,529.2840642092333,2727.496688547467,529.2499621838812,2692.064210777173
5019,134.66234962880452,42224.33114770477,134.10197826064208,40899.337230322344
5022,37.76954868012692,1854.8690362865261,10.09713983692562,41.90550925860536
5024,25.911886936947074,16747.135712377418,15.430508631005335,89.04922092066452
5025,63781360.91367135,63781360.91411703,1.6072511698099952,9.129867892140581
5028,22.06557797271325,1266.9333415898104,5.992234065094117,9.701491690964625
5030,120.82587358418942,1484.6234048012798,8.955366826801303,17.2021257724188
5031,229.75482222323808,7571.356971522712,29.203384893731982,212.7873220237808
5032,31.367909280623877,6942.264773206616,17.785505516509033,128.592888025281
5036,52.13734210958333,5151.139924513968,17.303333815223034,104.10008767877031
5040,111.74947776334513,1200.6861490514373,76.10866636986998,707.2393811286853
5041,228.43551634872142,27431.80751080567,172.36031440656205,12325.795201930378
5042,29000.151561332215,745613.113670298,25721.48742494133,680146.9810993699
5043,2630.4450770564913,74918.23225079839,217.67616920468146,6488.567069613036
5045,13.132954370113456,128.21099449082263,12.813759542338161,90.62917230879678
5047,1019.8267367381754,18813.519879349573,1019.9380190818284,18489.29859338407
5048,63781363.00005175,63781373.37570711,197.3028648923105,792.6932167559214
5049,213.23536989612634,4246.877423887415,7.601674662301127,67.78684976579946
5050,88.16362109976588,6974.5496052098915,23.477817611922198,40.80548581986119
5051,68.5070612145674,5266.245552853131,65.93597502384085,78.10059317382097
5055,464.36552646333564,10040.786847464702,60.993615567003125,102.27331538277421
5058,18.55881748423504,10133.051512266697,63781360.91367141,63781360.91367898
5060,245.33130095127373,49833.747317627865,14.573713704377868,202.6877808625469
5061,114.48662209802215,6428.038050553933,33.43262846833809,302.05325120292224
5062,79.86512358049112,13149.245125332307,27.61300211058294,973.8995081652575
5063,63781360.91367224,63781360.930730484,63781360.91367163,63781360.913678065
5065,210.08582852423356,10477.742755926938,23.51962909308425,310.8612084945092
5066,64.31480072878742,1343.9908562706619,65.63671387974371,1469.2975820276522
5067,15.164595730959881,1123.739569253106,3.5156998872754546,9.20532258120526
5068,39.361937731347055,18431.19263909821,7.034168193879503,144.24187361798388
5069,204.10150861035538,53244.79788886103,224.27489505266115,38925.37987192794
5070,2164.09492793508,165799.63146458258,1552.7258105976352,93407.61647797782
5071,988.1302599726247,8566.009587872848,182.62344490214113,1712.6667741140357
5072,63781360.91367166,63781360.913681835,63781360.9136716,63781360.91367861
5073,22.681180356028364,443.0981082368488,11.607562161326893,63.32646319890395
5074,57.920202608482455,9105.036487062649,9.756093086271507,45.640283360118936
5075,63781363.000000045,63781363.00017697,63781363.00000005,63781363.00018349
5076,20.988547312926087,418.18802207568046,6.570730417386924,8.085894860013324
5077,11.445360161200977,244.80721738645497,10.15252646685786,221.69792504208155
5078,16810.036369549,105316.03530674061,2003.9496344531099,12555.085560930971
5080,63781360.91367317,63781360.995429024,15.0199381488894,234.25575176158435
5083,28.94105159681481,2119.3243686762353,11.795464406081273,30.866438464714413
5085,50.56957875071808,28633.980958687247,16.494525158209555,1917.536495332701
5086,42.79694374591085,20418.248785154105,24.69249501772298,7511.293688184371
5088,514.1919819565936,9366.750341681984,34.846047728633366,103.90367651181978
5089,25.358320079947667,9889.924422432106,9.230546113656407,42.84729468118043
5090,104.63765684797077,3718.7460156155353,281.47500972744405,1463.9933973978264
5091,1737.9250843285956,3464.6634289032936,14.171217358864414,20.725836562612173
5092,71.63725344949032,1346.1683461324822,39.914829660589014,1305.6736771693095
5095,221.72711649024987,22648.291046090442,205.02374054420235,14310.585894731908
5096,71.30222360334871,7054.3607444847075,18.381578247710202,251.36628334644212
5097,94.06542907467623,9553.052630839182,31.249135018763184,157.09877509356687
5098,27.3238339072889,200.86566470354734,27.391866425918387,215.18122462987887
5099,52.410750615340994,127.4847817626373,22.074409244626892,25.395013038253417
5100,1320.931780774201,407010.5718018341,1022.6640210453118,260339.61261086373
5101,19.60020839392043,973.4962718437034,19.44042784982276,888.0630981120285
5102,130.8927696920889,5260.171159532947,85.85940045150141,3282.048010058104
5103,63781360.9136715,63781360.913675725,3.270685555018515,3.5296947426707095
5104,29.561521569921172,4149.408713524082,3.775841339231239,24.318830303073717
5105,15.83235583263409,139.26954746823168,13.409054726926824,37.45021360344704
5107,19.69445500509594,8779.465671202808,6.2570668930396325,124.27272432070659
5108,103.48891717478737,28475.35421420544,39.51454324266334,185.2311383589512
5109,48.59697691910031,129.24395306016845,24.627196519221407,75.2492634462283
5110,58.47497256675744,6990.477367306742,20.673115119050287,950.4838038369346
5111,104.24567596746267,4955.071294545967,15.031180955278284,109.59211031847987
5112,59.67589407782725,10454.76697794143,12.152185584160073,77.17611466041902
5113,474.1456262032557,11078.419778885695,15.02021999854257,49.45946286195578
5114,834.872746786348,16732.92698237914,39.758608782732544,56.336090573095994
5116,96.88161888652152,24813.50685260986,97.41588396579411,25058.66046087048
5118,99.76001487978267,1916.117253309881,40.988073709438375,96.76112463290434
5119,37.93442023085197,3893.487746872857,35.84181002102358,45.096217414120424
5121,63781360.91367143,63781360.913672805,63781360.91367137,63781360.913671374
5124,31.58674744277635,778.2933809866842,73.45799892852564,368.4021903750418
5127,23.09054027884158,744.9214260301859,22.346635400730545,181.28419746188746
5129,27.542026708342103,2739.485840820774,5.247431003458973,35.883087180355496
5130,604.7369287618264,41911.841886884424,289.233929132001,15578.396585255055
5131,98.1931530064529,1703.3451009794037,78.49079186185867,1060.0646357690723
5132,1762.8569172429018,13553.58525462333,1762.1907390270594,13594.901823803548
5133,42.59859360805454,4988.664836718893,15.100307911319636,239.0849896448921
5134,29.54946442647103,2323.767014336561,15.129619160263243,110.28970598642493
5135,152.6076423265555,8721.371559370364,208.36453331349705,1259.7719630065833
5136,42.19143519503682,1697.3929602549715,17.307965059677212,471.51491982425455
5137,16.44751441060539,605.2446414298261,3.056349872338778,3.4256579555624667
5138,96.03870064192392,1399.538943469864,62.03719827471086,504.11806710486604
5140,58.91271418499122,1736.3189054423124,27.668735520951905,126.63280059768246
5141,34.99280592471339,1297.2240264593688,14.794986120515048,29.513630037741088
5142,63781360.9136715,63781360.9136762,3.7350538835351093,3.8052264162516782
5146,33.80814925108523,251.47669598399835,28.352869384960428,132.43437259231786
5150,31.496668576110924,464.06136068591644,46.38605342143568,54.06376584062478
5151,23.87421516305247,444.139613522235,20.210871886669917,139.66401325397473
5152,73.618542229266,4728.590912521031,8.773384573890388,23.379610690143938
5153,274.3079962508049,62087.00295783376,63781360.91367364,63781361.21766362
5155,124.16672240380163,15778.40236511491,123.85613701179025,657.5567825581109
5158,70.95750694966884,12952.249052959582,28.31025569615401,572.7212848526334
5159,10.672636611281689,81.8045395010633,63781360.91367139,63781360.91367143
5162,98.5425748047591,7898.9254420679445,17.79659856625547,113.46889244153861
5163,541.0411403662348,13266.480649269042,91.48574675677548,109.70059394426934
5164,207.78204237557946,14334.075072480473,44.90082767606251,328.8114833256894
5165,40.49842742035018,18918.949852799247,23.14637640827556,6655.556413150131
5167,124.79813070326392,12078.407091101957,158.21073189121296,308.9236294839376
5168,278.6394967916573,6011.139469425583,105.8682847684904,124.98567995747503
5169,512.1104481077888,1977.66994293026,65.38547208828184,111.76696232201473
5172,382.0957604320048,162935.701425532,339.82640859672705,121919.72197749678
5173,9.717780313839437,1253.9947518368788,9.732032580613932,438.06874342742134
5175,28.199631782471847,2500.935209810316,10.19280675096063,39.18349016787053
5177,651.0059111312754,39534.06780483637,651.3536166948304,39554.97092806765
5178,63781360.91367227,63781360.91388682,3.932647400234714,5.037035284260962
5179,12.023979817911108,142.7930979213539,11.421145101895942,67.55496700436136
5180,70.75532227526749,16944.340923151223,25.295336014851028,571.5742213401096
5181,551.9661597740946,3280.608931135419,427.4202585543332,1061.2463330738453
5182,27.201408912570933,1682.723345460503,12.281407891213208,63.23992618655505
5183,4568.1678307543425,61562.145127688964,4576.897367426131,61339.02686691728
5185,43.197785496775786,2362.778966335708,34.066235891882734,1524.6802703865865
5186,28.213415206279258,361.7782865116098,20.851930071629877,265.1709986726547
5187,100.74509899799345,1188.444395553523,10.833107434020144,11.46802951463613
5188,68.34372313674928,19755.266965040308,35.130016040245586,2309.1361926296586
5189,17.9912679195294,5568.402703279548,63781360.91367143,63781360.91374597
5192,138.84829257977276,15696.84314045126,138.58709097190305,16297.942291607595
5195,63781360.913671404,63781360.91869278,3.297782082767634,23.93886316156293
5196,103.29123060469134,1161.4052695497596,16.493750686556233,23.39152494859887
5197,93.96222020765826,11556.139826764263,35.8122703739078,698.2539464804349
5198,45.51606726507322,377.9416162747959,14.514913507797658,15.035383397907987
5200,57.737087657569624,238.4048192542643,35.29118665563682,145.20824395025974
5201,204.35794141700555,55525.28468048045,85.95665468910349,8380.201548334504
5202,81.7303296775056,409.222998778218,29.08401751151934,48.69996657962727
5203,177.35772078447903,13434.54874602392,177.25607973848687,13447.803076735909
5205,8.747543591165023,130.5272272653699,9.06153565799001,51.33960289281997
5206,363.49700510898566,40604.32121302282,142.31520787345823,544.6535465970137
5208,137.58874659443762,10959.364743639162,137.62653808541793,11015.718251379854
5209,318.9037285189931,31203.955861612496,17.99525489175604,195.18053302893426
5210,41.39279908553523,20619.066767429103,8.21046071208681,350.77826455219974
5212,84.69059014229884,1845.9433080268948,29.624542920810352,55.04063412508109
5213,121.10802577563227,283.97370112126464,33.51351735051526,53.85611092196143
5215,63781363.00000016,63781363.00011319,63781363.00000009,63781363.00000166
5216,301.79593842385054,17012.906288633385,267.2317868740841,14902.93130199703
5217,60.85532897395366,7325.307059686646,32.88599629304767,1077.1952668617682
5218,63.72740034540986,1805.0888484743257,15.57723033164717,32.51017271499421
5220,26.55212365560089,764.8712573817616,8.766590295731286,23.89389592091335
5222,73.76182932904875,4314.835294237104,3.6807097568847755,34.94495130337187
5224,11.833107820806113,418.06344425914796,9.527199400914647,38.833873498819436
5225,1841.878065999274,22109.55648078042,1018.1992056894233,12281.22584367025
5226,43.130565412023465,250.0305459616065,44.40950757490805,68.28046144227379
5228,39.70516038166412,1910.5491097671136,37.22511222713089,1606.855465053758
5229,77.35057599913678,12731.504619269615,51.38047533090561,5874.693825136385
5231,378.66017371073457,12261.197789169064,58.1141465564663,185.4879396664098
5232,1199.647225551489,27928.21473775467,203.28368631870612,3725.119415708518
5234,63781360.91374277,63781360.91594664,58.37602064373535,161.44109614618577
5235,127.10811205989252,1019.9061350282133,16.693806835461576,546.6941134177204
5236,663.6367898699682,5680.954569102092,75.63574887781635,1561.2196315007288
5237,405.45934147788483,107933.46881172489,170.99407735527376,40692.37870703217
5238,156.54031920711734,9274.3732028324,155.6457159208222,9122.37496292864
5239,63781363.00000009,63781363.00000023,63781363.00000009,63781363.00000021
5240,51.40605023655005,1444.0696610866835,31.34647048811799,93.94512119269083
5241,51.841838685378306,3861.5937963034676,49.738929416711926,377.7762189878425
5242,97.88723772334426,14887.505795510695,110.22833889619541,1853.8402033730804
5243,238.3619845667821,39675.11933663618,250.6541493806305,44422.43496634412
5244,86.4274658341817,42892.695371252594,74.28334130665239,19002.200640005376
5245,56.211212409710555,31677.804056342196,9.665608729041807,511.6632499649415
5246,99.1311779116611,2308.8595396151363,142.11800791565548,268.55800401507065
5248,90200465.6307272,90200465.6307272,63781360.913671464,63781360.913678
5250,57.17065110984953,32198.838817212345,10.091542508602503,584.5493278055669
5251,24.452886845999547,921.4396897360244,8.578354567806224,23.80258359639889
5253,42.67315881285728,720.7465675391799,739.5246955488611,776.2651431477989
5255,3478.7196090530256,190291.0996125937,1365.9199735970099,56694.36328057606
5258,66.65129525933851,404.7052291935264,66.60358034179738,406.20696243054556
5260,38.55246799795825,3301.0101844741725,14.339082471249244,30.029451473599426
5261,51.06221127245139,5470.303820888214,20.956581316971732,74.51072220631188
5262,458.38537093680293,44607.0929177845,210.03830025835074,1018.5531045648787
5263,131.86371211165633,14542.900988086676,34.36774873353019,2275.0003557106156
5264,171.10487802548883,6013.8824053023845,54.754539461784745,670.5184805043342
5265,144.97225222953153,12854.249052363988,90.62433513391667,744.788978530478
5266,88.2172139857664,1081.3032880919143,52.8539315224694,417.6704506280998
5268,238.72652977497182,3692.331307475415,84.29388473654286,144.51350372024976
5271,40.30089878340702,1144.989832882912,20.9405779911803,39.516467881451746
5273,187.23169488843402,4263.098065738769,147.7424008695796,317.7938431177505
5274,77.91057422662958,723.1498657301067,8.793716277146386,10.657283417246452
5275,187.2111614426576,27167.917651508804,72.7687663790742,1402.5377344063475
5278,19.492650166352306,108.48960261215662,9.560334096556469,12.03271439441792
5280,224.44436009866502,10356.91462817675,83.1887383444138,151.26513182110529
5281,134.3363187445895,2944.2072344016915,8.142691719597702,17.692019056429256
5282,34.94672048162956,2278.5712115148704,9.318136075731324,12.115107036580529
5284,89.13962420177127,8001.286382662062,40.2700212127687,123.13500221764797
5285,51.99576540928614,2797.727320913207,23.759697525048615,228.7521562075457
5286,31.68277330175092,3919.3950174108254,31.165736523844085,182.8071435072302
5288,27.050581691671482,735.9058648818121,25.786987555474614,517.8901552123376
5289,63.78171732057424,742.8681174757454,18.692712418865135,43.87784146145891
5290,88.75700031209982,11414.101916994514,40.06433667056991,1007.4263039408693
5291,774.1569501571173,53696.06334868412,690.7749550095388,49558.21293474239
5292,50.49483614561253,26525.0254036851,6.322944529988699,210.7040538415445
5294,133.44151085452867,2471.875400650588,34.80524560968527,91.9408034098884
5295,215.0794974322408,8288.763802209907,215.05736289129715,8722.929787492529
5297,51.10903353319,201.8259082310702,42.02414513834187,92.06102952727414
5298,63781363.000000045,63781363.00000135,10.714852399443364,12.474951316127472
5299,92.75708962422077,13570.364269882512,25.992087087808716,103.8510990062576
5300,568.3457528670567,12387.817836336115,121.64117591212035,231.42520536880247
5301,89.05998392551837,13120.336540931625,31.824701195396592,584.756555806959
5303,162.37461734588675,89560.80804588957,168.0326152219019,89432.91735340029
5304,63781363.00000004,63781363.00000025,3.7154057040371775,6.181651616254437
5305,298.87954133093103,23384.314247779348,228.66075474764295,15246.484055829835
5306,129.9100234189749,6521.2452799260245,55.35556087731418,169.3918865598441
5307,63781360.913671434,63781360.91367351,63781360.91367135,63781360.91367136
5308,149.88999622287716,4694.180860211808,26.746374738719556,415.4760817239625
5309,49.56841990993671,1462.1652704126916,28.550904989229196,132.57231610844897
5310,63781360.913672216,63781360.91388906,3.996444638801605,5.0432262045166665
5311,134.45663296208068,3698.437748179966,134.6902553504856,3705.792491724659
5312,768.1356630345336,179554.85697294454,474.80891996639554,84028.82320166394
5316,188.26031770317968,7505.150099837362,53.41972493841495,2301.2570591126237
5319,267.8737518378793,9692.827497095446,19.589941546353412,21.8505805570515
5320,93.89709268455931,4745.962245599837,42.140184249197134,291.0561814325365
5321,710.5904486679427,240025.6411082104,319.1054521962523,77188.46997237258
5322,63781363.00000492,63781363.00470367,63781363.000002995,63781363.00016684
5323,787.5115153250066,29258.2838294014,785.5485473554421,28334.325820145077
5324,146.41449094889302,41087.08670430877,54.74716925876679,2335.6980912613303
5326,228.00470670390266,1007.1371850638244,253.97653847096086,257.0025116881683
5327,152.41075712808367,14352.285263063444,45.51466758072228,264.92989166110505
5328,102.264284453228,29257.213299387797,17.517254563301567,321.32907337627796
5329,12.584637335610823,2389.1009238745646,3.468034668622442,41.71054714438672
5330,63781363.00000026,63781363.000181355,63781363.00000016,63781363.00000822
5332,243.00223922287992,4571.84448811937,24.327986711855868,79.27746429207582
5333,409.2405223655913,13086.620226073086,369.1917925295836,11784.297732669405
5334,62.82163711964665,3020.0886095297456,18.324009598002824,80.14481585980522
5335,20931.571448488834,470192.41703925695,784.63619881333,2985.6887619182007
5336,12.157391013879096,308.404359341297,9.943813827066679,48.62005805649491
5338,88.02219641643839,2899.7985976660984,42.507327071911384,987.3528781390521
5342,206.20226290569715,1368.4029732704535,43.62936027492115,55.042801303084566
5345,63781363.00000294,63781363.27703449,4.244426214860377,11.639007279208274
5346,32.31747440001435,4313.880302498523,31.963352853304176,202.8230754138663
5347,497.63194230760996,331110.4931017837,183.63814425348573,145454.7431496902
5350,550.6138865287376,4494.363876465726,867.0685658285398,3361.2346984581354
5351,113.52904986876088,12216.900405589642,48.03688197321809,247.9448827108903
5352,339.49336902602715,1951.6385363595612,42.578036852228664,50.36034444305514
5353,148.90407363296995,12667.42610254315,33.89348165425741,77.08439448611907
5354,11.07650417902821,50.60392606428058,3.2817756522229447,3.5726499536821694
5355,94.71261970919477,23305.397722627687,32.312471298441004,1423.1369399345924
5357,42.17987687753833,6400.795866690559,65.13006053671654,244.52751757500954
5358,18.254284016125812,2699.3281451880994,8.366914533322763,77.14083415605627
5359,76.82362897536562,2703.291435726476,33.67890856695813,33.94309570911364
5360,81.2462520124277,17411.654639470325,30.927002621936925,136.0580757854717
5361,581.6299439831105,3787.7712778643663,581.7072800726028,3704.051519800688
5362,63781360.91367145,63781360.913673736,3.2267334261673803,3.534415644617714
5364,191.80688050951474,4303.524980402966,62.020552806856756,87.6511317158969
5365,63781360.91367276,63781360.97236376,63781360.91367152,63781360.914185986
5366,200.44120603063155,3864.533743573208,26.893098755523752,161.32417734685282
5367,34.92162225012568,1886.4119207586346,13.426935247942007,68.79813445751786
5368,571.4660806750112,157028.32919544907,67.31274280210835,1632.434951553349
5369,89.38875699622268,917.5951431894508,21.269145652449545,31.452005556953804
5370,1511.0909876563614,5423.543580386055,24.24574746687656,97.21958528804005
5373,437.483637421972,7144.143832536628,704.0813158445666,916.0500606867528
5374,63781360.913671374,63781360.91376774,3.559360904673858,42.27519010278083
5375,35.47540817839446,424.70956903669315,9.2395765494365,48.235387177174395
5376,433.81256520783825,571.9288128447511,32.89278773600081,116.35371475002512
5379,47.72989234953651,140.43694679325324,49.075937438603816,66.40181855012607
5382,525.6689429324122,1708.2398950380014,144.98400319852888,556.7404598796103
5383,35.668386258276854,9797.357106765849,8.33287818292856,59.32518340392834
5384,152.64613611876314,1544.5010095489388,152.76436376395307,1596.6909841099673
5386,74.48429799968437,2235.2495224319664,22.563693310701108,161.64225608399528
5387,81.70287456626964,2398.6851360894584,32.30781817889424,146.7517087720323
5389,77.34056464963425,6783.941004410425,36.60673183854511,1142.1338962461089
5390,622.7438802950677,4637.778703647824,622.9489666849291,4232.107514490549
5391,269.1934585903034,21979.026291892118,108.3059707845495,13358.235516674591
5392,198.3323401733373,11314.916393406229,150.37696947796195,5373.207731195019
5394,34.188464294332036,1942.6924581162693,36.588669895304506,448.14326684012383
5395,11.035973968398169,273.72424804135744,9.961513355377763,37.32051444837063
5396,56.1561431656878,4089.0855929244826,40.37218857525798,244.84660222235158
5397,165.05578316973458,16059.74340452896,18.365621520613455,198.64411920449106
5398,11.939729527962395,513.7314914206245,85.9380378735643,762.0514131609377
5400,97.130522946979,1299.120385960247,18.79704941042038,29.8831345070462
5401,220.84691144952615,22199.068875345452,203.65666992339612,13914.151705536662
5402,50.20588235859093,26984.470503684242,6.511589977422936,244.29366977540016
5404,353.15287947977157,613.467367647652,26.031220902562207,30.71140527370364
5406,308.21122013185646,9846.101017189492,54.2835240285641,95.7903018655738
5407,147.06161483821526,11543.759370056001,54.325422355886595,412.37941804350777
5408,24.531408036295915,1502.6300242749614,8.922060333330247,103.42184991439655
5409,112.84492146415266,2025.1468260246063,112.70383117234464,2024.8688018049006
5413,63781360.913672395,63781360.91383333,3.8180394608385155,4.374719733631552
5414,567.9822958736756,78765.68214884633,570.9065355577345,71865.10643733633
5415,46.54491079393176,20187.19441599706,14.630829946400734,290.8719731274856
5416,18.73307941939206,10331.664062793605,63781360.91367141,63781360.91368338
5417,180.58554271589352,76731.44294715305,50.00669979337688,1455.7053050506834
5418,1540.6245292311569,5505.496388921812,23.675987378502874,96.3874780312583
5419,425.70478772311355,39487.30442973817,105.49932667906991,807.8420022488579
5420,78.0989563439931,11616.596394770233,105.59272952283838,376.63586380114924
5423,63781360.91374009,63781383.89484087,105.27509785843677,61163.1730518086
5425,539.046342659793,3837.832276517646,14.385923701748643,40.995338125238554
5426,36.52983352872611,12254.754297372006,25.899396016133384,6314.17918176461
5427,722.839797545268,122983.50113256786,76.85352852978782,489.86706633657525
5428,63781363.00000022,63781363.000000894,4.3892861933253,5.877161555080833
5429,783.7901503859546,28518.611970353493,815.7293162248176,10323.295597872842
5430,75.43453366881074,5762.5681915967225,11.235483883998365,59.024432402813154
5434,156.86089926937825,10611.325375212287,77.80035328764204,5754.008582119337
5436,259.8412525621436,816.9023571025028,259.337119935862,816.9538909163343
5438,48.631542344039715,4486.111023884717,39.17587198048541,64.18557870279822
5441,1230.7953698444471,14951.163244818836,279.6043766432326,2468.3950107120727
5442,27.232565290597094,200.83578965618747,25.99616417566326,112.0560767757176
5443,30.503067950235707,11072.152928323962,30.600901092650975,12196.565129976318
5444,48.197536962984174,13089.273268211373,11.334207889201636,23.61309988457533
5446,32.957470635922775,577.7314931981689,9.697223188230208,18.784754064250645
5447,49.596185874973145,11801.905852609356,19.79634727273175,188.1719834822555
5448,133.45939172076112,7895.993219520656,136.9149322903958,1006.6641503508256
5449,73.89635494945153,2519.1837439428045,22.10558769188161,83.21536030288085
5450,452.098435237862,84899.05985746668,89.57620967465843,2239.9991644008423
5451,63.61932021460036,16614.16625361975,63.463607644962536,16655.28396819795
5453,43.5999841609118,2950.10671478499,37.885824474006725,789.6958904124452
5454,1426.323077979673,7405.359133337268,1217.6846238950814,12479.570008691486
5456,275.56823453320465,20672.77394017894,69.61094271319558,89.43413757317747
5457,275.36306475650713,354.000135561808,275.3633250861712,367.82915555822717
5458,72.35765673905905,6864.3651749529345,17.752786188879075,168.61987473615125
5459,502.602386804486,57952.69786698827,51.329242860877635,1511.2228392450127
5463,30.081658379920558,668.041219806685,16.759877028831394,435.0163254916549
5464,51.01152370300548,14679.596786947735,8.492104797308933,83.53703670782038
5465,4818.7771410475525,107342.527882515,63781363.00000537,63781363.00136279
5467,1979.435360783946,13977.2064817723,736.8637290454137,6830.616625357003
5468,46.9642403720271,270.1532422722074,13.937993488559004,26.299300848283174
5469,574.6803107642917,2835.38645714788,60.68103594463812,178.90710664637362
5470,2373.92047938076,187957.78740264662,1129.0626723679673,52647.73518165454
5474,74.13281171483234,13973.558726277393,50.74449786864866,5415.871540861311
5475,36.126897806441555,10052.625391214691,7.986452903589086,66.2434589089272
5477,234.8234842747753,1101.0269557028123,235.51897898818228,1112.570832541349
5478,63781363.00007949,63781363.25249637,25.05693687107153,121.51100873463922
5483,85.1748484915642,21776.400025623112,47.27661547078843,6083.501292087787
5486,42.04400096757387,10731.79247234549,9.623336701373532,45.11783328554161
5487,83.90700155327079,21477.856154275047,46.427473081870154,5889.969213084559
5488,73.49833421699941,5901.631452849105,55.35084643078543,1408.6916227865906
5489,72.47592036403105,6391.025418004428,33.06982700583247,416.4922733532452
5490,137.2148606622437,24874.420534460256,127.1108885427044,8921.59881165823
5492,246.09001469212356,428.0403533618875,206.60626995508315,226.21997777388617
5494,60.26677859248893,3144.4421838638577,31.649580584843644,86.70716636833913
5496,63781360.91367244,63781361.06448017,5.566153321627814,58.82996602137399
5501,7.497553337913753,20.147150180280217,7.145291606601062,7.2689667710353465
5502,29.77410735356631,6604.913636907268,22.19392554547649,117.5295110503541
5503,1986.2249446934989,356432.94730766607,63781363.001367785,63781395.38088926
5504,152.44236249383843,9326.81313832202,35.41785910422759,83.83000964357234
5505,13.51628593239497,80.14056022821337,13.602877158445105,48.324651432623526
5509,47.931908933451865,2068.893600616145,47.28900058231581,333.59123951933367
5512,36.3662075395051,10169.766592899448,15.695096160242157,95.26078918808486
5514,62.22753270165497,7699.360904523205,43.36543205139916,139.57174660777085
5515,250.67521697913736,78529.30317706027,42.31404141627039,4763.768826372954
5517,13.238150684117269,279.65713930156477,8.268174421238287,13.085082379028906
5519,462.16731141385424,6206.806156797731,690.4557406469557,963.6281339928175
5521,15.269735046980793,675.0454011265459,16.821833493972065,40.306545972011925
5522,28.660368636832835,4259.044683668548,18.983755668287344,104.14731325249703
5523,72.1369390450948,2883.0027286792965,122.10128423623229,459.72550664325286
5524,109.64619819440617,10416.614685606899,69.45312767289187,87.5001887605563
5527,13.170118982830925,1453.9643079989137,5.783848036251485,9.072476839016302
5528,101.53045284631301,75784.17955250964,118.41869787622355,57202.283874688284
5529,814.283110555549,18795.641767073554,87.19446907814978,90.35221868777175
5530,65.23731779866434,652.621727845075,26.056570120667534,197.0859530241905
5531,809.427416893763,9653.970485374744,66.07329882200669,197.26043810669657
5532,457.9211798117178,26543.926654667983,72.56864045964011,618.6309628481112
5533,13.72821250948656,214.84133546722936,11.55842812279337,82.17060176589402
5534,78.93012315805069,2646.1501794589735,44.15639666934983,71.28439010951642
5535,4.320679287469871,512.2163581986161,6.607056652141203,211.08931399119112
5536,100.07219447341694,9621.504366819901,56.92651084305956,8400.134677110425
5537,266.75663696607313,7976.802055790199,112.59498685158826,4475.091382200369
5538,802.2310706820142,8406.363404139212,530.536022021933,800.565511684027
5539,141.71143470540216,6251.066364664073,45.128428892034954,81.53765815693951
5540,128.23991481371175,1926.1550682741083,101.26670210945704,210.83789896590736
5542,74.40243465732902,12798.428937369665,13.214345016029865,209.70211443239762
5543,63781360.913671464,63781360.91367438,3.3841134612930857,3.7224772054082815
5547,440.15638296080243,6285.920815918451,10.41665588905517,27.975733322769397
5548,110.96519578055621,514.1687984134023,21.235595815663114,33.256861407988076
5550,81.07310720013042,4462.478033581962,32.84052119184931,283.1788524152839
5552,619.9264000843583,102740.07833816722,449.4259095204834,61037.070426877144
5553,664.8432142056793,221093.849167985,653.6746960016183,226294.59183649026
5554,41.11892461034091,1175.7408091191594,30.538269360153294,219.6781768540541
5555,63781363.00000123,63781363.04570763,3.0263084414868473,16.962184539254842
5558,157.09903702367288,5466.442401531833,41.51472755394132,384.30446787112345
5560,28.945024309515613,26931.7437147554,31.740549929686917,30934.315735263615
5561,153.18548844097617,121534.87325373455,119.73701137808726,13421.672573800128
5562,18.4077480969715,2439.0775866212043,3.3950285583740776,19.554125160371456
5563,356.73790115288625,61468.672088591826,23.35918516365321,347.8178834276832
5565,49.75757515502884,3767.0949548003096,49.46057324783867,909.0833157243096
5567,378.21956735166543,11864.456806022981,384.86824901089165,11943.033343279596
5568,18.55881748719868,10133.05151107956,63781360.91367141,63781360.91367898
5572,42.489390024655386,20038.032042432234,24.396741039620238,7292.808730218453
5575,12.716760273799425,161.1292793840151,3.7535695040511072,30.765327420485747
5576,20.688804628372367,8075.588300845531,7.908483647004425,770.727005160894
5577,54.843560475035524,2620.081146880214,38.47077817172194,43.19320026890945
5579,278.73215638194773,59816.32699285879,63781360.913673595,63781361.191613555
5580,5.302500100030115,85.0044828115252,63781360.91367138,63781360.91367141
5581,747.3141942702848,5586.97333794245,747.6387924839992,5754.251567904066
5585,67.01367502182465,15566.980588762794,79.4166852099323,9505.768353301428
5587,35533.74999230839,245211.09257134495,16840.019673944116,115888.15170756924
5588,31.16113906888897,1261.0259885608812,16.12952828092669,37.222154838226245
5589,63781363.00000117,63781363.00439551,63781363.00000097,63781363.00016697
5590,454.79132245020895,12630.928168524704,56.602051704376635,81.65466987600257
5592,279.1431448951902,6654.499898727355,26.075948954418514,46.785790979543734
5595,528.4762724268456,13034.620104852187,33.12525419232805,391.1765391887209
5597,72.78309705859466,1945.0709885712845,15.443029171615246,36.862856691312714
5598,115.43126923156407,666.5459393989723,49.779039795163946,239.32646621921714
5601,170.44628191830785,4743.459042484024,43.04943193095699,203.38126681811562
5602,63781363.03362073,63782463.50160558,63781363.0008687,63781382.934751704
5603,3560.467547458935,94197.53836474437,1566.375091881736,39646.27720186696
5604,903.2166821905669,3659.5005605995484,897.9782968349714,3620.596388580556
5605,273.6733344952401,8265.61425140691,155.6263857435473,311.13857011635577
5606,3688.7503899822104,42170.519305404654,3836.2203531218515,43730.56821274547
5608,5.434159099287399,83.88480226367894,63781360.91367139,63781360.91367142
5611,314.2269863383758,54148.39303084596,159.8678932286719,12332.157930870622
5612,211.44326545576342,10571.55548030277,228.55731387903245,553.8636862947387
5614,155.97900956376733,2303.786850546097,52.395747130387015,71.84605453653013
5615,14.416953731894502,2793.3390018344476,3.7723911153771184,34.30315565717651
5617,36.752812444618485,24854.058275610205,5.784876563567181,208.11029240093004
5620,28.01327088198612,8084.993846955791,12.025906437548082,100.5898808367841
5623,371.882537870371,6547.638974930074,142.70848286503306,1197.9382209312612
5625,478.4825311983186,2549.812987985364,364.1994782788192,1312.38353803101
5627,44.69076670916559,4895.510321733278,34.76136939326015,231.51692192136582
5628,43.80611790449024,2340.8523971014097,34.79158838835955,57.917231681556956
5629,119.97767737060029,1995.1145031601293,34.975098065335324,37.6525358829554
5630,49.6577189539892,1449.515392752359,8.502668654864884,28.008553973127267
5631,107.43198185318202,10187.69057329617,19.238292282169215,121.69129736542654
5634,699.5478999051226,17968.47275523893,229.9051169347313,5363.576647172777
5635,434.46785899928847,51077.30339238239,428.3670887716517,20716.96576880261
5636,92.95214150367678,9008.911394751989,48.10621730586801,86.66117857829518
5637,29.574717855813503,10673.935624247219,3.6730303227872843,80.22434368511954
5638,24.924647676960355,4514.816622513142,36.349938423225005,137.3989466976929
5640,312.73128815537797,10785.28110422391,22.888920993280106,310.955984522138
5641,20.04527036313492,1146.8777294394345,21.38653658576745,149.63400869806577
5643,9.578313522625123,46.68030020900843,10.074824077413231,15.932353815342042
5648,75.56256268327694,1548.0551612337063,53.648798222997755,502.8819721787164
5649,68.2136935076972,4095.6064557895597,8.217546856554987,44.561795913080566
5650,563.6482106054261,58783.32184057258,63781363.000000015,63781363.00000188
5652,93.44215482371054,65588.50194113619,36.44043260939541,906.6541168068492
5655,187.14684200477393,9782.361798293592,54.322859332889955,506.6676911524216
5656,232.40128392772127,18827.480888920385,68.40370995708517,321.71483926565304
5657,771.6465275038933,16495.367859328406,700.6439540640976,13468.23509702538
5658,63781363.00000016,63781363.00015499,2.989130799326366,22.856361451725473
5659,1142.6535656155334,53817.011835695484,1110.3794971050384,52052.23034052647
5660,114.67008380647418,2788.647038624378,268.31227425999526,482.3887181558747
5662,794.8755879568589,2987.3413278447065,796.1108688762167,3129.7697405636086
5663,38.316142057473535,381.88036429563067,14.958802066460281,18.5347842355166
5664,261.1197640153686,81269.96892080533,261.1478945441514,81292.00165795273
5665,422.9754647338625,12478.416634580044,34.12428631809877,533.1062264228276
5666,110.6825303126396,4722.691251670716,295.3928934873349,326.8879867483307
5667,17.26440609121608,1109.2149662219424,13.406780766679274,50.85707995078854
5668,37.006316912883314,10577.811349377427,16.38385505981361,137.2293535076273
5669,861.0926612778608,1081.238153723835,58.11246509191501,433.6551490952236
5670,132.98684311181074,4456.4114001980715,125.09440502090762,3699.3718877122024
5671,286.8503615986222,12379.358909517308,288.6500895987226,12737.490113471751
5672,25.129727959268802,370.0487571029488,5.068478722490386,5.308437581518048
5673,270.0186823797329,9196.235389571653,86.1903460319942,574.1806065429915
5675,467.7781509611455,21956.593754138794,749.8186568854181,2631.7282355270218
5677,335.19350445062025,942.7513040231233,335.1969884810567,941.1127827297786
5678,110.03955561035058,10662.164665512219,110.50712463795244,11351.541501379414
5679,43.45532361716691,8890.560757739919,29.439432194514133,7001.3234532060615
5680,220.49471648178894,1365.1324752409696,21.884225977235676,225.04017465270252
5681,25.141143653884754,612.7199090386739,13.199044296572882,212.18464965188787
5683,75.40941726097212,1575.6872616256423,11.151473861882701,76.04255646378472
5684,254.29110084222793,6375.151609698591,255.73338349648483,7083.13756967957
5685,198.5468525561361,6627.416082973878,12.585896808073056,81.4162506614491
5686,114.39385089208018,17202.066334557185,75.02428509705246,145.74600401607614
5687,71.82922893775643,12966.64847903183,36.843441793875414,7318.4062917782785
5689,2255.9874481748984,505217.6005073429,2172.0467170145575,340706.00841052475
5690,126.85133963040072,10838.44360555634,126.68500724413077,10825.024659818202
5691,132.5913502819525,11483.45619751238,388.15107943827707,2438.6343494915527
5693,594.6925473971706,7271.187231898896,467.2505221849605,1675.8965297082354
5694,44.56650182726093,1700.259497268957,15.077456417973286,259.08320904136644
5695,80.35281252303592,23852.388108599844,40.891356389271614,452.42785373714275
5698,262.673155229419,10922.298676822278,43.10323727614424,136.13868510926312
5699,93.04988313880544,5523.883751922452,92.90559853130485,5562.042095221856
5703,158.66460091950836,697.2611482466663,51.83132619649893,155.26833419257628
5704,881.2475209279521,75609.07048546072,197.80989333098947,13715.676133983234
5705,97.79414731177295,1282.1347395842336,31.92576296560577,83.38505985716573
5706,72.70647444977712,9761.085233751288,91.12959154292834,4339.292838076039
5707,15.768774297562691,812.3474134795817,15.579630870757164,483.30122578002954
5708,43.35312597850922,2249.1838830943843,16.853726545082885,258.0713147021937
5709,425.00619995062294,9003.421132419937,427.673275163016,9084.304655996155
5710,336.62701529804116,27725.83291275998,335.30028032269087,27519.341331931446
5711,238.6406642218331,24073.718803454816,205.2996890825601,15814.149001513371
5712,4156.102658303303,21487.00553430798,2035.839074530515,10479.309016144769
5713,135.6113960565949,2041.2447587534355,30.623471046545873,310.39968922027975
5714,17.343911284515634,5109.084323683315,63781360.91367142,63781360.91369954
5715,50.3205722404305,8408.190809731675,43.216406250143436,5143.488720554629
5717,137.1359149952185,21522.111819814458,266.827111080085,4119.0723885752695
5718,202.91241367641905,6022.702283325674,11.782004911692962,167.12455897743232
5719,184.0043284996922,1789.4136625389474,183.99556921452066,1816.0261615190855
5721,61.63165557360651,5113.570920145224,9.750676138533285,50.825369139913825
5722,1301.08799455207,459683.14653123356,521.3894769347315,96801.0535559302
5724,210.93544199289846,20807.974841399053,197.80121513159574,19003.192158754668
5726,42.29692697688578,2606.9392983460925,14.300483244550716,274.06077999522347
5727,26.33432942712355,5794.1215796594815,16.60794238788701,318.53437507004935
5729,20.67724784321154,755.1678401246252,12.299063967006491,24.01260209816944
5732,84.50798306272102,7102.054427834651,25.478853567632754,49.74991010135068
5733,265.03702929752643,13250.001798254494,53.58815413568525,559.6103016846998
5735,50.47626962381768,1075.8011781398393,42.31844475807711,256.82635028233165
5737,28130.238611245142,208627.82303133895,28202.510567480407,210376.23417824783
5738,432.74216591921123,24317.872638012923,104.59283413968791,1194.2896843957856
5739,21.334604411395933,1206.9222587311779,22.646449590313736,94.56133706748608
5740,187.3674153968615,4219.711046271913,148.28334795172228,317.49348323617363
5741,34.9824747708252,288.34951516395387,34.91236040536934,302.0289714217807
5742,12.891577951488255,3020.3117539892587,3.856681900892504,35.34393882931426
5745,182.4218895929338,3195.78952331888,7.657294258870818,18.224209010010835
5748,444.14486537627744,11453.926942114982,32.360949459412645,199.55891520773935
5749,140.9026721216075,5822.2537107218595,95.97204105063358,3324.1667046599428
5750,22.570581060828463,339.5217058640452,19.991844631117885,20.940918755602503
5752,16.579269630645722,362.59465200484897,7.151684239612678,12.379412735954375
5754,47.427864537570294,24689.67323962042,6.690687817347235,186.39216411551138
5755,464.82670932850016,8891.905430423609,41.12283399520969,417.9488075283427
5756,989.3062302706965,45374.82645119977,39.35743760506236,95.82110586370734
5757,199.29174643148605,2932.1906629339283,28.25240998012236,109.89257816215988
5759,1655.6896258271597,11592.611316060591,1518.2965502727686,10277.717764627661
5760,458.9440913774546,7339.826387777918,243.35099449349912,329.4443910803657
5761,1081.3089340698148,12682.415893059107,236.3417412326648,1270.6437192160206
5762,63781363.000061594,63781379.72536542,193.2046672399951,1806.9691561103118
5766,31.703946038942963,1138.2896991839607,22.745575299124962,411.21943987011
5768,29.146840090116203,726.9282299731863,63781360.91367817,63781360.91806486
5769,5584.0396280181685,17372.806123977094,5565.110446538275,17207.592097767007
5771,455.5324036525159,50155.94512745637,464.32053833072047,51270.65844634826
5772,7.646446221378356,39.94957526361188,8.638227226386869,35.802187348627356
5773,78.62426778262301,10683.25313899095,114.19748150946533,534.1164957813106
5774,22.783917473763285,2615.645695495928,13.47924671198927,541.2999046372627
5776,197.5098274790701,2687.1620406819056,197.46721548145788,2788.3165768547165
5778,276.7191926343644,48145.78505179772,278.76301717904136,48784.15687463623
5779,106.59312382794133,1460.08042725845,26.58974146761115,77.38644810299006
5780,185.6245648940667,8284.60117422604,24.707644937505833,211.4350253847855
5781,68.47259127590031,1165.8318880237775,22.936806771644616,59.23908000699522
5782,121.85423933668025,6860.685489519565,28.106875526134125,180.36200261474656
5784,78.55313439990013,4142.655655339503,12.74417076710128,56.555247583299405
5785,63781360.913671374,63781360.91428015,1.627456212061831,19.65534092666358
5787,29.76445450623871,8986.491433229898,6.22961918264515,91.86476024308908
5788,306.2401084085723,21869.751989773948,130.54741867545565,7032.843672473946
5789,130.31206469235656,14478.821625070977,16.14052898354597,196.96106341568878
5794,53.62171581258149,567.1047430767031,27.59685158191517,30.907086535569924
5795,28.444742959029846,3795.65959380357,22.433635035171807,109.98586988539616
5796,106.51029150064966,6174.484529883392,45.17198297625279,234.02979083059137
5797,138.4391962834294,3854.212025601708,34.84376960507261,278.29371491810974
5798,23.275855798378075,89.609968147061,10.358539263953118,13.785232501366467
5799,71.36615371647237,13601.16865111798,29.218438048482636,185.639955819591
5802,18.48208480991929,143.5019628855488,18.67670205948546,50.91093628170301
5805,240.78323808888962,1013.66079662992,18.981608606041778,58.52676291098181
5806,23770.401841621566,3808640.524273556,24954.324697525186,3956439.492461355
5808,141.96213678425735,4309.275651165114,94.05765454493955,2152.2785368303935
5809,1186.7320451685955,446998.4649911126,1163.701236505683,442663.15379081893
5810,88.82189752965735,4521.761550994682,9.562696430024095,128.87284575741177
5811,454.304098009409,21643.84588658101,454.0742506722814,21633.221786145274
5812,63781360.91367141,63781360.91367241,63781360.91367135,63781360.91367135
5813,44.772026643489646,9432.122294470506,3.906271617748788,56.688825315708286
5814,200.30892320814152,65307.18321530853,187.0695729799349,57873.67408827341
5815,188.3858178608679,4828.015346861041,18.204052792351593,107.85335014901763
5816,82.87963355353553,1704.5263809895669,25.83935318478917,762.0298268123726
5818,44.84891861665616,1367.6496409661966,18.893121097062345,30.663849339858725
5819,129.0833036091852,2649.541116776989,44.46160773752047,1954.2203945132028
5821,1161.5014661949444,1548.23031108366,1162.8227451307193,1487.7836558542858
5824,53.60243732527746,3207.715175869817,33.61999623473947,947.8450979419607
5826,8.401719368329013,180.83379638566217,4.2095671263867285,5.6561198508972055
5827,333.1510684810117,15531.931241812186,90.63537218557799,620.0318703664784
5829,568.34159712096,25799.899799358554,477.19377018741443,18772.518181040305
5831,58.507886730131084,2019.7273667923023,13.475084868536593,35.281571481329564
5833,39.70649131149627,19885.207570563573,20.90793735103167,5275.429956643036
5834,148.03804738803606,35769.47138186784,130.28209028280642,28238.864851540515
5836,63781360.91367147,63781360.9140972,63781360.91367141,63781360.91370011
5837,520.0025855463992,87566.3630272668,110.35802645830789,4805.739650550767
5838,297.3555559934488,16794.724527798786,28.092653045769648,359.85134643965756
5841,616.1190891872227,11920.669603348111,844.9524271719349,1934.9529967117596
5842,30.926183864143624,2294.5140651015677,15.082704902729219,39.75672451060718
5843,705.9258111156338,36476.03843794573,39.879472129735575,282.08629388103435
5844,164.73810844152794,9025.452291338604,234.8600493943735,487.5553165679116
5846,114.37212204565797,14154.139625043166,66.46528452332181,484.52915279210396
5851,31.056823701287954,920.1973025397805,13.698257596344655,32.045518031130584
5853,835.1626896652815,94539.5249063009,827.1168351730363,90741.58453240896
5854,63781360.91367321,63781361.204885826,19.544965949064515,498.4394355436577
5856,302.19560927531876,23856.389206313554,233.04640900458577,15395.889706745922
5857,42.92624043060187,11151.29018387999,8.471370563119173,32.16882353403396
5858,40.00466162256269,953.2610947598737,50.87200014992032,82.3019150268974
5860,111.22177037899623,4085.3562443499486,12.511452889487195,221.18628079073144
5861,309.4453706857866,13176.87447762596,79.08097658354545,443.32047937014164
5862,179.0107215019723,74480.25293733526,190.8128894722562,14180.26222302482
5863,28.183222187095975,56.984176958109536,21.08198764271498,34.47453161660999
5864,1414.7346028243167,25084.71368093309,1417.598060646885,25154.001900414587
5865,80.9339547114211,6260.892392843801,20.603994225607835,1285.8191758900407
5869,63781363.00000014,63781363.00009498,63781363.00000012,63781363.00000589
5870,16.90702230926973,3539.440852084059,7.566317348109971,65.43441961710612
5874,182.73742763314982,6376.182074417223,41.89379250418412,713.394904674701
5875,16.259055785755272,23.242192853872158,14.86695657684298,15.526443059969909
5876,190.7643902573283,1720.1391919239918,138.4014666495912,316.1849000695685
5878,76.68540032057838,16924.64714681401,16.04218112204632,98.43104574109097
5879,71.18410215374223,75.57970160004935,71.09331508115204,74.0790597932261
5881,59.786336943933655,553.2995406034089,68.64786889815777,71.16502684897814
5883,217.45731122110868,31702.332392643315,74.85120711651639,6460.01789435666
5885,19.677167894091912,1557.8129599427355,17.174664153798677,912.8963536358871
5886,698.5038484365839,108835.74201544198,55.43776114560323,11579.47322083806
5889,551.7900309470506,152023.88920383633,56.47872199126431,968.0930651040709
5890,63781363.00007204,63781363.06424156,63781363.00001146,63781363.00133816
5892,37.048789570296215,1383.6009845295484,16.248341659293132,49.99556738074787
5893,47.31529136629086,3540.5124233732718,15.0865460807165,34.827100251728716
5895,215.52921534897877,48688.72872462729,120.00596681055711,1258.634380354416
5896,456.09449617176705,2087.9304088235554,95.70325834465666,164.11577163909755
5898,173.49587398612852,5321.037592976882,15.043735141523968,70.23122615703305
5899,63781363.00000028,63781363.00000674,3.934312125288154,6.145815577495771
5900,381.9336854744156,2359.1683370519563,56.87674191371923,250.21507303667985
5902,4.026327526594593,43.670941519074226,63781363.00000005,63781363.000000514
5904,23.816707663929137,236.1176799181058,14.331255307346286,35.14178187558302
5907,54.456105638838785,27758.029514152655,15.58825432091966,1694.2362306372222
5908,93.52088825221566,3017.6157083973517,11.185865048811891,81.55455696486578
5909,327.56829682613835,747.9368859658382,327.5728707532557,747.2507947195007
5911,139.35493710594145,16733.17469139472,373.81855693809115,3971.8836730017842
5912,256.56712582663295,10201.77448906974,150.81443028227773,241.35040620405718
5913,88.61014574433236,2417.299563493608,19.48574656791556,46.69051918665097
5915,822.4836645028362,877.7620139016465,332.593674769599,424.4778178194014
5916,69.49802309108856,104600.19082248936,70.06690218420714,105190.14415109597
5917,547.7142435481202,31995.192306706394,653.4669893749018,7763.001442723906
5919,47.65038961955308,2090.7300804884567,37.97192463969009,581.561004321182
5920,62.351132955016645,1349.8778089948917,13.52483316630493,16.467174950563056
5921,124.03833572652577,11598.902848846346,159.22421315158195,259.03306369007043
5922,185.52483512552575,8354.362856012842,19.811220117531484,158.29618405847546
5924,695.9618638149233,6266.2303189437225,695.9404475354156,6261.920152428778
5925,56.86957358585052,608.6257845379429,45.21607818716851,94.21481974625841
5926,32.98619680829838,1060.8956826152703,15.416102046174466,51.23206447678271
5927,52.71819067028381,28111.204077301903,36.53878377406699,13552.941730358572
5928,82.16828324449727,1861.5883201925542,25.591877230062014,45.971053275280156
5932,54.0238030367288,12319.22531572885,22.029122418304926,657.451826218736
5934,96.44822984091043,4669.50373047286,106.39760554392033,174.7063214449482
5935,454.808330142934,3024.300642745796,130.49464437149902,166.07282832374952
5936,8.175558531776492,288.5534185211862,2.1042771384636394,14.880263915128648
5937,14.981081183986321,27.834028533421986,11.760534260445915,21.665039407919036
5938,40.83304292005518,7354.53020687843,63781360.913671374,63781360.913673505
5941,7.58964135538119,20.684542716858303,7.115721718841691,7.176191032351556
5943,53.10139936214404,21333.72481476423,13.240568619248307,58.39303617073832
5944,352.1654694509564,46725.17092600863,31.964738846616754,133.68590612890526
5945,121.15565668224173,1905.5014473020624,80.0399550431026,776.930267720824
5946,1703.6325482699447,44911.651604966326,1694.0704631899039,44631.963242903934
5949,226.99509832938344,4412.065839180203,64.27784255501469,300.4034076451935
5951,641.1441272658747,16205.655925224324,103.90354613466114,547.7181331207612
5953,63781363.000002176,63781363.00801873,4.347068397152683,19.3050498779901
5954,2098.1751420613823,58578.75125818387,34.82840801427885,158.9612932777084
5956,274.9393876324872,10822.614980726847,23.593553341530868,194.47479040148315
5958,867.1962239020636,4668.0463776938395,867.1698764947942,4679.909235795656
5960,29082.618014711432,767657.8652827486,25799.46116852754,700270.3977016662
5962,72.88873893611151,16096.69189498773,33.360080935742936,9299.29600657399
5964,63781363.000000045,63781363.00000012,63781363.00000005,63781363.00000005
5965,34.210111043389766,14159.660907690162,9.83094484749065,50.92188638050812
5966,333.5252104068788,4380.602035161983,25.086369667266776,54.27901948320255
5968,63781360.91367154,63781360.914961584,4.811978099918893,14.814264879383025
5969,44.33131587391368,4063.453287024711,17.956055396480963,78.64849400337191
5970,86.62562270409997,14021.213907825444,39.9568723769608,590.5393492681656
5971,92.37273984601606,2203.8498617518626,43.95446630909605,308.4732297315777
5972,62.253260485013186,6839.949963553274,28.77462035406103,76.89403039518605
5978,1834.8648314419734,11730.532188710265,1838.4568035756677,11957.266553138355
5980,120.00302914698496,5456.533153057345,12.448444928281086,19.213331909141594
5981,267.0580367021277,12422.968316983113,123.42024287478358,3076.505901548115
5983,116.54646014968621,1571.6794829688758,55.862843372014844,233.03720078506046
5984,80.16678409908924,12518.133967450152,153.62465305324795,645.3773358669815
5988,30.523983718079744,2891.401511528076,29.893289130978967,1498.084130172997
5989,52.37120827287789,3697.0052694869505,20.428845099150934,94.66669168688176
5990,84.8688510219504,6591.818662447492,22.829047974565704,110.05290595716241
5993,1468.199564950727,55249.48584419176,39.55350334875539,62.70921953840195
5994,90.28364296825404,9930.64199526219,16.5719248884694,382.9091700165508
5996,159.63941673137842,3213.0864309538065,160.17635478381501,3233.7457903563054
5998,31.532011645450414,629.0479709250042,21.088996705882384,80.389659398951
5999,199.92826885598075,3748.407378529883,98.69174518336108,384.39837623167386
6000,91.03507996762384,1268.7494138233951,72.46994514547427,135.24899349524117
6001,213.55107981276518,117859.2094525285,495.2005240175923,21874.241583316034
6002,269.3566929692929,7110.507295721227,144.58815237689342,1916.0357843171644
6003,111588.38624384771,814138.9705844017,102940.00552838946,748941.5864803663
6004,37.6932443639779,167.01485728371352,37.671527466488946,162.31630814609218
6006,173.8988275624969,13402.248746837886,13.751931473221285,26.50100054834134
6008,167.1524346564947,1587.9097883108357,150.91709360670507,357.0888836477675
6009,588.3838357817739,17010.9374317295,590.1402557504666,4225.295863282543
6010,216.55179586750694,4758.530474912889,112.99946141340078,2231.5184505858338
6011,183.71047456319198,1762.6093388186223,183.70153873441254,1788.526913617061
6012,9.68644606529881,1716.6542395356203,7.876145179407304,37.670571478241854
6013,2001.9643432841726,1137130.145555906,2179.078365793125,1128612.1365463529
6014,63781364.09526899,63781469.098347396,5201.428982906655,52449.48854533937
6016,405.36939504792446,17636.955242392774,32.76201103895508,225.10054683475408
6017,1213.094238387351,178090.19649408158,1205.4944119121797,178195.7940236079
6018,20.558229783022817,827.3881398016935,10.019588766401181,26.816039831300184
6019,225.25017144539174,2984.3591625867057,206.91307419262736,603.0798954094048
6020,138.3842926496261,11895.603282132082,66.514219934308,595.6486495011211
6021,313.8778793945433,41668.49282768188,110.16573193683294,7116.200406784107
6022,391.4951332367016,32547.815229800908,391.86044561652307,33558.33166086023
6024,12.641347289045527,8279.424501614676,6.42208103267989,213.89586348271496
6026,21.951381154712305,5502.823862951212,12.67892838485035,1484.0211456874626
6027,16.20377710814676,6655.703201888732,63781360.91367148,63781360.91413422
6028,526.4162407954127,24182.248118033418,45.70792135679646,398.01443865777173
6029,3327.291223566455,10301.47279080798,3327.5561957054674,10318.35411510737
6030,24.699071158505966,894.7027163249755,15.664461969811347,87.18506063433547
6031,167.0032059543345,9829.397934324737,165.27106330086283,9539.157362602327
6032,585.6947603807288,835.4711494204615,583.9487437813056,835.5542500912692
6034,497.71325965784445,5599.546760374558,199.82680916985456,230.13440653799364
6035,816.5067450873495,74290.80342798095,928.2424779797357,75595.467835849
6036,168.07882197220798,6886.313474842556,73.66932634675969,195.25980656165476
6038,47.412974139423184,802.9345130311184,54.37506040186695,165.17231365711513
6039,37.529964517764,25670.52621958235,5.956775133408064,266.2027911860252
6041,38.10175917918249,9993.214686578789,37.81004185731391,9802.226810759912
6042,233.57351748362626,19132.43595236462,199.18469138106877,1046.6608054949586
6043,341.9424985651196,38148.04218274988,324.962787752069,36676.16331413922
6045,1308.9858191462242,102768.7726430852,86.69921031723315,2709.5881356441787
6047,23.061547999310232,696.808070629026,22.325342123667433,160.9144314595609
6048,15.648927189508342,82.71934394205803,7.731670598906818,8.020934598449402
6050,63781363.000000216,63781363.000432774,2.4852686871499157,14.501846605140459
6051,58.16779958199778,1537.4993441992874,17.26797361789675,162.52673260409952
6052,63781360.91367244,63781361.07127663,5.627188617426628,68.65658126483008
6054,18.974089167692604,342.1077306324648,15.789135353499331,37.957958375571316
6055,8.636358504161741,38.58622680265086,4.9499064723095625,13.732224215939768
6056,152.7234481015687,11045.120916567903,175.1548747035203,3355.3474346736734
6058,374.4153359009996,61523.09341593167,95.8871317556765,5825.6859235235615
6059,36.83285220132832,2233.6888597710595,17.967703615440325,100.88677021806731
6060,27.935094951363496,35.955351566364214,27.931100249790976,36.06293564982307
6062,484.8448005563384,6557.678025135624,164.48001113215486,841.461423726872
6063,49.62305929100981,2328.7087356100105,26.35428541156459,315.1728839657493
6064,132.71577710532222,10488.181547977618,41.1405438942121,80.67570556794794
6065,48.20723457195047,139.43361669580906,48.03923321551409,140.75362842096905
6066,18.6978966986713,1225.7010348468134,6.6570260740344365,177.13758558397822
6068,258.8847299516994,53171.169951860815,41.931143814149266,205.57925014660609
6069,12.222874338480247,87.97063932986107,63781360.91367135,63781360.91367137
6070,23.3985686861511,787.0684761226426,21.149818398802086,674.3740136454835
6073,36.21881212633124,1939.5501754152829,21.891433864646583,101.40551979454906
6074,1085.8442851927437,247801.1378009583,1095.896764004888,238871.53240645176
6077,61.23500374868802,11283.416915699254,39.722940032637716,123.19778413433546
6079,172.4947784013317,4406.004009437477,169.47799194962823,620.1474563308356
6080,11.042169793857498,10384.209891561257,8.320661669502249,53.95539879726919
6081,274.8861958687879,185638.71403438173,107.10748982537629,86146.9478352173
6082,16.713389303883613,2164.5849843464684,4.884584183223162,14.154465285538128
6083,134.12702955344665,6659.250451536302,14.578204762130179,20.76583078310105
6085,278.0072979812352,44347.161266105606,202.08585566591873,41404.35900826358
6086,3.131236342739834,15.484788958683279,2.6458432492547663,8.695717758332071
6087,3662.312071659166,101097.33358854477,406.74255183689513,33236.07600878325
6088,131.87213725645034,43734.97545135536,129.45264998330143,38868.27081977722
6090,23.741180979976015,11189.345178870024,63781360.91367143,63781360.913746424
6093,575.886916480847,3937.972812461319,83.79793024604459,164.86479816889016
6094,41.34038914149186,527.7347032486023,19.662003274114543,49.51458551500412
6095,420.38669369556607,47375.9041712504,101.5702477613094,420.49484236383546
6097,280.33573945697486,19010.536397257456,26.785065392606416,320.20167323650634
6098,62.843162839002915,2115.1973326745,50.55444955706588,100.42397481599046
6100,103.07489859368602,2987.5284219830564,56.20564387358784,70.63976285107579
6102,26.4430474052762,275.32653554495164,15.572514319408633,19.897784536331567
6103,25.575690118163,11535.284801971515,8.464479604041214,367.72808984772854
6104,271.93036186314663,39582.998174120614,776.1334258378788,23174.166656116973
6106,535.5622977569824,23269.681243424995,59.47615822085122,609.2349234341892
6107,63781360.913671926,63781360.91392812,63781360.91367157,63781360.9136716
6109,25.071498617485656,219.2634663360285,18.403805133006372,19.094104740991604
6111,284.74310424078755,5928.3330449649275,526.5069809964107,576.5898202482856
6116,20.0750651519414,170.73292429344238,44.80276376525113,75.05534861936285
6117,52.748627060066184,28848.563785074486,7.3852031239246605,410.52428546754453
6122,141.72879259312992,3469.1186329388647,142.10090565219306,3607.348107054631
6124,199.16397823727928,9228.643370420341,887.8749739766777,1167.5012994559468
6127,18.723384253643196,872.8150897231199,6.600182503037607,41.79497738029929
6128,199.80386729459656,7422.2748367844,119.78718653529937,934.2901404328729
6131,520.9922658792315,6034.799887851146,14.941198542125681,109.22570896797593
6132,38.140119183705494,3576.1982666942286,18.444303938485508,93.7473007083228
6133,70.12915744342081,7637.448322455045,96.99488357898059,356.0759181999004
6135,550.4397795811401,6117.473507964464,113.1227286285143,723.3557638484432
6136,1730.78536704129,212178.78735777905,50.43838939490187,699.4583356088923
6137,205.8661849811796,6352.566004022952,24.725303352276452,75.87116246556593
6138,50.14324856933807,8398.95527191685,48.78751051001804,656.3541633701008
6139,61.36214715266106,3095.5534013176048,37.80366825450142,63.67676349893512
6140,198.64806179981144,61852.0491224348,204.0576861321211,50692.4336210461
6141,27.339350692711257,1547.4365439868711,7.469959513839755,21.877596608057413
6143,22.12056368739178,1498.2417421864066,37.26123533087628,122.00814449523675
6145,330.6422317599809,12905.225038070743,53.02364893743752,340.97684043352655
6148,63781360.91367136,63781360.91419854,1.6142992414929822,11.639407154139247
6150,8.182175795498939,373.0111275862029,9.215284766006615,36.55462194202116
6151,7.207519371100024,11.101397584063097,6.078048862795893,6.3696854221650385
6153,48.43490532623862,25559.30105827453,7.034131398079548,248.06551176088854
6155,46.30918318773742,26670.852451592233,7.133774489683121,245.38436491122582
6156,550.7898106875969,6331.967761213627,113.66278291462442,785.9282928491311
6157,102.85660055597485,6466.7328537310905,325.6277497288039,362.5101238104125
6159,63.50908792550945,1332.9780010971863,6.487738503640014,8.53188393589793
6160,51.859065342317,25740.073677912358,35.011201188749645,11920.302593801209
6161,35.15384036901139,18153.00368615004,21.24605122207927,3144.664884099577
6162,63781360.91367305,63781360.91496984,63781360.91367219,63781360.91412807
6164,72.25116233117959,7316.47798797553,22.688763509061296,108.38302352987601
6165,74.61177651865579,6426.499723021172,55.6844706558544,203.20514952446734
6169,39.16920627543197,9302.37385307244,37.12972054076154,274.91792401328354
6172,34.695798818812584,9600.570955704081,9.033745480762313,50.248594317489804
6173,28.325650715294692,5228.053690172174,12.642303154693307,43.08269477469714
6178,63781360.91367137,63781360.91367167,7.413223002062607,17.15260259001428
6179,1036.6988852362895,6682.765006876011,61.94323664370752,106.70004389858815
6182,22.21196414384508,926.8004427205329,12.786394350136929,148.4833929250888
6183,139.22259456615438,7180.763785125811,52.63426523406039,466.5121609697543
6184,125.41059491798468,8685.80435232236,200.03881442535283,1173.1592826839437
6185,63781360.913671464,63781360.913674116,3.4868564550882666,4.54732233070621
6186,518.3715847791433,11511.706660489588,523.0934820240518,11604.469764804884
6190,40.998722736244694,2734.2774456507104,42.48469469323335,3091.2892430639645
6192,263.9457586437878,8925.723307413542,171.09542822838813,2226.1974469159954
6193,80.3326850500307,2959.5503110700365,81.6815357103909,194.53212386239653
6194,216.6270163046742,101219.51095694255,218.74433012301463,104097.31772419852
6196,63781363.000006795,63781363.02229518,63781363.00000707,63781363.024278164
6199,63781360.91367334,63781361.01490271,16.73328549342465,315.6791111104354
6200,595.3692305841504,4281.432937824654,149.62043376831437,301.19433178092476
6201,9.411252570179995,301.98843498232486,6.602187760793398,15.984061500107412
6203,83.37774863594792,731.2713429553182,56.98523345610518,82.41975895841696
6205,117.94446766845684,8441.242616917769,11.66929153071342,54.21261067907971
6206,25.493212745637667,7813.962967971409,8.058302840523654,700.7943546374113
6208,78.76993964954748,4974.923844164278,34.73738157925965,122.13286334793071
6210,1759.825162034338,43009.40295148542,133.44685378965607,827.8293937405582
6211,30.812095316416013,3728.1630715805504,30.82347628851142,3758.591799873092
6212,76.13994130283385,1175.9161668514098,75.6311965966891,1133.552622453009
6213,1232.5733005437096,93577.26261197611,148.83614678408784,1536.5692955774339
6214,138.22126456707858,15087.970090606019,20.317494904918412,91.48976410909415
6216,33.89963534335992,3933.315072221997,28.97267235998437,118.1362547158293
6217,294.64755815394676,31919.733637054265,42.4303213131841,240.35856265667542
6218,53.25819273913959,10668.528394170897,71.5321729882084,833.2218719068526
6220,55.97307433509259,498.2982937520416,39.173773924199395,58.97634690261723
6221,259.9645741180673,21230.50085856571,29.42593997653209,472.20255266346925
6222,1007.7048648260076,6571.438085660605,75.16339838857799,118.81669846186978
6223,59.93811817315354,5070.998433010032,34.869610170102206,73.68318132682066
6226,179.44674611702874,18487.139452226023,7.892594130337768,28.69555138514992
6230,89.15308053220325,18255.63822275111,83.95631226729466,14471.374862067752
6232,478.8277564434605,95300.86658576906,88.21954483896818,14251.324391277481
6233,48.36908358755366,22793.444094941053,19.584035130435453,66.10952233546006
6235,161.05394997037436,22329.950865985662,98.02228384618338,447.9616284441053
6236,17167.541532679308,83191.7120518057,6163.6907249078,30369.145102013023
6237,24.006789525136906,1559.3448577667807,30.066959133220685,49.903914746447974
6238,256.7927754279836,26519.227502939302,22.64274155969181,193.34119845110283
6242,59.32400744485909,16651.437965253863,51.61223104297882,14495.86444345561
6244,63781363.00000368,63781363.446649574,3.4395861620412567,32.3605542597369
6246,51.342940430561164,25275.970950195635,34.54603107843111,11604.862944624232
6247,991.0727192089504,20860.927797910783,125.53883124053817,731.8757815316154
6248,63781363.00000015,63781363.00103034,63781363.00000005,63781363.0000032
6250,127.2812208401079,15718.757695967337,20.232810629090217,209.95489245035995
6251,11.0383566150692,6185.307070857534,5.7046900720346905,70.77929812494567
6252,459.56167933372006,2077.8199622350508,94.40707243309863,165.67053450454486
6253,553.8037567889239,33832.20730175256,567.9378617035114,34503.920724427546
6256,122.75855021916693,3455.4905509055234,43.29284763744428,801.5686791703524
6257,238.70425615691477,156462.1308220989,158.36887047669143,799.3376366439245
6259,28.834047050284976,1809.154861639304,22.917988508552185,440.8533931023214
6260,100.21284526684849,7426.68420015138,27.563616393468727,401.1718661610721
6261,63781363.00000138,63781363.05218778,4.701345271577876,26.25810995014536
6262,41.17235438311344,1304.9891249186403,128.25197045123184,145.39900513077708
6263,541.5530339994415,20623.201562247985,542.5029555207675,20649.819482183124
6264,136.82694575875468,16084.468467777006,136.14297446355934,16174.45288626261
6266,95.64615077302902,2928.1045013389535,76.27591487998251,385.02752964287214
6267,295.0897540463261,2318.5362609964545,59.07978304143478,122.12493346070676
6268,93.51175852283055,1780.0089510566654,69.0004721419671,135.50428704388437
6269,39.423368625671905,525.3468122333111,17.549734886582318,19.81293928999425
6271,33.945851926909455,63.44900546704966,19.806699813977612,23.230143905950793
6272,33.51105516234475,3803.233505343006,19.54245783814241,421.6372783196753
6273,740.112617619175,12203.939328069964,1872.3857235072248,4236.520598429296
6274,131.71001956385248,1042.996516004828,127.36609221125939,553.8271902325786
6275,83.79826312471522,4211.888121406065,9.357891529678266,91.05069179271044
6277,23.342564008359783,6326.367918474855,8.941159625714844,29.446773584646
6278,79.43598348098239,248.7192992567957,16.056454841420553,116.95787045001278
6279,85.53656082303908,6438.143678464415,11.715876314291943,73.70010301869772
6280,542.1074048427139,7378.04316873339,450.2817430770336,4732.825266440584
6281,63781360.913671404,63781360.91367375,9.1716896012054,48.49060794312099
6284,76.57127138742784,540.540804210537,22.13037718159177,27.388037009917376
6288,383.61232728334454,7532.032931725138,285.7621532496243,1377.6650881347973
6290,37.68482851428719,4084.1761972357313,30.31206794297979,3756.4670473365913
6291,32.85321532557455,2008.4007607952599,5.629404477842039,22.651661927641353
6292,321.9100290225479,3151.798542643551,199.5003163400794,1869.3398663564976
6293,373.5012978634395,1726.455402451262,373.58938423096964,1417.340483436143
6294,388.1580277142597,6090.393837408214,28.173255187273224,38.0190346053871
6296,526.2036585046881,2230.088303036871,368.161945860662,564.9592538174452
6297,19.208605563201484,423.3047367769828,5.821826857166738,8.095054789968431
6298,63781360.913671345,63781360.91367144,6.694237075927201,9.539059312848952
6304,222.95802172578513,4765.284215915128,41.06195927917897,67.08854976034684
6305,737.302091128906,7186.221828884599,737.2670327735135,7207.003378824429
6306,23.89078945550793,6058.957266011526,18.14429688993032,1133.2918190018995
6307,17.99126791015791,5568.402705711761,63781360.91367143,63781360.91374597
6309,69.82277165814256,10372.797644946624,17.48069794217076,46.40075224124015
6312,33.74818008459888,5525.98001329991,23.36614273399939,301.40858564243166
6313,37.409877240663874,17386.369412227767,6.620205259131934,88.75131270994638
6314,78.0160607567749,2782.3713341548996,35.1380997640331,40.60844994195669
6316,290.86549619739327,2581.741662090425,105.50064491090727,142.4073359995272
6318,275.3252729251721,31214.944708552586,27.03969087100583,792.5832729977333
6319,77.37813943392064,2426.8393225298955,46.13746186775613,157.71058757440107
6321,814.5213961404021,69005.94142393331,54.83743954276635,5693.010343298218
6322,79.23515368698413,13578.265338983323,39.82554394307972,2913.684765266654
6323,68.92057096495273,8354.886256866122,68.30904551545339,1596.9489357050604
6324,179.2899408662596,30398.30319791936,35.690918835551436,913.2320177170831
6326,63781360.91367142,63781360.91367264,63781360.91367136,63781360.91367137
6329,285.87921913933604,15419.693060843443,58.419076503719296,449.3537021015131
6330,35.44586914814563,4620.1060476148,27.436668277690977,132.91233120035244
6332,22.2136991538889,4093.944114586189,9.044578403765504,76.11618918710644
6334,397.43814704185223,2093.0986438758955,25.936203378244482,70.25868749182145
6337,1059.6364218261733,245676.29552387504,1080.3366356730596,244033.39764707634
6342,592.0056429065382,4213.717576276364,148.86226880333393,297.89754915921833
6345,55.678155256285294,29625.03931257219,8.146967357430967,272.132268647172
6347,352.1763958710501,8539.825321487677,15.184856300667867,149.87660470336013
6349,63781363.00000019,63781363.00032478,2.5566236392672255,14.929104368399724
6350,1251.6945609870738,6121.055606808562,20.519053061599433,761.6762506838261
6352,14.651324267421675,2887.3579593208674,3.90739296254545,45.561086428113676
6353,81.17756320407084,10530.273446065554,570.8882624323996,2291.5342937474725
6354,36.7393522863629,1441.8241126407763,14.943017052076588,52.837063990675404
6355,179.89471369899107,17315.216937509227,65.37591897525127,161.1989479169759
6356,19.031847649116095,3964.9161416486745,24.723239819143302,104.86372082565867
6357,91.53299132572023,4120.612395722415,35.053999108838724,98.15775119473622
6358,63781363.00021795,63781364.29911474,33.73594328490523,55.77457237805076
6362,77.40963516603216,247.8837379979445,24.8989975965459,31.75866978208747
6363,63781363.00000016,63781363.00017974,2.7587468260449057,18.909367977219613
6364,14.648243787650507,17.591324830087114,16.57268406520291,18.05978208824124
6365,91.62687151511594,11635.099179723857,94.71210895222647,444.8574052892132
6366,176.74368405240136,3318.385694578183,13.517141122411504,18.31825114104894
6369,693.0548521492062,4739.881439074221,31.707542217945434,43.666840439089526
6371,92.78539254618539,15293.65612515389,152.52978435452076,627.0732322168232
6372,63781360.91374319,63781360.916054904,58.868120333147665,171.30086806255989
6373,61.63965517351383,22226.7126708675,15.608443784514343,327.3151884366913
6374,450.7972025913554,7032.205477714806,13.511177212793289,23.514380490754778
6375,4521.024804914855,38696.99542578726,2932.8319913617156,25273.45115886589
6376,63781360.91367136,63781360.91400973,1.6392660249873827,18.154180170229925
6377,228.49411256720293,3419.6954656797307,14.226793726605054,55.23963113983267
6380,207.86341133895223,2005.0899611697662,22.41255125052968,229.93901116320686
6382,327.083479629795,23212.961665545314,150.13660370137504,11864.10666873796
6383,107.60131063374745,1958.188837658428,38.89714390951355,66.71020827640892
6384,71.9130253088857,9090.75853273073,39.91531340179206,309.47494701621775
6386,46.24072202551278,10443.825674346199,23.24226231459803,180.55084473302128
6388,57.45736365271992,369.0875452390054,24.102118070566366,52.65979153816155
6389,54.39402481430306,1662.9562637477818,6.5392496982000825,37.50638827877989
6392,18.835225607882954,6204.568149095351,63781360.91367146,63781360.91391217
6393,66.54645419309692,6869.210687194055,58.25312977018448,164.90545259785503
6394,14150.650765864795,84505.28927671592,10767.463166516824,64236.37334903426
6396,73.72948606185716,13664.042179387761,139.83991096611865,887.7725006575741
6397,51.85694479486319,825.3476470528312,23.018329085713596,124.67894725548672
6398,117.49842217440569,3092.9901167691287,94.39702298555046,264.1809730129117
6399,79.98785076756292,4141.4315227778825,30.382776884567797,115.2370423045297
6401,63781360.913671404,63781360.91367234,63781360.91367135,63781360.91367136
6403,63781363.00000012,63781363.00007891,3.176491792927335,21.58513585069571
6406,32.11544044052553,1571.4971863776018,10.710330214665543,22.64988371106902
6408,268.58596412491386,5409.987119645853,32.148195381812705,40.10757644378565
6409,51.55082690727446,1387.2531766338084,85.31031901598018,149.7821267085971
6411,254.97936999066494,20272.18259673074,12.938362702795322,43.97692869210402
6412,408.2507929311262,6291.9256514512035,351.5045994595161,473.94719899451525
6414,32.68019977181638,5216.583020437673,15.832516151579076,312.1190707356592
6415,160.13649700387268,26584.157247035688,207.16665923351545,8539.411501621014
6416,90.96914477310884,17275.679618672788,68.54793102874018,2077.2804908909507
6417,57.9892504214132,14816.188801089582,121.68144892579959,14671.889569458011
6420,45.548499095217146,14413.025835812914,41.439205704673654,9838.68018153551
6422,6426.374756023616,37632.64990407468,6420.415790576732,37598.2632732325
6423,25.793499996731448,189.2212377298218,10.311654204752243,12.388686879909754
6424,8.35259317782958,177.13690082678227,4.717656966707882,6.37831535401711
6426,424.26351444551716,6367.976077041792,23.52618122066111,25.0147387467842
6427,63781360.91367217,63781360.972727194,9.962138565453147,151.70262291969095
6431,12.457054350228002,93.9458841097182,8.483532079907592,9.561307694355568
6434,67.96424120530449,23468.777052288184,12.535000623924935,95.2256117630607
6435,464.09537456193306,2076.943388001242,69.88917145538976,175.00139855545206
6437,59.79930003173995,3078.8031144486627,17.430092978451754,83.75064304072701
6439,60.30476924210162,2750.390235741287,64.20306766134298,282.16503265979236
6440,64.12974684103305,4738.186284229735,46.094259932131564,216.65210221627538
6441,27.629104332444037,1456.870514764507,12.259850228292033,35.80171174066249
6442,110.0958162725591,2028.195001405341,72.2439219782929,894.0658966849097
6446,268.66865959234144,60847.041237279846,155.1645204675947,43398.48717564167
6447,46.93025360075166,885.2359999415054,8.752884371914472,31.73768828695937
6448,8.917129779034626,2566.831640696493,1.7876641389501102,8.803876434055606
6450,19.00852403770198,776.9731748431847,14.411451127091778,103.9315697534109
6451,131.9637813860963,19886.96727815298,19.049061536503192,280.7907699509985
6452,3096.265489124734,162788.8063841585,123.84238996755717,1629.8539172582175
6455,1154.2376364341858,349246.3390272604,63781363.00006847,63781376.98781637
6456,207.3818722315766,32934.99477518167,42.92971128538717,1359.0618737392847
6457,166.78917464095343,28792.925322770832,7.611724157028056,152.5650301609987
6458,122.02808639421322,9227.248569659154,17.070836133026447,34.14379431070171
6460,559.0260998028363,27938.447993587968,748.2741828492354,32726.143960013807
6461,89.92816553570171,13538.56611273081,58.38030213416654,6979.032076824997
6462,76.90705885058752,6008.607970555062,69.49476870130607,1573.9420633678578
6466,335.1374381043789,30143.797798648855,35.22494513276312,227.1371219549948
6467,1291.8638441697417,7032.111881851875,1291.8626905810129,7032.112360986535
6468,34.21932993659767,1413.760568221572,6.765602936038241,14.001575389600555
6469,104.41442252065589,38709.78920867514,416.8949818880751,11365.572672731616
6470,211.86262482892886,7683.32794208139,16.32189661356103,150.28089329697377
6471,63781363.033092365,63782448.90342126,63781363.00084139,63781382.24643617
6472,290.359527872408,3569.0508874992834,197.84410057656984,2055.6824251771327
6474,165.39414825620108,4209.429651422017,29.42921917459112,109.60735530428977
6475,50.69992204930111,6299.652185714511,17.714370782194965,68.22933029974651
6478,13344.171115229983,51284.04512765185,5606.490071745495,21416.352959045464
6479,1249.181750179881,95659.53859440557,53.892806248878195,953.9183146521855
6481,91.47704768639291,6250.199734166847,36.68444932127602,2696.098761320847
6482,41539.229256665734,344104.65617805754,17284.144026597456,143307.9460054137
6484,136.14900598871267,1413.4371975940098,95.05793748325782,198.171985597733
6485,142.07482334380802,9191.913862769183,56.35764052610977,874.0522934938001
6489,8.781453545603432,96.62942467078445,7.913916322063612,16.785834589641237
6490,491.8757612863099,3636.7301091162744,488.4986892450898,3807.482117157598
6491,3050.829595820841,104984.15356032152,701.1654383284338,14123.673976046131
6492,10.81916105005369,83.77825047752945,63781360.91367135,63781360.91367136
6493,901.0394812832094,22811.784793267387,89.72197070373356,127.08843055638965
6495,108.6999136648658,34763.68560551127,16.085760520455644,917.3950568153354
6497,34.82725110911637,773.5816376076884,16.064511889512332,95.4989395697347
6498,64.9120735072875,1900.7718534612222,12.378687825676735,39.922166782961824
6500,109.96221367393049,7526.22707104633,18.53340789608283,107.46096110889496
6501,67.32734428545884,779.060144118428,11.882967895532667,14.06394627237832
6502,139.15003865413618,4048.9637546117,45.388884289220925,188.00407916483206
6503,198.00831714751465,56234.53943067254,106.7514474708239,24206.59447250712
6504,34.50834503550375,17517.10111361181,20.07704898220852,2764.3564687036837
6505,8.988631695742036,67.96872528495217,8.231489837228306,17.188940070517777
6506,13.016885846688908,311.47914586618344,13.58705361809326,75.3156315589495
6507,18.674146380943135,6043.010708045077,63781360.91367145,63781360.913854726
6509,384.11131259371575,44726.81103380381,49.77242557785158,437.7795694883407
6510,20.65442756576085,2076.996936495703,4.828764174450048,11.911033672120523
6511,186.41657662714047,10661.369628548477,197.38569769230307,7599.814551114496
6512,56.53846538339103,350.8590873405134,54.38905853170893,151.81102936427052
6513,72.17407424330662,4686.306468748508,69.18525892035996,2381.3417256350276
6514,370.6150074482529,6236.516862031445,165.9345012182642,647.7264412639697
6520,27.022500319976114,5119.405623535849,25.73972327909458,616.5355771660134
6521,25138.218530937218,4036774.9401695197,25163.356811598544,4027418.0048490493
6522,126.25750594234908,4064.174547532244,49.37492538233479,198.56293450451366
6523,156.10132809200093,29153.62546294221,15.89947470188588,759.5834899753187
6524,105.93812768290869,5283.266985982246,46.59419021072165,1368.8271148838937
6525,12.098108171920002,78.62159625673169,63781360.91367136,63781360.91367136
6526,92.14236289252851,3639.157171157177,61.5390871651401,177.68882686932196
6527,49.7651852222899,601.5540796014393,40.12026917961991,42.41112986001086
6531,166.28024842521094,4616.577959755834,53.64326273587381,77.5659347115433
6532,32.45668513626614,8718.109893652083,34.79893213035117,8720.769704894283
6533,63781363.00006496,63781381.236395024,63781363.000478335,63781369.750328705
6534,71.31321229584465,17326.273542257106,25.960398470014294,648.9014069819679
6535,91.07744149283235,1563.3642341867217,91.13611103098752,1713.635046289609
6536,18.332496939586026,403.9245401325051,6.327042831399513,7.728474773224368
6541,63781360.91367145,63781360.913673624,63781360.91367135,63781360.91367136
6542,122.91236977415761,3722.1126377845544,42.3866128108117,47.96532004137194
6543,537.1314760882105,79003.20646496533,550.9706401794048,57144.56356634356
6544,58.18085542145325,824.6503072979663,17.96780899701866,40.91201941426271
6545,230.05335862894606,10878.632933149982,163.69994180529335,2257.3473746207555
6548,170.8824047131439,1221.6288752677274,126.72369186409423,814.7366805793806
6550,412.7084367258253,9736.512658369777,412.7564505169124,10017.24442282739
6552,84.40039439382188,711.3090951839743,65.65974976844811,87.72886462642859
6553,115.21042460328344,5067.102846942628,28.965939763740405,259.8049196585725
6555,47.32729356033265,10520.980370183499,30.66826423097014,183.8882286041506
6556,186.54610125397883,31739.35137871254,323.39544543540546,2639.876910093819
6557,80.06879293525998,9670.249929557653,38.13026036882026,844.943824278569
6558,278.41731666539044,38797.43473126975,15.025791266243223,59.27834586421125
6560,72.5802303352218,18013.358397555014,14.552619718847247,75.54751752760394
6563,74.35813105110427,21864.41237916884,45.65869298570079,10255.644603145183
6566,1262.7073989450628,442944.05049157195,491.8835503093136,89044.87452566935
6567,1147.6283404224373,124097.80299653306,432.7652520536206,802.0797608343781
6568,63781360.913671374,63781360.914243184,1.6195517289540666,13.229975455100712
6572,452.2677854319732,14720.143305109697,64.47958248278783,358.355680428675
6575,63.61895366851387,6847.538410899571,63.55545080199116,6811.597375260046
6576,613.6757569387944,281576.8165654412,453.6734682488617,180453.8256961251
6577,117.64727935391804,5000.370292516554,16.722202524013756,92.07099591495869
6579,63781363.00014073,63781363.10420117,98.30075442216678,337.28980808064904
6581,44.64568871267421,1120.3408892369055,44.05071691688429,1085.7686086416288
6584,1947.6412227728686,1124857.9653897842,2015.4497121661861,1125609.5438223146
6585,96.85336887625213,9808.274414972142,27.26700487360694,88.93613073020907
6587,44.61223058320184,22375.222173479073,26.326428490657978,8650.914994332385
6588,150.95262732397018,3684.3317871167533,29.533654525625057,99.99951055965845
6589,49.927550874044286,26440.154999174334,7.439888306500646,322.51095587099326
6590,85.80094097992345,21725.69639291335,82.85418603285281,647.3241338651004
6591,378.3121339385841,49464.49837144212,167.94724542512503,16786.517563330166
6592,126.82490279217457,10074.137113910603,15.053315516693363,198.17684902315645
6595,14.837011543213855,17.322495928902807,13.374942594731438,16.125915169417993
6599,120.51106122288157,2242.8307423037495,21.349054021327078,159.08237727538682
6600,496.9718202146047,5881.342445182258,21.62724774581689,28.786309718054635
6604,63781363.000000045,63781363.00000013,63781363.000000045,63781363.00000005
6605,253.31723189699085,164841.09529339423,234.64982217375027,30468.509164853138
6606,140.06423734444812,20033.526536475907,9.99579206254245,125.60068721626129
6607,154.2622449158471,7653.361981486616,154.5152316814696,7684.142853687275
6608,198.1902784164812,4508.666443460502,99.32292941083548,334.245880818324
6609,5.133536410876424,92.05998271094839,63781360.913671404,63781360.913671434
6610,59.29633399922787,1500.523689356728,212.8047792901473,3196.0448966608847
6612,151.15900999714066,7621.802653402152,29.01661412626445,378.0110728577239
6613,71.69462627643591,2778.801223545112,73.54427955482942,3107.1620191923253
6614,101.13779737866342,4502.097920798127,93.53736455905768,3843.322818549313
6615,154.1963368411017,5382.68426309919,205.4929825848863,231.08801744655554
6616,97.00407645395306,2275.936174247969,11.87779300597105,31.340039023963502
6617,19.423561605682462,4525.660254587709,10.993811358656744,44.248255375942804
6618,469.97327750501137,78093.96789533917,361.9030540314523,48526.525509561136
6619,216.64241797921522,38952.05284804624,31.703528152120306,196.41280431323986
6620,126.51679825702622,5667.694243434869,32.61478235283029,146.00461149816798
6623,144.72914755985832,33113.802059277215,147.1792951145285,8503.308588949296
6624,378.8912941931706,5733.9177996988365,239.8917725003496,312.00618782971696
6626,41.298986625273486,491.4548656004839,13.270100319983426,35.37059849538738
6627,64.5866584790107,6293.319083213881,15.933289746508217,30.033913103687286
6628,266.94192333765864,65571.91082700323,63781360.91367384,63781361.259964176
6629,8.15793924420764,173.9833909842647,6.026078046575919,16.37501061171762
6631,13.507403331455274,325.1462423316437,7.276011127003725,14.242223271878862
6632,63781360.9136733,63781361.03513242,5.205205713099143,41.286759141483024
6633,114.38814832446562,783.1503171750262,103.79893157556678,251.86083363602376
6634,386.67352937846323,12942.727383512014,387.4204393143411,12996.775466642981
6635,217.24427922925847,350.86747769915803,102.54174816679298,431.2581103724817
6637,238.12475280153342,30063.151536521305,261.03649957262115,420.1608882003228
6639,114.2616294129907,8900.194607442312,115.92241940655023,9054.63283005953
6642,59.17261403187291,20397.636048116263,73.88747724509639,7308.217975078078
6643,292.4885708819672,11407.516791313368,352.17509565299315,5062.906306103294
6644,1156.7016786150373,378843.0715853151,949.7637836233307,236267.5314752138
6645,184.69888719986432,36579.59896200715,53.84425193701784,2668.6267251946447
6646,1463.1225494617283,29774.2256078227,43.864585223683044,432.6606506608139
6648,96.19699968656057,28637.09390396972,41.29762842512268,101.46388150456882
6649,63781363.000070855,63781383.670830585,63781363.000066966,63781382.32025071
6650,15.264587283423728,652.7606189319432,4.460616186712809,27.544047062503722
6651,1616.8408721949554,44934.261332059126,1593.6739882299498,45302.75354970705
6652,63781363.000694625,63781397.51827022,34.17195822451056,158.7166218622526
6653,19.817038847081708,9052.054569787791,36.2605023682516,9217.821917379768
6654,232.36358563486812,24609.727121590895,236.00518019551956,25162.11160748022
6655,185.81014151116278,26662.59263533645,49.65915695791443,148.30698272061906
6657,1198.1148769217555,105010.13231862265,801.00636209315,61120.42603017724
6659,63781360.913672276,63781360.95701815,5.035557706087675,76.09628060442925
6661,36.365957545503406,2509.5659242088705,11.201978559967632,27.007655000092058
6662,2221.127329476401,457339.02090723277,2257.1663090911775,366954.2616129203
6663,147.73943976884104,28922.523723840026,80.86444754277497,149.47468558546
6664,51.86954191920967,4748.789338843956,55.34553885664723,247.95660299666352
6665,121.2149339434867,5823.12721987772,50.41992125339178,59.18283284021022
6666,52819.38142335544,181095.57396958338,15690.163727528947,53760.347130926144
6668,17.95711983791577,372.30227087048587,6.592263288352298,7.4753380761411625
6669,12.26985999354805,322.03757167014396,3.926456545570923,4.409480491513506
6670,28.6573795539371,224.11780707363508,4.753755194371628,5.673786648432669
6672,478.9793103519386,6682.748802496875,69.90855779575774,374.5813136192848
6676,16.21154100088195,11595.883750170853,8.246783619346738,1757.514310495066
6677,107.34715188727719,1287.163250239622,40.97846033756398,284.1731249985056
6678,7.344861764906278,20.411228530825568,6.984850873563926,7.064396657505269
6680,36.481748720678084,6471.868399079765,20.400028119197817,828.0305256625153
6681,63781363.00000178,63781363.000417545,5.2318471313221675,5.689516911359226
6682,63781363.00036306,63781365.03857483,16.008019222444773,90.07958048050213
6684,1734.9052518447493,91211.27401688299,1587.8248683680843,84765.07585368675
6686,137.6345946194132,2941.5481741433687,185.49961363554263,2206.923791103199
6687,68.82086658572463,3162.765311843716,95.78945355760825,1049.8167647075577
6688,33.29268614089584,1616.823516024199,24.26851026350433,162.18221920617268
6690,73.69422691143936,3785.4803433144507,27.865842232346576,1143.290285408947
6691,84.93070921272974,13308.225208532054,92.58760927695748,569.2518091489939
6692,54.463484780809054,2323.211108717926,11.52246848786217,19.21134863664818
6693,22.936839642475356,64.88937453760646,21.148961907759016,30.355864265780113
6694,8.270819424346397,254.1183978930344,5.722125712393236,7.16201798935228
6695,463.3104214468931,30194.051585437148,73.9870563991218,1888.2768267162235
6696,32.87803757533822,6087.075376808572,24.25213509805357,3253.3684031207254
6697,352.41244403921564,16913.33078937541,30.10258182639845,108.7738768285835
6700,63781363.00000016,63781363.0001358,2.9281364604492754,11.554063944605865
6701,358.6074790490204,49646.36305554269,28.96376453841393,8444.702912626559
6703,672.284289349072,11498.335941216275,672.3820377819104,12536.691374111353
6705,51.222797833579556,814.1406001283711,39.99575010368851,120.29642799835655
6706,243.37503813743433,23324.296849673843,120.13058572790737,9884.291877349518
6711,684.016793894952,12976.765133164541,755.2387301402422,14449.075606008584
6712,38.332479598877164,738.9136398531241,21.027436761698645,39.21905513529142
6715,38.16322463640488,162.4473642659707,38.1594039618647,162.0617264216994
6716,34.26149837331777,3871.641167479793,37.02378035969267,63.75333822249528
6717,57.85791338404265,4206.856264539904,11.48312904331171,192.5515693872998
6718,12.482892255174095,450.6887130035781,6.2318196168499185,14.692830543405066
6720,452.432608524094,18650.53161360667,124.60293398058064,6728.222461220279
6721,191.56142639092565,3274.801363604323,52.14710848269531,84.16880164762048
6723,839.1310110332709,12086.516377888336,344.784833601205,2627.8643270866546
6724,929.5421945240591,48579.548359701934,954.5343016870673,50046.8143744275
6725,347.532517949796,27584.220353491008,20.249733675132195,616.3657346898298
6729,23.277769043986122,490.4768815957216,23.58690607025721,107.11538096956005
6730,97.68877183738206,4436.826437844689,18.878899705778103,103.82573578922178
6731,100.80545317218154,15033.953000659983,55.86008431035801,1057.3211665837878
6733,86.66808994267966,2798.5965449206055,27.574088904111363,725.3449873025407
6737,47.07149658122527,23410.980015946254,6.273377839845603,117.7943914940637
6738,17.916403451116274,142.55279055076002,15.191417029473165,39.33861807724105
6739,90.15178148369476,10682.618117379976,49.43336114076373,442.5913359066654
6740,993.284157505497,68827.29298055364,74.52220225128362,1452.6869610697963
6741,8799.076065748592,35545.90590519075,63.4344363880455,466.70098894971113
6742,63781360.913671345,63781360.91367323,63781360.913671345,63781360.91367323
6744,25251.814833898934,111884.2451506033,15236.180215241497,67796.92630395408
6745,42.74747780730041,4382.503548979868,21.057416367716037,222.16090304601224
6746,117.53619703571924,17684.917187064966,22.359215791476068,88.99887434299593
6748,3409.780793312029,84118.1251093701,2127.892528246471,41247.86804708755
6750,41.11600975196094,5819.002119696326,18.71230639440218,379.0977158396592
6752,3339.223208768829,15576.617977066815,3518.2396678482787,16197.725882543513
6753,6856.199025802635,20588.219572036112,3196.8584212413243,9696.65253227177
6754,50.21758636113218,26885.436403095555,7.700084515138244,364.9854476517745
6758,29.072439427210195,10286.196764873706,68.12548844546457,83.90591494115
6759,63781363.000536226,63781366.20849984,63781363.00032182,63781363.095563784
6760,41.73110331139304,1527.8903632979586,22.88220960994942,51.01731748549591
6761,119.59843282259132,9918.804222374058,37.244830548615724,191.69568786235126
6762,269.20197667240274,13471.03994582653,24.78315099217915,33.46287354320328
6763,5918.340872413437,37321.28117776284,838.4863496793764,5312.242268760234
6764,2863.3830273689155,96339.81271484774,2054.3119901457094,72984.96098263196
6765,21.33665064774063,7661.405933710148,8.311092220128694,57.61127245334131
6766,63781363.00015811,63781363.182075754,23.236278177746183,34.163779943017644
6767,639.6843061636235,13525.858456588603,353.0714664716526,3756.6057571482675
6768,143.12526112946125,565.8773575403472,142.4924234829099,502.1601809031631
6769,127.96645393365736,8329.785946798238,78.33391838332327,2852.604962372014
6771,80.03397104651029,3246.5305211001214,45.311430947175936,581.9990952459505
6772,44.16492848269759,3685.5644920290347,20.21422558741411,83.35613428587712
6773,40.498427421767936,18918.826361008763,23.14637641457497,6655.5129682259985
6774,54.466924597601874,186.51043931446625,24.643427137480238,78.51305462965338
6777,1260.0586300881912,55130.94865211569,217.59091559356986,2978.1104610191796
6778,1013.7582048937064,13244.945018768005,1019.8935467412709,13540.073627652378
6779,138.91959933293828,3087.496184754812,149.71672502133688,3222.3026568465357
6780,37.25469557950919,2469.873161649712,28.867689795637315,1266.63162950356
6782,77.44866214847436,26039.026839446316,22.170239863200862,246.22864466688745
6785,1205.3862009014379,9588.750913818076,1205.3957244388796,10164.060266352002
6786,148.80105131138862,59692.46948007486,12.866555471973545,443.32213615993317
6787,115254.69459929636,616924.9331377515,18166.443751276736,97149.29072317488
6788,442.0775478863588,4383.703125942467,24.89025152395385,215.16399796172217
6789,197.67666025288426,8879.087729225253,51.236162751118975,493.9991334812138
6790,33.33905649127151,1686.8107254952217,19.465644412291603,64.79758630660338
6792,223.632582882415,3830.132893728084,222.15001987952758,2525.643457181121
6793,140.5401133795438,20385.22247062752,61.164376258317546,6021.620576617193
6794,54.38280096646143,2096.0975586205172,30.467103929886427,154.570857972686
6795,63781360.9136714,63781360.91371012,63781360.91367135,63781360.91367358
6796,72.80234062707238,263.4119939573578,92.24354716953877,242.86819932775748
6800,63781363.00044243,63781379.01628566,45.571589125095834,1223.1071515642186
6802,221.61457032920913,25730.394665084772,30.653420961154296,85.2266281703233
6804,75.65029946274305,5388.141749197248,76.48223999403479,5550.045910550239
6805,395.77242418558546,2757.94752732625,57.95049898023985,231.89233584086935
6806,63781360.91367217,63781360.91373113,63781360.91367137,63781360.91367169
6808,63781363.0000525,63781375.07656799,195.8652047293898,886.7348363351774
6810,69.98031467281166,5554.499268638223,26.16855044764328,597.0549839741125
6812,18.54182127670036,131.2907874842384,22.784797058850643,70.71519654614325
6813,401.85222712016446,10423.89098027558,69.54471981462423,984.2153205932035
6814,63781363.00000015,63781363.000931375,63781363.00000004,63781363.00000247
6816,1136.1317347775384,373734.4910820106,653.1636057543722,139642.3327796829
6817,72.07949867783115,2331.6364018523623,6.592458922002559,24.69388422650763
6818,670.1960753528479,4917.612366237006,26.6316552471253,28.091979374227382
6819,17.565495307841058,277.3863064189118,6.774231327747973,13.457143950825046
6820,32.17604404254993,214.60851558038573,35.593305587223504,38.831447143493754
6821,58.9032449384894,2835.1678259830587,13.53913423461889,21.175872796883702
6826,96.69808015346716,4306.587204244783,49.4273019288932,807.8551536367602
6827,15.307481814703868,18916.63022540187,12.442396767698776,62.43192694546163
6828,34.558005190603204,21416.573697042208,7.371438841303862,162.29979165397106
6832,76.74286182578687,697.8339223565596,32.56454596613622,1821.980139294186
6833,63781360.91367136,63781360.91398043,1.8445964466413065,33.08201593749446
6834,94.23942171824619,3358.0014482216116,12.262657989996434,21.437845145496187
6836,1294.6626023355645,7229.808755053073,1294.6614440261826,7229.809146753051
6837,57.92161228772845,1679.0280582111566,11.866071391313522,35.4213982551638
6839,40.414262717245,64.4938739745453,53.656044829602045,115.09894518018635
6841,113.42695496324012,15866.423203787812,72.28859690811032,12029.43516502757
6842,6448.674544736464,53038.58180251867,5333.755591833838,44292.843839530884
6845,393.19131204777625,7325.370912449742,227.7939653121279,532.8790252047136
6846,77.86760469476319,1382.4273539919368,13.965314031630408,23.47137905004659
6848,122.65456472786367,4232.988764729586,35.67254363687231,179.76848577158714
6849,673.9583837198963,200925.67135282897,74.80832564417048,13425.552795709498
6851,35.77970416645572,18474.065229042077,21.889996672236865,3343.5413749555623
6854,63781360.91367135,63781360.91367163,7.292733963318403,15.65559796312099
6857,1315.589325162123,3271.4431639119407,1315.8924090124453,3395.6347118666376
6858,45.852822965634694,23185.23421522784,27.200250637449106,9130.266826128696
6859,51.236545523242945,11015.129066306972,6.4006317719719465,423.5281654081031
6860,71.3031506660343,4980.601093811616,17.056656221123035,27.31581740774655
6861,21.01257895638196,240.86011104894217,8.673602990820488,15.470988513146171
6862,63781363.000002936,63781363.294767275,4.395306767885414,18.402982127081515
6864,78.15838038948681,6916.886015943431,24.989302828498506,535.6907492840841
6865,342.326523044904,3034.603543584141,342.39002232999036,3071.777853653319
6866,80.91798082873505,1434.9582264630408,25.538831315457305,36.37698912883223
6869,24.595784366952998,3161.539334793737,12.22927374672549,108.31819905050075
6873,14.368992324711998,369.08638185016207,5.902843004440309,31.894052166754133
6875,190.97622370353974,3013.605015335611,54.23784609651891,966.3780589193731
6876,516.1214177199489,22093.310045937684,516.9006719362493,22206.459309810984
6877,89.29101588193697,3168.49257799334,46.822592672817365,227.79334107447863
6878,159.73755047521382,57351.5775987211,164.6950890546929,50645.218322868335
6880,79.89341858559683,483.8980348454744,101.70437580691268,464.34006007064
6881,1289.1808692678655,6835.548922394993,1289.1797201240545,6835.549488440792
6882,26.64009499108888,2031.2595154756086,5.7772743800529796,39.196539879441865
6884,528.4471899835765,22246.178296899696,53.644738832925306,480.0756860059463
6886,38.171534106647535,7295.3017104556275,1.6319453028276596,17.992362025712442
6887,310.36606677830633,46162.61061014914,311.3052702278752,46376.69344553319
6889,3609.715304091846,91321.26815321055,2580.8206279827805,57728.02767346439
6890,197.21278172802315,1002.6657619548934,12.850853752408426,57.73312776622484
6892,349.6182494482225,45981.327247497655,34.82291741937884,199.98117195417402
6896,599.9434848912957,22087.257515735124,606.9025027613756,22328.529791560817
6897,274.0095660780082,3148.341519161563,27.7161113590493,40.30142502388375
6900,60.216241993822045,15890.78063381824,7.469863327692114,43.03728458408425
6901,228.25730376063783,11842.195167208924,889.1277450024567,2761.2574468438925
6903,148.985498566804,5801.1214760346,121.1751631272222,431.0996861374155
6905,334.2711758318932,38475.52317752032,24.27430442367411,171.9739414480146
6906,111.57498620135709,18469.442954505575,127.67942712819196,16002.838851269922
6909,7.906156005206571,183.51761566805277,4.787239926359458,6.247063729116006
6910,17152.083028345325,40885.92872477011,9127.40173988833,23103.677250558147
6911,655.424272640977,6092.40603633429,655.3782172715913,6063.742004789937
6914,63781363.00000029,63781363.0002644,63781363.00000016,63781363.00003505
6915,9.4638080653108,250.7030330597703,5.687572178399744,10.35130808670746
6916,59.00314712442353,2583.8718354630255,24.036482670370233,136.74581978858123
6917,27.61194395555303,6816.75303119202,3.9059565181562257,19.132129713632263
6919,37.07663814407235,17045.36241578389,6.511683561658549,77.20345864045424
6920,491.11785933136053,43873.17655276595,61.5657242645637,3775.5812141939655
6921,578.1626479947272,18778.624668543798,578.0385928373042,18765.308732137397
6922,97.60475692260553,6567.300519922651,24.83534125476051,264.13629044186524
6923,51.86413340321422,28416.72607341024,25.459096682566777,5590.759250264746
6924,432.87471878726865,14101.369623016632,138.27201980207505,4103.242295111545
6927,65.88254365205978,6720.310192846688,33.383704865301546,245.34911738208433
6928,103.97611853792156,7453.14482882061,99.08579571621023,7072.716045517386
6929,58.67657137568415,9310.088806021897,12.414748791311034,70.41221644996816
6932,480.2889237205759,197057.88361100334,473.6248619715917,198311.5640020164
6933,843.4365333522147,344075.79743957275,813.2022021829089,311287.81122597004
6934,233.34249502534342,3687.723897310223,24.38433760638607,54.25006202455322
6936,174.7708148093234,951.1258983353748,11.288968632386865,40.98695482449597
6937,196.74458444109501,17960.058325295246,55.2155054611372,703.2767815711954
6938,196.0860901708972,1986.1004749941008,196.03465534504622,1983.1006893409433
6939,42.37229747444769,593.4214786390451,56.08056680510928,117.69644242123233
6940,103.96100170752698,12355.025707405408,72.98532945149681,9731.578357402967
6942,54.03578640447316,7257.48192361148,17.057281630472012,81.84944381583338
6944,1764.1809873744041,1238248.0493214158,1748.0461146688808,1236871.133564467
6947,28.741546187799415,658.9624809903356,15.00341487219059,22.82349331649128
6948,3924.8489204951375,610841.1164938079,4115.726227350512,615259.6353421865
6949,367.8622389323024,170737.7778436262,178.1341299515376,2908.8892185676755
6952,63781363.000000395,63781363.000968166,63781363.00000028,63781363.000442065
6953,74.13867937676663,18865.04265323952,32.95478084812362,347.1904052272218
6954,63781363.00005181,63781373.92427508,196.8015647248947,810.0052600683055
6956,734.5049266232234,116972.88966321919,727.2483296777087,102660.44401771878
6957,55.678155255547395,29625.23477965881,8.14696706062147,272.1340864279248
6958,681.8197909867952,4724.758395360522,689.7898853647755,2768.9880251535296
6959,43.75880677507915,600.848800949585,42.8783549188771,513.603927670884
6960,77.48833826208623,5112.365855350444,29.878142759321378,47.31351724364018
6962,67238.04095643912,2759070.348633472,38607.95858490536,1547908.0307104865
6964,292.65958195015486,28611.58615666964,61.03593954534939,536.7032877060511
6969,133.16000611705127,4673.602742157039,37.21182589384511,199.0238005757278
6971,103.79043570304526,11520.283246547404,52.839228309444366,2179.0091649789942
6972,55.208696833473596,4164.271344021957,56.8256163510974,4412.75635373168
6973,970.2062560828599,41267.09113809695,63781363.00144807,63781364.50066907
6974,132.96201827829347,32595.36993518508,132.51651984450598,32045.786643206768
6976,12.548597318179125,2876.8443771539287,4.434333309629349,25.16060509071454
6979,310.67695562244336,27350.85200680728,120.57616095591267,6410.867750311848
6980,84.19145459828802,3064.321319693462,78.64256570781947,2971.3239474709676
6983,16.68143739291242,618.7129680162672,3.1050116945059054,3.2300551206872905
6984,63781360.91367143,63781360.91367308,63781360.913671345,63781360.913671345
6985,11.853196293824606,3008.461010478238,3.680828242309166,26.383206970801933
6988,35.308648757684246,2777.171778784485,11.49918039019479,70.2735384758936
6989,21.574866416340537,1152.9094920085633,7.979147789903096,19.07933045794544
6991,104.1236229611992,12281.701161062949,21.459979875092955,117.65426250528037
6992,174.63940050398764,10662.715081529343,17.604237295544827,68.36148637652205
6993,63781363.00000162,63781363.003233455,8.495377777345217,14.875237302328713
6995,63781360.91369934,63781361.09070001,25.864147014670504,232.93175172693805
6997,63781363.00000004,63781363.00000023,3.7097181847049523,6.038763322502431
7000,161.6005337208008,3673.2466758473647,14.901184087708634,17.35427055479227
7001,73.49132495708699,2400.3554776312426,19.784498117479217,82.23211274226439
7005,207.50355068771947,2079.9805820214324,63781363.00000153,63781363.00001622
7006,1254.65534084157,4917.416428668939,1215.9815562395713,2736.5883480418415
7007,214.63947008066341,54445.33308868393,211.862800431907,47057.190110601645
7010,192.53407935009272,5365.114120983758,36.341751512766145,313.06634095926375
7011,55.55311557671831,7559.194003627184,23.41173649608144,348.81526265857764
7012,14.471840080027837,879.7603731067971,6.065420808674106,61.09723738086881
7013,48.951000572673486,6358.937091826416,16.473114296329758,68.2771786491373
7016,41.39551946887206,5696.840521123189,28.8364254289661,454.13620441369994
7020,239.198708828399,11909.1383486883,219.2678788433323,6907.537439169935
7022,19.94262551058602,2398.8161139314298,6.872598392531266,13.38589043677236
7024,84.19870927918683,8965.408960298659,55.135901723453415,5962.036516421527
7025,325.68419888250975,3911.5930219582706,325.525527895217,3504.7466977410445
7026,88.91846753114328,1205.4475925672714,18.804979494749457,34.586179023636234
7027,21.768435515409198,109.51212702546151,14.551249284836386,60.40921880260693
7028,1392.7098044723643,575264.9612392541,1184.6177074670807,332684.0748083834
7029,310.4250702904818,2376.844279660331,11.985158362861373,29.88275699756377
7030,112.7375963342133,8172.151066670836,112.49064653579663,7940.834356305545
7031,19.24441716659148,10382.576340415078,10.307521374048763,43.74264543381917
7035,438.91360572257224,9025.067175538346,141.41990454008504,723.45501144052
7039,51.125811895437955,3911.701412861885,24.43393365888564,122.13448705826865
7040,73.24779077835544,2172.1176707235436,21.62353626661615,144.86137461494155
7042,43.81469526280539,21976.29125832796,25.828641306976845,8416.466156844495
7044,63781360.913671486,63781360.913675554,3.768546965752521,4.094051936334444
7045,48.440193298710454,3278.81311968736,21.42473407584442,108.14415818077478
7046,175.9466595170556,33384.14882407059,26.823401484507173,213.3465688629128
7047,76.58163067225489,4022.8900702997335,45.548777059011584,570.2028237629277
7048,692.2488309358091,73807.04529144151,31.68944176117449,559.148111242952
7050,25.27914715207515,5676.677067897068,12.907689674069701,113.61124116101233
7051,193.15235950841682,33506.66926112973,36.19307081500462,573.824641556862
7053,146.5051842063957,1098.3803717015458,29.32666185970588,336.2507993376645
7054,19.278140170582333,6699.703811394612,63781360.91367147,63781360.91417577
7055,66.36137679759038,696.2256564567824,92.63227183046743,4918.396939944395
7056,109.22271584589008,661.894336124862,117.31633546440823,493.3109473292302
7057,20.536083137921064,2743.992045609097,17.905028673479855,1155.6104635027732
7058,50.43287356553291,27609.61514155218,40.32721749051453,296.6567942071382
7059,121.72414872496488,2379.2842479834217,100.72722064434616,989.0695415918801
7060,91.22528093037087,1668.1013727208226,112.21096688097403,190.13082366387258
7063,42.016363073077564,498.07936303569005,7.939550806848787,12.621269977023605
7065,45.66097139001603,3499.355137815243,25.654948272258,475.32886840448936
7068,150.53784852180596,555.973854167414,64.80440405846292,412.22581064760175
7069,31.812366076312607,1788.6217973045896,24.07921938650585,29.682205478889863
7070,14.232864691319568,66.47359346330167,9.029566721856702,23.035889855123106
7071,1887.2021788147551,4817.284634473782,1888.134425062778,4880.58449082704
7072,140.921683332424,3387.3121512997627,104.24119373724116,356.0864723753919
7073,76.90040944184682,31433.87569112877,3.1611611800841906,47.13270393091628
7075,63781360.91367137,63781360.914339766,1.621859466662571,8.441224398455237
7076,67.07095196937095,12289.610913996132,67.9294571994947,8524.99252061461
7077,374.54457381953995,4620.049916770276,57.53173523123262,169.40866619697192
7078,15.612500051353669,6161.20531816326,63781360.91367145,63781360.913886294
7079,303.9596712049164,10224.639548802068,61.108339609897186,385.7099104280448
7081,50.69833664915184,1345.9584369368588,22.013399153650862,44.315275458428175
7082,447.7030510099169,6912.969260439031,54.955461878299424,157.71857299203538
7083,43.48141726370411,2027.4352374337948,14.103031665201076,72.77937618862447
7086,63781363.00000014,63781363.000000276,63781363.00000007,63781363.00000007
7087,22.641716324363465,9786.395552823733,63781360.913671404,63781360.91368154
7089,40.98711557338552,484.43757892644163,26.666263740281636,27.205917605592393
7094,78.65461667666338,13299.46844184144,75.57298339991978,10955.847847680237
7095,54.36580366249693,10350.953047362256,3.823415076070235,48.566414518940164
7097,18.650414220885914,1052.4152386933329,10.569697048208015,84.25865776419899
7098,118.29486617760664,5367.4441916043315,11.873018551333791,22.31723413252128
7099,57.24574151207342,6479.06552139519,9.558209181747179,90.0140358454418
7100,27.598685977727733,1190.2668522945498,10.019702673312283,21.694486541850534
7102,92.2914340613274,3321.4165255892535,12.030863240654782,19.1004568472226
7105,110.6095367439879,1602.0212321097067,70.74689336789184,824.0344785026521
7106,254.66323003579626,9246.147605298567,13.005623853042584,80.5611981889032
7107,305.3561036339695,24818.990386048183,203.62119382219768,12968.300159995026
7108,23.967446896927516,6058.572856201065,7.740733964792618,36.56599118256854
7109,364.1770523340558,1950.7755711075613,270.77787555729185,885.095380395432
7111,54.45918289222324,5048.975036312633,21.981348978871605,964.9105552201395
7112,95.98025521714472,28461.248329947426,12.473371016265249,164.6343703182619
7113,14.085235143791103,4480.087314232112,63781360.91367142,63781360.91367432
7114,526.1877203085116,21459.579508666862,545.8925562181402,22219.321456690715
7115,52.96096657179528,4203.963312912622,18.78662604619009,68.07865595155029
7118,174.85733627120965,66177.36865747452,6.631551642990959,395.4490768966819
7119,63781363.00000017,63781363.00000063,28.249723065228697,47.68670232077302
7120,108.38751648489365,17209.216275343788,16.089413652823126,37.129468616429385
7121,80.30597515168694,33012.61474956891,51.098456542252414,261.3635364959388
7122,199.31068934000027,79697.99726092671,100.72516588786638,1731.2850551374756
7123,50.32284956799776,646.4418523492824,18.783694941474373,50.11005498172737
7124,426.25065795255426,6257.576118062561,29.108404192141304,414.44820266834375
7125,103.29806052103217,1774.2073234294762,48.493932611072765,90.52156726316757
7127,23.83195081304409,69.58206917837573,23.78005974561214,68.0512168249838
7129,92.92140552801416,6502.361224789803,25.362489185030533,114.20717610416037
7130,63781360.9136734,63781361.25542612,63781360.91367358,63781361.179261446
7131,63781363.00007885,63781363.077874504,63781363.00001317,63781363.002014205
7133,119.30237359777878,8825.82694167629,31.30129095766512,89.45269596473489
7136,55.67180588425342,14985.735020839553,16.413001645944462,130.56053558885833
7137,91.67293737700416,45495.0082183134,33.28674263491258,1015.9409289327122
7138,29.052314504329594,282.9561404568681,14.741951886335315,30.123994190456713
7140,41.99909828565143,1175.0729835491838,27.240747372433194,105.22187560641926
7141,176.2276263718652,3939.1493052040178,37.45563766359445,423.5211163569914
7142,63781363.000000164,63781363.00020701,2.8235780793522554,20.29351574295801
7145,105.47891486154818,21553.038560858015,178.40627450155458,710.9927469787082
7149,85.0786334063349,12669.687335067045,20.949975259875945,220.5379423042553
7150,50.33628801867868,1603.742800868238,22.47678363354845,74.7678056377554
7151,28.29804417870432,1451.4908294733582,17.591905342132083,60.82102179960145
7154,72.88227748255761,6777.758179301673,7.853622272505298,52.24180498879737
7155,73.32086745244385,29385.074018799853,50.16800441664354,138.37720933237924
7158,555.186797704615,118225.90973701394,56.10884322650136,936.3370616973318
7159,7.619052577112898,689.6733686076776,3.6210300542132763,12.624306263700095
7160,1125.4629114294971,254410.92064827823,968.7919625908306,197632.96825645948
7161,126.6293645140947,12367.268486127761,32.54197344801501,171.2450366089944
7162,288.4144733630572,11750.987119483196,39.986063996997885,143.2823872314067
7163,43.25027985657372,3740.945333326455,15.127134379238882,24.81900322370184
7164,63781360.913672924,63781360.914820015,63781360.91367148,63781360.91367165
7166,190.7505166710966,209.2605698062169,4.228714951069988,4.371172607638667
7168,1286.2178233238133,454076.1977949833,511.0132463243039,94182.72221336054
7170,18.513148910100863,5883.051132617477,63781360.91367144,63781360.91380907
7171,908.8482708988635,102073.60492401225,61.0971278056945,1941.946639766729
7174,57.02813282009371,7371.5394701014775,89.19000080410112,2157.1833019484284
7175,70.08885051386916,9126.988477041947,70.3497268064887,450.7459530645723
7176,156.6449096416183,19375.540904739522,154.56289942191978,18970.604492992607
7177,129.33095439108442,3286.038592512275,39.7484265797477,83.01917907422859
7181,327.8823866039371,3542.9366417235865,131.81759304975148,1258.44212640003
7182,21.520751568399195,365.6375063490221,15.634655923912392,44.069216672794965
7183,158.62503834885206,6529.441435812204,19.938616703994693,31.3340817011574
7184,18.079094203044292,922.4149540982986,12.224192648875395,329.6299124203477
7189,63781363.000000045,63781363.00008053,63781363.00000002,63781363.00000026
7190,524.1434924204402,15226.830657789886,31.40012507770524,875.000267062311
7192,238.49598565965292,6072.559184178617,16.158292261970093,25.159326209234035
7193,191.3012630053352,3335.1315128300093,66.32739096715486,90.92939018535152
7194,16.069981432559374,315.8700715770026,9.418873186718963,62.37652916259025
7198,157.54377193519306,8751.27517144045,116.96836671467445,1755.8170969246748
7199,215.50857409547723,15235.599415599285,17.1663351775351,29.45134210432628
7200,26.86019600090182,2002.6753325047368,21.374428510332518,73.89443590122977
7202,66.53814790107215,950.2249704315608,7.103869453257865,24.945491309127082
7206,354.5424391137527,22169.211750758084,31.82892653839479,567.2489797036434
7208,17.96548291658982,385.21572971563955,6.17530490168864,7.5175167334091295
7211,70.20169651712968,5168.305804060085,10.954722123503428,34.59400377382975
7212,51.07845106601757,8587.687693093982,15.282906769110935,416.9158665518706
7215,166.4291446298993,3014.0078690268006,29.93187619960476,237.6237532867838
7216,45.105143682309006,574.5347585162243,25.768394332563137,156.0721454445679
7217,17.15854363146846,3219.844389923087,7.078032660214346,872.9472828794063
7218,133.3426446571607,833.2840482082642,138.57481422758406,870.7953515955934
7220,48.297817892449025,2556.3883644487637,30.63098693136505,166.28264682198738
7221,426.50507387322983,35268.74555594909,165.17432720414888,224.53420945825656
7224,53.39843719498682,711.8202201916741,25.319140062128636,153.10944973031604
7225,106.75026891225198,2277.3089854413042,36.56309729095424,76.29289847000491
7226,47.42786453849237,24689.673239312342,6.6906880523406524,186.3921449167351
7227,16.70150577433637,4521.13388948565,63781360.913671404,63781360.91368179
7228,63781360.91367137,63781360.91382628,3.6247849972124935,26.760397352709347
7231,315.43512175160714,5516.228990624279,315.3136060994714,5518.998884208536
7232,51.16659533355587,24848.119020369184,12.587860084798413,987.9500003124309
7233,142.13256994542786,47639.45572706603,49.84793819659598,6062.781919932332
7238,124.96880951380591,474.80379347698135,66.42212316582498,224.0276593572733
7239,43.02353767604438,2774.5558551787103,8.805652352499079,32.402005926937846
7241,51.98938773673652,4266.673282721618,16.355656405567515,71.31666247790297
7244,50.77259362766227,4029.459075455026,13.441416657442655,36.47421849426837
7245,63781363.000000164,63781363.01271857,2.9318814071366535,13.606377078116147
7246,56.31302191432839,4852.303264050673,9.714382786455149,46.11610384967272
7247,88.04368132524046,914.2770844968333,87.49086360940294,895.4351365664556
7248,72.17044392097183,5373.113818620533,4.701871081166579,28.632791946114814
7249,352.4231722104102,10687.211181749159,122.62782943327248,185.49115418452436
7250,29345.059181813165,254164.02544831426,27699.921545927133,241390.770723557
7251,81.72352596732003,6157.517307229439,140.46833424517382,864.8863441946372
7252,1307.8294339396598,465318.3559157866,530.0923728928014,99452.90632853005
7253,31.768084226760926,255.20923903556354,4.68000801799306,5.621047864632217
7254,11.518782500334215,435.0061346947103,5.469085075897641,8.797272831114126
7255,170.54183576205878,2683.8518533283554,185.38903629288686,2568.6817715663765
7256,103.92962764597404,840.6830251726038,69.35645163217382,75.10785383316141
7257,678.7844086659514,26836.05160343986,198.61946693080645,313.0167052396627
7259,701.5858790500083,4793.539436943664,31.93855873969062,50.28269588771499
7260,87.57580660209703,9856.65830305604,36.95061608531179,497.3785175015412
7261,12.260183876632093,798.8361554439172,19.44167263816121,3601.457536748071
7262,529.2003783920313,4636.83612576995,85.08451705826356,170.45656120646044
7263,107.47409848020077,2828.973693704935,105.42623407521697,2655.2357820021
7264,426.1158894379277,71620.9579965568,430.90752571217814,73383.80100473312
7265,38.229865865357034,26082.606723136494,6.049073015706179,298.31210289762817
7266,102.53245444786637,3691.467843409077,176.21157531880027,229.57867038313907
7268,40.21276879311253,866.5129437647299,15.433599617371314,49.483075503352026
7271,40.10041534166998,19874.752355595076,7.770137628727312,268.0316438318414
7272,35.8920022936825,809.1908302292507,19.190303452599334,48.64133643941181
7275,485.9574373525534,17420.164056368136,88.47490737859378,210.89464771375052
7277,715.0242209042059,227261.50642515998,104.72395999390001,6099.205212046097
7279,63781360.913679086,63781360.918301806,7.607104680111483,45.182562116310585
7280,47.57854740592716,4412.33409048677,12.998707165393208,95.1656269588339
7281,54.62363522451548,1281.655911016286,33.81872818782276,999.5366595624052
7284,543.8521712430563,13495.00861971378,828.3707177456457,1447.8232636666564
7285,155.73145614499026,9892.7722207343,61.16406024183539,835.4558784451845
7287,47.10477075869528,12606.31038971705,8.033317388182278,22.90857328998184
7288,551.9993746557744,26857.030452873398,551.5684713285609,27303.27833584965
7290,87.3470570199056,5402.8026578183,37.9583531923744,372.6533713503414
7291,49.3371782929258,24722.34622003265,5.69919826114332,108.38017461485052
7292,30.12754459254644,2800.2943099822974,11.503809762891347,56.992836469030124
7295,128.39030343004055,5688.45347269235,126.95703204984434,5784.07537715498
7296,63781363.00000011,63781363.0006826,63781363.00000007,63781363.00004725
7297,49.091282241478346,23900.379438453274,32.84792475885479,10679.174902592258
7299,152.72846304450454,11461.377573635218,573.1827392614749,2378.9204457798032
7300,250.22217718498527,5830.002696082198,9.469293921050967,63.41276251563982
7302,869.9310967496805,14769.767584514624,49.83081688998244,573.2842272202012
7303,28.537504161284257,1715.1358440860356,37.48335293127421,48.545162695109696
7305,289.5007929025427,54318.80705806671,8.91952535310136,494.27752842546516
7306,63781360.91369932,63781361.07898625,37.54387151942878,704.9264110803462
7307,144.8828021863686,2461.624727289672,467.71869516437954,515.7864075774393
7308,787.9851963557616,16965.57694471986,716.7122607954049,13919.686410499398
7309,77.47286877444475,4108.10451101734,14.229656568656045,56.68214310932298
7312,11.762098847939136,2964.879622860765,3.607496776613455,23.57534003296381
7313,29.488079927433436,11902.321591908316,13.785758730757777,95.16040428709579
7314,1685.2143721368097,465513.83590240695,1605.5907257210952,433876.9681861696
7315,611.3499634858892,11098.662283082656,606.440708195026,11023.7200135288
7316,121.31315589300587,2366.851617839067,4.4015421411477345,22.212087440019378
7318,36.54425246116616,19123.979617799723,23.09683479928986,3758.878425936826
7320,13.589203605527311,1193.5845581269114,5.460399162096197,16.383304210671813
7321,40.14843290278846,4434.910891995754,21.206838292068163,486.71203960883867
7322,112.00686941633171,3519.0817722982265,22.35567634497649,29.030562400306152
7323,173.19757314025946,3175.4639596008074,63781360.91367376,63781360.91367521
7324,46.89182877973334,23026.321539218607,19.953812326952598,3104.215412445949
7325,15.922241538987377,1743.2946510878385,4.037475820126269,7.573872901786
7328,48.968196474084905,2614.6979236551433,128.5722369934745,688.2872150130572
7330,233.60235121464765,297.38547298104254,37.812360222394915,52.136117921003596
7331,304.47786237517346,5414.3652167050295,35.38465351450123,135.45905554241332
7333,65.93450717250094,2593.906352598583,14.889956661648155,34.774510454742284
7334,333.3384153643669,459100.5987393432,240.77731458353657,78421.73581498572
7335,83.28079873747178,367.2715866378384,28.58332920659869,36.18670960032208
7336,259.5433128067202,3584.3677468354244,272.0158218033718,23003.76127771013
7337,72.48077129456263,1493.8611649073187,66.66057688782824,98.93350473029744
7339,63781360.91367143,63781360.91367299,63781360.91367137,63781360.91367139
7340,278.53613925853534,8143.445317221205,43.27865727008041,217.07834256185836
7341,692.4634693312291,44159.34427005913,51.92550701215323,108.13357581274785
7343,750.7827698692611,2117.8935766685404,750.4236438959745,1991.3449311006052
7344,669.7657635120606,3202.5277347789533,446.0806528601695,682.1684245349368
7345,21.511490612690004,594.7185377677938,20.627849952482062,63.71603232961169
7348,157.34609891157126,55976.72269064079,35.31778639806898,144.1263932347591
7349,204.89980465822777,1643.737501181425,204.7916451828048,1607.0592649476332
7350,593.1582123552507,42728.292428420435,576.1682291855925,37810.35110391416
7352,63781360.913671605,63781360.91891555,5.471439174593596,22.403517071968047
7356,43.784279833655724,6181.986590915717,17.083397687606382,377.05185308273093
7357,115.88315374539741,6570.960731476976,76.52985582688106,1263.7510162797637
7359,41.1978181909481,2801.43594030913,23.541247540541566,137.60155814054232
7361,55.475635779204126,10097.279911022868,141.83088543507878,3293.631072177418
7362,74.86048352782421,28691.8896674556,38.420424472734865,555.2427242391159
7364,38.92276654283437,2627.263771639567,6.378691907847026,69.71432072464292
7365,93.83749258898412,5755.692968547134,93.39376650185784,6556.953592390794
7366,44.73213217244816,285.33008553967437,17.429417157822805,25.88982722201044
7368,63781360.91367166,63781360.95051624,7.065814811401108,67.70122766790804
7369,147.55747527484047,3120.603831556299,60.0189254174383,948.1306147058301
7370,63781360.91367136,63781360.91392788,1.7810438835741371,29.811162927532926
7371,174.4900357161475,13917.378803728943,38.82638819789135,65.41316316784648
7372,160.57774075935214,6503.039553298317,157.87290993894425,191.0092305555259
7373,193.73199052493453,720.4545011483898,26.242135817502586,41.48456501193983
7376,10.38610884171932,1390.090180663528,35.49686612651783,113.66132778021334
7381,212.95978088586685,7993.633321971462,27.02502484888853,144.46244546446394
7382,63781363.000065535,63781363.052543804,63781363.000009984,63781363.00085775
7383,61.89447262508775,11046.90814649451,81.5811919488971,1856.693999775047
7384,465.7917239567537,18134.0253100604,23.588255504574104,232.155242748087
7385,28.06333898913183,1030.2420207196944,8.927243008344096,47.84920252905379
7388,106.17217729331348,6826.7062784812315,44.773877397930434,218.44573182448096
7391,63781363.00003343,63781363.1805174,39.90850741477293,526.0917078072468
7392,120.88723602231731,9627.29362592377,13.743410614003215,156.30474214830892
7393,170.1077174151725,3605.4095552135695,25.343101535438027,52.88416273414007
7394,234.2350249950729,2833.167365690856,160.9641555635201,426.2604228429751
7396,98.99436307260787,1476.2837994391398,110.92476577188711,112.93914697975812
7397,16.33646496606811,1385.425637556895,10.685172855541659,50.72021223016009
7399,54.88909363078507,8349.738016062945,26.92214963128184,120.0660055521079
7401,864.6120985461226,356582.51586411847,833.9496762052505,323390.18490186415
7403,42.52479648008286,925.3158618329091,6.375322876194827,23.527764398542242
7404,27.32816585907752,5839.910528355473,25.283402878450786,399.2507706048208
7405,66.19233808074323,6707.256779001712,23.088042645256177,1731.829773044372
7406,275.2255248404737,294.3849969477234,275.22007104725645,292.016438310667
7407,318.7581947452415,1790.1666428377064,18.171053742818547,63.543955251315225
7408,182.86323300446867,6331.374981507845,21.39955628055485,53.663805934270044
7410,171.25284681421152,47847.397010616536,105.47593313008299,704.4577465466616
7411,56.36052884180385,1346.8926983750243,28.464510558811053,938.7783981228134
7412,283.081059047774,14914.151084974257,270.27212548324496,10674.457291585248
7415,47.31945138145863,2918.174865043337,24.160154314385156,38.48918055278218
7417,26.282445122568006,1666.2049584481101,18.6924378484642,45.098754681646454
7418,192.32929457371068,1832.1787163378247,190.0714417242389,256.8935783277211
7419,523.8212986436919,24010.82826773399,259.8600499261071,13353.756333436082
7420,41.211797201058836,19288.492837885653,23.57999212424628,6864.979330510347
7421,36.6017711038297,1764.8272807322567,24.496135233821132,83.8378829524518
7422,60.04761707604103,878.7413460619191,18.456905400927436,47.58126279302496
7423,70.32627427413749,5026.811243762757,12.552830010051366,27.627703808901522
7424,95.7991765021705,12002.404820091213,40.800427342495446,53.73646644561811
7426,563.5708626750859,4105.062781876838,18.846463199267184,54.51739705885988
7427,5.790284513237642,166.50469962527058,9.13161202970088,48.982319773921276
7428,897.2452463125966,2942.8207125600493,897.9654962550252,3067.8436282101566
7429,302.9751920507762,38559.27147542161,32.61523807049027,164.35289690335517
7431,60.7246431586524,8804.716588919846,49.76577522590569,6985.424932075894
7435,89.66837949726302,2298.7429793048973,16.163649294934565,201.3736018331365
7436,139.79457899742232,1242.3051654958244,52.43969323127787,338.20083529925074
7437,650.2736293872209,4207.36491535236,669.3062237057817,2686.7895637770957
7438,57.389742325919805,1632.536595993056,23.12062862093704,352.5908054570452
7439,729.4280508452822,103556.64102773748,724.1743339012352,94900.47372992637
7440,170.33763061540816,7029.261154777032,153.45403414748762,450.7284187015889
7441,154.73832391464973,11236.80056769993,30.654064542927646,252.53385327625986
7442,46.35264228829126,4160.63278221287,25.890667451928703,79.33774274051025
7443,369.3348332813951,36859.48111798603,249.88868769583596,587.713559359084
7444,18.99350711540473,10531.818893785878,63781360.91367141,63781360.91368998
7446,142.17604637056766,75423.68119273735,131.35142943852705,67710.12342753792
7448,224.5356758731109,5788.563387127111,124.73299537753167,820.550642555966
7451,151.13159629961743,3907.3157102826667,17.001808893472433,127.81508009257023
7452,40.642179412676626,20245.33849115844,7.983794848731917,307.7037252824588
7454,8386.862006230276,408244.454348486,5980.761812446959,291503.317578848
7456,99.84842754173943,6969.85356916888,56.22052682698187,162.16959778603828
7458,63781363.000002295,63781363.035853446,12.206917952640772,79.2506065204064
7459,148.92283397032185,7309.21414092574,148.8390908596723,7376.965276862231
7462,57.73239635311798,1949.522737466272,10.099467891057442,25.523973862062068
7464,122.62279453113695,7046.7857114853105,177.90842653163529,576.1477408958435
7465,17.520519703240716,277.0931917687108,8.461072187797875,11.058586737409822
7467,66.47886063448743,6757.7246381414725,36.5736379674287,120.21441954464879
7471,2531.7461837945434,294715.6071976227,453.89789647862045,20867.913033721656
7472,353.839704028076,19506.786454438523,354.1897088710103,19541.62026657539
7473,76.18266554976248,7204.166943092864,35.68327219335763,256.42132307273255
7475,51.68880202169335,25324.9494886774,13.070612100084016,1092.1416247021634
7476,414.1084355765287,4393.906596326028,414.1009215175112,4389.807621020569
7477,138.52308448255704,28687.16572042648,86.1185794788999,2212.6078900547054
7479,792.3879588556614,59247.02740466804,792.8870733448026,61737.78292708224
7480,32.220484340273785,3522.8502345262536,14.895232094457949,172.06444967950503
7481,432.2901111968639,5647.419285771725,117.4932960028973,211.06166510063798
7482,63781360.9136724,63781360.942392655,6.6345146194334035,68.28961257988239
7485,67.23863253794156,8596.37659298368,38.94899816638886,120.69691353053133
7487,48.12795815413847,6066.6668503617175,17.027443813816703,71.21547925666603
7488,14.917642512814233,131.16621698382724,7.399590342766278,41.17122389381253
7489,88.24556643019676,12135.397149358996,12.228809905590344,444.03765821867506
7490,50.739060320206505,27446.863574629453,6.7143711175556495,281.1071647755159
7492,56.13420446992391,623.0309579336583,40.8469295906871,49.66149037036339
7494,39.52733702018119,92.36372640160788,77.31854991392228,90.90186822360394
7495,63781360.91369413,63781361.31402267,10.75219158798327,58.523497917418325
7496,63781363.00000174,63781363.000475876,4.50738268643164,4.575322543918515
7498,16.958221454350895,992.8101504046749,11.411280698676489,167.6910378685183
7499,90.05036028279754,10831.486640626701,92.43050777468778,475.05162023908997
7500,63781363.000070184,63781363.19301406,21.719925907308582,44.111481492288846
7501,138.38521477510125,7246.640155949674,138.43543690680633,7332.484485805388
7502,121.4763584076041,37478.85816841213,94.05474546561612,2875.5247691868503
7505,63781363.00000036,63781363.000023656,63781363.00000036,63781363.00001903
7506,53.859300894693554,3939.8777930307624,43.125415856274614,500.894291456335
7507,467.7183346222824,11050.030487740572,53.463809626570864,117.93065844555568
7509,36.268201877191096,1943.3866371669726,15.857586352838773,128.7289197772807
7510,49.56922053290857,5821.244349584962,17.183619068031813,497.7829633855282
7513,329.8899466101419,19413.15141737772,15.18334193546468,72.49090479928465
7514,436.15406902889373,24545.743246179023,489.0616129912038,7452.6747133945055
7515,63781360.913671374,63781360.91367825,63781360.91367136,63781360.91367192
7516,5.77115647869002,415.62667895736047,4.135587986540204,13.726910592622644
7517,39.92804661730086,18552.997085088155,22.768249519355773,6449.167487584197
7518,353.9251064969697,140878.30941246322,102.05625848689732,2081.176159265823
7519,620.2274471267066,36253.49161429575,239.1646579025632,4626.436660204277
7522,15.187233688375018,1017.4506441540899,9.949802891934784,496.42193283249554
7523,101.04004454907329,19804.23648078662,76.53960982000518,11490.39664985656
7524,32.481299455990126,1939.620305914072,6.114824778769493,65.52056654333003
7525,47.45482295180133,530.3371686060872,58.064227313862474,92.09948599409074
7527,11.574555575001693,425.82110961279506,2.9733401488416975,5.669704263396273
7528,98.93745412032312,456.3809268069656,103.83123618974031,135.24178456827488
7530,37.09724391298633,3407.4315333288127,20.011370810160066,118.03617668543137
7534,818.5961755641259,11176.076840133017,61.4153969861235,82.8024429952129
7536,160.48901541421463,7148.498981612508,12.426959609225136,31.446112617804474
7539,95.4326013697508,11833.922227978803,40.88780091360506,51.23586381244527
7540,180.75761581650966,9975.09087940387,33.705855447091494,191.52313190702102
7541,122.57414434339448,2153.562572981248,31.659387122489143,96.55234112527016
7542,340.5017736347412,2047.1039238992867,24.61659612583413,71.17382023694213
7545,63781363.00069397,63781399.187390745,35.73757048572559,221.40733204872893
7546,63781360.91367224,63781360.91390211,3.695107846634175,4.698130227500468
7547,1183.332387863627,89598.4196750422,18.302660223387594,646.3086310178743
7549,26.46768895210222,945.4356611360358,17.56750333764352,63.758998024100066
7550,71.13979696074489,4499.492266568086,16.963968674365336,35.04475998245049
7552,28.689021324896082,1168.729966897638,52.249705986435224,198.57508181066993
7553,39.857803349270384,4711.409123361747,18.154861763844067,193.4485429536896
7554,85.8938947788501,3418.3386273535184,40.83185458226829,1196.3620203399762
7555,379.1448753941693,23910.094029181546,368.22467745693496,21262.513074717954
7557,105.31773140365338,3091.672041266809,66.37074247685511,72.40301554633473
7559,161.98631231887956,18617.111648190617,29.591239542817508,499.2490789561103
7560,32.863848650746064,100.19738797664519,30.190498817512736,56.8386799673604
7562,14.96893363795031,152.0083873768669,11.557732213442083,52.258811912931215
7563,87.8404793206635,791.542798668538,35.23127508838302,64.08407097140305
7564,40.068685069936514,1227.5544235528491,22.145873127768155,364.73171303213394
7565,400.6156589356876,3915.041085094582,11.823901392705272,61.65720761722202
7566,1138.280993837923,344383.43498871656,63781363.00006575,63781375.94687234
7568,215.63901166867885,6303.316589355337,178.0238349150938,412.4730679581463
7569,26.53350607492823,794.1448749863181,10.646232271064154,111.66387596383738
7570,179.73298373079942,68134.23839833357,6.693129843991396,446.9387978641729
7572,158.03947651304316,5061.022340773857,9.624842483738057,47.207098591795194
7573,56.851430358047125,5275.354412486698,38.83302165535762,3635.0560493973485
7574,63781363.00000181,63781363.00043185,5.336730668377384,5.702036590132628
7578,28.129159917835334,4322.261193143733,24.74134123325249,3389.770166992663
7579,47.516802169706736,2444.563405080784,24.442329744566408,113.72050377603796
7581,110.83207641597815,29800.217072464864,86.98449954121317,10908.766672617572
7584,88.09799376567473,40603.222694793316,83.73453280644023,4628.932162424443
7585,257.4623350720746,1594.6346951448904,77.38511785006523,161.11339667828494
7590,322.641157824581,3095.14170395566,38.94149378188151,46.77953843202125
7591,35.741987970541366,2273.739642649913,18.671087691350262,147.5815262504259
7592,756.8307609230005,23039.59084748445,756.5195140188032,23194.17257686143
7594,12.278090810017323,442.9640346848177,7.130139579264467,11.384208469233055
7597,54.82629432507758,586.8252442352792,27.876456705887716,546.9405994221443
7598,63781363.00000089,63781363.001149125,63781363.00000097,63781363.00001683
7599,66.70824921006744,10205.61274723442,31.10631601678488,80.26114995358171
7600,18.709472743635967,1802.3226700939451,8.715294337754084,58.746298622599596
7603,91.18823997447112,3531.4833302501893,107.66967844297756,411.6756120410662
7605,466.25462471768344,2056.1231281588093,91.80294667241286,168.888079341082
7607,22.77805918569271,65.91598383250171,17.32487637014281,26.044764389124598
7608,4067.1944009750346,18128.348624925813,423.05580678618895,1885.3053372746149
7609,13.640480079705124,122.74723499190901,5.620077115555921,6.7609933653817835
7610,374.7763864595401,93522.13865469907,83.58946868706182,405.5272156127038
7614,40.00186941328472,4037.689477856106,23.82756877126255,793.1906265351784
7615,78.67663835337169,9023.887773770364,4.020537239641745,26.486385235921794
7616,58.90478505687069,4724.419156496772,17.400528991300863,103.41275112289283
7617,161.95270148001418,7247.729828112175,51.41794075684117,537.7501024424238
7620,54.02953610380698,758.7246014437528,8.716705976216632,10.504663871987557
7626,184.1806964262889,42172.151708250494,159.4782881084702,1478.1832524895021
7627,126.37219128349798,15561.847208839663,21.926213554324097,533.0157672211441
7628,90.92671506242804,7037.580615909623,38.13592855745789,138.16314528910493
7629,333.98214914363814,2000.9691654430214,23.679774933115837,68.45083820234838
7630,373.31268393713935,16368.975201281291,191.8661462851914,4912.748043320539
7631,98.62361660205757,2140.452486456644,27.127319590780164,109.49616289907907
7632,12.034973755074015,229.49971649706652,6.267328317230434,7.282904079306563
7633,61.96916407820722,1284.471134124658,12.190665039070463,19.986456848599055
7635,62.89142435246652,2239.3336701733188,63.65225043398202,1747.473004527497
7636,63781363.000000216,63781363.00000254,4.5349774233580025,7.2086997270845865
7639,2321.621286164385,25121.79519205349,40.21779360955532,215.3036193855035
7640,174.8829819762548,9150.697777279556,49.923847080866096,597.2915361207034
7641,107.46075522006404,10283.603284165654,16.13229147265564,158.28633967418114
7642,19.417037614588075,164.80976823562742,16.56378955372192,45.08726517001383
7643,63781363.00398586,63781377.84843278,489.0796760417062,33791.125636952005
7645,15.022446762022891,631.6898858735585,5.67759654781237,23.385491625276714
7646,25.249760969164463,6515.149098204048,8.020638760689343,75.78324695664301
7647,155.6381749135146,11878.26442322982,134.5752054525304,8370.05096946914
7648,34.655279060552154,1517.266699381307,9.048788690296528,60.82724520764
7650,35.803408182121764,1381.4878415419291,17.21341870583199,117.14722733186916
7651,10.562173152624354,229.26739241940948,4.314384667699911,6.582846013716308
7652,2200.072280413593,2823.90027365765,150.64482151167365,179.13444466876177
7653,138.3127546018495,14733.6458676225,118.49989272909579,8839.420774172288
7656,261.93730860467844,23287.289872799254,61.68054482619851,621.0094040537738
7657,67.27713009759866,4533.703739115226,10.613441777641595,45.94067243876797
7660,61.17896243797456,1809.9150420735589,53.30052905091591,202.50615803600428
7661,142.55423887359697,73597.23580839943,144.57861226757277,68517.03528778367
7662,25.329152958157792,2263.03179209329,9.139749490483402,31.974237081172205
7663,24.543564433513872,3730.2143027392185,15.11912950883503,122.267498745505
7664,42.26999200677629,4822.199866868503,29.5243324719597,2417.886896284854
7666,24.86080931272967,1961.3128713244166,7.51931973344826,63.50386169742687
7667,63781363.000000134,63781363.000055395,63781363.00000011,63781363.000004165
7671,161.65342729448108,29019.514694659007,316.09151149078383,9079.41275489414
7672,32.85369181880537,1007.4031753298405,26.323496985196606,687.5877977909113
7673,281.1232324428215,106133.38463672498,53.64021188906278,2109.4633036535065
7674,13.795251471640386,1983.9342172538184,9.474596211415754,163.10465546422174
7675,523.5246204074454,22423.750482997748,525.0098855496661,20139.64074828521
7676,114.82471546354476,6640.8570344168165,104.1546111963337,105.64727492818223
7678,881.54893665998,79991.09976084663,904.717115466265,81820.83367679137
7679,185.2583751862271,53285.88559212335,34.681091376259396,449.9630895865377
7680,57.428739850164696,1679.0564272429453,12.91543003260339,89.12219614429118
7681,94.51859314120094,19875.60913801556,63.473722641673305,10219.046614317336
7682,61.526893883798536,3305.7795893688303,14.071414162958783,47.710559995774595
7684,108.80590539370782,8964.39447593766,36.068323988339216,155.33952959071743
7685,10.028319983942595,31.236071341006717,9.98223884492634,30.891461547879892
7686,63781363.000000075,63781363.000000104,63781363.00000006,63781363.000000075
7687,44.247271494109654,2725.3155940501183,59.40563515159134,156.30164959748976
7688,438.801658422507,26049.942975100777,134.07066087140564,1221.1136396536228
7689,116.9371228129222,8246.08205480397,86.02327775795125,542.4007444449056
7690,383.83197237034034,13134.276740831932,19.514113627123713,289.4939723715331
7691,66.83430598826348,703.4420147429365,93.71015012516699,5025.594045319628
7692,138.8447104027296,12179.227799444565,27.62342510568476,299.1310786908922
7693,58.64087850942347,2117.3527467731988,16.830184868502496,28.08541736397809
7696,446.79915948543294,7498.255822925269,449.24681438899245,13311.891980783956
7698,58.60859779030158,5817.7290470361695,33.34623617617996,229.31267925186708
7699,19.982336131950387,398.89696654663766,6.331271058002747,7.8323401795762475
7700,238.71111316874772,1102.3566988022344,199.00136184182654,372.39855787926524
7701,98.1583338950149,11071.763507964137,19.78378645231111,107.7765206929787
7702,47.40092305204495,10183.00908372584,3.6969655043578835,35.70797981906316
7703,429.36950909275816,5627.536607682999,81.17328471739734,634.2302911626759
7704,941.1658030001862,1964.1360334308406,941.1897867513493,1964.2178541506134
7708,28736.131287543143,143603.41032482503,7352.908301772296,37127.930738366034
7710,46.480753441630654,28055.140625397038,8.157480416210202,397.2613252681172
7711,241.43603005396164,12428.206460599458,15.290074103448022,32.35660507304065
7713,151.17410974828715,9925.918219380206,51.51937319903168,145.94188849124257
7716,38.786787201755935,1346.9621409272352,68.82508129600535,146.56442717746768
7717,619.594453170622,5908.631426250729,599.3350701800572,6211.737620858159
7718,63781363.00000017,63781363.000122406,3.3115745675936403,19.579196155243235
7719,196.94375983891138,2075.144482350753,196.26517360082102,1951.5100991263723
7720,194.5056780685256,12399.598886218215,61.03043792066305,81.62867673657678
7723,39.73750313841517,18191.15840747864,22.520676670446953,6245.989821567126
7724,63781363.000054084,63781376.30498035,195.01709479797807,1028.4009887747316
7725,98.22794574416793,1378.2885648622264,27.867208074152245,30.764074976745952
7726,136.6866926026738,6199.46231426166,57.128638448488346,2548.2078744762207
7729,17.05329589451652,2903.954031851429,15.635379505708931,2195.465715693514
7730,192.02785530225836,31578.89834386213,103.00551995305374,242.2026265427345
7731,12401.940013765205,1679161.4381667187,12821.349704284998,1737090.9046634769
7733,63781360.913671374,63781360.91443321,1.6493366989180198,17.40824908966816
7735,28.642579630163645,202.01219152577968,28.6159903432864,80.40071334188922
7736,66.08548178801472,8039.4197172106715,58.356043589818775,813.176603698984
7737,63781360.91367142,63781360.913672715,63781360.91367137,63781360.913671374
7738,148.46061090523867,15076.497235026576,76.60950001224813,307.7764230849057
7741,136.6102430749809,8995.238502753127,52.82601075950075,496.3079335234597
7742,254.3734215817846,9377.867316471895,98.86854545036914,299.368887890052
7743,370.6932247924221,42799.02495876509,26.909732297529274,661.7030533861481
7744,654.5947609015126,18268.87839103609,5.6679005042520085,22.204833646901804
7746,84.0379408479815,17521.72448025047,343.35045235004964,637.9041765859782
7747,153.25982652015583,6082.467552475189,48.83504527039431,1049.093702981812
7750,11549.884255581486,42150.87702227788,43.88083885998215,154.79369521016724
7753,113.95006784033298,633.9067133678432,255.52740435925196,594.5613171814181
7756,29.299785944027594,6086.4291153986405,6.4705663448907815,40.71434624867547
7757,29.46412246223343,3087.5830311385344,14.883478015756031,229.92413608984785
7759,18.03576006570455,426.5351846258368,12.42336268500383,40.872544793736026
7760,26.258927485897665,1098.5504805483756,27.977602791488454,253.49123819823075
7763,133.36939039695048,1879.2436433217865,55.00002854142892,199.45126991733173
7764,1266.8027727938738,125331.09667339074,842.2814220841074,54420.39625069574
7765,215.122971839278,27130.694091736626,32.70518291833937,292.02642393050456
7766,63781363.00020089,63781363.75946137,16.799130557297563,87.45692107699571
7767,81.86382035710758,16382.600468328776,17.38907482873312,224.92204587481703
7768,23.414260522565435,2458.727629982458,14.052089458681126,98.32201877203258
7770,115.4303286525239,1959.3020156120685,48.54687461649669,728.5642143018541
7772,6.695926190714362,66.68356845381192,5.570987136536631,26.315683478218716
7774,82.3724483108059,339.8691429517937,81.01911265742243,285.23929143260216
7777,245.8201541972736,3729.351504928224,245.85758521883707,3690.614403858955
7782,98.38848132965389,3957.998518990776,62.91393347086115,1172.5929506704117
7783,11.615932151361754,309.4126719710227,3.7868596675868735,7.44474004046814
7784,252.4593430028475,27664.02617044931,102.15956299721728,11514.167519766366
7786,412.903657866974,10479.74750666421,248.0254304557863,1671.8775882474029
7790,43.54057527192038,3466.3476486740715,30.948487469456623,33.79391644522551
7791,2780.7159445164075,97289.57332697712,588.4305997846977,11466.970662764365
7792,1788.5800916152948,4697.306654729743,38.77656803357263,370.89718660470896
7793,103.92403225065048,17865.87695941132,22.510243743702347,90.53919008816396
7794,383.18541536050634,8885.957295950995,17.042951227022016,44.300987033519945
7795,74.0432355077075,5278.927925725981,42.44020727460781,109.75278325652157
7796,43.110526326140835,2042.6240145728311,16.92290736983429,112.87318071218851
7798,387.5134529394042,25883.11100605631,168.40908156608685,6408.25593569252
7799,275.1634583645135,7629.140701848443,24.91576015876228,123.10824059566173
7800,15.64945868532032,105.16266069790784,7.889165764057252,8.468783554759604
7801,22.166797989861067,402.0131585663685,19.01704389713367,404.352047247749
7802,63781360.91368129,63781361.27851094,11.836012557791719,103.66516383069894
7804,267.72243176675096,2248.876650627418,35.09360903805796,92.98956117277169
7805,102.48055618832883,11850.903741527438,81.10954587702534,634.0160383937447
7806,188.54893541742,3578.5429369006997,47.362242540444626,112.05365882713267
7807,733.2318537596011,27778.205919862186,56.50046731734573,285.59527007524724
7808,1480.3920431932308,47936.07234122767,140.24729042951927,884.9023413665512
7811,2272.1462954079752,485098.5504996457,2317.7730452352307,394136.31479886273
7812,294.54426107453577,15749.216813991632,268.36914639995507,13953.463773941121
7813,64.49882855495437,5080.807119081697,59.89172255870291,172.00442456450142
7814,358.8100273073732,6923.967623775984,25.85997157803668,332.5388301069441
7815,63781363.0000002,63781363.00000132,5.772607620293026,14.870884045288431
7817,63781360.9136714,63781360.91374969,63781360.913671345,63781360.91367387
7821,12.301152626842823,1206.9442777589068,8.278292172516942,75.87213514738221
7822,26.508324432786953,8337.11532744112,63781360.913671516,63781360.91424169
7823,350.9695747300559,53140.09843866471,11.550680609321391,373.6803450609584
7824,137.94044471945838,2590.1850449256817,138.20409051085568,2611.160771472512
7825,96.62262104727508,3118.679395955403,58.65882097732612,1392.8621885643804
7827,327.8180092667215,19763.411550129946,327.27713967945255,19712.08919441122
7828,78.44043408258585,4545.485353293901,32.64251386809741,219.7824773826407
7829,383.7120345094012,7576.510062276819,286.8694980415781,1400.6812471280573
7831,670.4522989912966,18194.382966093926,12.479514083656246,26.66744994088522
7834,8706.711994693711,34043.07281088034,55.584355124040414,149.74772811850372
7835,829.9442425592583,19050.50131782105,88.07028600066094,100.88002744730537
7836,63781363.00024702,63781363.8936838,63781363.00008953,63781363.14089555
7838,16347.138068035643,912482.3179890708,16396.72553777037,915251.5245530513
7839,63781360.91367135,63781360.913862385,1.7098409033700774,9.237540154709222
7841,19801.956906351912,228175.6031920611,19803.124214274885,228187.19175156302
7843,192.90839356552655,12078.950550119798,74.79734379137288,8160.01174349227
7844,559.0490150778124,406168.9454966345,564.3221960967505,414408.0306404745
7846,78.87721845273076,29148.810599265526,38.0448941479044,1058.90784142677
7847,33.64175510358239,6752.735402294316,14.612975128308404,88.6778592579621
7848,128.30194013820866,5715.683758643202,12.863146644801672,39.01887997288463
7849,84.0231560393843,472.4404671329923,17.99189427670376,21.38272260564938
7850,47.15315219869604,3606.469358274814,27.705331367020907,84.60478593552561
7851,23.88868961222063,1988.249751885612,7.245386024988177,15.0565753560502
7852,319.80250653082805,56284.6204909204,15.980599372177316,100.68342253192975
7853,197.55066271849918,9841.560030752535,15.118773417598284,222.5494610003274
7854,22.377564703227325,196.22423986711965,11.21067114663132,13.950179369261216
7856,39.737503139931164,18191.03951503723,22.520676677362637,6245.949027283094
7859,83.39765939859399,2245.2400727984027,462.03062819451077,1173.231205214972
7860,237.72878343733996,11607.036885108533,237.64966357937604,10496.463801512922
7861,44.44347189889329,899.3438052921566,350.08990337601796,409.52808643856014
7862,65.32856420019728,912.7923620047932,59.68739704772404,194.59708282369104
7863,22.40741048421072,1213.2667710474543,13.662525429244841,27.344119640901937
7864,143.35522256769482,6253.592702865981,55.88323339036614,720.5998639137231
7865,339.97955365851215,1973.039972172557,20.667037610567593,26.581633155104793
7867,103.85211343818683,10049.425641315753,103.51038155700957,10031.262637146492
7868,63781363.00006314,63781380.471094735,192.8260947876115,2006.7107771741448
7869,60.012626146084095,8494.385160690736,61.453614379844446,8684.57614254659
7870,41.90103139235081,8734.867704387327,13.583194186747459,71.25999462692515
7871,117.40102635011338,3121.986691648548,13.052704400369228,16.430107233889366
7872,63781363.00068198,63781392.882984474,127.04930543625872,8834.016316086165
7874,541.672238952507,9340.235716630898,359.39226393545044,2230.5778512888287
7875,67.75083260332994,8880.470896372692,47.15641627193871,459.6738449994
7876,226.22053302116782,18899.005571058166,229.13815999316165,19090.776402994605
7878,61.521922730833445,1911.764009086892,13.011406191516839,25.038531074572184
7879,88.15752882792982,7846.956084948416,87.30596412371058,7389.508973496282
7881,60.72362923792039,2995.992254260173,45.842982946412164,1130.4527485575177
7883,23.619195994626278,744.4655508080928,7.837116443383953,23.71279784735961
7884,242.77572872710658,8398.113095526798,10.036882208216067,36.91548858290548
7887,357.26162348961657,12412.447723462765,203.24029597452437,254.23676497890847
7888,290.10828411733206,11650.031800453058,124.55479940136244,611.0560395428384
7889,63781363.00000097,63781363.00944304,6.680467406290503,21.63178554832609
7890,11.275235614900426,80.72756445714504,63781360.913671374,63781360.913671404
7892,275.32178122407487,26518.16294240098,11.39923153357141,38.25721146976531
7893,52.25033620723075,27152.99643272945,35.87623260089127,12889.115776451443
7894,127.80747915465406,1099.9547454694293,121.49255936005503,180.4568481777712
7897,34.73282706497634,755.5510463350821,15.989132150384417,49.79083220631937
7898,614.9805170887608,50118.45205214818,125.4287186265611,2648.6247154120106
7901,293.1816619203519,6812.80816219101,174.56855611209164,1500.2760250915005
7902,130.75811500927236,42815.76745729687,128.28255481314744,38005.412347706595
7903,27.818335375691078,1530.3060742980674,10.966440557833122,12.335861649067853
7904,271.72788520463325,26458.55872688766,305.56700013897023,1854.3370731454395
7906,356.60902868171127,143282.02481691758,55.75408214673146,70916.29402537535
7907,34.646310706555326,2001.1613784131616,21.843800477581024,76.79171646921844
7908,97.21463883010108,8446.202911641121,14.538304288666822,115.05582614705311
7910,25.06469662324886,15597.012519449858,6.2464384186331845,223.36339253582605
7914,225.07786148058486,34386.70733180846,113.25031740450792,11338.90005798416
7915,263.1663342329146,7003.676694324306,57.39288369336275,117.82180562181551
7916,233.15943944336138,11319.867099397507,66.17916187285536,131.17769267397418
7918,78.66348038820126,1326.9139337828326,7.834233882194892,19.096287445227993
7919,7263.982728223622,40863.08662056726,1841.5874977313333,10698.536921402392
7920,144.17183581382983,4367.516949177324,79.34878543890927,1256.4983547543936
7923,380.8289319265182,240384.92937376455,164.38020442183213,2724.102350135429
7925,669.2909908427891,4507.460417292563,681.7175263023196,2734.7338628252396
7926,45.499987139506814,1592.4775225805986,26.53905987752238,42.08416605940709
7927,238.30587321284548,828.6913080874243,213.8319376183032,304.1079074530639
7928,41.38217469727464,1370.4017326315063,10.2329704115244,25.997542608186304
7929,74.09335916472884,78.77095894741771,73.9960660970328,76.71544422782415
7930,80.11706333451654,16004.556474476258,72.13647326279674,3572.6491686671334
7931,150.15676409456336,4914.146928881337,27.926082105300903,77.15779803234064
7932,105.66260703372565,2568.090094868457,31.24775360652525,342.5473539530537
7935,515.6803658049271,2021.1369495316953,65.45376590007005,111.02820376621857
7936,687.8865890758946,4874.056221402236,693.690175750313,2787.4191081299214
7940,37.41421132641155,4030.397098618141,36.31314104861309,47.42502298015353
7941,466.5632263012714,8515.912513011252,50.91922154005321,253.60389409491597
7942,44.499561858769724,6700.578361310684,44.59490294367921,866.5472110975435
7943,3706.32498823654,43838.45900222001,3694.77316902852,43696.14272185568
7944,1229.8741150008136,42233.485159940974,1226.5649316859874,40841.81892538922
7948,343.5138857940323,13573.057032398687,12.157043093787118,59.88119142688112
7950,116.45854522483064,403.7980995548902,62.82729774744337,103.92320148905948
7951,47.59352980049146,962.5522679455563,9.335512823713648,13.648115650528782
7952,160.5473121330588,29089.527063452322,66.6070667543689,632.3193060924818
7953,59.303286767238525,5325.151356199794,233.56067833065754,1498.0955495502546
7955,297.20458684150043,13167.192809951559,96.04011072557358,1755.2793614173513
7957,20.93415025477933,2634.305336051614,14.246188331107122,105.57484830929769
7961,131.97610283233556,2852.390234038142,47.07676330636217,192.9831336975812
7962,44.667595133998375,2309.2602411688003,13.379773071500965,184.15848545270515
7964,63781360.913671374,63781360.91444633,1.6246898829042846,10.498520860505861
7968,159.05401667273182,20641.26953838846,38.78941413495223,141.84434219390613
7969,436.28332830493116,43609.07093470045,204.8665401261722,912.106820686227
7970,72.96983824363548,18362.250443667406,46.91244279335236,15696.736189794707
7972,2825.320939546443,141764.57864391067,1697.5858111291652,81166.51785310241
7973,154.6027812694813,20794.455758840257,102.48846164252406,5779.436934324624
7974,63781360.913672745,63781360.96906076,63781360.91367151,63781360.91410201
7975,108.64890417248083,7653.607565363266,108.30859086647686,6320.859213898255
7977,506.85203498641096,67439.54159683817,136.22526186310301,55134.95915076907
7978,405.03815123383,108189.26025310134,173.7537814919859,40365.2306322696
7979,44.612230584337176,22375.076140062858,26.326428495247047,8650.914993216542
7980,201.54393508296394,18127.860472674052,54.27742384782622,1041.3600038206264
7981,55410.941964564365,152295.01504379747,45924.860202695716,126767.89627179276
7982,321.35526882013136,4177.418998815673,32.52573463757337,1761.8997784837727
7984,369.1495297352306,422.1771058565035,63.135804263280455,75.41806217307985
7985,48.326015094787884,566.5427916314478,41.23519779595393,192.40369859049818
7986,38.738379495624436,3401.537738512004,23.905306312620727,99.42185635898518
7987,136.80369339842062,268.30792332761985,32.1638634814277,75.67735559504158
7988,27.166439928026335,102.01968011571628,26.405406960099025,97.59012699823737
7989,270.4258087890226,54448.22998616813,419.02268207695903,6172.99853491596
7990,45.23094705860586,307.5491466876256,25.312288384680805,49.611600521765155
7991,509.7531202916738,9787.111286659187,162.31619367177183,219.3614366937775
7993,92.52819082716913,11264.683622692477,156.43473460386912,1394.1509270331262
7994,817.4839811804196,12026.133513759625,354.0531353772542,1738.3310003636768
7996,122.6217568406485,1177.9999022840846,458.98842196139987,2537.8833012596297
7998,39.41939327453797,549.1398604923372,13.974298534979965,33.94200162238178
8000,64.83214610497056,4460.508008024122,41.876822145529154,63.11010363829667
8002,122.54445153046343,26352.00991222459,109.77620280345785,1777.3887222419046
8003,66.01740937948057,11356.762211646708,25.768426543483645,172.1486238292768
8004,393.2595487088769,11541.044365348393,508.23220608315165,562.0733423158513
8005,45.701142708670545,11035.30789839685,8.58524284627467,58.468776163820365
8006,288.4128624353922,30596.81850453648,31.68867826058018,368.02802878179745
8007,702.5568954396492,211517.09359903279,456.84245030575244,153864.83521660086
8010,187.81947021741462,4576.884006943833,13.816965205727243,1236.2648096554324
8013,376.41984457374804,13070.228476816386,19.050725929062185,78.36569709001273
8014,57.911030853869896,2907.730352501986,45.805477952819345,140.5716684217744
8016,18.882334812600973,1812.4912855340567,4.952249596419993,24.59177918672432
8018,344.0559389389525,9889.472234145762,23.69578410023856,181.92647932456046
8019,174.64176627679643,5104.144445611386,35.60583046670091,2262.478556783137
8021,63781360.91367138,63781360.913746,63781360.91367136,63781360.91367373
8022,94.96636515575503,11665.864055855227,40.98737856730529,49.806134741619985
8023,28.879625620762905,51.93470692821028,28.87867109680241,53.26196557984997
8025,357.66905247736594,28233.76572341156,22.55104708073864,391.8316014707022
8028,63781363.00053254,63781366.48778173,63781363.00032106,63781363.114011824
8029,767.0882234850976,15989.590630951112,1085.0293312881977,3775.1022414022573
8030,646.3114993750339,33769.65456773196,2854.527643516924,15464.533043487409
8031,20.15064893974691,408.3768694895447,6.433804894216377,7.956345930199369
8033,32.29719126866723,1905.664451177814,6.0881934395602375,59.997791021472366
8035,322.98738866663825,61538.97474506254,346.78302482955246,64917.72534876761
8036,63781363.00040212,63781365.68665736,24.338288156786952,266.8553218453079
8038,63781360.913671345,63781360.913843445,1.7028387544767207,8.348476561363938
8041,63781360.91367518,63781361.07689845,6.3387004436433845,58.26866820733839
8042,442.0899517372624,13841.15250375312,94.28406004787044,1078.3696997861819
8043,666.2465485992562,13275.492758188051,666.233721735738,13278.139333137731
8044,18.50506088437192,2155.188133689383,7.778181525394706,31.44128495906578
8045,15.91210789728967,635.8305980798812,14.476909770319287,280.52678496747654
8049,63781360.91367159,63781360.913833454,2.883308028016756,8.344418637265008
8050,29.0615474368855,368.60270238148513,18.587631846786767,41.46837093178244
8051,361.41940850094704,27847.114232300442,217.82453050268697,20818.465112620404
8052,145.5133936380378,55912.82845000323,145.6081344694961,56008.4835907937
8053,623.0660261233002,36248.97187312438,623.4729706159393,36021.17875919562
8056,114.08590066668035,9228.305318776574,43.122128731190934,156.80430580189105
8058,110.67323089422237,544.2590255976495,11.435607407302081,15.023531245212883
8059,191.8169728664824,13869.154122018605,357.23968370669127,380.7929280271282
8061,80.12564503491332,270.379071295161,28.286425902690556,48.56348894236952
8062,121.85074950004785,2976.217387442879,121.28723098548957,2963.204078275884
8065,28.529649716343076,3470.055295629178,18.113163002765166,70.84229930394127
8066,163.9613422927386,29974.92956176313,230.0340442832387,705.2210087689338
8067,49.33717829394666,24722.184868031945,5.699198148309419,108.38017056910567
8068,26.499726208202,210.16709164019335,20.672246310770152,162.65098059549155
8071,27.850281610923275,322.44326227717085,16.396457772289132,18.590138889851257
8072,12.377526410561904,76.8684231560872,3.050046294167777,3.171563887401165
8074,34.057140510924725,12703.228803478663,3.3202165642254764,49.3761781914067
8076,245.71805517721654,7173.803757240382,280.915442570069,1212.4862690885873
8077,63781360.913672306,63781360.99839589,63781360.91367157,63781360.915111095
8078,2062.256998689641,2676.4253300972514,2064.809373473574,2238.735139263669
8079,91.43126621979806,1710.644437208428,111.89605292720829,192.0823586523007
8080,12.920362969295669,743.6012841110537,5.12941763555832,23.319876880196908
8082,64.36856474257218,10998.687268636733,43.1650901753035,5117.6194717509525
8083,10.017691899617626,2790.625854452064,3.389744059137671,26.011726326580273
8084,781.2723292273193,5226.198306563497,51.27975475686267,140.58361137173716
8085,599.6277578312337,2951.8637624274143,76.48525087606454,98.6170463092021
8086,121.36304016608638,10626.199276139818,8.71738630966881,155.37698393056678
8089,63781360.91367279,63781361.28337518,63781360.91367148,63781360.91389078
8090,63781363.00000147,63781363.00034308,4.856472130136313,5.001240475752978
8091,126.8609088358624,12399.06662433546,89.32247219787672,6981.260496764546
8092,112.20604532638262,6514.265009664512,22.34694679846663,51.667705679126804
8093,105.7166047333954,3954.1259216264584,7.714892580861084,26.261049167481968
8094,103.00209604181448,3585.1445783591544,321.4032777401127,406.3721733119383
8095,49.69379442608884,24355.707083942685,33.3434750298412,10984.108022259119
8097,599.8358614253523,16589.902009636,597.0531357601012,16252.94295015239
8098,29.05411558440469,18945.03349593423,4.795840789079934,111.19152711680186
8099,960.9961838895362,12742.131034920836,196.49720584693577,1599.8132392893203
8100,35.5803444181285,993.9476402370833,20.374254997864,46.63842487945064
8101,63781360.91367389,63781360.913845055,5.644882967386974,15.645140328632998
8102,267.39344070665095,5415.843218497603,267.38269050412123,5415.817070383282
8103,66.27005872393568,1252.7698694360704,22.167290147066765,43.23809814421574
8108,165.70944756478914,15263.626312516184,170.20579660727128,16098.435973932897
8109,3985.8627561738735,11507.93147247582,3980.5348991935207,11443.697371317103
8110,63781360.91367166,63781360.9138137,63781360.913671374,63781360.91367141
8111,40.2546937665801,1599.583809227616,9.597841710153729,66.12260756441685
8112,53.746975736118834,4061.030368102506,16.447161741256462,50.954461810997245
8113,13.040678930000569,760.6267938583183,6.934826553815083,43.160778686491824
8115,67.73942821078649,4541.723608310937,35.077751610757446,89.59553886001721
8116,1238.7152650520356,179793.3450785614,1230.2188851881688,179909.6290489754
8119,42.860277437314295,717.6012113016067,737.9138056058081,771.9347976947587
8120,17.34391129511188,5109.084321029609,63781360.91367142,63781360.91369954
8121,99.26279725493421,7045.8665665178105,26.743691396193235,184.37606512305476
8123,632.2905826790787,6180.480802255959,44.11345548155683,286.5561438342791
8128,1334.6580248020662,34175.96880258416,789.7188619883316,6737.231862300198
8129,16.15601110308568,675.4417717160849,2.811439169738203,2.9513467539940343
8130,185.25757418299864,7094.243936964253,46.95839680734704,65.47249736601854
8132,18008.848887550645,79464.83792934446,18046.00556019688,79609.52644742344
8137,1120.847760576972,186725.25677039602,82.96492430031711,2689.21056413552
8138,39.26461639163226,3278.6291407320323,26.30227895686834,2320.2337433927046
8140,63781363.00022335,63781363.71021841,63781363.0000759,63781363.09954861
8143,354.62748378751104,24053.819183839612,222.02877772407942,3411.5375124501616
8144,76.59920827744415,8677.777921582026,16.846287590545305,113.12801025371593
8145,23.287500927211767,1516.294284349113,24.239462589341223,49.856369236898104
8146,59.728099667864456,1001.932211217429,27.34828849875393,97.64969005756281
8147,1275.9447959821323,4968.2135044436045,1235.9449082423307,2789.0311435943368
8148,76.0301057725629,7333.250146890383,66.27878840407308,3728.8181881388596
8149,740.7354167788371,49001.727988895385,41.78985048839127,430.34994796524296
8151,116.55740498319514,2747.2786600149675,56.78393273493398,164.5998343135907
8152,63781363.00000225,63781363.004225805,4.065002416428728,4.412434807269144
8154,90200465.6307272,90200465.6307272,63781360.913671464,63781360.91367932
8155,82.45819462651143,2206.240947418742,25.916516381058397,564.0725555229455
8156,52.81086648907558,29797.789837643148,7.926038418573896,513.6505179749154
8157,45.200549119720414,1676.0831604688528,13.751732810911298,23.912930482235907
8158,531.3176295440054,12509.28558521073,161.4823367305926,2405.543614733324
8160,1805.5265477649184,19668.58130632804,429.8041387406609,725.9511815101325
8161,116.4866388240534,3243.4958714311547,110.47869297364682,148.18412159527486
8163,157.28633594554645,19296.158588657778,154.51183353161312,18845.432388885292
8165,141.07600000774025,1321.8900909990066,114.81175890982801,537.6946916307912
8166,130.98447361220107,6489.038006469125,41.478346966727344,194.14721913839446
8167,147.69392973257666,8739.21461264315,92.0431823470554,144.23680766519925
8168,135.26398063313354,14567.229139697407,8.752299415221671,66.00292983485222
8170,107.65023958075513,3675.76064384866,65.57738100910217,754.2091338528332
8171,163.96261641321016,4263.865100908607,54.15655412004902,294.6171725405777
8172,119.23982909671544,5721.520161736755,49.8669411980894,52.94869962052117
8173,173.43260493407908,6581.768986114586,118.07545745344565,751.2667674468489
8174,91.53777865446447,593.2918329814659,23.364326294114193,55.37660245085338
8175,34.193513748679486,4646.799354432838,9.468630689460735,33.31996767263196
8176,263.5762067772393,3659.426187977322,53.647934177130175,126.7417237726467
8177,63781360.91367138,63781360.91479104,3.0115091244285064,29.231315641841945
8179,15.440331808564613,1248.8875439051064,19.680550011944273,71.76986190228632
8183,249.43521066590623,11298.53806690614,183.86243862008607,4886.066200267292
8186,364.03073292669103,1741.574819645338,58.245952713645714,824.9431594033391
8187,41.23358024363618,5015.051666802274,11.086299384658211,43.72595613018477
8188,63781363.00000497,63781363.07238637,32.13562190412862,133.4918740234525
8189,281.8294037856001,314.3938438591801,26.73974542442137,29.71832045225953
8190,440.24032949755184,13922.840127187384,47.18565469675086,316.09155465361573
8191,643.9598492737317,4114.714748268495,643.890575948698,4161.051338061173
8192,20.88753108906301,116.91926193807855,20.26937696676878,68.82642406783916
8193,739.0074620171436,18468.810254785658,385.7784096244956,8691.432658711465
8195,393.7283862934147,47694.46957761324,402.8273003947389,47730.656139284976
8196,63781363.000059396,63781363.04257959,63781363.000008695,63781363.000527605
8197,728.403644161902,100658.88127074858,723.9612885099488,93165.98807889372
8199,52.86879841266719,1482.2508492667407,13.368801142375522,26.750799535536608
8200,131.20387173291408,7471.688971743403,13.218998809719553,15.571217484088637
8201,34.067662901686134,856.9698003573162,40.53728008341859,130.0677756367739
8202,189.1450999359821,7587.275763710238,61.7428878358294,538.8294277903005
8203,1666.3269875208887,10297.87322447541,1176.3202118664374,7388.761928628074
8204,189.1597275407517,892.8740239021224,94.15667355026221,749.6102537843076
8205,36.842935246423714,8493.553242644732,34.234321891693654,439.3954406493459
8209,14.095141665934843,194.37284212809553,5.031388456366677,8.07345037698204
8210,5077.089637582091,28613.662060475795,5077.023392652227,28658.52757020242
8212,56.74771638258099,19020.507487788745,20.047668514089676,127.34675174880796
8213,20887.178489421025,470218.4397899443,20511.485076788187,466356.8637579326
8215,12.854692673289707,545.9984529027256,3.2857014865915644,3.7305684668117807
8216,246.8765664818561,30893.726757705896,27.612782292404777,75.73214582386522
8219,30.871028635464384,2154.5061379073436,29.885479700472924,2226.5401543786757
8220,19.632315011311416,755.0850236437411,8.37277178514774,16.190449075427296
8221,76.34246417492677,3915.1595722342986,24.202715009586502,332.2493600257593
8224,91.27533279612578,4062.2806683855106,34.8604261198517,95.64735438107536
8225,218.28117446648133,3664.6751430331324,130.22019183429623,2111.806211108501
8226,48.2769715599685,2197.1983050902404,12.583913193632732,49.23998153165851
8231,11635.408504671717,295599.6921234374,10060.911497825131,250920.4861069
8232,141.66844519431638,13416.748122885207,24.51126872051577,65.70606822441258
8233,63781363.000000186,63781363.000258684,2.9125218568820626,14.673652777903277
8235,63781360.91367135,63781360.9136715,6.933680349492844,11.68038113867674
8236,71.8730158400656,4857.58380410591,21.47147504052286,106.80694172684272
8237,19.377914765402,385.3277458132186,6.919527806509808,7.785918533466896
8238,200.21061749222335,21391.15838440251,23.462580415358197,205.8452349698222
8239,138.4414613365033,4675.63256282303,142.2942978821095,4844.535793840371
8242,1053.3156442870043,5530.100432016416,874.2517979921599,1174.6857779510765
8243,24.07504283102952,11395.545634666161,63781360.913671434,63781360.91377417
8244,29.673710224170144,2245.3652710899773,34.27754604974674,1099.626390204581
8248,58.37414613013975,2390.5705374193994,17.58826162382406,45.391807600484974
8250,17.26105213744609,3688.2846577915902,7.69168819121916,81.64492257506807
8251,210.33090987359807,1398.2102766018004,63.63126560994674,233.60277571024042
8252,1964.6405370340053,350412.22729174944,63781363.001160815,63781376.177024946
8253,62.544422334450324,1456.852468908372,10.831707692901439,30.91791047167454
8254,762.752537661708,74661.66556552361,799.2970544928374,78157.1531220222
8255,83.25944380739159,2572.5566084847883,37.69035837439737,906.679676993587
8259,19.20074744309615,3482.647735634418,4.2608697006662615,25.732815975541527
8260,63781363.00108869,63781386.92487069,83.30668298726961,494.5957844497827
8263,197.34075360409125,20983.711488012275,91.28385748182684,7253.638025212685
8264,113.27913994210452,7737.202275158515,25.879968816631227,143.25050691613367
8265,36.131511158900565,5598.890204448308,43.29930540501046,111.00903073514813
8266,346.2337422688719,45247.264626711185,33.59684957109107,146.7072362719095
8267,26.87150046614065,1774.3135426750173,20.60369291873477,102.4688555819353
8268,196.488749716546,47609.199661735474,28.741455506623108,571.4369792778402
8270,299.7817067568197,10740.27337255844,299.30263258150404,10239.531962900744
8271,368.5707646300183,54929.16185854027,359.71520146166995,51616.077707451914
8273,34.71702520830972,5190.057243204776,192.64195466629783,1752.240429128835
8275,384.5589541869638,1356.205514168748,36.842376891970524,63.23216069169893
8278,53.67945365206729,2745.0209740265504,16.871002240651976,44.16680638869411
8280,63781360.913671434,63781360.91367339,63781360.913671345,63781360.91367135
8282,63781360.91367304,63781360.97872078,13.30834600574625,173.13963413965092
8284,70.74116909389787,7114.274607977571,22.311609217687792,93.77262214432474
8287,27.21517228126397,4267.74747553888,19.73612925529708,135.78058766913054
8288,66.37585861695108,4146.138216876276,37.92502666308258,52.060260562183075
8289,1351.82041799988,43518.375059338214,552.1334039835104,18274.194894736866
8290,143.2736609550887,8340.079036675757,27.098863735913667,124.17242243374933
8291,41.19253868023439,1792.413240779569,14.073213051755623,56.72419462496969
8292,63781363.000000484,63781363.00199866,63781363.000000484,63781363.00000496
8293,1084.200223448152,22517.914946171524,1072.490904900466,22249.214344918353
8296,61.7853128756754,578.8701480579853,89.70091912423248,349.6701775248345
8297,700.6575295769441,24025.143175071236,24.203097819625842,44.51084753189892
8298,42.8882271293657,3550.210275211498,20.2791069088627,103.17046016639202
8299,47.2125355793198,18070.091431952562,44.065867711570036,868.5189162459752
8300,331.48224006925216,25438.362000942936,20.65537308240204,136.94485746006055
8302,31.621742679791723,801.4267731778876,10.38804453657673,54.18141389186618
8303,665.0989571685575,170464.3154162289,564.4927189046658,128447.88334280768
8306,760.305146526246,46164.525269930804,24.76416478828374,754.4901220548294
8308,213.1354916308756,2104.1422346415557,243.94113276914018,541.9344511575009
8309,401.47771943863296,25171.55684664605,33.39769198521256,123.1818457494937
8310,472.7225963248275,3010.3832671364335,100.71387617846122,147.31867208858404
8312,239.3033668661292,17124.968415573447,197.33411012718602,832.5811739221533
8313,236.75948136668657,8323.424404684774,227.4491013253783,8043.6514824396745
8314,57.90581399957778,6682.081865761301,34.94741007289547,163.11030909188958
8316,58.07135137359342,8169.679846402781,45.33733639199816,899.7507370433067
8321,409.7022813197645,21756.2893342325,87.1927519608642,223.73256992540541
8323,12110.485429685634,46415.398305381925,12151.901520610661,46598.15075347322
8324,462.4562766859631,6494.837020517171,74.23212703064821,96.73960965598678
8325,115.8328873772232,7856.152298553663,33.883617445260334,101.43589651254555
8326,22.198949921345367,345.63990364872694,11.247226644246346,49.23226534554554
8327,31.15395963925379,6057.612654757729,9.474078889117001,460.12818811981214
8328,39.159317109719474,7918.739198367826,5.801044153759244,102.22563618531767
8330,50977.097741430516,174587.03287051298,33472.348416945555,114713.50296704232
8331,145.24238294341126,1618.5903677330089,145.20454471397545,1606.642202535352
8334,103.83318178033839,3912.4670847899224,38.0377850025703,604.0704269879325
8335,854.539014328386,7311.040885978192,839.4396653084698,2862.811769909976
8337,1230.4865019425265,1087910.1576722695,342.7537959862393,36377.52131276031
8338,105.16805753002389,5657.83043099692,15.375355286280424,46.36503072774636
8340,138.9200453477545,19294.281766029195,138.33659301361615,17945.175550452917
8341,186.9792069513856,27612.622162387488,186.0671352236484,27406.852680937493
8342,14.3066490651196,4297.144579657543,8.253416451415479,20.515258017237695
8343,275.27803757015005,3748.145832869876,823.4474424528338,1857.1015195216135
8345,218.70353130138278,6408.793641340602,180.02688734366038,439.1534883641827
8348,15.816694729357687,6324.4228352288255,63781360.913671464,63781360.91395299
8349,11.572129539042512,822.4618131464179,63781363.0000005,63781363.00000589
8350,59.155061778356234,824.8024952223919,30.304212907134897,95.19436339623005
8351,63781360.91367248,63781360.94753992,6.955304149702253,65.17296921099316
8352,1094.5519691841187,19194.905659456592,1404.6479654497014,34275.48919646286
8354,347.1252064510837,705.1409407350419,347.14367588680153,721.9947699227805
8355,214.67728496095614,29505.783543165766,72.12282859834765,5612.819605315927
8356,48.56533044192365,121.44420603917189,47.53520508280263,98.18916195306691
8357,63781363.0001703,63781363.20899507,25.401470481501587,61.88714867776024
8358,126.15163964352956,4767.426525043424,57.05897538229054,123.7892611234014
8359,85.29581237441056,1104.3649359948547,26.79299217300196,186.63205217820558
8361,257.7625366790257,2645.565668566426,129.4852372072927,722.6999289673798
8362,38.27343302569014,7255.8330162809725,27.076217782729643,150.27983976705053
8363,10.891987202139418,84.75915636781639,63781360.91367135,63781360.91367135
8364,619.6493139998489,7281.738052299411,491.5737088545528,605.3162499154367
8365,102.56299055878105,45875.53872663273,111.35342522314595,112.3320441745193
8367,63781360.91367208,63781360.914128944,63781360.91367173,63781360.91369666
8369,119.24506340420072,1376.8184499194306,12.718264364866023,38.05368084506032
8370,323.54064925688107,4264.819487126083,32.863569833542456,1824.9369924064663
8371,17.478001464097478,5260.36935547621,63781360.91367141,63781360.9137103
8373,23.671523166552078,94.61371909666181,10.518471860709761,14.31803697829178
8376,75.9155221616015,2690.795809027532,26.935967541055263,84.7712918847574
8377,63781363.000000134,63781363.00004385,63781363.00000011,63781363.00000736
8378,186.54049927078847,14967.41035498261,66.3323006902405,992.664447288683
8380,484.2219254246239,19242.038681959228,49.35182051153877,732.8424968405649
8382,63781363.00000024,63781363.00013495,63781363.00000007,63781363.000000656
8383,63781363.00000187,63781363.00053055,4.7832336422372554,5.005691037254421
8384,217.42269908723213,16568.20177867252,42.76691209696852,1324.9637825835848
8386,139.65228159871802,6862.01401154102,21.499428861045853,32.01000392336568
8388,340.29893374280215,2932.0241985611474,136.0372527610367,409.07775294324387
8389,4492.9702687306335,117233.76711168274,2670.2415632218153,61669.06818259435
8390,164.1835022472516,7046.417245082292,45.18904899188944,428.8655194492401
8393,63781360.91367275,63781361.22056245,63781360.91367146,63781360.91373723
8394,73.76854794298757,765.0150259141471,52.195937840159125,113.56987564541137
8397,84.10141791473728,13992.161878361667,12.389416035830966,93.01366476021165
8399,86.5485555466647,11018.212259626873,31.215822248912527,110.02544958723628
8400,26.95493164867117,111.22175834728046,8.86845259264012,20.596931516584785
8402,449.5475468383881,4648.149867049864,126.21318116158764,187.17894529470342
8404,280.16512872870567,56868.815766740205,171.52459561052646,25985.26965914517
8407,38.741545000079775,3347.3327451317136,14.389166552845314,31.79059030567786
8409,2385.749847720153,53255.394506081415,59.4503853732282,492.2799262943169
8410,17.505795474690277,164.27805991768665,13.909233060321242,25.10656086095155
8412,71.35799075566132,1906.5774382564755,11.76868450017481,44.4103199627615
8413,118.82733298154481,7291.419963105521,15.756411016713008,85.96401108226821
8415,269.94895237322527,2581.307952829235,73.67756150050835,252.90598152218726
8418,14.459176864883043,1216.2492604396384,4.562098897167776,10.854598414674722
8420,21.975936819871578,4133.90081149783,12.11892803922333,54.8685897462129
8422,2688.1950347490583,73785.73730084406,26.369340228315128,108.25351697701745
8423,139.95639855898983,15655.392619769971,72.47481329957695,174.05268094591855
8424,44.84948952953842,5115.619791705109,9.234910642013384,161.24909592138494
8425,49.930831554356224,293.5658037459394,40.644439610592606,202.72838124996483
8426,403.97334026753225,6895.079686894945,47.42880221815829,228.2806887853589
8427,32.148285883054854,281.22981005087644,9.180472306877856,13.873777992381255
8428,174.8420108925208,9338.059989495792,24.06972053016623,168.60847960669648
8430,5661.737000680868,211011.51636460744,45.9916712209662,786.6502783462332
8433,63781363.00240381,63781369.82970562,31.35688226642138,525.8453416983198
8434,41.39279908428214,20619.200940911025,8.210460497454267,350.778280257447
8439,41.89714825795,2030.1301757216947,41.791365771130394,1873.8428075906966
8441,12.39273971555645,118.93537527924566,2.8971374583905853,4.652731961880134
8442,103.17744060752017,36402.66851127614,17.414341234074023,68.76585550760207
8443,416.01287971449324,21186.97327940341,31.393877649421984,267.70025030909403
8445,126.83375875475689,28456.741689757655,6.235101975380696,33.75567521137793
8448,995.198681050422,4685.09789957388,995.3716753882748,4842.395849735047
8449,71.7088941946659,6589.78280824861,49.86199757717607,2472.400525042587
8450,138.88890263982822,10438.01105685115,138.78397802950852,10386.521507842397
8451,136.95442174171424,3470.3780363240553,126.54115492964567,397.7258372665585
8452,191.3693802088743,4245.014904456197,61.789718109915206,86.75807310991875
8453,37.529964516938385,25670.69589075635,5.956775083170599,266.2028133163378
8457,36.752812445511054,24854.058275268384,5.784876593016601,208.1102674697691
8458,42.3506084952125,6337.810836944082,35.872554621887105,74.42624293977514
8460,76.40538932437427,4667.521003172289,67.89079746594354,3960.312453781559
8461,262.35320551248907,67947.65697184339,63781360.9136739,63781361.290450975
8462,3667.2638569344876,84070.3652634124,1381.7830469721407,17738.658496524364
8463,29.35535661407831,2192.1174936127404,11.947793515287646,34.86009909849032
8464,55.6266783553744,10605.055775695191,48.286033481236245,7881.195932958466
8471,320.1353127446568,820.5763826805727,17.163019521992258,18.980103929532728
8472,31772.238916905684,179379.69463568556,32578.41590576974,182975.4865463175
8474,16.57810900068136,611.9983315990818,3.016029294215026,3.099038390097661
8476,307.77074354732116,17958.839574533853,111.97460455827905,2654.8133754221963
8477,91.00372251451833,5260.09882087827,20.792728974736395,349.68154474839
8478,95.60016163258912,6038.12487891412,87.99699979382237,1686.6606047556782
8481,147.2154488218291,20666.385865587454,8.388609339944699,46.33901903113441
8482,223.97106393542336,2855.6334031157326,284.06810134006236,539.230071175741
8483,63781360.913671374,63781360.913727745,3.4357259412397885,16.898961201810742
8484,17062.27064237181,49118.36908628905,16958.833969243107,48864.41185240774
8485,6.0470505489678406,385.79199348883526,2.6912984842951375,9.752059742157618
8486,63781360.913672246,63781360.92491787,63781360.91367227,63781360.92186136
8488,112.77123532021857,660.0406290795943,112.59053901232541,664.2814486750857
8489,11.440403924449097,563.9793784840721,12.118204351240138,19.92824776513603
8491,1657.468640751023,229791.7034903242,1494.6623594715325,121586.34054790018
8492,176.07700619857684,4766.24266596829,41.196483754613624,113.53591360004091
8493,476.95009068976105,19848.767015454334,387.4498073311153,16744.36795207363
8494,276.7310954267111,22875.547433287444,274.9287642735261,22782.861482550863
8496,63781363.000000186,63781363.000242315,2.874980211176361,12.840128477546887
8498,1317.9633554512443,402912.3600960772,1020.6142740468956,257718.5899340849
8499,670.3636686846733,6864.642348644143,29.77543156194077,727.9127359252693
8500,99.2830932492857,694.9953097297831,10.178292292551301,18.9367679485995
8501,78.40855756273369,23506.164265751835,35.92803719410721,254.5953948721081
8502,7378.3751149066,47244.539427116666,6308.1238693629,40454.274957863505
8504,7.4451967494197495,265.51789479997177,7.314903862188279,18.423032415083092
8509,23.02920859403799,3591.7544409021907,63781360.913673125,63781360.91370718
8510,63781360.91367134,63781360.913707376,2.978737914137358,16.827452296529703
8511,165.83337654835023,15683.85177233499,135.82142482369113,6125.803062342975
8512,63781360.913736045,63781364.74563617,63781360.913726814,63781362.24498879
8513,508.24156740049875,41201.189361147255,260.64160678219173,16212.47721008755
8514,292.1887366208893,6685.318150734365,173.9612584190676,1449.28278636798
8515,106.68312749240354,12740.189173993469,39.7325322306649,3677.068517920473
8520,155.19982687607455,6482.527524115341,61.563388768951384,575.0487939202985
8525,113.9355921475986,5655.80710286542,67.73894154498343,2464.343519358703
8526,144.37148017127822,52977.91573837439,118.29307124639806,10137.142937332206
8527,74.91799578112251,435.24469583176324,60.82748551039013,98.71160216821458
8530,180.95220261859865,2262.31167975186,25.865710421417617,88.09313442010613
8531,52.846623637467985,29321.403747815115,7.650015736691084,460.2758107539934
8535,67.0427796270836,1478.8839090327187,35.85840774755221,777.8716413400851
8536,308.9439815614276,7513.557808074599,53.62908468410824,54.616179922510945
8538,262.44458225127784,9202.707696218804,113.94591729907467,998.6086883851012
8540,63781363.000000216,63781363.00040944,2.691478589493801,17.199371309545384
8541,22.756422787374678,657.086084365917,14.076904351007943,298.0155878521369
8543,23.56216977789682,1157.1612636368964,5.546874183823286,8.201273415425394
8544,735.6147742671873,5504.903469030765,15.307352810183675,72.96591919031012
8545,166.44967876431443,6791.515949603818,50.62652451301511,1121.1591290681642
8547,3917.339957438011,602997.0474524896,4106.022451441339,607201.5606942979
8548,63781363.00000609,63781363.31669205,10.813670647291813,172.42857704236158
8549,874.3815039889481,26178.75376841937,874.9450986619191,25888.21502585516
8552,63781360.91367144,63781360.918257795,3.5733592130950287,16.114039012914013
8553,131.7324494797121,4175.915298823198,30.991540070519914,495.87550449223244
8556,41.22766496301198,147.19445711574838,32.88252890000339,58.73143102856045
8557,11.804807996582785,64.88661409633387,63781360.91367136,63781360.91367138
8558,90.42366838903561,1164.0143340083653,90.63040414251255,1159.760853507056
8559,72.13350884761478,5545.269348476796,33.55984705205879,1418.6779281438096
8560,334.00012528516766,21454.26296207288,54.99613721175789,1034.2566762884192
8561,235.89066718087662,19077.25091393584,235.88787599474705,19077.19084418472
8562,255.45303733255062,21242.072796259494,210.55272575527277,15207.726249955836
8563,211.58287921369504,12442.245673333455,214.01419750413191,5717.008231613469
8564,59.09048859703577,986.5089636366658,49.648403105145746,210.56221239880463
8566,33.28723954190772,4341.461029310789,10.648489894609215,73.41778136705194
8568,358.4914167664074,4322.266947327822,255.14091646895145,1406.0754866796274
8571,666.2745927702158,4455.091901795281,679.7939033222445,2726.426010114081
8572,114.75765083101597,6324.517418390976,17.76292362757537,30.45645429044488
8573,56.948311991655366,7576.8977188266435,20.618884389345553,60.68376714831314
8574,1297.4261758901264,50112.26743437585,1296.05100961031,53398.18777193377
8576,3877.878242028137,7907.017894088448,3877.2231808321994,8040.02829097408
8578,1716.7817681439144,4439.262495446931,323.92955952062084,407.64792096712114
8580,346.36098441909286,3255.879849310001,123.71975476613284,203.14189834994102
8581,213.0604160888933,3242.016933438252,17.9776171549549,29.1027060510075
8582,18.002634805146982,2250.6580573863644,10.716677659091244,34.05095613465841
8583,56.530189690845496,2284.5512399081317,40.07122464573108,1045.43179910216
8586,63781363.00000013,63781363.00067654,63781363.000000045,63781363.000001475
8587,154.68194517152963,13713.992869272524,166.07830032071672,24290.34575627554
8588,58.51977024053275,559.59916467931,28.477841063916358,32.63038289475622
8589,122.9513100673561,2553.622320272622,10.031953601462394,27.011546670304835
8590,139.8381138764002,7279.060416799915,59.14957306147889,825.9668786809758
8591,271.47111596000354,16801.090372430088,271.4856604753777,16805.654555631616
8592,193.91943229247423,15207.418877264596,113.74735922515015,5987.655859442514
8593,574.9653382369245,169657.2174285935,576.3009406169513,167142.3715408835
8596,68.41813781412466,1154.7648808888996,13.488644243502305,18.182387941864157
8597,9.124019890676221,420.1052414981796,6.2250810204765425,12.644378099147797
8604,27.064983761347964,1227.7152210290435,10.299554217580122,31.514364844881403
8607,12.687173764518981,1521.6310324535166,11.725689387829277,36.76760620144834
8608,135.3201075109945,6075.381099515625,56.423018598229056,2471.1496764735316
8609,9.692780434646156,403.4104825669825,31.761118346035364,312.1061581808228
8610,33.29556806025516,1246.2763335884229,15.62847357747892,32.62729465278621
8611,4.137303810577779,47.40609027504654,4.5293522679789024,8.242156130086858
8612,63781360.91367342,63781361.05316437,5.34458343828694,54.774016451145044
8614,48.36366065345702,4456.113035111694,22.407644619990922,165.9104277567345
8615,63781363.00098857,63781370.67332894,63781363.00037675,63781363.552419454
8616,375.4394115045839,35176.72460828274,296.5322074295854,2113.3737411624265
8617,2985.4812537147054,99646.96147638572,1469.8953337131054,47773.89855713738
8619,19.42116974177427,10937.260060452549,63781360.91367141,63781360.91371329
8620,297.6536109497274,895.6787050102989,297.90943731580705,786.8751561810583
8621,151.5503060081547,314.1242170449903,22.854689521417395,53.0151476163992
8622,102.31596284092757,2453.8624913059793,29.626590946418073,34.47026409791543
8623,1254.0963723251634,181539.25345661058,1244.6998001395025,181641.77086089412
8625,28.351332012099952,8938.949004899572,15.485287022599794,2348.352627246679
8627,99.45226445102597,8817.606772637668,14.218056009921604,141.34857230208397
8629,113.0044526848276,10903.217610152475,22.227258308939344,1191.0131816596459
8632,668.5275999507008,11997.330194706632,44.672031116665984,548.2425519986309
8633,16.788635181602352,625.3346467668387,3.186325270499133,3.418859825355065
8634,48.57928439204483,24278.64316275666,5.573587045314151,90.98303444972632
8635,63781360.913671404,63781360.913673975,9.30146162473847,51.00065288862429
8636,68.6687583234833,463.2733028894048,50.69860194213393,80.23824041209109
8637,272.7364987728396,9158.06331993303,56.575414764781705,121.95702850813878
8638,132.59206138733833,2338.6312020820187,12.351364169382906,19.16634690424598
8639,666.7537362741707,7900.241880104166,135.26885389110794,1111.021016065688
8641,38.08807392491917,4019.452390483224,33.27301123706206,3679.724351404402
8642,615.9417309403276,9537.392131678502,115.70952511395332,2121.4748088171086
8644,223.11472647504291,4929.003059999335,223.25477868513286,4435.480010424741
8648,340.8450133296868,8043.732178561238,27.192338255369968,538.9964070280964
8650,63781363.00000017,63781363.0001844,63781363.00000009,63781363.00000223
8651,273.2345153870933,26691.223118168135,205.2750606200565,630.0925829409196
8652,2817.8894708307753,86071.93538583168,2828.0485417707,86337.33197182695
8654,148.44957923801195,1205.3881823551626,71.24466549078949,116.54776873313372
8655,107.58744307497868,33181.016893603024,12.634550059284436,437.43102102847735
8658,63781363.000000134,63781363.000080734,3.1588262551854736,9.912835811109604
8660,160.63531292149483,7679.061840489812,32.04756945682736,114.62365883828672
8661,79.0397430833746,1246.645816826946,265.9820415468477,899.5912509398505
8666,108.71125222879087,6561.948595481172,17.34662550075808,83.43325283190043
8667,944.65752818772,26809.646561887945,375.3325921619394,4522.258629510601
8671,141.07654676085087,6338.781375146607,449.0501202328252,1814.4192225150941
8672,101.80265019252305,52070.37558219183,26.362255630713705,452.3363734806829
8673,52.18782976407132,3979.192518046802,28.27479431090574,42.60383944370455
8674,59.17455611249738,315.9820939849553,87.88391043795671,96.65364967686631
8675,26.050785099308236,3678.8162380625963,16.991013472105006,193.62256236019053
8676,15.13723190408379,5525.542957578115,63781360.91367144,63781360.913732305
8677,19.43639073163104,362.0653792056247,15.5161221467075,121.15394036792749
8678,63781360.91367154,63781360.9148836,4.710127516734092,12.376870782570238
8679,237.14944871452496,52344.14480769794,147.58632339538747,26371.137252528904
8680,349.69948953487454,28835.111051657597,321.42733998924774,20683.224950525328
8682,341.23654417707513,20231.001269786142,129.55993091899663,630.6550582023219
8683,12.487833285123246,349.52447323773663,3.9206185755258107,4.390263096030454
8684,40.51657154062412,2671.3078453107987,12.53799108218974,38.34645108205027
8685,1384.9390521881435,1211905.1946310513,1418.053091386923,1212315.7699834988
8686,166.92750439083215,15726.233835976105,54.37481972361369,419.7203861607786
8689,35.622483005713825,7779.998399401313,17.694474001284053,54.9029179984991
8690,181.9253916862891,6789.065399237436,125.89139602432031,399.2718159300471
8691,310.3196267325468,15768.045328618584,55.3953957342588,297.29160238675684
8692,134.98844916019624,34383.22135205647,74.88685421559788,1688.947979657925
8696,245.6003009047799,42135.202553692594,131.02847714457448,636.9581720571628
8697,11.148496723243706,30.425835120834655,9.804335302161823,9.857474161117473
8698,63781363.00000025,63781363.00000555,4.866157892417143,7.337663048989805
8699,30.393596033095594,1379.0397647418645,48.627695384796134,111.67256122608887
8701,27.499729573383178,1982.8057704029989,9.155537018181967,33.11434753602828
8706,51.309024131415086,10563.36959913957,20.191691597911664,158.54836673205477
8708,15.007748995861832,665.0061199190797,63781363.000000045,63781363.00001252
8710,103.9508832993777,5267.072005968318,55.83425199627844,181.49397563021563
8711,551.290516100679,37424.6878030525,20.538726271612816,650.866060224571
8713,487.27609511787034,33358.95998632639,109.9820175352718,3036.646994556461
8714,27.29481957904088,157.41946658651017,8.765393582270129,10.435461527134589
8715,63781360.91367745,63781360.91661873,14.901034077172056,20.96551151447093
8716,29.16413805395489,1623.2598194006507,52.126203023278855,116.30728137219992
8718,11.807726923458524,77.59764747224719,2.91708397787567,3.0695181924724637
8719,26.78925926239654,3951.1152517826094,18.461100889227975,59.60461674492321
8720,32.61253836472693,81.05622846062079,32.5027255700592,76.4394693597871
8721,55.261616962229354,3122.8881799814753,53.42372204362975,2610.0261690970938
8722,61.03147424961909,25029.727227840922,16.456370839513575,5242.883221049204
8725,351.39756458698776,156182.60788412427,87.1471695488187,7603.130463667072
8726,42.076168376167,2532.0828133826703,15.21911909297192,88.72479351648707
8727,107.93272079666812,37208.04484507835,72.52311899707514,14956.989559093725
8728,831.1126279657875,6039.014172142139,834.2342067022779,9584.15001654557
8729,149.82948707063633,2439.043788395758,32.161809164155564,120.39062530066813
8730,54.025828538674176,10517.672718862364,20.83880552599973,72.10481236880625
8732,12.405748510712531,208.22081729849373,5.042670186957082,6.535028650755031
8733,159.71817823354627,24016.785911609077,16.09300411809204,387.57114642584526
8735,95.14202194922919,3867.2708371489625,11.669415489164976,99.04218085479394
8739,38.38610730459881,15957.38447592837,56.74059224062712,879.2344302093535
8743,26.52032004429324,8667.842489104538,63781360.91367154,63781360.914465584
8744,331.3121505782833,23634.33908759224,142.51770076045153,8332.337466177823
8745,27.153974108203887,260.6551341309121,20.015851350651886,184.3084408447535
8746,49.62538819607837,1443.8609059549303,18.128306128783652,19.83961566534779
8747,83.91660702068312,5160.9838911083525,11.107197033368966,12.320849376269377
8749,162.94047852340714,36176.62324685038,39.719350291420476,606.3689304970599
8750,16.078223705109345,1719.3106655936247,3.973502810151548,7.1904774072196025
8751,11472.038795311204,18258.39265824189,11472.047671330383,18258.169710143913
8752,18.18437417842301,1041.9450305330577,8.851877151964123,41.72202746135788
8756,18.241808092017116,191.10123203550936,6.786335928844454,10.645344374147813
8757,24.934091824080003,286.03258853798866,24.873176142008344,277.76161954438777
8760,40.18187238920425,585.0682488064064,15.008282601615898,53.62391558926586
8761,182.74382605174392,2132.5562118576186,58.68854588184992,198.8702403355879
8762,1082.3479175322905,132558.4740540624,1064.7624159224065,128742.54908086939
8765,80.58689534818718,10963.942330463506,146.43507243993318,1380.6525519225256
8766,463.6322407052059,8472.13360374522,463.88539217855526,8534.862040188711
8767,55.932864420396086,596.3333061045331,36.60888893332002,65.71447147250012
8768,126.4877315537851,8233.92862689183,77.67157090597546,2793.3077576910255
8769,63781360.91367137,63781360.91367244,8.150116228468393,31.69712436192552
8770,65.38131774027285,6559.685471094245,57.424989974823816,142.1752015041474
8771,601.468167262584,6213.915488355741,59.6520942349516,153.89082575186916
8774,697.0012202851906,23387.834507490574,58.81806811602784,327.9147325574279
8775,53.9395546688548,691.5206471628097,53.07980014406197,621.2649747210666
8776,270.263397594119,1518.4613590092233,191.5749698563768,1230.1178104358862
8777,63781360.91367147,63781360.9141594,63781360.9136714,63781360.91367831
8778,51.80679087306787,841.6459960986876,23.107021940913928,130.3763637779634
8779,268.6453088799828,72680.99759901983,73.3988518178787,786.2243558230577
8781,47.57452311738806,178.38475102131804,22.99069590419313,24.000766392310027
8782,271.71563875272824,51948.116538579445,166.91934871781208,23029.879222778683
8785,92.99133778648265,5120.899513588133,69.27254113988408,573.1929065238361
8786,86.32862712699078,5686.028351296928,32.864757432390604,181.46028944665522
8787,58.67121905189091,1111.9636562338565,58.82528583767043,1112.0505767821307
8791,131.1173057810893,1496.2938238175964,131.04438745143005,1427.5517108293466
8792,124.90792896298423,3270.3126559249604,124.89250548032967,3271.4778466343632
8795,710.8366824045729,42031.29004635018,710.4244239361838,42306.03748764261
8796,10.970361280983358,63.26345972476127,8.580641704064218,13.09630462018904
8798,31.191420326989103,2624.6397776407107,17.90168766887822,78.61359348782483
8799,184.04327150443189,2759.4402428088224,15.243260653499792,411.9169986361292
8802,235.92717636453733,16850.10865406095,63.25778803962391,149.80344452759257
8803,382.58387694638367,50276.425678940985,145.72782544044324,12705.93808582486
8804,166.45783361237594,3466.8029704915957,135.32065130906892,180.69295907898206
8806,293.4181001383198,45921.453318657,90.37044864056533,31215.55059190033
8807,30.561262111606375,551.3863721464804,20.911672936208276,335.5534626739941
8808,23938.17180548317,189984.87558940833,632.4745516689086,4953.524086392436
8810,63781363.000000164,63781363.000193045,2.790421443111228,19.524963463836386
8812,108.8035734379849,5724.421312510712,28.663211615674673,245.3008019034068
8815,34.56361888494161,17203.240684942077,19.544463198491165,2583.127393270508
8817,63781363.00006906,63781382.83709225,63781363.00047121,63781370.65691493
8818,63781363.00116201,63781388.83947705,83.53659012190117,758.9900484359965
8819,36.717877074023654,10372.748138242983,16.019079416780464,113.44134583166606
8821,124.62168527861452,13818.228566100172,54.30859709829867,312.6808363089072
8822,155.65926943093115,21684.507979816735,71.327041888136,1372.3014391840961
8823,28.654061250792857,19301.127098668505,6.77670195179977,862.2179878741697
8825,24.161055966402255,553.049337975714,11.826277601472148,13.495646316606408
8827,13720.69831434054,56029.2799754506,12910.491579117874,53227.95297589762
8832,450.7798157968508,2970.015670289644,128.2023363416061,160.22397611392654
8833,2719.871934619659,10321.81099769248,2709.1130128823156,10279.687342451847
8834,52.4668641641853,3693.789874555876,52.701313122253545,189.41182672777083
8836,148.66686659725772,43755.99248478676,53.298278655840925,567.4576738901466
8837,201.89097080233205,6591.6863759216585,65.02976365033727,88.13899028263455
8838,25.26451162377046,606.0120672989393,20.99146199366955,236.39933431979932
8841,25.294985641091948,3392.2845102188994,14.69485801400153,140.69466272722732
8845,62.73462999002701,3129.856666611704,49.25427715814195,299.0859133008755
8846,409.51412980228696,18722.98589426322,194.8355408353676,3511.684229880323
8847,303.8012754993512,12840.779419121873,73.63471994906425,245.962388432179
8848,95.28644935898456,3922.9661167591767,11.509588700306752,18.577152606818792
8849,30.826760072748527,431.8842989465415,363.7446390160945,515.8940569495804
8850,12138.302407430858,245294.63029475848,191.6649580717755,1545.5275466568223
8851,340.83077389344584,2948.137403928277,117.69339048611681,228.93250097084018
8854,467.54393429804463,29196.36515293071,30.45247742374492,196.99655028427583
8855,54.65013858196606,2450.51452113626,29.54899954354026,279.88667444695295
8856,1331.5094089967954,415547.1867726386,1032.2570414045613,267172.0656150128
8857,156.09728345352104,1302.9479801014927,23.742740821899385,32.17307600810755
8858,15126.285312936183,239778.56601139338,13188.423270574063,203352.370666167
8860,256.3444676101037,2897.647411186623,324.77601585386753,654.5801415056577
8861,63781360.913671695,63781361.10254746,6.0567135358079085,35.15563763784106
8862,110.4419542102603,755.9393353622335,73.11189529606104,92.63452255837669
8866,105.55020919333059,5605.78752072819,46.262690735011915,331.32228889323943
8867,37.75924190402128,270.0210430096258,20.79288210261617,73.18854931543885
8868,40.6350426472735,8965.581153158551,60.60494747330418,608.8951126723905
8870,189.51496562716747,2536.1310567218648,6.712639753075863,10.449679956884621
8876,63781363.00100958,63781371.1959708,200.33052583152855,1635.8064969666184
8877,152.10627829579187,1545.140937005609,21.115602217477452,71.82160650549176
8878,55.924324058982656,8044.229470806521,20.68463248747291,711.964389377456
8879,309.812378394464,35004.57182685738,315.08560658790054,36774.47491459179
8880,63781360.91367295,63781360.91486962,63781360.91367149,63781360.91367167
8882,39.18661703616516,5063.472990341047,13.954418843805609,90.17473965842298
8883,144.88669320354646,2051.9927872803264,87.01187711286157,547.5826162475524
8884,8389.194816607094,55966.56194451551,153.66322350312012,1526.4981801390218
8885,23577.004953900818,3833931.7092641643,24747.46748598516,3981051.718860189
8889,224.92198853375345,5241.235000767309,225.11941123671653,5247.620072206938
8890,59.57414433461515,11683.676195531632,10.25140918853471,192.86459949498328
8891,190.2119185181369,45164.02230553635,160.5659173692141,38034.90267414915
8892,42.375314137964246,11699.619438597972,8.614476715216533,102.6318976203083
8894,412.376560362365,28464.433170998444,95.78271856594873,1051.812413473164
8895,155.908231970425,13785.758042545633,39.515918296523346,1435.1933727232984
8896,124.16527701805947,11755.334958592573,158.87577637331066,274.112179473523
8898,11.33757234239336,52.70103455050806,9.522807074455937,11.027931067727593
8899,152.69914580293693,8597.609298594563,147.54818607670774,696.3138697507624
8900,333.84978190294436,16705.775923695077,38.48907432662595,6465.975586909829
8902,258.58782943573704,15542.818620108896,44.69014620271959,439.59686474491554
8903,351.36880982672267,6772.070707393454,351.2233925030417,6849.992481577043
8904,24.595262212172834,4520.1099814472955,5.889053288937207,21.944668640878113
8908,925.3383799280615,2983.4539678001615,925.4044280834677,3050.974603226478
8910,1052.2047055173314,26968.446213595656,47.31477296199485,257.48462163165635
8911,125.06981928942683,18038.98583913002,30.693025712366634,453.00553588013247
8913,19.673059054246878,779.9079482666167,7.67704045748649,22.370597935086497
8915,102.97037066191592,3816.8742220512345,71.24675237381649,1958.4128546918141
8916,92.38677647142761,33748.75011644908,60.4820711099899,487.8191020908385
8917,695.3277209034165,20818.92611122509,33.74366273582012,1111.2923845199805
8921,133.56585655484457,12454.048847654722,51.59391435002468,513.774070336325
8922,43.13777207151436,21189.463329786373,25.174638275202394,7957.364941884935
8924,109.2369214049796,17713.25631778496,39.7530677612293,135.22396200257657
8925,389.5883901354199,2209.2536277356817,140.5117487423907,710.4040252588467
8926,117.519563945031,12216.278986844465,27.827488333804084,3672.780347299287
8927,35.3929027167547,1920.4588395960227,10.02826445421861,30.025977403210298
8929,26.616775893387246,1498.1222952494559,13.442736915076607,47.22557010895879
8930,151.0291038807077,2443.4442235812367,150.97031966461688,2444.501865139078
8931,380.1629043267815,21845.98160833491,39.49179131430599,225.77754412517197
8932,312.12173973339856,6128.664799389749,326.0824594093221,7366.033352509979
8933,42.95761335089454,2799.0741381475837,7.496446348148572,18.151208414219465
8934,612.7304389864389,22994.960137457794,55.365911062423024,220.0946449762975
8935,522.8840301596655,31121.762761740225,58.16188422408327,700.8118616622698
8938,632.1426056156678,3784.8254734061434,632.1421970133862,3756.773315136981
8940,52.7583103744247,1716.6660077479196,75.96647890965083,1796.5499706932005
8942,99.5502841204897,9759.985972775405,158.573183164349,649.2369921664134
8945,58.36762815216118,4990.290378926661,39.934748913277716,229.3792377051459
8947,102.20004070895006,544.1125846633378,102.19619449615084,545.919512286573
8948,18.915534105583724,6367.847740779538,63781360.91367147,63781360.91398338
8949,22.29847275775883,38.0945779403396,20.80871740257693,36.84219161812329
8950,15.119367194841198,1404.209185024989,5.5687256454728695,467.11655665779625
8951,43.276123262876425,689.9075813066897,43.221130375284844,701.2704173297656
8953,41.032852086061425,919.614076112478,37.84129671835566,757.0718284514403
8955,11.350613102343042,12.541730185250817,11.377239126738262,11.912750618947447
8956,156.05873281432602,1545.584058464508,38.49471297003001,55.18831417528646
8957,362.0978879827851,3506.158354145921,362.09837540633544,3540.1428133040663
8959,85.55998274561108,24069.89822160444,67.91507353271476,9569.980115577222
8960,178.4492378389688,73299.66529939532,7.29955946635424,597.6414739324538
8961,145.81682236668726,7269.373386350052,25.9732109019616,1563.5288302170163
8962,103.74944658341637,26889.611068830243,98.28253597961081,24130.50437977725
8964,220.20602467921503,5107.797148716696,18.755750262114162,37.03031147056168
8966,26.389203006748495,8173.679649172043,63781360.9136715,63781360.91414988
8967,68.45692995561912,9395.334502453417,70.06445438750717,9833.034432927465
8969,54.8092369457464,6247.92926582252,52.54571054299431,5164.583334072364
8970,89.30104934523226,6401.317682523162,89.10085144336614,6428.657085219824
8972,69.54519229487609,1349.0904748840387,13.14469901625342,49.96635534703321
8973,23.82551584109035,252.29506756643457,42.48696460631644,304.052094105694
8975,40.38843847057097,751.024336600194,13.9326671766293,95.8868699084772
8976,285.55844098349417,26122.896408492208,218.45078579983115,16061.429644946598
8977,105.83865985540527,2717.590137442912,103.77616135361775,2547.2926062037245
8980,851.2361660243328,4242.783846654193,57.61376226333144,958.1096530998791
8982,42.637380101862306,446.86764099735495,33.09938770082337,88.94786395240034
8983,57.00746883842123,814.5940794931466,39.83429037375155,150.11887313901892
8984,162.3210604545511,1898.5284514405992,20.639826314513464,69.37623059459158
8985,353.1048580417297,2254.4685084480902,353.0120537236181,2184.204733117484
8986,38.0725133344028,17731.292738358552,6.744223861257408,103.69746830234888
8988,41.98278456563403,19661.592926221245,24.0320921215929,7077.422570904401
8989,20.895894541410104,246.22665670231908,15.685405960781665,112.22618547748117
8990,542.1211967589447,137415.8209921885,103.36275102113272,533.4248456911532
8993,50.90549975022355,172.27947514795832,49.9276735635778,193.18905691036073
8994,95.60953901284631,4357.506908500688,81.26760190549454,274.318802516203
8995,73.29238626214206,20621.06828490981,73.23627628618905,20499.886644178772
8996,97.11367362679552,887.3362547387403,101.55323537877963,119.93419894430613
8997,59.362061397058774,6208.506193548292,59.05998928389407,704.3122614128125
8998,235.28216649962403,4179.138316656478,209.24006303063825,3695.963393271143
8999,97.30108443003779,22910.2278622293,21.302226476534486,1956.3744175560016
9001,130.7736591838394,1516.2393556148336,62.879177376141804,978.18792319783
9002,580.8758627849681,21306.14245842387,207.6676178749374,270.5501307105651
9003,96.53817494599592,23023.16537032093,35.31962522369669,381.1128517837642
9004,63781363.00000013,63781363.00008861,3.184591373368814,11.352968954091708
9005,66.74391051078919,3120.0883000779872,62.97234993270801,116.94725589569425
9006,114.33750995133602,4532.098742207653,54.6762487887047,66.95004552433423
9007,108.29898263674224,10134.962379116641,55.154776895785915,505.0183760043281
9009,3254.066744748819,77187.5032532207,1046.3712948129175,12339.738283076105
9010,290.04663553887036,86822.70464693842,80.54773309088498,702.0544247150342
9014,17.192576390881726,1298.23136395178,14.668658693449279,768.9236252636302
9017,3112.952490925269,108973.87407404846,729.4525044872919,15104.770267437865
9019,38.50127983978251,6122.359832093721,34.45993204793531,5327.084418072775
9020,167.26123296116972,106183.59884654249,172.22250289828403,107630.41881039568
9021,47.58204770602811,23400.361000305842,5.369671878483111,65.95248162826695
9023,121.42287095050963,1908.8807945645794,1276.131661863954,2757.6027724474798
9025,49.34068760729767,2171.2311698769645,18.839981391332362,20.18122271475482
9026,3431.8991260678476,31240.433877492767,3425.8730365137667,31190.12208096305
9027,46.97534291321188,959.9142631779728,17.23090727676297,86.25758082772488
9028,129.2356342948863,9076.368111065241,147.83726933591586,5696.65127284365
9029,43.39465499132928,4000.9763159012937,32.20694062884046,51.04067344071922
9030,306.3935702834666,73064.36671050092,172.3115394292278,2735.165291170887
9031,70.19429104473866,2986.8544846118493,7.2493549396287404,8.559616491827676
9033,138.50635731521396,7081.805591743833,52.22986818886645,427.3005981349665
9034,119.7768032266861,2640.302611049761,18.902454411695768,77.79665300939311
9035,138.08930515710392,6324.42953300529,57.852344900365935,2626.296177262824
9036,40.268166396781965,11041.926424747937,37.27910150814457,9592.475019663776
9037,299.6349435697138,11691.572351968482,16.583783025862456,212.72426127627296
9038,27.01733447162696,506.99298169821583,22.985129834720812,353.60139145716767
9039,67.33695830652171,1933.035142425413,14.651139428217062,483.2470959669268
9040,342.5280400694956,1708.040651626564,342.54722148044766,1713.7621248804014
9041,129.95828382799812,12966.398600338454,136.8510424212638,14335.015952980635
9043,640.6802907061129,28439.872080992664,63781360.91772209,63781368.51929699
9045,63781363.000000186,63781363.000287354,2.9366651762804206,23.224148751469773
9047,142.97392899732364,25018.714009304083,39.56613340308799,183.92130083196525
9048,2162.3713553498383,17318.13085115616,2162.0149184088064,17179.07391239775
9049,530.0176443999098,11247.564752289762,528.9838676639207,11188.081373843055
9050,34.726019523287086,9021.498537509919,9.928868443317063,139.61437816816493
9052,117.71022147522244,1358.6344133060206,54.79982162920006,657.9447414455723
9053,2002.624550120594,1128019.5607937877,2019.5506724373877,1111915.6484161438
9054,21.178261616490648,378.1965747497176,11.56154339397557,46.74336736427431
9055,1989.2589610107214,358895.5602675485,63781363.00139558,63781396.51932154
9056,135.86525906643698,3247.765669202154,62.820275243495644,68.07899236944144
9057,235.27362864129745,60931.2525646204,20.580603909328754,261.06003888103567
9060,24.04716474371665,2024.5581828405182,7.345595583391776,16.15912027045021
9061,25.290651308535352,78.83941602953735,25.274535491706168,79.1839388341672
9063,53.05509820153633,4329.55920407857,23.028596693410034,309.1773971323114
9064,241.50482363394457,14002.14545876144,66.18938050203677,3481.5165109805084
9068,23.30140365302636,1619.9594641408783,8.312570864332349,35.167494548787054
9069,74.83326007788843,264.5025862275322,6.153604565070554,6.435695790689185
9070,1300.2984971998183,7628.356195077291,1300.2971454437336,7628.358262112899
9071,455.0199139616334,7710.462865428034,434.2853522345993,7442.455543971861
9072,105.61669561727307,7036.063316400752,8.019139355143793,36.54634771046499
9074,1233.4122468922974,67742.74082291678,1239.4649605343816,69640.62653552338
9076,17.099910083582117,4811.612796293904,63781360.913671404,63781360.91368708
9077,68502.32975660598,2840870.2266164534,38821.31034646606,1602028.150754764
9078,526.6727603466397,137928.30875406403,316.6174210850953,98984.44092205701
9080,185.63635424496766,73880.10551158995,7.687568161252081,616.010761012845
9082,113.60070936567847,10381.246681737655,9.129816998078484,55.31557653056165
9083,254.81598818525953,2313.858589867418,254.8596959795655,2305.703664157846
9084,88.13474703697648,2834.638495271078,57.020307860058054,85.90029611312339
9085,157.3031985220689,55929.00890129404,28.033559998443593,453.31832300785345
9086,14862.914689553101,112283.04398407617,14834.207749511677,112097.3497122145
9089,211.05956640026514,7439.397675514259,114.40279233569866,504.250235228561
9091,63781363.00070839,63781395.911125034,32.87592538602697,111.47709663930671
9092,175.31871314717282,32930.51779624832,116.31389498444646,2295.0735149212232
9093,12.359238194921721,325.753349562898,3.8129423639500604,4.319141397496125
9096,24.222159905500195,11603.351858509766,63781360.91367144,63781360.913810395
9097,30.505567943212313,1680.031702588118,12.300502000075198,25.286400230383894
9099,57.136856787487176,16630.31072401867,20.20963223593548,449.18646216394745
9102,63781363.00000021,63781363.00037325,2.628654049638323,9.95603173812494
9103,24.506354542451874,27360.789623049575,13.181064743973657,193.36042557369552
9104,89.44648602609037,1092.4390540521445,88.23410875359703,1017.129458200856
9107,114.85367618054975,10619.49386198512,33.407085865048586,163.35568803092258
9109,33.3061179542433,147.29021370265266,11.34383234044919,11.512236081749746
9113,50.398211439272075,45717.9525341634,53.8516255935394,37823.10414185477
9114,19.99956103134297,535.0749203415056,10.142722475198902,12.001817633755
9115,139.2874510955845,5426.761439061057,16.030008859333634,22.876449341447938
9119,51.9712759868064,2821.3395030053866,18.260995984526613,67.37472108758027
9120,12.105501702115939,314.60903422511547,3.7982271423713034,4.35241507204582
9124,69.30280056303368,5072.557593465325,10.676423289294785,32.51841943852362
9125,39.417794046812254,4385.178646699919,12.014605067717307,50.925439813034956
9128,18.17194209215806,252.63397529301147,23.36739956580257,66.12925817831727
9133,264.4411215085212,25451.962839253283,21.682688452261292,442.0323763804525
9134,300.030149431468,14622.035501741206,192.09705342926333,267.341508119739
9135,624.0952163159534,10007.070587209631,622.7698454427064,9192.607108927426
9137,204.04719261666762,8700.997880524894,157.45703663776555,6579.730736914536
9138,47.301478895356425,6065.670479202981,11.649758706470395,194.01985947685907
9143,63781360.91367253,63781360.94233462,8.041342292422925,233.55986103614197
9145,232.62039876729102,7150.189816788286,34.492082557982,207.23411973584652
9146,63781363.00000078,63781363.0113283,63781363.00000004,63781363.000000246
9147,24.870944947874328,1499.7237366943789,7.615260743726628,94.15565734336126
9148,73.06288145034644,2613.2661161811798,10.032618367402272,24.732552834130686
9149,83.17388625421398,343.5781781124519,74.43186107712857,116.24115955402851
9150,595.2894628144313,36646.376367864716,53.28533211272306,281.8614811124919
9152,36.88525276338749,852.5690932907265,59.70398162759965,2407.2659089799595
9153,385.3498292272237,9010.887911568238,17.23772785315219,47.35292286077387
9154,229.44971771178513,7818.834535360311,123.16956176640139,240.9286754167327
9156,101.80324051298925,3739.472570050682,29.249925136288265,103.50847974293508
9159,84.45966289843899,19712.025865627198,54.57236598761419,1170.6839237586864
9160,18.31143308626253,586.8784388969937,14.812163606673286,138.19800066643663
9161,2191.216215811948,4386.228869848018,2278.574121769631,4779.042768746792
9162,157.04117461099054,11578.005247615767,54.87620110449599,131.9762385430085
9163,26.572105278833195,3057.746241371041,8.046188904729227,44.2739923428815
9164,63781363.000059925,63781379.00021621,193.584514649873,1623.1571302328653
9166,43.13777207272419,21189.324957490593,25.174638280088306,7957.313028880528
9170,8722.317315365528,46189.4241326497,2347.3724476056145,12476.870990108442
9171,51.378210540992534,12776.595630243693,32.085453884933834,2032.9176100660438
9172,902.6386355920318,36039.36181989282,898.9547820813974,35880.52672647965
9173,54.77880953741822,4743.963062179575,20.368990886042816,60.113911597037415
9174,162.41478699072806,22724.57690546364,185.29119550228415,19068.341902901513
9176,123.6246205786504,7163.992706322745,55.03958202792686,366.124833484658
9177,477.9505318249163,7824.994711410281,478.0647321314421,7852.087393267798
9178,36.35341404428102,1000.8138315039981,20.76325276771741,119.10937657529266
9181,13.132179304781648,1555.2409797095424,5.691626249519437,8.01379635379239
9183,311.39717982496313,11038.70227151267,24.527100545580286,134.22664343880393
9184,56195.05592213256,399602.18971551966,55499.674878756116,395454.35052995605
9186,36.57614199370356,24449.10320824309,5.706850301964652,182.11140026138165
9187,60.34924014947635,13888.529948146728,11.35259238354132,86.27872971747489
9188,306.82902424647125,38429.49786996783,185.8370717087671,8934.655133902288
9189,35.16944344652336,9992.878253417339,10.057972767047142,125.67722780026222
9190,360.5077676696462,11675.164559559793,360.2819015195212,11408.355612810841
9191,32.770878647914905,2412.5687441813966,19.76909406870257,103.16204040639894
9192,75.083818043482,4833.218208663389,49.958318868531144,181.66600781508626
9193,331.35804891821175,843.3481517885241,331.36229835700544,842.2506661094034
9194,63781360.91367245,63781360.91384168,4.518959462976073,4.588851396242173
9199,63781363.00005697,63781377.611159764,194.40936057292186,1305.9310214348998
9200,482.0242104006157,8263.808542473098,483.4335855010848,8274.363270708269
9204,306.6363397323621,10776.313918576125,60.92949898608831,482.9420393707838
9205,484.5863682017137,11415.742752448747,46.09492436566419,155.48406344044525
9207,35.30875089049182,144.39782812129738,39.5159193756019,188.400463176286
9210,63781363.00000013,63781363.00000017,63781363.000000075,63781363.00000008
9211,122.00897073475048,10713.092780965522,50.21997170149184,772.5907036167611
9212,83.34706605786245,3206.4585458277843,35.85967807923293,463.788465122061
9214,28.613043437541325,3869.8540283016246,22.53297810158395,112.1797699090406
9215,14.44610212579925,22.579409128082798,11.596457982560688,13.053533086308285
9216,39.25635273559563,19305.667515597575,26.62162509385261,5143.378472410786
9217,63781360.91367151,63781360.91367638,3.841063309961719,4.034039867876431
9222,460.2818571155981,3512.009549390505,460.2842242444611,3473.4661987414643
9223,29.073063119807507,6080.341179541731,33.92104496996801,1428.7342709987554
9226,268.6681841033506,8661.94888504149,58.595816120170014,186.57191952277157
9228,49.4615502332018,26575.245244919523,23.655940788273533,4694.841417786174
9229,138.4493118083729,9194.507205115364,53.83749804401683,543.3869829859653
9230,167.72757971513326,3924.264257679856,177.09089683335012,1997.4412342535165
9231,63781360.913671345,63781360.91401327,1.6382510935288743,11.708108756737019
9235,562.611664017075,73377.51408985001,98.9624208431218,841.6055357884508
9236,774.0625190493029,15193.94513295132,773.7831157173621,15130.303332610956
9237,97.08987059883566,5683.985421243083,108.64289436031682,353.0530540019802
9239,69.2628407894188,16792.60940731585,81.25764330497918,652.2392281481101
9240,63781363.00000019,63781363.00014245,3.5545826428105776,21.42059109747479
9241,611.5815637486166,177501.0299889337,581.819069470145,172146.44432014716
9242,124.42039125398829,11646.577672980131,40.80662531304644,2951.3821505854444
9243,63781363.000001654,63781363.000424854,5.012044457171424,5.2919127209558425
9245,96.54043003546406,18112.43422527516,35.574770342711226,1107.3312144555136
9246,285.8812781901375,6451.63080580246,50.66637314814493,382.4961706678456
9248,63.65182798866143,6654.058768157704,170.7052595419125,215.22190037058968
9249,173.7617104095359,4152.557354348797,37.539897565706504,43.14844633738501
9250,13.806643728882372,926.8251743373771,5.616892375001851,28.453989115978285
9252,18.721203723639437,583.2804412409508,12.221520186255884,49.444454065161636
9253,133.25010965049046,3266.4921630053627,68.66881066395617,465.8981756998441
9257,305.3679177057334,5155.947297628492,33.80729169209695,219.423291581799
9259,709.4269806180132,14663.578854959587,90.39731027575927,131.02998338582785
9260,63781360.91367167,63781360.91382538,63781360.91367137,63781360.913671434
9263,34.093366154470125,188.88517661272482,33.832893488432376,190.75962505590235
9265,20.45950438131056,182.91697793886993,9.375757381772083,41.538055400274345
9266,29.691715314513093,2471.4107057433807,12.878358342552655,91.80559760684444
9268,16.124982161514414,335.08713828080573,8.917489662604158,11.783280335594805
9270,63781363.00000016,63781363.000000246,28.337054955677374,45.18696615895874
9273,82.05185394607243,1523.1099465173131,31.264461936205695,162.67653717938813
9274,96.65567266894381,8139.394580903669,61.736566366092916,5463.633778500421
9275,37.10312392491919,25261.30847534407,5.8686931080187135,236.1353432322451
9277,51.583628542711274,12353.642316371457,85.03359406077742,2809.6275210679582
9278,217.18854388562923,17144.314751208156,176.65680211568625,9205.095582834303
9279,1253.58871097703,437402.8159838823,482.9979124594163,86522.73318824133
9280,254.25222260166495,923.4665722225824,77.42329113909082,111.84535044046186
9282,16.32511564383324,598.4110704960435,2.994550022023881,3.290983984397794
9283,63781363.00000005,63781363.000000186,3.8066797273643487,4.460174980062014
9284,139.93840819514764,10301.64286403749,37.59142701423474,56.297834196023004
9288,49.61152054026997,7811.24762743057,12.273815871410756,33.539763650883366
9290,358.02582489472314,44078.24387428398,357.90691342757003,43945.781903406976
9292,106.49944079707856,6958.485598886126,44.91173663251226,224.01522951118926
9293,68.57291774478978,6462.62975460493,29.91948827822865,237.96149979412635
9296,325.6963857287643,52869.9624948287,20.35227956995102,120.15298110427719
9297,286.8780832790715,5701.16331536209,24.319589894262087,63.9117083871757
9298,12.081621150498595,1107.7915188706731,5.599124946110759,102.27588890798515
9299,295.1468759416727,25127.976267989852,27.18200418305905,65.46246929495825
9302,56.918896759623735,31296.465307434937,19.014091626047474,2755.544648895003
9303,146.62232258070262,25554.069650050114,57.35504735493698,284.5020913558262
9304,139.8284174227001,13725.76393190274,114.03319454192865,9707.692309095059
9307,206.6781339060873,6928.238722432765,206.21665008772814,6931.009727300947
9308,133.78993604577528,8826.821944858988,209.34657732378545,323.3355236678459
9309,41.39406978853119,1510.6886013312444,19.662742031317823,39.18767397935764
9310,80.40143193609688,5528.086652703844,42.868906740389406,434.6114085866607
9311,62.647819575289226,15877.856935922,26.122524723591155,611.5166097660837
9312,101.94090431630899,17509.46769424045,33.99947265172209,279.93944712735646
9313,1151.1459262875217,8685.641856291315,11.371224004237053,48.55697013270053
9314,25.834024830326644,1239.2436685511034,22.15444495117889,700.1413096628987
9316,198.29838409626205,24898.185447881246,132.79387371172066,15559.857836163941
9318,298.4957164624217,2362.7440402588277,205.0313753385012,1051.6795559550142
9320,63781360.913671836,63781360.91433452,6.753784006953978,25.901944246821227
9322,29.098494726315202,374.6951761116396,11.40269785780561,13.786825177991021
9324,63781363.000000246,63781363.00014892,63781363.000000134,63781363.0000062
9328,182.9494073706048,25862.847712015955,186.47987877458357,4503.460339833353
9329,142.35338981673192,6234.419542278529,103.9900311383837,164.2211875152501
9331,616.9140029434458,87734.2462565469,618.5607713162631,88544.9973426793
9333,66.87253749128494,600.4380628229842,58.20025614166387,73.00987614298838
9334,37.064502765550856,3097.5165728210513,18.445212263605146,361.2522946331577
9336,347.33695694454667,47382.7555790929,311.4958161091281,42260.14726116405
9337,97.93052898598528,2986.5683129557133,31.740654403102234,119.21872053495262
9339,61.80880440213917,798.8934924707825,29.748302356459728,105.56928512190326
9340,16.485634209390753,173.65806955837667,14.1221992515967,39.29401996663132
9341,63781360.913671546,63781360.91534812,4.774005092690986,15.120706979797399
9342,48018.36017666416,244607.84796057158,1381.9039094281568,7135.42716711474
9343,411.86241866481237,13503.002406721147,20.38435649929775,91.30540444175423
9344,63781360.91367357,63781361.32752851,63781360.91367376,63781361.24545751
9345,427.3487293919258,11541.167059056694,48.09798601923242,308.7330323117019
9346,180.94912440187613,9997.378075844941,81.24129579070734,251.90910511296985
9347,39.45764250935219,2268.494398054138,6.845262019335189,33.212078496429065
9350,490.30988300704263,208577.07779601443,464.8288263465738,198230.6577598865
9351,34.718055178196025,10900.554152073693,6.720323691574973,37.57337182125501
9352,213.71437664584545,6606.4349572047695,105.22370062840939,153.78936672221516
9355,90.88250413581825,14553.051213724979,41.223540749100856,240.19963173840762
9357,271.8262410584775,63242.89545322946,63781360.91367369,63781361.2313402
9358,52.54638304938791,3280.71893028405,30.977136594706533,143.75038143214093
9359,233.64434894416934,7848.991970568391,70.99718651523634,422.90407140920996
9360,37.86051662339016,6243.687049387718,9.996937320835169,36.225053777279456
9362,1086.715019462115,26234.019667150842,1087.2806410217788,26354.069629084213
9363,63781360.91367147,63781360.93911205,4.048795819222012,25.509834283402444
9364,250.03072343053108,30138.290665539982,44.33035630580851,4514.692447416855
9366,435.554096696502,25385.650833852964,228.99518121824326,858.9028505167433
9367,1085.381483239911,249619.61134689898,1085.76848722539,246577.16412908369
9368,505.0247870897664,11050.79146659512,477.8357820100556,8809.979711438084
9372,25.479650851171684,10086.663293311427,9.281230951953253,52.31319946268504
9373,48.351281622675515,1385.100956362859,16.0236909226989,47.18539301931592
9374,1674.5213724515122,4495.466095393631,983.5230212679063,2533.6579549457124
9375,63781360.91367216,63781360.91525892,6.664984404340143,21.125328486330606
9380,364.15878302049845,6297.448482860022,146.061566036557,614.9912542708198
9381,24.703089068066653,98.01791313164634,29.97814385388465,53.90954982352489
9387,65.39623471468421,22553.05085550505,33.38725868508834,1212.7644209230182
9389,1232.9219166507173,12506.200949105574,15.4756563256721,81.73094261990335
9390,74.95738336623155,6539.340664266259,56.21872262059284,217.90756380327497
9395,391.4569149653363,14604.30356582967,391.41403232517655,14562.377355279763
9396,167.04229459524848,8075.708439750994,19.798112401837038,62.51971474421439
9400,283.3581447391024,1292.8120143280428,116.64796065211159,491.1363268591143
9402,303.5259546584513,8548.60351364957,195.14072941116095,672.6200455012137
9403,512.0196534612666,10220.069628899768,512.0124960942537,9835.21402292127
9405,42.85868640416851,8955.72826055528,47.595646428718005,190.64869766998007
9406,183.13167507600522,12629.100741892435,15.235359555969222,98.11848947807682
9407,59.54197697727729,9500.503047265433,11.352528004308583,74.92654366889784
9409,107.98176216190396,25779.81972718233,378.55440362000024,561.8483275197852
9411,28.012055543416203,329.5287058272157,17.37104877036074,31.11894605489656
9412,69.96786116476457,39772.04041507806,69.45877724523926,39952.01438976177
9413,23.70763369425377,5953.934780151737,11.24051490034441,67.46270461201199
9414,77.54827511659572,4290.881287841278,64.86725455565062,280.37605281729003
9416,51.48541568811434,1925.38408057135,43.46210910190805,1361.4808710607142
9417,492.8444398282124,8109.98826797622,491.6567162624345,8051.961282416274
9418,76.8912460623355,3219.598088400077,27.887779538361666,100.08556459057395
9420,106.92526490398303,7919.754848111171,24.80708343820223,120.91123013405429
9421,63.94531316945556,119.48970397494304,50.301323991804864,83.85438464683459
9422,1967.085063256681,351513.53118492215,63781363.00129833,63781393.18108806
9426,185.17365416918008,24554.017894595017,163.9430819620681,22831.6923154959
9429,363.80074603313165,3944.1051226080576,20.864283761740875,56.68469905837118
9430,63781360.91367143,63781360.91420872,103.1090944045426,274.46981854438485
9431,72.33843676791635,745.147381688547,20.601764068040136,46.54120531043891
9434,172.75626915766895,6807.789559217384,13.27842387922414,69.24768901804384
9436,63781360.913671374,63781360.914563455,1.6323305356545441,13.442527618328324
9437,36.14436269410549,4941.204616953338,9.842460437333132,49.63197915853652
9439,227.97312947972685,139715.2304567071,500.3172632639905,32471.535734600842
9441,424.5147890819505,24600.96646923915,28.182228174417762,146.25593486061973
9445,133.7897147446563,2023.2188060790486,32.585688975175266,144.14851517249812
9446,133.29212759554974,37317.890325200715,27.844542308709688,799.2589047815529
9448,96.42298240507192,2057.1310196018976,97.45448420055352,980.4684315312209
9449,154.40938769004282,124506.0033134344,65.57130793297341,1146.126140182372
9451,284.4636501742359,33668.46123838375,293.767355217538,33733.5265679443
9452,50.43163953151114,44437.626380859816,124.82623964317563,637.5140291619961
9453,506.0000936214626,2515.3942354629326,189.12227151045963,665.6571470269334
9454,11.316162736827293,1647.3005106629114,3.023527967108155,15.985565635758464
9455,331.45603775879135,87883.898152923,32.31108394698837,641.444720455561
9457,26.577864782878528,493.3699864218911,10.692281376641107,14.15974173248022
9458,41.692251050602536,2446.3179958580404,16.669330061605606,209.11793144194687
9461,124.04213780761808,4469.195229079278,19.838507818186084,383.2490713533674
9462,432.41942132571523,28752.364232989305,330.3111609034555,21660.54237353819
9464,63781360.9136728,63781361.31088595,63781360.913671486,63781360.91400089
9465,125.43217801205857,19064.827536336405,71.10927731640963,499.40405684133464
9466,2353.686635703295,13210.528267675705,115.4067389190418,421.70037093611745
9467,977.1478235255939,51229.82865457379,100.05958030132503,168.54892691488726
9469,1565.918346822791,33362.83174826746,542.2585537231733,14225.859157578107
9471,39.51046606652916,2913.5411988339247,26.434775501089966,185.9435187668583
9472,40.432621927214285,6510.381304961784,18.375611405973025,105.42574790773314
9473,139.40865872066848,7169.052933533432,202.1390410484763,4531.028988513668
9475,9.493117474824164,4559.114681481085,3.659081403920871,12.884487527441614
9476,232.5900810550355,10787.929614353438,43.66967287798112,2250.8227036408603
9477,252.39050045566322,7330.703619165419,252.4661193442598,7345.05129776191
9480,64.39924079942209,17068.790462485955,63.40087803254069,8375.709848754412
9482,143.21766705806078,24150.98152612681,18.732321127391284,103.87182511121945
9483,934.2382488478363,212929.08096125978,66.80287101645206,2990.0768060026007
9484,451.58783913041606,38860.991325201285,27.187500576384114,652.4220806310818
9487,119.26828501122125,5555.205625274963,9.554358294293811,16.747488290050413
9488,3862.4646707374895,19581.872750515682,464.09604138017056,1883.165258150902
9489,82.04670321477589,8856.424779809216,14.255563964507912,55.94326190445859
9490,26.211283849035375,15442.837317631505,16.108779445314127,536.9196587156472
9492,306.44825230998083,721.5852139204549,584.1681964321277,1224.375315472289
9493,60.35565232742611,2731.2816798690837,24.360408532949936,149.6087120255965
9494,262.18441435728863,54005.58792291789,163.90324719231444,27875.27481793618
9496,122.26707222075768,11805.242191592852,71.76583936424784,5916.697293696294
9497,16.210580877033586,3440.100436296991,6.016737244613937,29.056469637391846
9498,44.85424285654076,5969.7094516989955,53.770438531698666,236.12815339535743
9499,63781363.000000365,63781363.000025764,63781363.000000365,63781363.0000208
9500,404.8312357527794,4215.535394461253,17.093131922169086,67.2408186484481
9501,1235.422887564694,8904.575288743536,73.73045820426451,447.10886250816833
9502,59.48582514500256,2849.80177188644,74.90331055590012,100.44205936267385
9503,1548.7892101863395,22592.698502223535,2604.6728863571802,3809.413502465208
9506,57.22962999758154,5927.961036089735,12.716879638258543,125.49147828990388
9510,766.1153206035472,23426.308634374298,765.8174446314288,23598.343984536677
9512,2866.2435391527815,9841.881379938566,1622.7286427114927,5573.567290119429
9513,47.67289558416389,8645.879070167852,47.423787512659764,8755.255107356552
9515,33.78726417180503,2183.690165164635,13.792610532933026,82.6668514672545
9516,49.40006394297032,1001.9589870570413,9.802016699756523,19.677364467997606
9517,46.464339623071766,9993.011102040678,3.6297083523655966,30.925861531809137
9518,145.16177720862868,13120.078310444174,243.84193290759188,10277.860190996938
9519,28.536566921891072,348.76831916683034,17.97986439493442,36.0166055379494
9520,66.56163914431386,20669.35129296515,117.54630252337205,13294.006359291756
9521,199.18237620623742,12315.554292923405,36.77884501545448,4634.324907381085
9522,131.33719515108862,10091.724292597044,44.322496218321234,153.7024203194945
9523,170.2002008048195,6675.386771283735,242.85607691385397,318.0826268470464
9524,38.12106444123054,8530.096933204417,30.990361564226518,249.07434822163222
9525,133.96189572412572,4356.769191586559,10.59680657126427,76.20425589533795
9526,1407.846938299262,5592.225202981788,54.04201521898295,260.0179105523989
9528,408.5342449137343,11579.316748775787,500.4686416105238,5590.7120911688135
9529,19.799045632713813,843.5176575368306,18.057500620881175,961.2136990644434
9530,71.28371692795628,1262.0239945914882,32.30522189896167,47.42906300448798
9531,21.067485932272074,6861.173945654591,7.9139275585339535,85.08631377240894
9533,306.56739569779745,80266.4447396584,309.7515203552786,81376.84291240646
9534,100.58521734194787,10042.153677212644,37.77191558989571,161.6998504041466
9535,50.21758636029533,26885.43640328637,7.700084325701402,364.9854648956156
9536,1978.3064658740873,353985.69930097956,63781363.00133464,63781394.27022553
9537,36.38956538041769,1977.9310781697511,21.985665806280362,109.70008581301123
9538,1861.5072219861286,333117.26862148446,83.31751972235035,313.04807213858624
9539,49894.858057290396,256590.64710838447,8318.832452555007,42534.45355700722
9543,57.13052715598876,5253.536824735243,27.006851804979892,3161.362976041613
9544,21.484688578987306,576.7971612020591,1086.3809603661143,1648.0175218023435
9547,12.18046644817806,79.59475100855242,63781360.91367136,63781360.91367136
9548,80.91437925138702,6642.042579900126,34.39904488067912,1649.2377486692774
9549,69.01138835011189,1701.6049769165568,48.46728398120516,205.5535277601657
9553,81.59226557047185,1245.1830514077149,80.57470515865433,1214.6332699383415
9554,48.57424001516311,8440.372863353014,20.247727939017697,240.95598928221986
9555,31.636324200105875,7356.307057636443,28.55376475464609,5051.816164064412
9556,69.84782111563034,1640.7950196839645,69.76193465314773,1594.0150929673152
9558,16.190413551339837,88.34775049634113,15.65453674523208,84.94488675391015
9559,155.7356085618162,35551.47405928857,43.6818516187874,516.7621105430887
9562,89.40269114162854,7818.167970412284,33.11238287193777,94.40869312964604
9563,36.66154997241388,4247.716507341314,22.17076873854777,112.31993792096453
9564,404.3322205088693,34200.60731900064,406.0294573633379,35112.788838305525
9565,24.22502331227395,401.09711301479507,10.960438491850182,31.327439202722594
9567,94.09635363555812,4586.836759873556,7.741677924223509,60.17910692467612
9568,84.13167105049864,4092.382368805834,91.48280083426327,265.12264862722486
9570,26.523891458659666,8501.788790592474,63781360.91367152,63781360.9143465
9571,12.280779514267598,246.97122363529905,8.961364263682281,32.9136413592474
9573,627.656814759265,9945.224456698605,127.55805153894784,165.10177560922997
9574,1336.6804448011385,547368.4169233787,1423.4988440552822,547222.0412390934
9576,44.40553466024681,6159.881136805819,12.792069460452737,65.69506571475527
9577,798.5361584776633,23249.557624556724,422.5351353293778,14181.997003571942
9578,782.26589880502,40555.654904794166,781.8218629018527,40535.02116864706
9579,1750.5554074292038,1226411.2836150497,1734.7901536237596,1225093.1421400656
9580,20.535279660617658,4253.981367140318,23.429885611883357,168.8425080058853
9581,43.94759493195312,556.010439960888,17.61601648040094,20.91025445125202
9582,28.256814295163892,1208.3879206537179,12.098585391234629,68.08464384239589
9583,128.49813843493465,6576.384031611267,20.32304458911365,166.3765503558508
9585,63781360.913742386,63781360.91584234,57.91420678998379,152.19540471383513
9588,39.46622352051494,1834.5774381067263,20.653266672520246,99.21253857962883
9593,281.20000192165963,76560.35027737117,68.04294141592037,607.4811721878075
9594,335.7136790951841,3460.509094141363,336.9678937405968,3475.9981886207484
9597,192.79153020635914,12941.497361736017,75.71063328316905,7778.760593071213
9601,208.81400240020315,16595.3109355504,42.29286120383627,2148.3793122280513
9602,239.13799234963946,9913.22941098243,239.01678984936547,9893.762011830046
9604,265.5537034447641,638938.6382104887,284.1896974446075,643500.1801982399
9605,496.6325610861889,1139.954573261947,80.85165276292709,173.4846785094021
9606,63781360.91367145,63781360.91394024,5.3938895305594405,18.677740792499645
9607,59.4428093523113,1135.7626097866087,28.823144934732188,201.5935902547858
9608,1112.1369193374912,19918.731973672162,1447.5162057457712,35572.68392326716
9612,80.13567086318847,11678.933278755487,79.78479818761096,11646.78267047063
9615,102.36596334413106,5875.462274404758,44.721782200109175,261.4580900537091
9616,29.753344606809748,430.55266765058275,22.929150287417862,119.13101132753053
9621,137.31040159387584,21748.259348052103,29.67803582466643,250.30151005334343
9622,15.137231896451071,5525.542960011695,63781360.91367144,63781360.913732305
9623,23.406331589813067,1550.871340489929,13.474561055409279,136.18615347327108
9625,62.43345999310548,6424.8977020072725,34.681614325082734,258.32382785218766
9627,59.678230774088696,18716.375942331983,36.37487786692637,86.63350035142825
9628,18.591521448654397,68.83701355300556,8.601990010390882,9.115909951208584
9629,3145.2895257492974,11590.640585317395,3147.7469879458035,11602.190417196463
9630,137.43315859521005,38220.30050202795,116.15501344524256,26649.919201215125
9631,107.55405912637924,36526.81418617284,40.39989749467006,305.0755298466463
9633,50.04164720141006,1846.7393592323983,10.891113406828573,12.126956906494332
9634,106.56560174988543,859.3664785199908,106.54050095472515,987.2655107247964
9636,22.09967449833723,6498.435636636298,14.378596063453658,49.74121583730692
9637,593.5972772022708,48683.421460512225,596.6554114990397,48786.24418174755
9638,114.78189342178831,1708.5549776094342,113.90221478617464,1012.6074841239515
9640,42.74005825773413,8096.645605604316,47.37978315742748,173.25370560178558
9642,134.64655258484757,10083.912086869876,94.43771854060722,2370.5904712749552
9643,95.42489057676832,1381.441955071257,95.36743510368744,1363.3424265113074
9645,191.6238801953926,13459.15965594741,65.76162197225483,2313.9694841793257
9647,135.4398290257177,19219.933463430723,354.9414100304773,857.4504684669135
9649,18.369849500628174,587.1611045864149,15.609965775912663,21.388958400496747
9651,63781360.91367269,63781360.96589292,63781360.91367151,63781360.91402918
9654,68.71761049854342,10544.351759623618,16.652303078626115,108.35124629056806
9655,61.45068525940702,30728.9246211933,74.37172668580332,11755.10053580759
9658,114.54482786119797,49204.4369430648,95.56207809941537,35329.63355521016
9659,33.20983188056021,2101.069381379672,6.457091964808242,20.381559064348536
9660,63781363.0000003,63781363.000581294,9.331051827543371,164.96049637224507
9663,45.288983093643026,636.2351332470016,6.212673250515991,11.115030896880532
9665,74.28462432044545,10085.681164136398,67.32408547645663,955.0392827814547
9666,25.152841853835977,704.599385567135,13.402782573434855,23.547162035618932
9667,51.376719669854005,27952.60450050616,25.019756244830443,5361.065741926677
9669,201.3719478698747,61113.404191762565,205.59306402917846,62140.14215151166
9670,72.86038835949898,10330.640517170106,10.416607942119688,23.89269868543639
9672,165.71038437064976,9586.14408834649,95.6865696764071,1417.1188323926026
9673,49.23599455567757,967.4255385928255,14.477147865786943,20.29813891818474
9676,30.653676126062706,1008.2056565861454,31.231343662915062,1026.306638423874
9679,63781363.000000134,63781363.00011265,2.8629014315354517,19.9866484865077
9681,2176.7860502806207,17492.71105338635,2176.4221985736503,17349.17106613086
9682,11.56105305978605,74.70841540157149,3.7036255465047145,3.8128383279112503
9683,49.81377014364457,3897.2216690298787,21.9823711820668,96.02963617068902
9685,11.110734109681449,720.7676150853282,11.532611949885077,67.67124126960415
9687,63781363.00000016,63781363.012169205,2.8579704660576173,12.451840842438761
9688,588.0854448636345,17237.97695581251,265.8932512091486,620.9501319915556
9689,440.8336825202194,92870.67483570932,168.02586065902852,15246.732405668585
9690,53.90589200449645,5007.7138183433735,32.495360158485255,99.4499840311552
9691,63781360.91367165,63781360.94679065,6.946188947011262,51.42648778282189
9692,150.329930533802,6608.305670203011,24.005087775467516,48.20223350287901
9694,96.28608231471176,5819.39131103605,7.178808509666406,26.734462699611417
9695,77.03374307328012,31259.51369280565,8.381220176640005,206.77083592986287
9698,51.229133115808274,1443.784550441711,24.106027791977834,284.91839537686684
9699,41.18385936393449,1469.7515641503217,17.27616839846085,211.31135934679062
9701,108.2007202403478,4318.361674649651,52.09982167496743,425.8821387950457
9702,63781360.91367325,63781360.92712315,63781360.913673244,63781360.92667048
9703,152.73532223001305,6674.688130499753,33.48065204428047,184.10295050922645
9704,33.517404626055665,171.01406361317234,14.012810791931885,27.315078419873565
9705,57.53739448817702,5114.232537310676,15.01413802637414,55.50401913524387
9706,230.9184530899672,3628.72300053399,24.24541971922844,49.82591410517501
9707,55.71404516779034,385.654099619313,54.86076708659794,64.49970470403139
9709,9.90473795230651,46.46068521306346,9.903503167440931,56.71785161279787
9710,14.865237931670928,468.69669255533717,10.430767498717065,37.59885620988553
9711,283.7217531693569,12702.735976018834,68.96055512455153,898.5748129477614
9712,2562.4150605605473,7250.751587440463,2625.9450709659386,7426.208699863328
9713,155.6879683595324,5342.983396871436,146.86547433107847,4990.300351514765
9715,26.96763220063218,292.8158750410454,16.167902310965452,23.060261467078153
9716,1296.4431347613643,394527.94349653914,1004.0945171740054,251014.10982348624
9718,230.7490768889396,36406.2868616662,29.26178923910886,53.070534000679146
9721,483.94657545933467,154652.0732516095,486.9212117014334,156286.18649732543
9722,212.19401592892004,10015.896924860792,152.89205146386826,4489.888474468601
9723,83.37811549746858,2740.6293865469606,8.108909589371383,26.671090951641272
9724,1313.1852038490283,35833.57731036395,1339.6866891886937,36524.95388950751
9725,63781360.91367139,63781360.913672745,8.425349110134313,36.269744112661186
9726,63781360.91367285,63781360.97939913,63781360.91367155,63781360.91439191
9728,41.028643968450474,14379.447912943468,27.996521145247126,179.31788566009672
9730,451.01625934728054,6563.907609922597,956.5086329243376,1122.5048497887717
9731,40.669086437370986,6242.219713162841,5.919156256691032,11.673411584860991
9732,59.346227633184306,2082.3883310700476,13.054438597515311,42.81297611994267
9733,332.36747019492566,7310.918680067496,135.76847044909732,419.7419384236843
9734,103.57571911615238,9191.804935212953,20.926573104230112,404.6799311271423
9735,163.5155606625751,19937.004503867916,162.56854064309434,19731.241300129084
9737,123.57141800376264,5925.100846175228,50.912816251129705,66.94491650219624
9739,63781360.91367153,63781360.9149222,4.760354320984928,13.491723087212058
9740,200.72301540316812,70054.2512776773,373.19982560237844,51897.84928782122
9742,63781360.91367137,63781360.914391786,1.6227233640153926,9.392282578897996
9743,27.416940865109424,4934.400635026576,11.510073279631579,30.92924477902758
9744,23.027725738250883,650.086588412141,22.306114894452524,142.1114542010799
9745,25.375175289295576,5787.832318621405,29.1078736013429,3885.156525172826
9747,171.66360432151038,60233.44749503512,108.83866695383803,9018.310895020317
9748,403.7769164308241,37595.19432532671,45.36254670780451,902.4342802738732
9749,103.91441549629697,4427.348248333321,24.566356019541047,1089.6588872547834
9751,115.21388853609389,16281.906853230705,21.989964517251696,98.67519715032242
9752,11.474281625442627,639.4327081825943,9.309190455667569,54.07060036356443
9753,50.20588235773388,26984.646471894277,6.511589871035338,244.29368933561352
9754,23.768469742125113,4356.207963813234,10.558762485722024,60.824810356199706
9756,50.26296517165523,1886.031158624397,57.49447983803002,710.7672740041985
9757,672.3211044250154,4560.352301816805,683.6965438260186,2743.0138225566666
9759,1426.96015636926,4762.990577579275,1411.5534316623337,4411.722248598208
9760,411.6764590844075,28426.81352614809,21.445501788673596,381.8977180941659
9761,52.68911766198243,1155.282313697739,28.04947279371691,97.52162391859707
9764,282.4282119481571,7863.0075938304435,96.73428355860439,816.847931416349
9766,29.300278311672166,5383.433223627182,5.85189918268265,49.60597065377126
9767,48.05128411574566,50518.60315699902,59.64694659664712,5258.350875596455
9768,27.174266211219102,579.0432315903441,22.377776931681247,53.698214478472465
9769,35.30390304351897,20522.319049911534,5.9517645648123345,304.2659324369859
9770,225.7131670303323,9530.220799489545,43.10083028922697,752.8669027611205
9771,63781360.91367139,63781360.91467405,1.6257665396477794,17.357820784360207
9772,110.27527877137099,10606.35880138762,6.299741910291515,28.033633143600902
9773,164.13555077048397,9751.902894000761,104.60933055805357,911.0482554762365
9776,136.8744715157189,26247.042368973955,28.375061702918728,181.3091893184496
9777,22.062284173689434,7567.259445028785,16.055577439474064,110.30292439399582
9778,109.64849426321733,731.868648790948,109.73126615040188,754.3773747361797
9779,63781360.91367184,63781360.91400313,63781360.91367163,63781360.91367175
9780,479.96840468513653,1200.2018335080058,479.843787609409,1211.9232067509054
9783,12.542452568822352,78.47218850195328,3.183772088572978,3.368688310196735
9784,61.62219532938445,11335.540522490268,44.85528236118132,1167.9292730933334
9785,50.43582644573772,489.76545874312774,31.000267303976674,77.46824778281778
9786,28.678581258744995,1650.6082178631543,49.315162718908155,279.75864640961476
9787,131.88722062113547,11311.565879170836,386.7961015812559,2436.368495030838
9789,4820.965988955383,1316641.140005466,4858.890531138368,1313498.9436348751
9790,151.48468658223547,33461.34995444244,139.89594939159062,31758.626350967264
9791,869.71435959317,5552.8450580848385,1239.468054715738,1303.2315610572982
9792,96.68480145611977,5420.147628873886,118.31996820871642,374.7456623344369
9793,34.84369232559094,3599.349024171613,34.79555212526306,3602.0444880221166
9794,202.19809939235572,6786.786694199602,418.7228103302859,5055.82716908967
9795,297.3537816615713,7143.690447095226,265.65462104522254,655.9274280341809
9796,14.175810425803492,26.621507351001824,12.3159409121748,13.740048944542114
9797,509.33550032535214,69615.45430672175,202.94352940433288,2497.43122609304
9798,21.025941656294826,427.9857459321372,5.926236339832175,8.008801555536476
9802,31.25270341533831,333.9211753550057,24.047205315868013,25.747604655007443
9803,63781363.00000014,63781363.00083967,63781363.000000045,63781363.000002004
9804,263.11820401585,41201.69452017142,21.82560274801115,158.47734096283935
9807,63781360.91367151,63781360.91490078,5.058400580587649,26.484824821325244
9808,1530.3398483920141,17424.770552859016,1530.5453436812581,17455.5732856736
9809,63.74789250114897,5322.496443332249,34.69578514454958,315.9353554560418
9812,5150.413281179826,16292.586039272051,5149.843296482757,15876.872207401339
9813,41.93859266791677,892.5674600631531,14.818500897106619,108.5945766395618
9814,21.10603372695935,227.9614493945204,19.0444498965979,121.62415354773616
9815,65.34792837229199,2541.7900866110026,14.594138781932305,30.905765445944123
9816,45.78269125987699,6847.791038330827,16.663788507943607,36.37886831628948
9817,63781360.9136714,63781360.91389408,63781360.913671374,63781360.91367338
9818,132.47846793683505,11410.619193876084,24.08806540482032,317.27746430304995
9820,63781363.00000268,63781363.007740535,63781363.00000078,63781363.000016086
9821,153.4480216513291,1406.6401838825982,62.437814060919244,265.5051972384834
9822,178.8745596993095,11009.877626419764,36.92964776651721,143.0384804890817
9823,60.110340695536976,2204.844426476033,30.253462199547755,134.47365024483614
9824,125.30738702267337,1655.7943445183457,423.0422563090053,2229.8266202511313
9825,34.773057657025554,269.10459950547863,34.50338274097279,268.71014281881384
9826,17.894122415732795,440.41457527936234,9.151145198944143,29.76732133410219
9827,49.59598831953684,1513.2324926257013,31.030252416592965,874.0070643657092
9828,19.97563762950523,9917.221857801846,15.624032514397296,114.33602429493988
9829,2516.130374238062,170390.12983125215,1966.3962814911438,75810.75305731953
9830,63781363.00000019,63781363.00034468,2.58855791826967,15.34063846713633
9832,480.7776573291228,5841.349894015508,551.4336288207728,582.7485158153478
9834,140.22016977146905,7130.365025165518,22.54077891773281,23.15456832124385
9835,24.40619744061886,514.1378225379844,12.402714664151272,74.12187224567552
9836,160.2451872461052,1979.9480882526145,98.92480114852339,237.84060872628288
9837,32.49807897581103,1287.2964124546625,27.060066063586618,136.34021926224514
9841,107.31717138689471,2072.842509757803,107.3100973210438,2054.0963863969705
9843,223.544264699742,56828.22407048238,97.08907375327361,24028.680116964842
9844,129.35464161013374,10329.36494250157,19.878507921324374,176.61975684783894
9848,126.50972789309617,38850.329996641485,199.58023537968518,1111.089930978078
9849,142.32640088791916,27426.244682868648,38.127916135076774,5668.771896974901
9850,245.14932603888332,25035.08967260918,216.62478154751955,16434.7391763915
9853,32.90198864041323,1264.804487296827,29.32986456793805,75.50867180071856
9854,5241.365710542978,38159.28667128377,5241.214128442588,38130.24084278218
9855,59.5243771039833,5950.97534817199,30.430675675364167,267.7053352244088
9856,116.70157271318294,3745.976783657197,66.70188444020528,553.1599710179494
9858,84.0444743299954,3806.1016670313606,33.44826876709402,43.86280966815237
9859,26.045591692572643,660.1591801918678,21.865292522776812,268.06439190208914
9860,36.102349851679115,5405.122105474279,10.06770708115029,29.94738583310608
9862,142.81228958536818,6704.223734108324,211.34817924192083,3385.200629010755
9863,178.69145078758336,3286.2550760286163,31.47228462152141,405.38923060709254
9864,12.80604768963722,571.8149853098141,5.6570868714443,25.36033111692402
9865,56.27577198667076,278.4808602765028,56.2730888336079,283.9244393289647
9867,154.10298876554688,30297.780175129312,122.53813948456504,2498.1259755624737
9868,51.9879562687055,5499.935579779738,15.156819177933407,176.5423712313555
9869,49.58246449829137,5369.821105749204,49.390109285121476,5347.963375227598
9870,86.00420175066354,10726.946891147554,40.71468627351359,501.8809359479037
9872,360.8477415398138,255424.80189175493,192.36680523209202,34770.714882199165
9873,55.64960862576395,11978.842533510151,40.84928260141309,6711.703450374187
9875,204.54160688608548,16140.110500804027,31.817710309379418,703.1539892326668
9876,38.71346036976555,406.7654842550525,34.85720018187883,99.24619909582377
9877,63781360.91368078,63781361.22976557,10.73983181075803,61.42057746410911
9878,258.751207175236,11902.091290689692,85.36114027214815,215.65012268996904
9879,538.353383060808,1030.7272710832026,538.025075278366,1086.5398941846054
9882,63781363.00000004,63781363.000000365,3.6583997566829622,4.206171295510782
9883,17.096054922697146,1032.204537202349,13.08732656514331,48.40796175260923
9885,76.03000040811416,2678.158996200377,22.70192630276722,87.31935531541549
9886,18.63597814890597,788.0369530076041,3.331583951858959,25.453861378149007
9890,198.65286219454555,62656.2084182721,77.50435990192892,196.7849058570456
9891,22.402495418069684,1736.5043526887405,7.2281069699183655,55.746002815937636
9894,516.7975248044202,19230.134135233762,519.4056763533264,20124.97284895836
9896,173.88527234605084,64927.70667553697,6.457955711247483,363.7351161241177
9897,7.232639979116019,5457.911940019653,3.4011114915757754,57.715533883448536
9898,1612.1818210496824,1125611.45557274,1884.3065113764944,1122788.2374294254
9899,72.21986423225945,4575.483826385688,17.212368740205537,39.92766488125861
9901,40.41867657869331,583.4597740152482,11.473565993446822,18.4673072556331
9902,39.07630945508224,1902.0095628127162,12.745047649117913,100.44920475389982
9908,24.801057467307484,871.7488229880728,13.46394405262107,39.47983269059881
9909,75.01999481170056,3172.0011139933304,22.33402311503363,163.16522386858003
9910,34.83578535120586,436.0775737081122,20.71199958592912,98.76333092861834
9911,6.126678885305027,7.9044607519615955,5.704359009000905,7.330134774821521
9912,261.2384209834625,2830.1026594567334,17.09035537874084,35.11516677212806
9917,232.2367411990451,21602.345847665074,33.302582107205716,530.2398055369739
9918,160.71773472021755,14869.555509299162,147.32003468148054,270.67395976889094
9919,36.136564762641484,10351.553710484608,9.551843342746064,25.523496698262562
9921,30.219797614760473,2430.8778195166465,25.468686925468756,49.30141345731857
9923,26.19912895653859,464.5409446698975,11.645501530565507,69.97613979165857
9924,513.9140580356807,1999.3172328739133,65.41896028359304,111.21835299641059
9925,21.78151192796612,64.91013374852916,10.619684417456076,11.477579199196992
9928,125.27493183460346,14215.140430247286,54.33542444450709,339.2476015490425
9929,74.02789647545139,79.13339989152723,29.441833468741294,33.7426518357288
9931,42.10588846494422,1653.7255842545596,35.337350772075496,129.62351776792872
9932,26.564273528242616,3105.4771951153916,8.772004668491482,66.93860982672435
9933,118.09483774419914,5357.676525768935,12.422167118641935,17.839371704288443
9934,26.586035162928976,1596.9073081182805,21.327994714600308,27.41127576256824
9935,70.03290762659391,4423.83901769117,16.726204818109455,31.408605556934617
9937,34.6693303770697,2855.498149934676,25.059400572668658,725.3014301470239
9942,848.2708382197815,19625.342135595118,103.87307224459595,802.147790866683
9944,57.74059011010271,10197.978173776104,13.948270937513996,64.03947350262305
9945,73.05424466854697,9722.892145222751,11.955833227038546,93.52583057625047
9947,305.21747373915457,4019.9138218619382,259.201060536989,600.1699455692266
9949,46.651076780630376,24874.941580062023,9.408594455295614,440.8634860040773
9951,66.63694966287719,2805.2900451819723,43.79351050879259,195.75400540743044
9953,130.58699162508034,2570.0344376058542,46.81478558500109,61.108951895421036
9955,63781360.91367151,63781360.91490165,4.693925247312325,19.612237164398397
9956,75.76608374764922,25592.839618707116,49.37416276997904,11566.309791379936
9958,111.74629021696815,4567.723279056239,61.66650267202229,193.08228139500187
9959,63781363.00000013,63781363.00008659,3.20240512002614,21.960999741343844
9961,59.91027343995547,3602.3391131717945,17.365517690539267,106.62205172891562
9962,137.1428515301796,35206.459135769226,100.73900318356743,224.88782874006858
9963,5548.290364661923,89910.9356500691,199.98536116526392,2717.408117021472
9965,595.5065961824763,10803.25214785251,177.16307276298178,1657.4249817350205
9969,34.934584067425725,8250.35298585503,17.805569710206388,37.64937164166679
9970,98.38053558891795,5160.049711887656,24.40914320473452,183.0704366483195
9972,63781360.91447074,63781397.451008774,63781360.913680956,63781360.918581136
9977,67.65333399540063,6864.355509976374,5.840991449581248,21.395905204822974
9979,7.863916212398167,181.62058922246428,4.752400091748683,6.205088624027522
9981,63781360.913671404,63781360.91653041,3.0555508002080214,33.36450939074543
9982,22.277184867101564,1827.28884812116,5.881154063783305,23.57184373560942
9984,8.289771479755712,20.675159971688036,6.91218448207483,7.153173953525892
9985,100.8422667528491,5484.694649957132,38.27688242330629,88.21443389749143
9986,158.6744704436442,6412.331886768221,157.30821197972827,188.43225818531613
9987,284.64481906035803,12917.99739053189,69.82149123700023,941.9602887533752
9988,222.40289224272777,8305.514536998233,84.15606789717914,296.5531746768913
9991,808.1623175350405,10928.199710416813,57.43609879954759,66.19798182301112
9992,713.8553812626277,90346.71641690582,63781363.00346497,63781384.04437285
9993,96.85488358948776,9291.39389922574,101.47786624253546,10232.591301533852
9994,63781360.91367242,63781360.94404142,6.732112757363066,76.59798808021321
9997,70.94391986075307,4694.241530477925,75.58509364093354,235.64707757465754
9998,105.02212615499056,5992.558846611666,20.029362444006196,379.4249508928377
10000,24.023501409865034,1357.1688659208396,5.64285655979033,23.954479553507692
10001,158.52051967412794,29619.389113837486,16.263141552921372,853.1940391933177
10002,63781363.00000132,63781363.048853606,3.063283809066071,18.405362898841734
10003,114.06623236056782,3084.836437880035,39.46927668509024,100.66018815643903
10004,63781360.91367282,63781360.91491992,63781360.91367136,63781360.91367165
10005,20.68200298160487,6591.528421185508,15.88974649087724,477.9501807548494
10008,1748.477685213652,291764.79262266244,1490.7055884666147,206627.7468951956
10009,732.8430944562498,8463.430808538962,68.83047753130906,608.307000425983
10010,109.64006205537875,1008.8510954163078,109.46589875957099,1008.143631505229
10012,8.952735288453603,1445.0218854260954,3.794872904069689,14.137705299608715
10013,235.0739217610883,7991.760369966976,59.26444435187957,542.0489823314042
10014,257.04049448583766,22668.982053934138,37.94922525043712,974.2490388154033
10016,63781363.00000016,63781363.00014689,2.961751403771176,13.300315999102866
10017,73.44400859099184,5120.481823575138,17.80149581408933,35.44973409129327
10020,44.70470740445107,9344.286418650821,36.32585139349591,91.59979413617877
10022,30.891812947741894,3482.272576653352,19.870557875260992,440.1190871922621
10023,1995.7539072262707,36248.483220259324,2008.6811355271466,36202.0970760218
10024,42.87569120894919,2774.324864961706,14.958901318158734,101.17777555015134
10026,578.5707211529042,12003.834580663273,215.53213745786474,2765.3325615715894
10028,34.77871025335124,108.33714056750635,19.112226649285287,34.643444587355866
10032,215.43067941678828,5365.1454031813255,33.38224606385942,234.34308502984968
10033,138.74778909643447,11058.118561647934,18.388511892425036,236.02787925120955
10034,93.91088375189067,9898.328039765458,46.69071173907994,6932.254054787011
10035,17.91262367544423,315.0212920009991,19.101073630202286,310.40153009804834
10036,466.69844106659485,21495.756953733533,762.2849126292009,2634.10109095136
10037,212.21154508317437,25230.798261987966,212.20244249590093,25106.994473253024
10038,211.25756514967333,24763.404628412438,211.24415201928534,24641.922018985926
10039,28.56952662571822,1653.8787304274308,12.17833346571563,37.142508308573866
10040,28.654061249577758,19301.12709932345,6.776701918366626,862.2179991574512
10044,345.7102122385239,22337.795050627934,126.11778964331346,1137.8652948550407
10045,421.35511884867054,34417.90432889272,160.52909473920766,181.32599982498758
10046,442.0858347141883,10197.93246409513,390.6380750467745,3136.7537873289016
10047,458.7899362310645,19771.330190375353,78.49370849062551,83.1158208120236
10048,11719.044702564495,135711.34204744888,2367.630038303312,26341.463732830653
10049,34.60250495929955,1372.1735725728875,8.432651470279836,17.688299868508942
10050,242.716766001637,24553.701706948395,214.52087151839166,16008.982339293194
10052,173.74933293006546,43243.134599519464,172.25083242464285,42511.310197414234
10053,2885.5564676695085,65679.54369910364,47.65760538462815,58.458751286706814
10055,43.051537079797264,21581.35708149548,25.341674322087098,8185.331460470344
10057,1530.1086995233609,33145.440647141935,1538.4531422904254,33407.748108968655
10059,9.609982047377445,6568.08542447763,5.889382640591396,20.986371230190333
10060,716.7429286561288,30403.6171116219,717.5150904229909,30638.14610841552
10063,12.623263823516284,357.565871240385,3.77840749869426,4.349339413560144
10064,18.979758429646466,6533.046979938035,63781360.913671464,63781360.91407049
10066,1722.5864113996392,10089.659857031007,40.523019851125774,260.1009157257024
10067,32.53274195732719,9547.756773726855,6.159127804333044,17.346068548359355
10068,63781360.91367323,63781361.001611166,15.589580034844719,259.095977378978
10069,56.60534867199305,4142.06968589724,56.70443241104855,4148.570526978351
10070,226.2420729581946,14480.090138870813,115.87973193056331,3503.476348294153
10072,46.577413878826015,27590.660793537518,7.795967814666728,341.9245647704741
10075,169.87140117025348,47495.4927575,160.21470462535788,2754.657026325502
10079,72.237549611986,13712.210994828325,37.70887658161223,8044.457850058758
10082,63.33987382767005,6773.780264060436,168.8720564039304,223.13879960897526
10083,310.69933258514095,13143.753591066186,62.59042632273299,268.7417833600062
10084,114.3092805756746,6030.201870178311,195.38836879803816,206.48700257360858
10085,14.777798971415383,2906.0340407631306,11.078197723693274,75.48664429946822
10088,33.72809719499002,906.2213596175937,11.020270546022005,42.363353889937095
10089,7608.366440716464,52831.75889787632,7370.248658219696,51117.55845813854
10090,366.27404316771003,7140.612834152844,366.24239913302927,7226.71018412076
10091,68.31337164865319,283.4881345046079,8.504428798252768,17.405885414285887
10092,81.92479573470317,6529.186049043302,139.405064547844,985.6974769743322
10095,253.5528783825166,16673.57102472664,34.104844823264685,997.3068125260887
10097,15.11836270994893,5370.942185964545,63781360.91367143,63781360.91371356
10099,82.90053927477176,17252.333363020938,23.81665699126328,108.80566397705614
10100,36.22996212058072,22850.639385645703,5.438062071162794,98.33122023431964
10101,26.042290441945447,2363.3717883749587,3.496333656523032,11.985447909279344
10102,32.08468620018307,4181.048010670498,31.696363542398082,195.40306434769983
10103,113.21915699683595,405.6036095578788,112.21700090883856,154.42932077152662
10104,254.1739656780088,161483.09519734778,230.36074638122165,28927.367399393934
10105,447.8730693688319,6704.88256910759,957.2511280112961,1113.9712759001068
10106,131.66237589339744,3747.1929328686883,43.221135763013926,48.08555957762736
10107,10.526810048322995,171.7888504680655,9.0963996614699,15.030938867971635
10108,15.248019181107644,5839.901290207792,63781360.913671434,63781360.913790375
10110,63781360.913671635,63781360.94503382,6.688708429261937,70.78240121119775
10111,72.07062905843179,13212.61177254283,37.22842249156786,7552.64793531562
10112,47.6428075528922,21431.015851770833,12.29342679420886,47.560812647432265
10114,294.5994085103058,3144.332983815552,26.959782200967123,32.18698176832517
10115,28.204772791277104,755.2793736915363,16.370866280220675,26.145133832533986
10116,29.630480778206955,937.8626753920985,23.102011565934202,531.3779288478258
10119,146.18590144704086,12199.675438733422,57.99359131475185,116.41135133721296
10120,37.55105917252464,2325.7314299736013,7.447088619405613,47.30027095396783
10121,9821.682425626144,22194.41351684594,8160.01765569743,18335.78545836895
10122,110.90179275692986,631.6781678497596,41.11851621705289,85.69400332938793
10123,63781363.00005744,63781363.00243795,47.206568432388266,502.7815636573257
10125,34.869105276782385,21288.9285106148,5.24978861031267,46.091984985682956
10126,76.7768202981278,1456.4734873202547,50.26615099394138,150.31064550902366
10127,182.6581103842077,3481.1714867137516,83.93734434776874,132.01996841517567
10130,95.60970181776268,29335.809089432143,23.010525026211425,722.33964169773
10135,44.492726833004774,801.5614139893319,35.12533763775066,254.25541584840886
10136,13.485213804499278,2707.8843881390276,5.439425117649486,31.060540963223527
10137,307.67501109645235,2069.228343885323,86.15803124755135,486.96240903483283
10138,206.33365339430517,12547.609072208588,43.54519582151762,1163.7767117097505
10139,73.6883522009387,14659.67582706934,37.11609506994407,637.7677785150252
10141,614.5172697743865,57420.81146619493,616.6030874796742,52593.43048675734
10142,244.25304515214933,5146.281829893712,252.78639752605454,4326.398439429144
10143,83.23136896686616,4421.560195693149,52.41547486960651,2492.958422584283
10144,234.58488080466222,5342.316128448574,43.30416660119298,193.53942908454178
10145,135.5154534001685,9294.552059718042,26.22295193769898,36.22001142211418
10147,63781360.996549785,63781364.515556715,63781360.99790482,63781364.575338185
10148,313.9140014115298,56710.40406826307,65.70323309181997,899.1971650839785
10152,124.09339167477876,9244.305869562297,15.495313200522858,25.741130743294857
10153,42.13652456021571,2211.3910318249123,31.772219972806806,155.0641634237653
10154,53.73815735187562,5150.795320088097,15.6006579171828,221.49664908356166
10155,63781360.9136714,63781360.91367165,63781360.913671374,63781360.91367139
10156,1511.9969896986768,1225321.1323305462,1565.593170317922,1224612.4502272166
10159,56.295181889911554,7905.965314914044,23.231212757609494,51.38423991511787
10160,505.064953063963,16232.174755380753,181.30330524619862,411.2538873330618
10161,353.7108588907239,95921.060021518,365.0482446838942,100462.91166721159
10162,61.86581380429294,3457.6500338346636,56.66381476758758,219.8435170333681
10163,77.51441260178927,2742.638380619418,34.41367292134921,37.13123340296243
10164,26.824250435780208,3898.3019569065978,18.37849522876018,58.84202805737358
10166,16.15869577508618,155.87171253947363,13.763752317071779,38.17725124118772
10168,63781360.91367144,63781360.913673304,63781360.91367135,63781360.91367136
10170,63781363.00000264,63781363.00177591,16.649868781800063,114.08088596741628
10172,58.60147910354278,8308.972990401986,44.86207843708101,93.10454167590547
10177,63781363.000022344,63781366.02020635,10.140982851449323,131.915631835056
10179,63781360.91367137,63781360.914489314,1.6565127799647,18.13116712281869
10180,68.78274434884797,4327.094044289809,37.47777211472322,163.2199504110337
10182,129.78951503863237,28799.523714141553,128.794210794013,27047.587212492686
10184,258.22769380734263,1957.03965843672,254.518582505557,1935.6116142983153
10185,1579.1327405758786,1212324.2976766452,1629.8355809337786,1212296.6246508574
10191,23.999383921210725,3557.193323443345,13.579242934307212,323.93912428840645
10192,92.91834044399926,39967.61206547079,44.20510683387449,997.5338788210479
10193,24.62594881543544,1012.6434655684112,6.06845483075356,6.529113164006184
10194,63781360.91367147,63781360.933611564,4.103024947539828,28.70565774386416
10197,350.4368372068118,45354.25841514545,1063.1337814494075,38776.99616571463
10198,1226.0487425638855,111056.79512110894,141.67220845909944,976.9951308206956
10203,63781360.91367295,63781360.914921,63781360.9136715,63781360.91367172
10205,239.58937132879265,59581.35349796338,240.68688451022507,59738.94306983118
10206,50.52869070065997,2052.97936480928,62.30062000948445,149.25524683735762
10207,179.56534063137073,74612.9489065255,7.450988831836547,638.8111195576219
10208,135.27420375059734,389.8854174149584,56.49097805676013,134.25011487236972
10210,234.25266615949892,8489.568933260833,25.357335087651723,87.64771646458482
10211,166.2266207108712,18155.903028500914,68.21541895044498,4043.2272073581
10212,13623.366932864692,18279.524660374165,13623.363903591653,18279.31292368462
10213,1861.385202627633,21133.58019059438,1861.3248229831147,21128.6536524445
10215,45.400672464761435,582.8695610364773,26.11948384687751,180.36037746522322
10216,80.07412525298889,3392.13700894109,64.54085046444115,2077.9066517029914
10218,176.0831332813756,5465.720532715501,105.22272623855484,2627.2120565955966
10219,76.86725728687722,8206.396014586513,27.17893434902201,218.05179862641782
10224,101.27811844767223,4590.691468407364,74.92693739551453,122.67845541365612
10226,138.27780262398014,15120.420578431254,56.135701243329976,198.32666304205824
10227,43.08804773345307,20801.843742948044,24.980037103198256,7732.730072410051
10229,390.2462185554918,1532.1800212637183,263.96286684629155,391.5654333877193
10230,63781360.91367342,63781361.28301744,63781360.91367361,63781361.20444613
10232,194.08852267563796,3784.5505181419085,95.05047094552452,109.61475145573718
10234,446.1826475826807,5320.282241501867,29.344272619630033,100.30141732619282
10235,202.4454870436565,19736.8974629498,135.46514589214064,14366.613763665928
10236,187.36326978682348,26996.801775528504,71.03759270451526,569.430838878409
10237,86.22976209533147,1598.8228423302282,76.54276664188056,224.6187230610356
10238,255.5984279648947,28351.579859085075,34.818818462545295,220.7292651967388
10241,63781363.00000024,63781363.000002764,4.751575876964246,6.881698615161002
10242,21.37708519124628,86.6823074785016,25.947718418390505,91.57390185291626
10243,135.1921505366748,34763.59849583362,100.69264065608007,223.383242097231
10248,63781363.00000102,63781363.00191083,8.344497366202763,35.86313820461755
10249,35.73067702984858,151.19839738643287,35.68164167736872,155.02441859076316
10250,289.79599014119304,1229.2861933572865,132.93497417791588,200.7614714481299
10251,408.44434823538484,9001.138455737573,410.53529448110027,9714.01162367607
10252,437.48053316110287,3000.522815434944,43.78845751610025,90.36028718001837
10253,204.32810749011207,694.910924565552,121.63423515731634,241.68905743060805
10255,107.68350327919492,2003.0671000461691,30.66660877760484,42.490266217997664
10256,64.94365935353255,117.92921428188615,51.03294211730092,84.24987644613807
10257,342.7951619917576,7214.619044861848,11.668921729347911,55.68044907087188
10259,96.70298984255508,3952.6158602797327,14.693809436821484,314.15829238963244
10260,63781363.00000021,63781363.0000022,4.502870829618109,7.097992224385706
10261,31.713622745488248,1166.7810426367819,11.97317420237453,308.1231731787659
10262,28.10945148096265,1046.8730305368763,18.712299216941062,78.62717936752418
10263,424.75263208109783,62572.065284586904,121.32586227605836,2773.7247900471143
10267,22.93718690281041,10179.404117531854,63781360.91367142,63781360.91368697
10268,194.18945898345075,6517.82651247509,82.10781300892778,218.68660662493045
10270,787.5268020934695,7275.345687895732,285.28111285048277,592.9136781205945
10272,99.56908130688244,2668.7607195918963,78.20163220452872,82.4101716399249
10273,21.817295091476407,3296.8367897490025,15.08225384740003,72.88672875049605
10274,698.4197083386717,5155.6104398207535,81.80130216377859,334.03335034107397
10275,137.9051314974703,8286.164929372087,26.20658512403441,715.0558588306345
10277,20.9997979536018,99.96387400654854,19.63438658261243,90.49915432667055
10278,48.386720760836226,299.4814374607812,54.02718129049998,60.105179972534195
10280,27.850056641030974,3540.315827096631,17.91770910283134,44.56776651848539
10281,44.881162631147326,7602.1843245720065,9.335025470732027,74.88154398572023
10282,418.83353809064124,16758.2508843094,234.50153556078956,7071.1293681166535
10284,136.4624363352245,2788.1817558576913,131.30412698790366,2293.0587123010314
10288,151.98654560339415,2077.434086847089,128.53328915241391,592.7314395587763
10289,319.46900855323935,4823.368902717532,319.39226758983807,5039.573999294756
10290,823.2862321275647,13907.740183083788,821.4754399192619,15213.528692626192
10292,62.089072824396915,747.7723733712763,51.810776203154575,215.3749105610105
10293,43.34706979851376,2148.6993007194947,12.255845257861003,24.436632693635364
10294,28.437176988661196,228.49533279669706,4.765684317244608,5.660662971966709
10295,88.52367441175885,1303.704024171373,58.562808896758746,168.1042168157601
10296,25.994201289285076,3014.670493943742,9.885020189925246,23.02771052728609
10297,173.41244370516628,12741.290989861292,12.290299504323228,189.03412271858375
10298,85.6278353939002,10066.932958973479,86.87528676948344,9551.829221401184
10299,464.1087706250841,30746.761879275353,74.01384856115205,1922.953646452755
10300,152.60393241165897,5060.371148231003,104.94738656722623,250.96359290342176
10301,42.27179973025555,661.8170837008793,23.992233829188923,48.3815869247131
10302,44.78220218675629,6040.338290123508,44.075500172300295,5825.0427479142045
10303,63781363.00006425,63781363.097617514,60.860716133125955,114.85696900286594
10304,152.2093266508581,3711.6100660281313,29.80679340528426,108.01341296370687
10306,320.16912858403583,6010.540928280262,320.041090950271,5997.695155145049
10307,230.49654295532724,5274.805870867504,26.1081966366983,275.04729211140824
10308,45.74649597772889,3727.7278669289676,30.97749827731752,504.998729099488
10310,63781360.91367508,63781361.06897295,63781360.91367384,63781360.984786674
10311,42247.488562493316,98210.10723009531,41790.55769248914,96612.09336502891
10312,57.29358671010528,3006.1998820646245,5.038110741295815,15.138810020152071
10315,457.2540232815243,23691.992487697244,105.50045374599249,130.22655351820478
10316,15.661289314626396,271.71042701825564,13.245261309307406,89.65582164182202
10318,653.5549661373493,7687.982888366108,138.0716265369729,358.92533089416474
10319,208.5690733904961,384.5739744328231,209.49400209658168,410.41908950468354
10321,39.15311028253865,2213.8114013028044,20.24232681741317,34.08797259294891
10322,37.247880609515576,725.5190925876692,36.18535263271385,671.4130146137052
10323,19.14799691896727,1308.12518183078,22.627569266987567,304.44652643649283
10324,33.52032022234832,3251.7872326895654,8.713108289859477,20.640295583298958
10326,16.295758510881054,3277.6237789869233,11.274011564102763,1464.9157763933854
10327,600.7431857682077,70379.35564440205,436.1554585326295,38016.31059148909
10328,35.054534816351904,599.30302142302,15.130325078505283,103.04017726506147
10330,63781360.91367151,63781360.91494053,4.7432837502049034,20.37139174178434
10331,1262.629893613097,10025.44721883441,78.97026950107066,661.3238864257053
10333,446.9790146966029,7771.713290658514,48.39437883342399,489.8702992456601
10334,11.581942026768578,75.15074210404684,2.950509734465473,3.2170899516247013
10335,63.22722314995098,474.61022856988535,61.60314543094971,440.943868706423
10337,60.52503610914346,3190.248887818776,31.751283703188076,94.81865584190153
10338,32.822488409508665,4187.126912148372,9.915140787448658,70.16485967163099
10339,141.101614820128,5404.758289936991,38.80284948020973,85.37068145189367
10342,129.4678042881634,8425.481071916396,79.00635411157374,2912.204055126083
10346,63781363.00000017,63781363.00025302,2.8581259531594725,20.16310420661053
10347,182.34581105410837,9582.86803624323,37.331815308740694,291.94022366754103
10348,181.27167881349843,14885.200944222632,176.02184703635768,15805.42949217284
10350,85.19663829199784,2197.756569551585,23.235607928451753,87.91332208333834
10351,32.32783471866293,3692.3725149105503,18.234287506184515,163.73920365502082
10352,184.5484083412153,52902.90289829699,486.7733010229396,1400.5701123013653
10353,102.33601218443384,1337.5820581449066,36.976207254934714,100.29384867465522
10354,213.83634402394256,617415.2881472015,261.0891041657801,610331.373069232
10355,40.149879722419485,1487.7295720347608,189.42058504223675,1051.8606422886683
10356,63781360.913672246,63781360.985894896,63781360.91367154,63781360.914600216
10357,21.96567258500025,3677.543463838015,7.286155489516535,24.754271508697453
10360,73.72173385665782,813.9437287051572,15.61321347430792,34.91068535216081
10361,12.357909733972914,1119.4357374267545,2.2281659535366924,16.549936850214127
10362,63781363.00000004,63781363.00000042,63781363.000000045,63781363.00000005
10363,29.86519291495241,861.5753711899395,30.39167481897983,874.1102532386213
10364,27.44631404021126,8825.481126063061,11.310701142260259,200.0740013102104
10366,79.91830339550198,2265.786597126103,80.04878247728837,1684.9237092779226
10367,24.206578804668485,670.8896775418291,10.832045325156953,31.111080798475903
10369,120.58974053698005,2111.4192737565695,120.51515567885423,2312.5561145300812
10371,128.0474500193385,1589.58438486527,53.126584874257745,144.7745711300498
10372,257.4821446689363,6289.87865125162,60.63097859169426,337.7905343918968
10373,80.46590252140253,10809.140103364585,49.38394722781885,3564.0710594352126
10374,930.0192074602159,210221.61177629497,64.88547535522486,2779.170071061172
10375,77.80050382868735,12713.279787092033,20.779420516108264,117.59008257583262
10378,23.73062711347197,1952.3591683220918,7.145680952819352,14.024721043193004
10379,63781360.91368146,63781361.29152378,12.122295938782141,120.05962451905616
10381,35.248762339486504,298.8271268527545,34.96911550536421,298.7937895282785
10384,26.815334872841294,3323.2445628884866,18.018839512092704,343.9980108492886
10386,129.02508474535085,16786.792486988372,134.26105576050813,17608.263518190317
10387,1142.2213602096583,9521.602419982573,1142.1210042163368,9468.118275404642
10388,38.76339993056273,4844.027236467581,23.20541782341705,140.83649385471475
10391,135.2580414611238,2117.2148908826116,130.63462912177698,470.12095608444065
10392,103.65079311737243,573.9149545918135,55.91009749994609,96.88242606504375
10394,63781360.91367141,63781360.91367249,63781360.91367135,63781360.91367137
10398,31.27104275908558,7869.618760007344,15.376365125381108,116.4912738139311
10401,91.90175020900054,18670.028519608542,92.43394355470585,18950.07324457615
10402,592.6656697192276,2678.914255860108,592.6543217018099,2680.672367896712
10408,89.64530966204713,2659.4478539601714,59.286657365228514,861.0388061046995
10410,38.76432427602895,18079.686623951842,6.882313747009815,122.1858849578279
10413,173.25631720538482,11078.432467104285,173.54791953798176,9122.371560075357
10415,401.16218484111,104271.5635136263,168.72527145986427,38747.56141962744
10417,63781360.91367327,63781361.02951497,5.168510298975417,38.771496920702425
10418,63781360.91367139,63781360.91367183,63781360.913671374,63781360.9136714
10420,63781363.00000221,63781363.00403834,5.455517881335417,8.848279420561648
10421,40.62074436076181,1278.9353801015416,19.754430384572988,74.98746342793099
10424,1977.7945462590096,352890.2925689124,63781363.00118675,63781376.86607715
10426,167.8946769312867,2905.9576138894354,54.33570878020502,507.81246034313284
10427,1013.3163127256207,1249.0463072158211,1013.2161350411362,1251.5312516238316
10429,512.0758314044167,7098.465706475886,301.93827269189825,1057.4810235830096
10430,81.47568419207184,4143.207549978833,31.294934938578066,390.7942373670148
10432,34.5785502988948,1780.3344144735634,14.519385108929976,21.927731335153815
10433,37.901313524214444,374.3589464181063,22.71921292348202,186.2014288235966
10434,21.78836564798542,1366.6774340865811,11.909903759598091,44.909926092889734
10436,683.0049051949799,21790.66246240117,256.76173404510985,10490.454843382886
10437,93.3463595733209,11746.9839860426,33.11580504981495,3133.4081500921857
10438,197.57553267563023,1734.7269107935751,131.80596581883935,225.54530098074147
10439,63781363.00099015,63781382.523890495,199.9480555307105,2069.150192811189
10440,32.944405813456456,6553.207522065656,425.40703986626227,2522.1434689271146
10442,139.9964173549974,7280.007363548405,53.03784670165195,507.65307699985976
10443,23.341709086337477,28.05970998088726,23.343235598542368,28.16359907734392
10444,90.61068865463763,1543.0832770235072,113.18214673393271,186.834767754251
10445,461.9714309173901,1113.5702541982942,42.98668539695246,398.1314370325306
10447,166.92537299151925,5846.501028445351,40.34565765851362,225.72253914079988
10448,19.304830499139626,11142.118150179585,63781360.91367143,63781360.91373214
10450,537.3425646736187,14164.769112353111,222.80191529655283,1677.9377276935877
10451,2327.853446287365,7062.953858138839,2326.0380558304605,7035.371866013585
10452,21.36830016424867,250.70575627662842,20.010882707167735,176.87203133410597
10454,295.6927182825137,16212.5777624398,294.45177488041156,19210.13332080723
10456,511.01315243974193,1506.8280050276041,1507.381104092574,1884.068343509788
10457,462.9651696579409,2067.145501779388,93.10451344521636,167.26928326675196
10460,160.35445705198399,3829.0170628147307,8.448279938878898,16.35130400620694
10461,9.897469569698066,117.91924238242767,11.632172037839116,29.02737863644244
10462,468.4337513664672,14626.217604412093,167.35828844198232,301.99263363055564
10463,158.81295825457684,9272.86748128711,26.986298563981435,527.6563033132478
10464,63781363.00000024,63781363.00012121,63781363.000000134,63781363.000004776
10466,65.51994262354009,10116.481431004057,58.80204710135753,205.22618254582184
10468,24.509273040285954,1035.3384171711525,7.742498843415309,38.45431383773778
10469,63781363.00000069,63781363.01241999,5.5802466039650875,28.18410849134487
10471,30.30077117759468,1331.7075164380751,17.840832018435307,65.71055702912838
10473,426.9034681802337,47265.29380727982,296.14315338382085,27646.041223376804
10474,63781363.00000021,63781363.00033184,2.56170073211656,8.236953739362265
10475,21.52619421902449,136.38624415920748,18.268912726665704,58.43076335649959
10476,56.16148638457343,5381.46710689837,15.820131961596497,64.29791847304386
10477,51.22760232923649,10368.25006326732,24.781202841511362,4251.378119234607
10478,37.266395931140046,797.4866466775309,22.450323373351296,130.4519709395988
10479,347.0440127173572,42056.310416475135,37.06831416593306,277.581278150722
10480,27.974772249660152,19079.685059711024,20.973262047703862,8052.6732153076555
10481,63781363.00000016,63781363.00000054,28.276391251654104,46.6408352047789
10482,328.9163128454133,5670.1474248499,314.74411250647876,1376.1371127269945
10483,58.40450501416242,9269.73389752736,9.946665834923653,52.37485247685359
10484,134.93163379756774,3877.2891533065413,45.2783334070031,48.79486454013543
10487,44.430594323722694,21342.823359858146,5.831378680222983,62.902619248662106
10490,63781360.913671345,63781360.91398322,1.6343955796237803,10.27270941792681
10492,491.55606703355244,20519.54242361928,421.1746552872137,5854.837063541985
10494,52.324793542385294,1089.3169062131249,10.756500846641186,23.712434078391766
10496,251.9079826666557,15105.588014633746,100.3215960382652,8845.080473592006
10497,117.63939094195703,3588.685165403081,112.6958910407349,113.41044517618577
10500,63.063160954251934,6682.131227787558,23.01450026439756,360.35640244814056
10501,16.07822276267927,1720.288211543497,3.9736155533033495,7.202019200425704
10502,17.134232776611242,337.9710228030081,6.215002435523145,7.184874078776275
10505,24.79819251117961,1966.7763997785994,8.374499096099392,81.63316715362129
10506,98.62108244904896,1257.7794417428956,17.912802022583264,36.53886679132441
10507,531.8710026833476,22752.228564999466,56.64620312812062,542.6827861509122
10510,134.86180034139173,651.1788513756137,92.28770942882682,352.0899513886751
10511,312.69503694194367,10426.389870977258,67.48259127737401,490.368706933967
10512,12.5331041017809,901.722369357466,3.1637363932278015,11.101504826621284
10513,214.79967088395858,12028.504537965242,21.43377050976201,85.5541547454768
10514,98.05932263054639,5297.803567109602,108.18470713974013,5820.482359701559
10515,95.00992775336509,11480.657156506904,52.77920711961291,715.0494232420341
10517,63781360.91367282,63781361.27014924,63781360.91367147,63781360.913847886
10518,63781360.91367148,63781360.9136748,3.6241883373797092,4.509432593672887
10519,62.3508272611932,1147.4966432140748,22.712558452230038,94.50923322014653
10521,151.0630683468364,10550.607698725093,89.66971934925787,1502.1213215377188
10523,63781360.913672484,63781360.91400794,63781360.91367161,63781360.913671784
10524,250.54748957689085,16145.341611305059,319.2151256676938,20408.750447566523
10527,145.73960316281486,19713.097673020482,76.75146102400409,746.8436074492209
10528,21.54180767618225,224.10717121839505,4.637147375870054,5.366540717311853
10529,99.01877860320202,8021.699143582354,18.009338191393212,127.50082838786317
10530,1274.6415420716282,448497.6411138853,501.4482143816018,91598.24035843162
10531,190.84729603649,2637.447642749902,86.86665256719269,143.27547686602412
10532,22.538340348023503,1267.637180141724,7.049344061777438,9.852706603741721
10534,45.11787743012458,3042.1650125193105,23.785468453614317,183.6694812815423
10535,344.10238017062335,38978.24878510057,94.53524460121089,106.40222683035647
10536,46.30918318851541,26670.852451387396,7.133774553577172,245.38594728580512
10537,22.112811788534298,1840.6160035522716,13.776601097247605,67.5432852518607
10538,130.9380841185163,8521.495635002604,79.68283827084187,2972.2088066235124
10539,68.89001593280751,2038.6877192966015,68.23727627274832,2002.1127807835148
10541,115.46483107354749,27828.17774212215,6.333390517236987,36.907019569997736
10542,232.12147215084838,711.2193956981013,232.11597224724872,703.2089477079111
10543,47.64950863026067,2113.7218749657563,25.106022141783125,62.6022428068943
10544,128.81446842312772,1032.6426133609086,49.239147119733495,54.84927478720175
10546,105.40653684406591,3000.6979662532767,20.015842284628516,91.46741456154616
10547,59.29232640436299,47334.98533085718,59.71432018719855,7990.870444321922
10548,27.431503783817753,2418.780615366284,58.8311180639537,1407.4223403946562
10549,235.57507899175283,4471.606113990908,166.73074953582744,1351.0268836133632
10551,92.06858840963298,7619.30453114393,17.263758085831817,154.66999238187495
10552,108.6678333576688,15342.96338724912,89.60078438952299,12006.356886212698
10553,23.82514091067023,83.32217184910611,25.64281984801683,58.699548711313966
10554,101.65931869086286,17632.353880467203,57.55436741390772,4911.639752140293
10555,82.32068863559216,5531.230292258645,25.48055076876411,44.80394504030952
10558,28.517062057875737,2242.6935653565124,7.201157013494842,25.531817781481678
10559,63781363.0000437,63781392.70816602,63781363.00026417,63781370.55299208
10560,171.62571817697597,7100.960699783928,103.2799005903391,1367.1134974067434
10561,8.269078458979955,173.56382195111058,4.648622836642949,6.28355960407319
10562,87.93185603632156,1642.5888658885315,81.25277877589791,468.80995340156466
10563,43.34707689467885,2646.8285513430974,35.80478894575715,1143.6266412978914
10564,31.75742839465668,6199.877373030987,30.70780017751459,5930.0141175053595
10566,327.422911936086,1587.0338161626958,68.61529616830991,122.8174640136812
10569,90.79545442590833,5898.434368071311,243.2589605634122,471.49051698672554
10570,47.21185389065487,2166.614253233929,44.57084531134421,370.39754688061413
10571,27.772425215917337,1129.7481681129898,25.101217459075425,48.662432724031355
10572,240.1825275416961,12014.942068470993,130.414955809553,4236.787295897671
10573,63781363.00000017,63781363.00018386,2.7888631716788446,10.54059915686124
10574,83.38572241292675,1727.5970483695965,5.9866252182415,8.726928055641727
10575,21.063623642890448,4608.8328524597455,7.398063430620162,142.15144226045294
10576,93.34503545892744,21764.29394129346,17.521713983092102,94.48165785405607
10577,477.0643335352315,33387.48597928608,187.83697081355095,14236.843885454291
10578,63781360.91367238,63781360.94082264,7.142276517246649,79.99888694384131
10579,228.7487112856951,19963.965266356656,253.53104616936892,22077.62212738505
10580,63781363.00000017,63781363.0000023,63781363.00000012,63781363.000000924
10584,283.78488914228166,5800.123853004688,488.13273989036196,568.8815127178281
10586,68.64056457120691,3901.1145631622567,37.98493370821262,98.48749851791419
10587,80.5648705579706,3532.5070462766125,105.50819729517586,518.756200010955
10588,1062.292919446291,16345.917967007072,1060.6240536204946,16235.58179446713
10589,302.9152770834194,20834.960745887533,140.0850702841419,1273.0409545435448
10592,29.564309575061692,19589.39117697482,4.915719650259264,149.4094196990902
10593,454.4631069176605,2573.9794983775582,140.48034227091696,1076.3738899625457
10594,96.28256788423865,412.5600230290753,21.5432091821728,102.70354600574862
10596,123.81023945145039,9199.870705450625,15.464297025968081,25.17043910171418
10598,42.96886449854051,1126.044595603149,43.77464640998338,1159.7270883460071
10599,137.75636074506798,7647.60700827608,23.429766016722496,49.81212571106392
10600,81.03606557423976,6083.280056246171,44.66008108976448,1793.868608269987
10601,132.60894277494364,5830.257456602412,55.03313904019218,2320.045961723142
10602,141.5433158176282,13343.24822106534,24.37068145279896,396.6405669330859
10604,95.91018356796424,13675.833519254978,76.38139498318502,10199.389060853038
10605,83.84888852902259,6426.36324298946,15.84110485169252,25.030977422361417
10606,123.62141359286751,8276.426453237915,17.1874533397254,65.03405686148844
10608,63.03759302226525,1849.6092181345869,46.08102602610328,63.49937678297327
10609,50.61715312041233,27491.430570746328,24.53875625088299,5135.270667803823
10610,425.82015325116856,41276.30775570101,79.20090729811109,486.99205902178886
10611,39.68130640957887,18786.493458779394,7.199947197814067,169.88302963191467
10613,32.22497435627724,1961.7921648363213,10.035186923876081,51.15705094376538
10615,247.5995705648779,44375.043558144374,247.64789610340316,43565.96324989258
10616,48.23118317026429,3487.6935082965683,9.591993737651283,13.046820702545762
10618,830.1653996024999,337908.7914792249,773.2579856791374,294172.89274007047
10619,167.52421631668835,6932.146435500757,211.27258245251463,319.5028103891884
10620,153.94461213096292,13992.182643304586,11.18312780280422,59.710461979096245
10623,142.0983759003668,2580.047356322067,39.150924401357,60.84390462083854
10624,272.84289284184376,16370.679280088802,205.30667140924467,8251.322214651369
10625,75.56344275465207,2730.636023854733,47.04791014573648,69.77357514279991
10628,430.85246271427786,4867.682950370975,430.9388170068093,4846.340272942882
10629,125.6690844988025,3325.910746729464,121.9405372465409,3183.578516832523
10631,33.63615045388952,647.0317370224578,14.472036449823605,47.667943476491054
10632,53.36408855542381,1511.1542625203344,40.942012536013486,298.5999952861428
10635,28.810500917567204,3944.9292945378374,22.63577677449892,114.75644432815666
10637,146.57604309246568,25926.67072910804,146.6644932689544,26015.35097662914
10641,596.675307086135,60023.300255830785,29.925021996401167,299.4345353342173
10642,108.98977443816551,5186.033839124135,115.75529320128936,6020.96420797195
10644,56.94272053950778,9288.56405974074,51.97702959889035,1657.8526892300254
10645,101.99217995150438,6770.37968968204,76.2769498700649,2168.226793124021
10647,33.67306457480724,278.8196903044985,29.14679080055354,100.38526548538445
10648,59.10488763360521,1489.8330505907938,19.880039056185343,42.66707545765223
10649,107.41105197921587,1391.9123074891395,45.94609020660922,78.18326862118818
10650,63781360.91367147,63781360.91367466,3.5427380905875943,4.1989613718769006
10652,87.955289550683,15928.751878121646,28.267586158604693,165.62561432365382
10653,70.36187442934671,15229.565481131354,69.9641324882216,15354.454542619222
10654,12.611941799745416,364.2848739082273,9.397745476376992,89.5847146858996
10657,367.5106093961179,89957.02017440312,85.5759704086733,491.9177543334959
10658,153.05270477923793,3732.8369220448863,29.942905395351524,112.52409676997539
10659,63781363.00000013,63781363.00009478,3.229938062320985,22.562112396375376
10660,61.39915361053922,5271.834853206111,23.90736879704242,490.1280624780359
10661,129.78601035426436,20425.421745593816,60.44760182533333,8675.732151767961
10664,73.256275988744,73165.29863145578,227.9511825068188,27681.870355570303
10665,46.53969595271248,7074.608091605916,16.640092536705474,85.31947281485553
10667,645.6373057269714,51371.75595462836,602.636065634601,32073.265819485878
10668,8.456223567385882,180.76751191440889,5.93782635559349,6.801665086330608
10669,966.1923008619709,1579.9165816461104,481.2155278224672,792.165903088461
10670,32.66887583093978,1973.8724150667304,5.616553349079727,21.437351314043983
10672,53.10394079399985,2991.3408195534225,38.99416846630119,822.9467193593612
10674,209.6424976083618,23900.514300525556,416.40909032602616,1249.8044405841536
10678,728.1695387124939,2723.8427091939798,728.1467311300747,2617.5280786922026
10679,82.36306335491692,4458.165874474578,82.39387923776076,4800.67719829226
10680,442.5779866820773,7560.805231536084,581.7093041193923,3824.4077817279317
10682,466.7302512423391,15260.453924072572,456.3663633545865,14886.578480398668
10683,63781360.91396929,63781378.959162235,29.796838924396077,276.508346038407
10684,350.5994465941702,60042.21278252608,21.634378303277554,283.98434996220794
10685,271.74494990518394,26233.95645711501,214.9158803963224,2514.126410287519
10688,149.83921732570434,25039.005470116488,56.9631416836746,482.9279926140142
10690,61.427822607988624,201.88495247059302,9.102291076687239,41.461414050919515
10691,82.97910146005712,4286.940009440548,11.981747626174217,48.29100497528072
10692,236.11337260384778,1507.9057204941446,366.8529098363381,823.0232309418097
10693,173.8679879896106,12326.027084666404,148.34492588829886,8799.207435190585
10694,263.3935698386223,12798.459342738124,35.6588568060191,74.36544274692672
10695,52.32996948412016,8066.897594917656,17.31643944239825,1413.7902930036191
10696,10.00855907527064,348.6671885611634,6.3792371672136605,19.921892431768832
10697,63781360.91367158,63781360.91383682,3.3822365832131647,17.030126883540646
10698,43.0880477321915,20801.979584846154,24.980037098067097,7732.780534390871
10699,63781363.00000121,63781363.044185005,3.008904435966124,16.398863166431827
10700,38.935689663990864,5177.920035164115,9.98218594636363,145.09780298657418
10701,56.53483116621739,2260.327416876037,11.268342265108013,78.33344017309697
10702,19.35733623076733,10733.895658098381,63781360.91367141,63781360.91369962
10703,38.532839387218544,10122.132638844854,19.197799131993364,174.21726007161922
10704,63781363.0000016,63781363.000391,4.799800629811879,4.850800916008009
10705,39.706491310124,19885.20757103499,20.9079373422213,5275.464422353305
10706,18498.90063313789,101988.30290634523,4349.953820347888,23846.772076181915
10707,29.564309576150865,19589.391176531746,4.9157191987771665,149.40939475118012
10708,56.268463190260626,1412.8514859458617,7.032473970261488,20.721667960623044
10709,187.75580343734504,4389.902980966131,146.1948803018513,318.65513803339576
10710,47.85294391898006,23837.775603395097,5.463170063412448,76.88707761049076
10713,63781360.91367154,63781360.91539625,4.811684882922091,16.566191679762905
10714,34.5238223973197,640.5315905160909,19.685693298322846,84.03066428765015
10718,27.192669428943365,3521.3759078095477,18.31598500154417,144.10977559982987
10719,413.62648640113525,13690.396235894896,44.58051994837746,285.5312274468765
10722,61.43325438371106,184.22035849734115,4.02890649146028,20.62799919699654
10723,48.449809041821034,1056.706040256683,29.146909631362497,40.59490515070438
10724,29.602889787271835,2123.556914108498,14.501823837384958,61.56599394269307
10725,36.39657161823462,884.8151478072673,30.67525557049673,186.14627100495116
10727,98.38847331647473,10196.564025300358,29.169201885309498,328.1826108929844
10730,50.777207305270196,3469.1873871565917,11.738531436535759,41.55313372605576
10731,274.7907886424216,54374.96879381463,168.26870724669737,24484.290859416145
10732,40.16070063922586,19507.88826901564,7.571043499183962,231.79498506043555
10734,44.74202664694611,136.3135984025059,44.737117806087575,136.8672740190935
10735,774.2190317783983,14784.588000779411,34.506558571492555,48.98320135534416
10737,30.95081897476957,1404.912960665699,14.523921615056985,140.50592889972665
10738,143.90631644450434,8125.791916926607,70.40218227182518,290.15884086963086
10739,117.97051188042639,9198.455292633791,64.29727131822597,205.3482506151226
10741,96.86034884000298,31516.975503543556,16.15134720711961,60.84435879149226
10742,201.7245420968091,9145.795097319915,198.20350112963422,8985.330745268007
10743,19.610046817557663,4283.665627851705,7.562960141796956,67.34237852349209
10744,24214.55575679796,3910949.7361211344,24961.225248493378,4015227.622756789
10745,43.39440469514325,3292.3272242002886,12.648699281395759,40.223254956677806
10746,787.7513342229358,16107.23105377546,86.3087399373062,1233.9350125234926
10747,54.779829832134304,28620.24009052127,7.475195867200237,184.09045390016874
10748,63781363.00002956,63781363.143466115,38.85567497212643,412.4099680149778
10752,123.96446771617721,6194.951308100821,73.62577893690852,360.6889650554962
10753,63781360.91367166,63781360.913681455,63781360.91367159,63781360.91367832
10755,194.7827388386376,2568.3241356831386,19.77176572356149,142.48083880927393
10756,63781360.91367194,63781360.9139352,63781360.913671575,63781360.9136716
10757,63.56773472723349,916.0673910859342,44.16165909416681,121.86173614106764
10758,12.554581828005007,112.07279910322744,5.999522009612508,10.280708702973167
10759,11.003718378775108,49.98925235738245,3.9277994220861054,4.342964997525733
10760,67.38749093075512,538.9593130054635,26.345230949416763,118.98071162264101
10761,189.59728818219483,4542.827426448532,19.393250864369026,144.6428661058674
10762,3160.495942019284,15786.593133332104,35.760537639218136,51.15419441427882
10764,25.412891792545818,9695.191381409128,9.196317318422304,35.705608360095454
10765,16.211540999180098,11595.959339660902,8.24678359188129,1757.5257220815633
10766,102.80868662039794,5864.3792581909,128.54161850255792,426.5834609115569
10767,63781360.91367223,63781360.92450565,4.421870154031698,27.7608174287777
10768,2608.608853246805,248875.66518854548,2490.524053227779,240212.31828623358
10769,28.469232875009496,136.6504450602681,39.2162939637875,71.69391015042169
10770,937.6811182005702,267693.9700344668,89.51480484136596,1096.4235469072107
10771,43.90686243191339,4170.210220731838,27.973927984075978,258.995931669799
10774,55.78152187010933,6800.85372705879,50.443132495917794,1665.9243683126615
10777,205.7317123753593,1827.1259188125027,205.75140214661198,1826.8667062756742
10778,73.42304565980116,2089.065789016985,50.136106906659464,728.7656840739961
10779,24.243417598973956,8072.0866661723385,4.862092968888702,30.993576620102157
10781,102.87343220406142,14762.229256908533,31.691098911916445,131.67509853203524
10782,314.21440260342837,80765.99015092068,105.84914198392586,148.85358845342796
10783,141.3116599364928,7746.347911668864,69.61336569922277,236.22163715345354
10784,63781360.913671434,63781360.91367291,63781360.913671374,63781360.9136714
10785,54.84639283252378,1830.857913473327,26.008347886111007,30.517047305249
10786,2837.9242406620906,101249.49208295562,2871.3140642737285,92306.3599788332
10788,26.053928391983526,17111.75239467148,15.492812142471793,107.58453960676015
10790,337.86848350682874,549.2365604496958,596.3159695632019,631.7481522488201
10795,16.4944898800336,108.68151323620614,7.845632980015826,20.885438245301902
10796,23.474755893035656,6448.277824275063,9.068255542286385,33.802914702602415
10797,9.262894802192973,2485.7614092436,2.199841397478897,13.89068807386701
10801,107.31393275686057,9489.383907809304,57.60094978641725,135.8410544078869
10803,50.582772050866474,10875.955291408412,20.15186887066369,311.73572976074115
10806,112.49695638562878,4793.712276222025,317.87131066386195,329.82077177850005
10808,63781363.00000022,63781363.00045705,2.522162611018479,14.955340745304335
10809,285.55204228818945,13134.101921926336,70.67701261679584,986.3753401583767
10811,129.7282890292931,6218.866480513463,31.475637264466542,218.7708618497897
10813,49.262941584709004,3197.400092474457,39.4242767592004,169.40968392369814
10814,34.55486206702475,17834.168814275996,20.616898353635097,2951.625976874963
10817,2853.261386436492,12854.110303396183,453.0023115722092,834.5173486695862
10818,1850.8822427803864,330656.84801970975,83.41162276093169,255.37072833600033
10819,16.844495706628546,852.6879743347682,8.538580458902475,48.59166880709015
10820,318.12180335188884,99688.38017469198,215.30766717818585,41474.717182086344
10821,63781360.913673416,63781361.26901494,63781360.9136736,63781361.19164072
10826,27.77704911087501,12083.982488313231,25.709187907484292,9842.165070938292
10827,387.31908880044443,1559.2964839665644,128.4076253721331,590.0756577738368
10828,4030.8130714946274,15395.003962608987,408.6462028513458,1537.8891455870205
10830,165.32779495112683,6779.363513042933,159.59944376050217,201.21280856393045
10831,145.44049475056931,20654.79428807754,33.19331550597495,199.91832179682825
10833,81.0290863123063,31791.5754081945,118.28173928539775,464.2272553712378
10836,102.17152634308236,2229.0773459640886,33.269944466413726,93.11554815662858
10837,45.140327169852014,12929.692596987126,4.099568410579507,40.36831199827325
10838,16158.261743985371,899192.7435970481,16203.805765312673,901691.2635977677
10839,20.156883207092726,177.859676666334,44.90752398589143,76.90627288573457
10840,42.897758957321734,1967.6113859513268,14.090261563582006,67.4382487753899
10841,63781363.0000002,63781363.00014784,2.320371175524274,16.72606043735002
10844,25.434068938003524,1216.2729453537486,9.378191161791744,16.98804133822034
10846,193.51772240700532,56069.3503012955,75.32062499473894,146.26190366562872
10847,60.27979130500301,3692.5138832459293,38.315793453085924,1805.093306213917
10848,28.41562306847404,4126.446523677346,14.09281282860538,53.77260175311325
10850,1025.9072700146223,3962.816760562785,1025.9068257149722,3955.5160598409957
10851,29.568136423496362,1575.8405889472197,28.989065906646054,285.53588449290226
10858,30.800523085312328,13427.497627443312,6.555284098717171,65.83435662453131
10859,62.7287163083732,8323.953370811178,16.339466706834756,56.939321336498324
10860,77.42426459484659,4116.80359983696,53.89018284501821,1915.6883308109814
10861,63781360.91367138,63781360.91367139,63781360.913671374,63781360.9136714
10863,132.2950896465467,3779.98441867012,43.41971120024011,48.25441164983776
10864,29.11970716561476,1205.5994040156977,10.21783003994776,10.495897345934514
10865,126.89322996863099,5759.639232646109,19.670086849570435,264.20007419237885
10867,20.81188051798764,3337.162335169104,13.133256576388938,266.3029342588122
10870,80.09607353512118,23593.90652077002,40.85767445343941,412.20997747448
10871,38.01952233830858,11064.666151325097,9.182423287360994,66.08050109645927
10872,1105.7638182341832,4506.570842751837,38.610007389770196,78.367120458251
10873,67.48067718384254,3417.5770286027614,91.96207197564479,735.3329222471375
10875,72.00057253439621,148.98773551078122,9.370999367399959,35.11676131384674
10877,130.25138065576365,20760.36446953022,60.810707275334124,8901.12761469935
10881,2070.2077221696964,1122018.7915317665,2137.6713529244125,1123496.4401983658
10882,63781360.9136716,63781360.91382854,2.8260136124113364,7.425472209032531
10883,12.378491703976954,90.07380821274496,63781360.91367135,63781360.91367137
10886,130.5099447446046,2523.2299818683236,77.21446043547421,130.3966653272826
10887,37.63602172584117,3737.246218966752,70.04660028873592,411.9826466801175
10888,63781363.00000016,63781363.00113691,63781363.000000045,63781363.00000425
10890,38.66741305621916,26496.889986824302,6.1447127837644535,332.4417216719381
10891,441.8084900430522,10509.635655412803,441.8660778288939,11246.876908969476
10892,92.98870834678016,15424.082993437463,26.07949973829011,974.5265215892481
10893,51.00094610929019,4944.552682254594,31.597811484211885,130.1915073622247
10894,147.4640379313489,9284.787192296,16.62641477685411,99.10333908208136
10895,203.14130478932253,18495.364805338293,61.69438563387666,229.14818674036354
10896,83.08161049718191,17699.90182389458,13.288751164018331,108.53393900773452
10897,112.6714756231423,35108.651135347434,30.933110230646854,86.07629117499897
10898,18.892431628024983,359.0931168464909,6.415023121955878,7.470112822777708
10899,12.29494057286196,76.06457770283973,2.984172613169412,3.087559405029783
10901,95.18019343153446,23015.644287731568,32.75095425889731,8668.618047347569
10902,32.50436932279125,1402.8700729624268,13.122131334651874,36.770516345842545
10909,153.76999933340176,11127.724992182937,185.18223422532003,253.63965333706676
10910,54.74178586859179,841.3580275279031,12.258677672616729,18.7014043008636
10912,10.642148916861018,294.01322188219297,5.641680410903217,92.00184034483408
10913,11.865548908465493,1543.4109611803124,4.431584563234603,36.061446359954076
10914,63781360.91367328,63781361.21696528,13.697346301431407,153.14104946236571
10916,248.17587307786545,6356.887009589952,142.84345937873974,966.8954119428485
10917,48.04508366994062,1650.7013551946154,26.98300973568105,47.50999438609208
10918,84.8361880701331,8632.900302649075,50.550889679409124,338.4899245366384
10920,591.598589069822,6060.025267294091,18.836154466109807,144.6200581993667
10921,54.13225171945741,1807.2289532299453,37.53826564891196,714.7839717346507
10922,20.079207756251517,504.3799962830617,42.6553875322408,115.30109414412192
10923,75.99653475257327,8888.438478003523,15.952786114595478,18.028118791796373
10924,1267.979093729814,1102505.2822900321,350.6997092300382,39032.54782759194
10925,59.67081073645967,5956.300648994701,51.83383631893373,68.90977976150234
10926,611.293510129616,71772.10161281501,618.0814524627526,72604.20726254935
10928,17.83935878985415,4463.466684192309,4.572184107780896,17.231044012906374
10930,34.23120325298688,4693.865938407241,7.576190471890565,18.160401572259975
10931,34.670405722630406,8091.155708898806,18.49297553232408,98.8762757487031
10932,69.43322426641338,1530.4227595801383,44.23604503411282,462.71129085414583
10933,1194.0380917459954,53272.455530776635,21.704696990893606,591.3903645088417
10934,26.801838032780655,915.8122234428847,13.108250697230739,63.38520043197095
10935,160.86190096792,26988.841779980972,166.8140369880781,4763.720139891456
10936,1081.4427317899722,252768.9886682075,1057.166617195866,240860.44033055526
10937,77.12168169578369,6659.025343258806,27.684480835975496,317.30556475771954
10938,16.27546567047326,2926.715829040473,3.4091174111925664,16.634664337519144
10939,63781360.91367136,63781360.91407485,1.6608131595288926,20.42802078688447
10940,23.341271934255357,702.5035827945692,12.868016286235903,39.33094682276976
10941,179.4376889900486,6837.526059674516,107.95656826420223,190.849566819399
10942,497.6868086671692,27982.84117749973,515.0561520502932,7933.3695066399405
10944,941.8094034543245,15155.35062852726,943.0511205699468,14770.08777358552
10945,27.490088956775818,310.8817669573623,16.76779052622573,26.800265047695593
10948,63781363.00023529,63781363.79773858,63781363.00008261,63781363.11879293
10949,275.62239244793733,3845.8847941071267,27.215543090660407,171.4215989732138
10950,44.0654642148458,4374.197095772649,43.90112389766829,4452.346910537327
10951,34.94768845642343,21676.044431372848,5.288730848898658,56.389732609806096
10954,371.3083385427756,5176.599489580139,28.160703689621364,116.52897807263116
10955,51.52036570264767,2106.4534440006755,44.76935194725666,49.48783183448284
10956,238.08487311258642,17023.221944718534,149.06919162137797,10895.623472856774
10957,13.64302682710229,1184.2631810903797,63781363.00000172,63781363.00024768
10959,9243.40104108485,18267.910041561194,9243.418996374283,18267.678021415042
10960,111.05740433787953,11743.026942410983,53.44695170320084,421.36302301846274
10961,553.1588855567402,2201.7433774113274,553.156494694834,2196.4427001734243
10962,34.96209527030621,1839.0774345208038,15.769853242675497,33.92684133898443
10964,113.32164625224756,49880.41099687797,94.66003782587886,35815.65298366457
10966,8.055209837437264,20.543289800847877,6.883701778624218,7.062069101040647
10967,190.30489583245065,33800.01007777485,12.623272041373822,846.2695762660938
10968,18.133536735071097,299.67812469621697,4.9409252957732726,22.500650831836868
10969,63781363.000000134,63781363.000754826,63781363.000000045,63781363.000001684
10970,63781363.000000045,63781363.00005103,63781363.00000002,63781363.0000001
10971,85.71756525530033,15909.998491765893,66.58835112372435,324.29302015425714
10973,24.57150962617484,1153.8295492202003,10.726801150130214,45.69460968891668
10974,63781363.00000681,63781363.00622478,9.621602661782699,120.42191381439316
10976,141.11465022177745,7172.08972980127,140.96203906612052,7141.234389721876
10977,35.74617462512885,4948.361889859386,8.587610797869107,25.244179367403998
10978,747.3110430396415,899.293346608886,709.7923347483653,809.3623604146493
10979,32.2768011729413,936.5378815004026,57.41082413229565,182.0661701160172
10980,173.21024259403802,23099.244936139457,113.89656510948303,255.24540559980383
10981,25.084796920887847,750.3564042125286,15.674887124312228,104.01823737697384
10986,63781363.00000043,63781363.00201309,4.209621597377179,29.839359544887326
10987,63781360.91367332,63781361.04093941,5.246895506886954,44.70414073718299
10988,55.42427062364404,29120.901983684053,7.804139653274789,225.3744777344464
10989,481.47010299734444,17826.015924370222,426.90018522712637,14522.995924237966
10990,1967.8034358474977,40383.26764308897,862.8210045895938,16978.366999088605
10991,63781363.00000018,63781363.00022666,2.839087831276663,11.287632947082454
10992,11.106964426896727,304.44473699057164,4.072894482864938,7.000035333320515
10993,546.4506973698095,13723.436352786071,472.67902113121045,1323.0778099788386
10994,143.96143193522477,8396.158855732763,144.2949022950207,8409.83994313233
10995,22.979325408245906,97.48085841225463,20.811550920710307,31.069956171851313
10999,28.266835057967416,4615.633433877668,13.214048403721312,112.82449473712812
11000,10.031424061738665,412.2252951933114,4.205654510781273,37.45938052004982
11002,53.46067993998339,30551.945931502407,5.293074708246458,57.89044254771675
11003,170.5402428054092,1162.3360688111634,12.593184232005296,57.0807890161134
11004,46.61010324097472,8420.689419695891,12.754108869064087,83.62670238531733
11008,5057.465934374745,108028.88486081392,2099.602441706244,71343.28682587881
11010,28398.380073393884,383493.2403960811,16275.50093506306,226522.92033683372
11012,75.51135319326205,233.71940163065634,37.198106785390614,80.51777809738593
11013,95.58578992278086,8199.673607751123,184.77967999193345,366.57370881976425
11014,46.574300508121,27128.89817514728,7.4560027650657155,291.3073652812447
11017,1115.599022277202,16140.081675670874,192.99566918959607,209.5995699059511
11018,153.9584120797687,7089.46336999147,56.120117755619475,585.7422699835258
11019,18.43336987170776,52.50914773206361,13.165989972435394,16.68855892244617
11021,56.95352411649124,173.10852742983235,56.72162598021672,174.0711125094086
11024,175.28641196145128,3411.180486106274,46.021198765753034,156.64398641818138
11025,63781360.91367137,63781360.9141565,1.610409041633953,10.289090719634856
11026,36.7380975534798,1447.054076861849,7.133421933579082,7.387848876445253
11027,79.08710105924224,12366.632243046903,27.70057902538204,413.1448064913309
11028,213.45924110908723,4448.344142093824,32.70165394497713,223.0266455769863
11029,160.36118149884777,11384.869057688795,107.95197378269084,7303.920452197834
11030,22.971531613267224,452.63592152146,19.548939752629167,457.21269657252793
11031,50.220669553291714,25617.379268718814,5.989692992916087,153.09390593446895
11032,72.61047846903689,11184.007923704945,17.55028932969102,57.37142344982999
11033,362.66838146504136,47115.05300200182,307.63480667243317,2922.610144650153
11038,47.40348071075723,23833.99346930318,6.400366253638406,137.50935129783645
11039,6283.909103203965,147448.54067932005,6579.350079747503,153146.40222342714
11042,76.28204300411451,26506.23160996927,85.06062566926046,26171.49006953853
11044,86.96505554586022,16151.714528149814,36.159538682433094,217.84855440537177
11045,181.9063236120236,77865.22319538203,276.51261697552434,36458.1996140258
11046,497.3754260410007,11490.152652619163,497.8193428397371,11533.473418726839
11047,26.81899172143739,674.3687401356303,26.78160000199494,671.0207718703699
11049,11.703873048382134,56.85445357052523,3.046169611448316,3.31095063263182
11050,397.94356378116237,8693.66624200462,46.2566153656,277.0385199318359
11051,77.2676363417905,2340.4600520720987,44.240051422388646,130.29469622371312
11052,538.7419839447097,54538.25678954386,63781363.00000004,63781363.000001796
11054,300.2560560549769,4043.562251819443,243.41645557885707,5155.977487686528
11055,860.9852465167854,1081.019118564267,61.826549667456824,522.1140365235112
11057,27.598067889062676,2464.507456619375,59.4076520376737,1443.2539287388338
11058,41.80722706288856,1295.531482504655,15.651702073194084,87.5050483254284
11059,27.305288201207976,1515.2023488881605,6.3586361312308215,24.323183358252482
11061,69.08154039234643,1608.8703500395657,30.320404381793278,99.15045782311144
11062,29.530826986828203,1234.737513362892,23.97754293488734,176.9443097287882
11064,119.78088628906119,16328.834329741016,94.12961011875709,11975.879502933241
11065,27.519521859155656,2732.415536886565,15.76822111709747,53.132924735182314
11066,23.37900681180309,692.744711562471,8.083464170910867,44.28444816531833
11067,27.177342503531886,14369.745255454991,50.48674103641736,1025.503079193052
11068,7.82447133322218,179.70066531479532,4.724129936743003,6.164231168069578
11069,21.734372581375094,1230.953814805842,26.687901893603318,93.42518815123
11070,103.17459066168539,5571.24700440404,81.10297837769082,1441.9979897382057
11073,2198.730981082173,37975.81102642894,1790.7601912250516,30598.284233095244
11074,16.068458799441736,6489.18619300747,63781360.91367147,63781360.91403487
11076,131.5441106218817,2617.9155986492765,78.42243130875532,133.03978853401827
11078,15.118362718000503,5370.942183434464,63781360.91367143,63781360.91371356
11079,68641.91785269606,2808588.606961278,68819.29316787976,2795953.7400736567
11080,14.544888609921697,754.6085633093958,10.817563644474808,33.31007776580381
11081,292.3614073177213,20051.94920438998,293.83671405901345,20252.139853716923
11082,249.1824181679126,883.8100303867675,169.2540615676969,353.2734831823028
11083,339.4861820117425,10885.365537061289,339.47884832660765,10880.35061106268
11084,183.80787709966197,10325.351489835823,183.8565235689575,11087.668743935
11085,156.12959859095437,3208.5193261902796,169.52967043234176,323.22499751926983
11086,196.8577876403674,5282.882705041487,19.950009998470044,60.897260628510296
11087,15557.677979652763,35746.268063328505,15182.8509429213,34813.404198333825
11088,94.95544056993157,15618.581961431888,33.40505725414657,191.80549202054706
11089,44.39370140873783,14353.780505744744,9.08535871779307,241.88645889791604
11090,127.50079441782998,4168.701021527013,23.112155607346825,48.148534958618846
11091,94.97740937536572,37607.77376659877,25.694201269435066,655.1363325878082
11092,63781360.91367242,63781360.91398532,63781360.91367161,63781360.91367165
11094,239.8296132271908,7497.342235656123,39.112198031278936,270.65437104213225
11099,335.1395250607914,360478.46802290704,33.827490725946134,2442.454049663268
11100,82.9196717502893,1917.6068048305074,53.00877661194439,81.87044921083738
11101,139.86191211197257,4348.430978473032,47.144519759488084,138.64653547912258
11102,55.31771203358756,5812.502965938111,12.72452376842361,121.67953974795479
11104,9.92445404274382,1012.7110210902272,3.8224233660250597,24.716795742044198
11105,3172.1393473695,113058.052906069,3234.325316252934,105228.99842755926
11106,726.891939128153,5467.00217678105,31.181607766717228,416.2328246082665
11107,758.0657059635829,139608.43281846395,66.05836250615144,152.97063407676913
11108,13449.755125732741,36930.52956587178,305.4761103571286,854.609900973603
11109,52.41982675062564,14141.307610230371,32.599554318494775,298.6012321919476
11110,602.2468283891567,5298.822963012923,615.3519406503103,5406.23973867343
11111,54.23898653369689,27264.731709141033,15.089431503578338,1563.0117283153877
11112,21.47291578474651,534.4442000241976,21.551758068874122,523.1375189611297
11114,32.97274003955041,1334.7955658969136,11.46628445774198,30.54200776075422
11115,686.8563186189082,1101.60787936203,118.87347393137183,203.03378516381383
11116,63781363.00000034,63781363.000019796,3.7489017070235904,6.269319049025458
11118,557.7900932357343,16138.418305245697,223.89754073359535,5257.554885415615
11119,59.57972906503601,7365.889907800759,58.77157720073874,6722.735316144833
11120,26.09960183446026,2468.79730356203,17.050878516331604,184.38018272005888
11121,284.06180841188433,15660.490305564621,275.4309382867725,14417.68088132597
11123,176.1387545933092,15953.79558652167,103.16722214683786,970.9645119845786
11124,60.54100641066592,1704.8476853687828,31.53102605437548,245.43571109734128
11125,137.87100897563946,15051.055438895517,19.155630897673174,161.84349295738798
11127,156.74977592289775,12119.692099310763,135.65775554594464,8515.385411587267
11128,24.749781662236458,2749.297197560013,7.949211092881337,74.8565607474645
11129,126.76316476388489,16394.071552636324,116.54697924230355,12464.027536705014
11132,47.004797038457255,12531.598590517393,9.387461486946684,117.13321346094519
11133,28.838545988497035,1321.8939139007039,28.285740097589336,405.5246659487811
11134,99.74323118836651,7176.478713178897,37.70169695399555,223.3962728690421
11137,250.7341642013909,49538.61424839453,96.78783839488486,1155.167747071812
11141,2273.5100721417225,195895.22393280765,131.6986811066596,677.9997825130623
11142,326.4366658806909,6278.166813786633,45.30176517141716,288.80156698040446
11143,36.05175667622668,768.3369033930742,9.37558008329758,54.55143919702553
11144,269.13091167269,11615.625373808316,20.463349606681334,66.59688213698207
11146,180.46584915009893,19473.76665209836,318.1506004727987,5736.274129547903
11147,49.07382213263992,5908.159896704463,27.89537381019038,1353.3358176130187
11148,272.7437945658748,25163.2868761806,83.96686804837347,5208.614653071192
11150,623.5748450770876,8423.882132089226,373.862644747314,3574.3306223234717
11152,24.648684411287253,72.58028782031438,15.281306869534061,16.665220958716777
11154,61.66533160528629,3856.21888090049,4.60084473159991,20.348303403341195
11155,10.295426767407562,232.67401806856773,5.161921916384373,9.754440027376663
11156,56.74822093945743,9456.653594712507,23.380340852115427,77.178908188074
11158,285.171991019876,355.4673416789699,175.6426179897574,284.15928893697094
11159,169.35641877699044,191041.11083459266,170.5391549858479,191063.05442624455
11160,254.73182755839298,25910.32217566694,23.030522206021427,518.6676803822334
11161,39.11323025459378,5774.511703182431,30.417613350942492,224.81568559991877
11164,63781363.00103052,63781371.74077065,200.12917961774173,1846.0509765498896
11165,1877.605986747222,44636.092620013806,1346.4554170709066,32517.541546513265
11166,7146.854996958308,29501.736487703067,35.62257139585039,116.54174919340485
11168,604.7254234339792,32471.15583611089,605.0702795246128,32505.313257040107
11169,16.236045179012986,1696.2543039419338,3.9102501346526477,6.83807139375997
11170,139.94177009154092,41686.24049145741,103.2904202682641,16885.999813863193
11171,21.38291058472986,228.71566332081377,4.650393181330667,5.35406571152398
11172,354.1164365130524,10269.372603172455,342.0239926392193,3021.6801855144267
11173,104.05311919510586,8016.761748118693,93.54235904845434,858.6406729582206
11174,11.13584695575533,717.9045206946862,6.416268807959724,14.829041273588752
11175,2149.2469584760574,17838.68484515415,2149.2339081296736,17836.85407338222
11176,291.393574339559,53250.45051011958,8.746350795650514,449.5168643330416
11177,52.12009083737142,26208.072501599978,35.365017195766015,12239.690322640603
11178,114.8808180775134,3953.1456399601902,200.4969365209869,1246.4991414613194
11180,412.3274408308694,15675.795170213798,261.0562843571155,1479.5410057571198
11181,63781363.00001633,63781363.00016147,63781363.000013836,63781363.00008102
11183,172.89152376916226,49391.85417116521,162.75727624147513,3218.2148580059875
11184,129.05677957806097,27063.45879177125,30.85381204579941,918.3741461819645
11185,1208.8804252560956,120903.86344129928,1220.3135914411605,122118.83654792789
11186,16.84751327145187,56.587494877476374,9.308321548837295,16.709049654779246
11187,90.82513011315994,254.49888299377616,90.78497976696134,253.77846468806516
11188,365.6828029051847,25017.946621232844,366.5991999847408,25186.70605608634
11189,23.644195496319565,67.79886391620636,23.606610154532074,68.05609650614201
11190,129.19052273351835,121855.20266116552,56.16047653546397,84910.58491302449
11191,51.3216148800921,9956.094984064888,20.034400963605883,67.63118158810839
11192,30.758282597639514,10899.959080653756,9.122552170833332,67.50384533414936
11193,145.01778290764295,445.2124779264442,151.02226456597236,2995.351566508791
11195,41.211797199664126,19288.618707429687,23.57999211818431,6865.02414262728
11196,8.687118248320624,57.36692287298915,10.68948944058718,14.131454158122214
11197,63781360.91367136,63781360.913953185,1.8081255354295716,31.252820695817327
11198,320.5996878758467,22687.59356579676,25.30995719439245,113.47502017211795
11199,64.2076134407409,8197.578590471165,51.88763688301721,4062.217423523214
11201,63781360.913671516,63781360.91482785,4.717636718573999,156.98209495747912
11202,42.67447468637627,5466.913981350394,13.707468981204268,124.21439038786508
11203,63781363.00000077,63781363.01094433,63781363.000000045,63781363.000000715
11204,144.38415369244711,5368.196189652321,56.4015572999454,460.8312103461169
11205,525.8462876361646,26231.352110066942,523.9404274721411,26226.614150718022
11206,134.29050147066042,268.1496927481457,31.929930463852926,75.65344351874418
11210,72.41142519846616,2352.169135164277,21.711295886086976,74.13011800692973
11211,140.37869231381666,2966.7426312060147,124.09337962628794,871.0638041590274
11214,80.31464628099224,8170.276342537028,36.82730696367794,186.55940268415242
11216,617.1015751250065,101524.14079277092,447.8269649011946,60314.649557093915
11219,308.7901308367881,38181.650303834955,76.86345685850478,206.17387982147648
11221,16.7430815346226,211.70302991328498,13.081360699376368,60.465299830443975
11223,551.6296828839205,32185.84980411173,676.6534271327317,8248.027790597043
11224,31.859894498727204,4049.545665836543,31.430886181445228,188.76666895487244
11225,86.91015864429734,1962.4364491599817,32.62082498625172,108.17937571126353
11226,128.40930787248013,4036.360180938375,23.10898809125145,29.2724785628854
11227,335.2327590777618,27997.02014779354,126.8021297229925,17158.02824154361
11228,50.77773357632403,419.30993210279473,49.34621911454545,73.65460513469459
11235,96.24256456793238,1477.856673172971,32.541642447875766,126.94539334340809
11236,15.490597953060279,1463.0818464697186,17.1299347092782,51.537658236314414
11237,14.135316045496003,2700.945476934633,63781360.91367137,63781360.913672134
11238,32.52901347001466,7676.952635684371,23.81321580030252,188.6056990144868
11239,179.52763594130684,23007.539065378707,29.526129861073972,93.33098680204137
11240,20.293897433622448,683.7102836162045,7.8930582385103465,18.31518590353485
11242,1250.0748381189298,124204.84879049117,831.3222036860735,53563.009525458794
11243,1040.4195271561414,5175.683365422103,74.21017787196541,298.87195561524715
11244,34.40937056378337,39.748448406251825,18.414066340669944,34.208443578250105
11247,63781360.91367145,63781360.91367386,3.3112601852731136,3.790088174731927
11248,134.2624446732203,6238.458683776645,35.02664116142872,656.3862389758482
11249,904.7676827962356,18123.77467920524,905.4989412019195,18136.687415364522
11250,63781360.91367134,63781360.91367143,6.591659610580262,8.64953971958317
11251,19.276970706082896,128.92500185178608,19.275750061903512,129.00776449813483
11252,140.88543993355952,7076.289069274378,50.465124315247095,146.53233020499658
11253,1935.0058545700767,345471.4031601413,83.75413832742173,919.8558887788956
11255,20.593182724471877,4035.1502366309196,13.166318301000095,3650.3049819441176
11256,11.624444345700065,56.186890887271225,2.981561398395839,3.18300323942184
11258,12.544515852861357,353.4386775602289,3.9844740367615588,4.416169879725728
11260,13.451582136068025,109.69020171085333,11.546924297679425,18.553068728660566
11261,33.75633801645982,40.25578359295213,26.99570550153949,36.14385922829011
11262,75.59245337386305,11150.742286857841,33.50932574736871,817.7412827104513
11263,35.29487599939748,2566.793941528206,15.640004237509478,91.0981037227158
11264,37.32469765217826,4881.367334250853,34.869826437885926,539.2268179309765
11265,616.6594180790304,13157.49455777924,616.8297402112614,13257.309500149257
11266,53.12810567090743,3022.2159131358935,25.17181153152342,32.99228348700073
11269,23.904350391722026,314.41174405591545,9.909936899876373,17.769086697653346
11272,22.64171632839824,9786.395551580255,63781360.913671404,63781360.91368154
11273,44.968199638715284,5050.077117954707,9.186861100169077,159.03206301905254
11274,677.511036572571,6411.814348307695,654.1387054261288,1487.0567659815972
11275,165.9920822368318,24974.050798086853,32.88193777639765,203.2536666707489
11276,73.65480606464995,20580.000341993506,48.73081752846037,11448.77753438972
11277,20.29443872556121,1536.0526541037373,8.704480358350883,36.76377374679141
11278,99.25264029010494,8154.756443701103,85.38516082964769,7030.5575742846395
11279,17.226409552741092,4959.496987479398,63781360.913671404,63781360.91369207
11280,2241.3831699635657,22161.378782825104,407.2767439595484,2139.004485217824
11281,224.7626206502033,10914.544065456115,123.00866695079206,351.39549656058495
11284,375.61608967242654,15135.306781320438,101.79047977765818,471.80342444178905
11285,58.61699806560107,4139.727622154214,15.09985152826416,1027.0062359702185
11286,281.9660655697573,12274.841824179608,67.25219948716676,814.9643909033974
11288,1826.17809619287,20453.072887084196,1821.0228737825353,20303.69138820451
11289,179.05165840909496,6319.032315307148,50.57777753784818,211.88168682291436
11290,17.85739128185288,5976.679014979867,18.759472792197297,5606.40907119941
11291,1714.2383218594398,14276.38910620487,15.725546717216945,97.63943954648421
11292,784.9290894579966,28947.99836931139,782.9813353732451,28031.207379384843
11295,563.4455081622767,83301.6471937479,321.3198504354581,3484.171290531124
11297,318.495113997143,69525.03149299558,94.96782111491873,34223.22543290443
11299,43.06958158121312,5479.211687764846,13.498461012287127,95.89073489243499
11300,421.1616935133487,7927.530617434215,455.45315257645933,7823.403790109315
11301,1597.732483137588,361909.8804021612,64.87428822447269,3227.430945133366
11302,768.7076647551914,32778.60968159544,321.3950279791273,12984.537288387655
11303,258.9916523622566,4795.228529738236,241.8994541959484,2129.6015242836625
11304,116.26391294267137,23916.447861657485,86.97148318654456,11379.730795523315
11306,63781363.00227395,63781364.10963928,325.1002989886881,9034.501308745357
11307,574.4228138569208,114785.15771067384,624.9254442563407,60540.50046250477
11308,43834.90788996668,313424.103160894,40540.589767736776,289439.1676583893
11309,56.47550744296145,3870.4225714667255,18.90920318688103,100.78218390764916
11310,139.51684508475873,7608.172759905603,39.38354281151395,46.63897760238341
11311,68.24685089328769,2564.476691813216,19.41836771428765,25.214157120367048
11312,63781360.91367233,63781360.95960576,7.810761700281664,73.01117282219751
11314,63781360.913673095,63781360.98397984,13.87561325679213,191.36840203614804
11316,30.853094101557815,347.05071441089274,15.344303927479393,44.307937509687285
11317,46.687264092537696,4236.706481855052,25.969307848792596,83.36457427707352
11318,54.86870085816542,1592.6390621440546,57.701556573444044,59.7656972656815
11319,60.490899155926016,879.8286257284035,21.462050799288804,85.5715076571395
11320,24.293513606739268,17598.531400972646,14.402770749184699,103.30349665251364
11321,63781360.91367134,63781360.91392927,1.751424975107647,13.809682460414754
11322,81.63719636497058,5951.5386072434785,4.974743177414484,12.788926497622134
11325,65.7271369249163,7068.208170136881,8.406967659025849,80.81032981578807
11329,31.55149076808557,1147.0229105551823,11.845140201680906,297.57434586282045
11330,889.4304283587082,2819.5812745616104,590.9224872076287,1760.3501782465535
11332,62.96966257238995,16102.250054583918,62.090764582113486,16278.320277428087
11335,32.13078235871096,11597.273091539753,65.65131151990641,107.70013540718047
11340,193.57855314380816,4887.19005242586,78.58382960745662,344.50410428417183
11341,84.11702438661335,17386.745661788056,24.771039922138563,169.33016379580107
11343,316.18865666605944,7435.824595941086,315.74285056348356,7024.321907982288
11344,535.154217326418,1665.9106924649418,142.19568412544103,243.97963071033095
11345,804.1920366180514,927.0758273116228,282.8804491119446,502.36001097445126
11346,63781363.000000656,63781363.01070734,5.378144361593903,23.6283708700121
11347,138.4554321362521,9219.447924232058,81.37607912388864,672.9911003414925
11349,188.82091421528827,32911.299316437915,57.15895088637979,297.0605814415908
11350,10.972200652036971,76.9516205626624,63781360.91367137,63781360.913671374
11351,190.20992205074506,14011.620354066028,378.687565286577,386.2599566104462
11352,537.0466502319339,16249.850140126306,537.4848637798755,15009.143189529457
11354,42.796695137428124,4508.47840507585,36.336417695835586,148.97415406806977
11355,158.04721162733586,21784.051316443914,230.02703689230322,2049.813683614877
11356,1130.6489531413836,368532.7668206997,645.3679712958653,136579.7701989008
11357,3211.2997147511155,74931.77513245385,1002.3341240850641,11443.935368016098
11361,33.048362081030554,2275.737958637839,15.206560331251021,630.7913926065788
11363,198.3186294276733,5010.863469725667,60.972012449085135,510.12417523761576
11364,41.25118794942952,4519.027945037285,20.728699096246448,538.6496034173215
11367,452.16822484972164,102551.39591236855,234.0493971371562,20136.297137171663
11368,192.1079633706974,23339.488123252664,130.51955418997642,804.5700094315213
11369,369.59061933539255,1639.6512416541243,20.95482427389136,622.6533942795664
11370,60.52647927479682,8029.807108749504,20.094070266647844,218.13370370889567
11373,859.031740916876,2070.666942023296,47.013886099950255,181.99460242788786
11374,218.29462961572648,10046.575418629744,215.19711947304907,10230.228326802238
11375,49.84506126227041,27032.425127772873,24.061529091074462,4913.215086755629
11376,5787.260659922928,23927.762346966578,369.97786308013843,1481.1177870895215
11377,460.59592896385516,21206.306617437192,464.73938620488116,22828.078897545463
11380,89.74918062230205,1342.6010900532815,26.201645532803045,38.0418598094579
11381,538.9610802153929,13945.185840088558,20.815501203948596,139.98309244997319
11384,58.637016279901026,828.9939012422652,44.350843516039546,108.41838413209041
11385,369.2468584478791,3767.6073874976437,68.29854785485436,931.3559130766567
11386,63781360.91371546,63781371.55098426,63781360.91369379,63781368.00707734
11387,22.471486228673985,1669.5545922246756,5.455856232809542,35.206878865833964
11389,734.1040738763438,18319.527072429057,264.3451732418282,577.0201374464099
11390,43.17301814149317,1617.4091660279948,34.071732682541224,66.7430085815969
11391,57.099524963792035,58697.84045999302,71.8373788612135,345.2641055978116
11392,69.80977689619665,287.7260886353754,24.58658114617231,736.7769679895356
11393,63781360.91367234,63781361.007547595,63781360.91367158,63781360.91555416
11394,75.5355142191283,9941.625066359173,75.26468245183966,9927.472416709003
11395,88.96271691313079,13586.678324766055,14.880692790960657,34.500442495966155
11396,528.2537761864347,35030.44739142753,851.7958949954198,4398.375824787441
11397,18.737691538449276,187.21660417561804,13.207141794397954,61.98329544309715
11400,36.592914711736746,171.82017201466326,11.07568436966475,116.56305723843724
11401,280.0831184322692,11851.516829749797,40.378546107010195,4400.347496025688
11403,182.67673751334553,13722.62074632086,9.969432203170228,242.05208629689048
11404,252.21069666795566,1266.607146037867,33.31533933847226,262.34503508424825
11405,42.06077887301634,2768.840296382644,13.461818617089072,130.17526181973454
11406,653.2758979584108,14646.961775581549,653.2293792840461,14555.577535818786
11408,379.4798076773278,27709.42729507144,28.297755399952184,35.92026455079458
11410,157.24003190131083,7623.693998743386,160.9147314252005,7982.095768897746
11411,94.91629832042922,10108.116834485176,11.450571925292461,149.97186343061384
11412,17.48912616962655,497.41704944271993,15.223699174352786,58.475851714615914
11413,145.4001248727268,9588.96763792823,61.312417747800296,3339.474779446502
11415,186.99691394513795,16971.013669449225,74.928436356572,4086.7082966324188
11417,19.91825652057078,2445.1775216693995,12.023854291923538,63.31948206879009
11418,16.43204493089493,4378.567880867218,63781360.913671404,63781360.91368048
11421,170.65429627851975,10830.241433846464,48.18041535194108,109.68892600180631
11423,349.33001506923847,113601.70189131139,307.0764379605484,68113.32708395548
11426,604.6235871940239,7370.071108689351,604.7360466342685,7838.005537730623
11428,14.619303437974992,72.67413569162518,15.630508191615876,47.11547085480637
11429,433.29770707964354,4130.236265727356,433.2947329747252,4135.077348060644
11430,54.48604056390987,18446.522571518584,16.644275818461573,192.95345526578478
11433,605.2594082937503,50513.15984295495,27.92479412362593,407.47610058136274
11434,101.66036367819947,4486.380504622506,12.251828973910268,18.232489858413395
11435,102.34524318412912,36473.83954030185,100.85656126017959,25167.75045545121
11436,38.072513332855735,17731.408251322133,6.744223881477079,103.69745658760273
11442,743.6957113418655,9239.855429541196,79.72453720567181,801.5946042030415
11443,353.120622606128,6539.299843062135,76.83418791932743,88.21832626312242
11445,63.50710726812403,2349.309401696773,57.2561166816862,590.489042558876
11448,413.25576395673403,28476.410335892797,36.89831603319296,961.7989073945629
11449,99.73241697118924,917.5724756478767,99.71550967886004,917.8356559190045
11450,162.28028177368162,7260.921518047491,12.93066370262184,39.284217635244694
11451,997.7268233411016,33037.33067930487,725.8807837134634,23325.500435233575
11453,28.49829592569515,4034.0192174549693,15.17378054583675,284.31947869507775
11459,266.26513746810025,24096.713769462545,241.3794292402047,6092.849061568425
11460,270.1039132273032,9300.19200226702,41.719594791552375,103.5255590819663
11461,164.5244682467723,7167.960695031141,45.348400168710945,445.9610896394767
11463,348.7563341888315,107380.98306415355,79.74016705715279,277.0244836175696
11465,505.59167692566723,22346.9327013643,387.3145535707109,16125.04965305734
11469,47.30407366733491,6205.253780772723,24.60583220364617,493.3793347937408
11470,250.17711232091312,21088.641241441474,45.49377271984758,213.62047210357878
11471,383.410524137092,35745.18083254002,312.7311341970841,2663.412198329644
11472,63781360.913672,63781360.914680265,9.815482902834049,31.272852013504853
11473,30.963182144904568,881.7511625467778,30.276697520443793,820.6583433413829
11474,185.69606776855184,6205.903813009216,185.93129543068702,6229.28009106288
11475,127.81545539646523,1879.2157537019013,100.92355938691522,207.33620852585102
11476,330.95198117660703,5721.417885285433,99.80260699055222,155.9879363045006
11477,185.27515543387145,11526.404155998749,50.792311737891666,258.96053152480033
11478,94.80423416128701,5430.342662928127,80.37315501806822,131.8698742881657
11480,72.94387257476009,3221.3415000363857,9.196390439294028,69.84348445153404
11481,33.89436007317148,1605.1647580514962,39.98419190779016,50.85501264812044
11482,16.376667292615732,267.5961629598814,3.9662576174687296,26.16937620400436
11484,928.3325851971665,85921.31323725212,942.0634221411815,86651.65194615813
11485,154.17066496707704,38280.258604924784,30.879992616784058,136.92225773176904
11486,56.9188967603563,31296.465307274593,19.014091651117788,2755.5446456774475
11487,30.671051709627005,393.1338256674975,28.542319414216053,387.00245824546914
11488,631.1010486289266,165566.69956426445,69.83696933137354,897.9350293185852
11489,83.93291643797043,29423.25120536365,84.9639427803878,28242.47587403442
11490,38.13755334203311,4001.520365765451,23.306478105753143,137.31832838889318
11492,88.4662864192012,11783.583470448377,52.52122667012329,3409.5058170397856
11494,63781363.00000133,63781363.04884308,4.48214652899594,22.670968846149655
11496,257.88408261687465,6156.4624511060165,253.9765004225154,6039.577831847663
11497,203.69551849953325,8477.387726467576,19.139672798768782,48.99871373256245
11498,214.09606852446507,4429.7856702043855,277.75989035265206,864.8279163509228
11501,1685.4006808224335,13811.771526205204,447.6395227351012,490.07511980499925
11502,38.763163777145465,5462.753015261748,19.063867614863653,155.1330492268951
11503,127.29812012171095,32176.381206837694,127.21627920290555,31973.100442697898
11504,252.81064671473615,13388.196753979802,149.48556701088026,761.9383736637477
11505,90.13665613423073,1640.5313176418506,19.013846834567623,30.339351623571723
11506,174.77594079167793,40607.89309507949,175.3178702405795,41278.00261612471
11507,407.0779775871855,57563.95147852147,152.89175894548507,7863.7205303133605
11508,51.90741836410336,11200.918821908315,16.80451491664145,230.34867063725582
11510,63781363.000067145,63781382.02488191,63781363.000474826,63781370.19401435
11513,35.8120028464684,10141.22561881408,9.315343607543047,23.239813026094637
11514,6791.262019791658,64072.10682458433,54.4997847927411,232.23398948779626
11515,48.16748119060982,10374.787845511531,3.7662870898582987,40.949062648809445
11517,72.25920734032862,8561.869700568672,36.660517864870535,3390.0788280127367
11520,24.225735217629236,76.8458019394995,13.646336702982474,15.701076990662369
11521,63781360.913673,63781360.9150287,63781360.91367136,63781360.91367162
11522,622.4820506822606,31901.245031760078,117.12402602172492,3123.634886412275
11523,48.156484676289075,7947.439861351322,48.26441018970796,7647.679120818756
11528,675.5093202125809,4614.335665208074,685.729652774773,2751.105342495627
11529,587.6342676446338,46091.29526876708,386.49593708558115,29749.371223566606
11530,2205.258424992989,17844.271445005088,2204.8814799451266,17692.220976765155
11531,164.78767373651877,14365.01369668224,122.56648358094783,532.1149441134177
11533,8.716615810750273,25.6336116341139,5.6350031675424255,15.992972471754728
11534,26.102113267752504,4469.892177862732,5.805351518895351,27.13531715914283
11535,95.95101769260705,1805.6027134904584,37.82278900461593,134.64709968816086
11536,63781363.00002268,63781363.08710597,37.27672667508378,246.79546735118322
11537,130.2668879285165,6706.179110884116,58.78312026608765,128.13609394780036
11538,257.15381273492017,46244.16215950824,191.77166243576175,1291.315320651564
11539,16.811082158353376,192.62764303000594,14.486772579201887,41.05453765768576
11540,34.22046331560084,64.24424558969324,20.051921625346907,23.934297246103895
11543,184.9149188206897,26299.434876859505,69.45080337239852,483.0942034499956
11544,522.8878044138759,37275.17709856245,54.961386000987275,1154.217497224328
11546,140.1138708364854,17902.409097421274,145.6636846895682,19480.376658083427
11548,33.28327491976257,6748.207940069354,15.309881406397071,116.99546698327056
11549,82.17612182108769,256.4000007356443,82.49876539187731,173.81510152512695
11550,64.44755068208417,10882.76536484273,36.678355442625985,899.5012367703594
11552,190.13194458460745,8436.00680056758,22.13318391135967,31.10760041074502
11554,7879.2814950006095,14448.207125192803,3387.7367698888165,6203.806653506734
11555,70.90121157425908,16997.031081946407,15.208681056397506,104.98596330442284
11560,185.35331537159934,14690.150282927689,65.57310371336247,911.2601986211328
11561,76.68520674921326,14307.361957344467,26.492586151684403,293.4854102855895
11562,23.233546379949658,2357.6175334664895,7.840754888336418,41.43162469787923
11563,226.0202773106869,6008.000368177221,31.274304247698343,202.49312134599157
11564,224.53849237849158,2557.965730699525,110.65397539479746,159.44109493198735
11565,83.69940229556899,16223.266710838509,77.06577898898314,12321.76765084575
11567,16.83483541347047,20.865450963911652,17.03288141470736,19.108133133207833
11568,63781363.00000017,63781363.000000484,28.23147314770152,48.96669035665992
11569,29.320089566993797,19266.35909306469,4.853879565101127,129.39780937828093
11571,283.95680982723576,12857.54828981309,53.0279205929494,223.51486155621257
11572,203.9336054054012,6091.398821565849,162.52915382472926,4518.190728268734
11574,122.91574416327657,73956.03293960328,123.16664920610587,63039.689805199174
11577,63.47440139466773,2735.5993922625335,22.375141035130692,88.35709826706078
11578,455.6625496721335,6479.111101944593,692.5981812253513,950.2743451342
11580,103.87713276921062,14769.581972633927,118.51173482841021,2686.5595378820753
11581,431.5771572672514,25755.52000967055,431.35768069874274,25739.45162533203
11582,177.95758730079726,13060.108943750589,141.43404589009072,9519.413837989672
11583,49.04304780758567,2784.1257032784247,99.51973513377101,369.86911686947303
11584,16.432044917420946,4378.567884023169,63781360.91367142,63781360.91368048
11585,46.49119865805258,28522.7238604432,8.575217101049692,457.6895008919286
11587,1037.3013329462913,28411.573485573874,352.3891287937371,443.7436788380569
11589,420.3341091457482,118348.83398043433,421.11643142821544,116932.73844657517
11590,507763.1376640844,3280920.8832715154,506582.9379843293,3285930.0405785837
11591,73.74918851367953,1444.4415682527801,31.10643448424822,111.68886974763433
11593,265.0372215026596,20630.340031263087,77.0772308326987,164.95737948195298
11594,389.64405256130397,63124.556071939136,55.385759926957164,23284.511813485744
11595,149.47122016056755,8879.991667162643,139.5073514593287,9078.338693247402
11596,185.2444956415203,23600.27946241699,185.045990957228,23016.06720826091
11597,261.1477744106238,12514.632362824723,176.82963016962955,2480.6041913586023
11599,170.85407630202783,4429.776628130866,21.05236679187715,156.4611453258706
11600,720.9157098337773,27273.687022843023,54.29885499472575,244.34028701711256
11602,3839.3914091137785,448533.1493958464,4054.6115705384286,448479.43284318753
11604,63.87474978103198,371.0714990368656,20.52208420165243,48.91269548413338
11605,392.1097730149018,22490.881469982603,383.65669690588487,21672.816984539822
11606,96.6203713627267,10027.458735764796,11.693251390310122,57.32599327194966
11610,143.29388214581036,7034.646579911004,134.89321422735978,5852.202491441733
11613,63781363.00000038,63781363.00125073,5.386171844654322,27.59713684693597
11615,73.51883638464695,3124.3439332758494,34.82386280231712,789.2552532794928
11616,111.81864967225223,3077.4227077560145,12.088468394218966,38.10654501819931
11617,179.09932703829534,71994.49688684237,7.146482270779123,557.8433416018346
11619,62.92653047651653,9552.775387070238,46.62941815522132,7330.096724844088
11622,50.83351934350454,4227.470618048652,24.893170139540075,563.724353793931
11623,538.9357861763857,36663.213322368254,20.413774854148397,548.7007476958989
11624,21.850259027966988,461.712181442036,6.994783373839877,31.21312988061283
11625,42.970025274567725,6226.529856373901,8.000231505582047,70.79270653257358
11627,34.68264860919242,2123.1799977665873,9.679297826241715,41.87879819107013
11628,24.46096655115679,993.8127290789542,11.360036897708722,257.0423960157753
11629,642.2188526438545,4283.246609476322,654.3663457643295,4342.115531735751
11631,17.53204557413665,267.975922397929,5.37159779903833,9.459589416929012
11632,414.24323265030705,4149.345756071867,12.263341136414892,72.73340541731127
11633,63781360.91367894,63781361.3428292,5.5788109424266645,43.341596202966905
11634,18.123575564766735,381.1046693519169,6.788995005221097,7.559412109896978
11636,63781363.00037637,63781700.250893064,210.99626424484467,212999.64576946673
11637,146.52413040849152,5973.167608898849,77.45577735759323,773.16595394178
11638,63781363.000000045,63781363.000000164,3.8041268312267205,4.466557782956258
11639,32.592011426693695,155.6429286728585,28.512875206618325,73.72002196203778
11646,74.08972478506621,7605.383884605809,76.96472109978957,1236.4063737322908
11648,514.509046701756,6956.19429398451,303.667224144822,1017.9594279605056
11649,41.98278456425932,19661.72123041015,24.03209211573733,7077.468756725271
11650,18.387008239468393,9935.965732304994,63781360.91367141,63781360.91367612
11651,63781360.91367137,63781360.9136723,8.016961265720242,29.5103450777779
11654,79.08333668337401,4362.330745383135,89.81304837351533,286.0704828429318
11655,1901.4640080988872,91042.00827238741,329.47711221798795,4028.690154116065
11657,174.34808068529009,8237.359796478044,6.531229928266917,56.750514057847624
11658,319.04683862218474,70672.31373683573,95.11371627376374,34787.96365548553
11659,51.37671967063779,27952.420557790592,25.019756254416272,5361.030248484113
11660,63781363.000001624,63781363.00040781,4.902553669132322,5.03086650354879
11661,14.017865411893144,287.04239011360863,15.200766251463799,15.453116476946365
11662,58.3064767571787,766.100183150512,18.586540150871492,29.4646333099164
11664,49.92755087318524,26440.154999376966,7.4398881073876275,322.5109739188318
11665,77.59177218359622,6295.030821770514,60.59953523711504,308.2339031320143
11666,12.478161880310672,44.1381523173418,4.9674836895528225,6.296130379979792
11667,25.286766724508357,66277.30672549308,38.80614848926999,1543.3879378254628
11668,22.937186906579605,10179.404116281634,63781360.91367142,63781360.91368697
11669,53.13475754296552,5540.688597154166,32.99511062705833,93.6380064289693
11670,126.42561021654045,4094.2286451798536,22.776056488217908,45.978936837727574
11671,258.9796590521478,37096.92611659169,245.1705898649493,20972.137457074943
11673,63781363.00000013,63781363.00004197,63781363.0000001,63781363.00000338
11674,192.4076992182906,14299.182712864616,79.84414444255664,492.99853345635154
11675,81.93422032352159,4665.646761499827,83.95419707381461,412.1341792460126
11676,254.2683393964329,21673.133271245344,253.97587426133134,22626.235299800715
11677,37.93593451668246,8156.562188450068,17.088731676885228,686.0905909535119
11678,54.77982983135064,28620.428878226634,7.475195557123708,184.09168967450728
11679,449.77847882972037,26005.99482627276,70.80551659694945,549.9307953512161
11680,8.266957481797366,138.5988899909304,7.100476939685983,47.751564788216506
11681,63781360.91367283,63781361.25726655,63781360.91367148,63781360.91381185
11682,81.49802820167139,19379.75563667042,78.9413781989229,19233.049081343568
11683,8.933612922072973,5541.0142193484735,4.157865088544148,12.629017637936698
11685,63781360.91367908,63781361.36070645,5.725271630602306,48.688741589753626
11686,133.92246364274482,2529.2986438099365,36.61020605395862,99.64139468557701
11687,67.19515809070023,9523.27587030867,16.5878641891128,59.61701773968085
11688,52.465973724749034,3674.614506783081,14.504115767706507,149.66527428454944
11690,198.69031756857413,25602.417539815873,41.83688878344319,175.5324457878645
11692,130.9324181991768,2049.3378890727067,125.05797584702309,1969.4400493470525
11696,197.27021398993708,9230.122304955084,82.2075529784344,234.23443226404956
11698,32.725590753919654,207.66089009546124,32.716729555388966,207.6584417111484
11699,129.37708531520673,75751.21011006393,22.600500629950474,199.9487934699223
11700,49.59401868204224,31168.60994499802,50.13723800220321,30629.175875089957
11702,18.525659444053737,255.13600865615768,63781363.000000775,63781363.00016916
11703,107.18545288881441,18887.43150613597,45.82956093354351,178.91803188655902
11704,167.16657322104913,13612.98744408716,75.113201607964,5795.251828227942
11706,36.27607545516479,9076.622996156799,15.317118714722145,132.42665477423017
11707,63781363.000000045,63781363.00000022,3.705751172780636,5.900751209985642
11708,57.546407599411424,2796.487019431594,45.51904561321909,116.3419011291389
11709,15.765373453527953,1154.064689366236,6.551762673399142,36.06206046887099
11710,443.2824998572024,6466.963406986172,82.94989260200377,131.02949740131888
11712,98.62785768973217,1975.7722795240181,60.02125229470653,151.46069876951202
11713,15.612500057768717,6161.205316091499,63781360.91367145,63781360.913886294
11714,88.00929482118408,9463.992085908392,15.715272682060835,142.01768405696077
11716,28.60495306410062,3442.3215190607775,6.623265270766554,21.80830599309888
11717,16.0621573714746,2491.3174999868684,3.7849432930443636,15.945434644559134
11718,262.89755660656425,4576.309199128355,10.436716789397982,32.79664989412129
11719,109.16146481329218,2391.075575794318,140.87675764382345,256.70725836918484
11720,204.75785491239887,18866.876275139297,62.15860059828208,251.20295662631298
11722,176.8393723863327,8316.474262114843,93.36682573693878,3136.1519865462437
11724,742.0136041527867,298032.8419322112,352.10582497417954,26541.427492864732
11729,279.27601471809146,75040.48663750502,295.56501810377944,70512.71346939978
11732,43.2368098071888,11382.572221448163,31.03873330539135,5950.049479264019
11734,215.01772243739904,9149.014713570896,128.41379302689273,1391.6806591060397
11737,25.65410421291753,7971.911889024325,8.241545360009846,745.2873732843434
11739,259.484880045799,9192.923755633703,29.587609790206,91.64262337175775
11740,136.89188240146729,1832.1159198560986,34.52194702748253,217.66178353837867
11741,175.69555942243454,16492.893223882817,159.34522471983993,15356.188599640289
11742,66.97857168348368,6986.792802958335,58.54829458411376,173.67896174035462
11743,408.52860652526533,27341.12193992988,277.44125975721306,15096.835183321185
11744,324.6823926004055,11317.906784588557,73.02758314082,329.91052826476084
11748,84.78812975319946,4810.754592849794,14.502551821574077,197.64306814748116
11749,53.342567498553,33795.35939297412,12.751852235690194,1989.3124767829847
11750,70.26559885414567,11455.5710686872,9.548103036434838,29.115890604026198
11752,4231.7137673615025,30487.627244399024,4215.240831416602,30414.788299451666
11753,90.34335565675701,16137.94018502888,204.1920668648252,4654.057468164254
11754,52.05584961864435,6322.175950137079,27.417865480509967,266.95832235609254
11755,25.764344754865412,265.5802009128538,19.758664649673197,30.567370115156137
11756,420.6841131403371,23377.26950154006,36.5279732424264,364.8895621541977
11758,75.44523015274783,2903.1021085297266,73.88080315353392,2741.7891017240386
11759,15.813175261464457,10053.586390466246,8.951159177413887,49.89813676130721
11760,44.27529347625019,2510.751889315386,30.701100895866823,199.11565084679475
11761,14.085235133290915,4480.087317262109,63781360.91367142,63781360.91367432
11763,609.7935390423303,6123.893856469912,36.247239406315714,380.88749738794985
11764,79.11537146365194,5852.0428322253865,5.199767538632995,13.799649993629489
11765,21.87222771541578,335.64707220989703,10.866912952215039,45.41883137161361
11767,67.68465863842438,198.88425485294422,9.818182792036076,10.615051884750555
11769,75.6700013004877,4628.7200100100545,139.85813353880098,377.467000173357
11770,20650.19431672739,77006.88647657745,20536.43929420856,76616.62299199685
11772,47.570632014631734,2238.347014756134,8.477728074961094,13.779863128116183
11773,14.313569854466612,4770.028915017219,63781360.913671404,63781360.91367908
11774,61.54437928381639,2996.7090927530326,88.79454374714,896.9552530421423
11775,63781360.91367153,63781360.91500172,4.865712716907791,16.384028872540906
11778,3641.833920138608,122024.27560987475,3645.0497790272866,122195.29542233313
11779,42.97971969441596,5385.684082571477,8.91918664789849,26.987802881015533
11780,83.0566056311005,15881.924518838661,169.10918875284545,327.28208098105864
11781,76.71438440796813,21824.677460232706,76.4847507310577,21339.487352355438
11786,73.26911092417124,18472.869701160755,14.583341705998775,65.90161016575287
11787,16.17108143447604,4838.496502201487,16.408407344128328,1089.4712358314157
11789,274.22439835079496,56411.04160147458,199.5390836738155,33247.66195949137
11790,289.9935558746097,7481.472861576274,418.8674338241684,801.1628257639345
11792,686.7159799127916,1866.7783351102237,131.67204987425524,426.4168128752824
11793,195.68338784853827,26164.788507728277,43.407869980292816,1298.9737982889021
11794,272.7435859217161,45303.169714644755,32.32270812206105,145.7235276710344
11795,63781363.00005314,63781375.681448504,195.42994577042228,949.1182107888479
11797,44.03800226648083,3274.2129909758005,19.771348894592684,130.87666318442464
11798,57.785132575358844,4527.42067494108,48.32143228842922,103.96406258930391
11799,15.917547782946693,3498.0124779485777,12.517414545373395,153.64431054030976
11802,68147.16453052132,235347.08351033618,67726.49246418988,234301.837997895
11803,14.171633470113656,4624.2002408622,63781360.91367142,63781360.91367617
11804,64.26997063781694,4253.227810503156,22.6468739825397,288.2820014885073
11805,215.44893648723433,9100.2271325838,68.81638735823398,570.6025847502281
11807,58.90303966623047,3723.6159984167207,69.38491797692576,435.52751800990217
11808,234.3008756346678,17075.0720555846,102.23370045101655,1191.0958722777427
11809,63781360.913672194,63781360.91378726,63781360.9136723,63781360.91382058
11810,41.762330824846856,1850.0625702841007,14.07529664955929,59.497896386421274
11813,101.82157974669637,36136.744327984,43.81389930503824,143.4295534336657
11814,17.542723159372205,533.2945369905998,15.32042578781433,83.68076364917968
11819,177.010223967842,6089.4869531348195,217.57547260109638,1986.369850511328
11820,32.32238689101416,2912.7919695269225,28.326274241939643,2393.3829301114183
11821,376.9410165813277,45109.3532784059,248.23262282880822,13258.772961221985
11823,3851.5973675029095,19207.612814195883,3783.500671613016,18645.904525263053
11824,44.672286732827985,6817.746695032844,44.6191809742574,887.2082304317661
11826,79.13059965523567,13621.12386341593,21.853028495595805,444.87304885704793
11827,624.7833270007354,22753.72119744212,269.034636540871,7136.728922683153
11829,67.39770393529399,7393.820497067628,26.575034053009535,86.38019940332383
11830,75.29385307164463,6652.9591434996255,56.754583361121604,234.34531911871753
11831,63781363.00000014,63781363.000000216,63781363.000000075,63781363.000000075
11833,165.6856327602234,9471.358247256427,186.50787626123378,1055.7581154152856
11834,294.6477434950972,157124.6883143319,375.67855805385096,76428.59791545919
11835,49.09709246553197,2888.470766352918,29.0223540688407,55.205931840184036
11836,44.98078562430181,6737.772502624436,19.648043116778382,153.21882082740973
11838,49.875817558997106,1316.1599767809143,13.736927276788277,45.34717922493983
11840,135.80800901243245,11759.607155442689,16.632446407228482,56.71746533112744
11843,204.85473455050922,12525.265226321892,67.041196448968,322.76695817664313
11845,38.083841456788804,2413.2031747163132,14.098672082143862,36.51733072460768
11846,298.6489438366954,20631.76380538202,69.8645364768239,1007.4095583112701
11847,153.31218811574044,38492.89653239489,153.12546232533614,29399.57626396104
11848,1642.0426153784103,8862.804022511766,51.509727063930896,97.93674530862118
11852,93.80808123105696,1356.9277895868545,34.4305226006792,80.84564342714089
11853,47.58049913633763,24260.029820658616,6.538244620088526,160.36970532088355
11854,26.075805593415787,6898.418415382731,18.877744274843838,2183.0865777988465
11858,63781360.91367148,63781360.91367315,2.5910163587921335,3.821300211973102
11860,101.28630794492152,6484.503543135281,67.42062441564465,343.0822538705687
11862,846.0353108832431,33355.08578000718,846.7223759834071,34618.08152182471
11863,73.25385442334444,2292.0376507794012,15.710145140846649,102.9907718773026
11865,49.54752286124465,4300.803296225729,12.671812568835323,53.852000879767246
11867,299.3483890529831,2290.512685401959,205.5827991345227,1001.3346377381816
11868,55.32355713370144,6843.864943943136,25.697343325945326,206.6013744301879
11869,13.992612019872789,297.92561710674204,13.44970241248006,21.61105115933776
11872,47.26102943277016,531.7118762743519,35.66246912065801,38.969444372864096
11873,40.00008550424728,19145.280755627806,7.379112825112906,199.0702529142167
11874,63781363.00000005,63781363.0000645,63781363.000000015,63781363.000000134
11876,694.5784655806929,906.2239750033498,687.915965926143,906.1805568822907
11878,30.256604870384088,2405.752070728831,14.01315749603197,1132.487657280695
11879,40.13833844369649,7510.073037778296,62.44598838883227,395.73486008477727
11880,457.61127963290414,14397.803372967532,390.1998750913231,5841.292422304084
11882,29.112178508005574,5292.694333757588,5.76347253831151,42.795774333631584
11886,42.79694374721286,20418.115449103643,24.69249502309008,7511.244671497481
11887,367.990068906765,6423.406959018651,144.3380416769522,622.2991677424042
11888,54.18740089843713,6477.614042537005,16.69402042394419,117.99702332996306
11891,210.77382734070534,7320.646732966042,72.6156035457543,169.07507410554896
11892,377.3358392646436,7794.397509132827,391.17834379077124,630.0259198119686
11898,183.90948082572788,111643.05104795065,42.559389034335474,2032.6833099145208
11899,84.45072026241607,3527.2090864427814,29.238898310192653,983.1559978001301
11900,199.9759464609926,40072.84970628879,54.42013798598718,2798.4177192231923
11901,18.361003099938543,1728.9386780749237,8.892797103498744,189.52751795303695
11902,104.06170809788607,7694.106306921704,79.04854845673815,4629.239535637114
11903,63781360.913671404,63781360.913672104,63781360.91367135,63781360.91367136
11904,47.95122376706857,10794.444808903367,47.32701704728745,10598.235714718601
11905,526.9714060975139,135830.51452083804,466.25906730902517,113949.31560911224
11908,63781360.913672894,63781360.91477203,63781360.91367148,63781360.91367164
11909,427.10272306521256,100410.64391365237,20.884878000918544,442.5078240753473
11912,801.5172246521781,19219.628204525685,1256.570650484183,5964.815675946036
11914,63781363.00052549,63781409.75894082,32.84476128250694,1123.5652873442946
11916,63781360.91367277,63781361.23248228,63781360.91367146,63781360.913757265
11918,96.94209056828628,5573.192822654941,226.5049085958375,1895.7471728199885
11919,105.74951112989677,3652.4712761356423,84.32997380208077,1189.1685114169716
11920,107.70891053571795,7537.257633338772,107.31866091701592,6220.00916954615
11923,1305.9139512709464,8030.273225893116,1305.9124025355927,8030.27442970853
11924,3.863578437068769,333.56733796373,4.789642302690612,17.49548959261195
11925,431.6710113929832,107659.09185976331,228.83432469972274,20822.926795774507
11926,99.47899104334577,21711.32470771184,29.76865927595997,102.65848997672639
11927,1175.2272988568461,143014.8763828758,961.8527442986612,1706.161041754111
11928,11.485504556488396,73.8986457511424,3.5506137701161897,3.7303896161900507
11930,15.946230914832997,633.545385291114,12.945529988162,128.0563869199086
11932,75.47422784041268,7722.089970626097,27.361271415337452,96.3626163295727
11933,484.2314789645619,2469.2871603876924,39.13669937824614,363.84875090762415
11934,127.61907576992633,6316.434275694385,24.541661692039686,59.28024953124119
11935,66.54942597996748,3231.0961408192456,12.291623209246282,105.34924092390455
11936,43.369852016395434,12023.964204552696,28.810478824211497,5356.29070292411
11937,97.43328179884358,4241.7999742224065,19.11193288942219,137.7910632517645
11938,168.67188658416427,6758.620709100804,94.90356286008226,3720.7411201222503
11941,98.8003126673587,12856.707893631037,105.10289818266207,8247.032508064776
11942,271.335911710716,9909.003104270705,19.849918383913312,24.889260442042378
11943,53.801793465350954,2986.2950193296015,53.391562591653376,115.8935556182138
11944,203.82130809354547,11357.776970276249,27.582155590959438,152.1050531866367
11947,137.3515366344697,4119.659587838107,137.37754014020507,4115.969706784731
11948,73.70818032682436,7102.471223951398,29.312183220993617,96.03316380346507
11950,29.215638973437475,3648.8908082030302,10.432826874822478,60.01709749159737
11951,63781363.00000069,63781363.00017845,63781363.000000685,63781363.00016535
11954,57.98167202364457,129.1997976576655,19.468869648788445,33.72260757463468
11955,331.5674255149252,30752.649555776734,65.19326743738397,6839.668142641483
11956,23.611221729733547,722.9116851228781,13.762900221497727,69.31159271476648
11959,2593.245395405991,84723.46412579717,125.61250588735965,3293.3743173061753
11960,127.06394012219862,2555.1565886903663,58.870229692952265,118.64357545471077
11961,58.47741278946051,11855.409253571213,37.72014674917638,6006.855414189478
11962,21.839278543997292,5114.913280845708,21.794034678652633,62.34329710712279
11963,273.02371248766417,1476.8338989480046,100.19576684688073,144.29129818005202
11964,101.40716008777184,3760.49384376588,44.403290239289916,335.63506121862196
11966,319.1437916632389,382287.74701671844,349.8381961429396,104568.01492249471
11967,24.294735843026455,2509.8989105969313,72.86916207291657,887.8540241795259
11968,54.10562314911037,2015.1915406785595,16.759178172538757,99.56808392398995
11969,194.34747020246306,3917.5666799688256,4.752910629295548,15.602817816725759
11970,100.6594307396922,9284.238892620167,13.057624882854828,54.44722284188487
11971,5.1110399293970215,90.08764096053586,63781360.913671404,63781360.91367143
11972,207.90162076790014,7196.014484356861,77.59592496623915,2817.2793533136432
11973,175.07371029138352,49589.0016364865,67.56752278859395,112.20406953474287
11979,865.0974719709196,355405.82017559884,804.3109664617486,310622.0548418842
11980,157.51888921099248,57757.754129716755,165.71621160986862,59056.777731848226
11981,40.22325121196793,1605.5732172846876,46.26227265644212,87.49728172449089
11982,63781360.913671404,63781360.91443033,6.702296166370645,1477.9084042390102
11983,1801.2495362259517,45038.96638584378,24.36126051287984,32.90174401250989
11985,43.8146952616582,21976.434689106714,25.828641302467933,8416.521049784646
11989,442.59930899135264,31550.71367358926,281.49775349993973,15122.612426583102
11990,18442.859922176962,132153.18194476273,18450.674409326846,132002.84289866977
11991,266.45717743031173,11503.698245871083,266.54257781159225,11514.525425762791
11994,205.18063796385462,12123.695910182709,126.36510699182271,7864.20397629674
11995,97.36173558958383,25090.953837793055,116.81424526168264,457.4016023961095
11996,47.05003624586751,1963.738758185275,17.031717121307196,54.89448386423679
11998,45.38648254416601,764.4552786693545,8.916298584751033,15.808835217054991
12000,83.53319337788173,24830.2758438202,56.686599707050256,13585.201450212755
12001,40.85349996394597,1234.0776728216974,15.234434263574588,37.25658490833652
12003,64.11641226187056,2697.757793034191,10.934036352596213,23.037881142678565
12004,1951.8903889700682,347941.60272196465,203.5615042456956,5882.119105768971
12006,35.49039272418196,342.83209255772493,15.451742343333843,23.10636417136907
12007,63781363.00000042,63781363.000644535,63781363.00000034,63781363.0004585
12008,71.45466728236707,1339.8279054196867,273.7060399314043,274.9671646405212
12009,151.0087270759222,5964.136236541481,47.04256773834666,979.5550559334853
12014,735.7668970805056,1339.3026616315565,735.759914983877,1320.1094034653934
12015,44.32555343221972,14119.373042991418,8.73996688770439,199.81323510768803
12018,122.65952990501752,2932.5107944993256,60.81158646851529,1006.0821066386668
12019,66.58408183806142,1059.4973794634268,31.20467825722044,39.77529651313503
12021,900.114660488618,115693.53488013819,125.89617372779493,8079.220839232959
12022,123.81442238049722,16337.318036764678,123.88054747257122,774.2402962693088
12023,90200465.6307272,90200465.6307272,63781360.91367153,63781360.91381195
12024,74.40042641134843,7837.237798566073,12.812566464550551,88.17435577342448
12026,47.56162207352363,509.5890553967749,32.371512056351825,47.59622302269229
12027,292.36621937386616,2790.12064690609,32.28056203756814,68.72027491636503
12028,63781363.00000017,63781363.000214525,63781363.000000075,63781363.00000254
12029,161.68781143427165,31656.67852226422,124.48488519260587,690.4700531600122
12031,11.532889769367827,137.89296196529082,13.634575537583375,110.47616992466226
12032,193.4349039557979,3898.398079312132,194.8987941838526,3901.339950654091
12033,13.955853322720913,571.3760328632271,4.854235885739903,7.7470658422498735
12034,57.305797792707935,4412.602687325777,41.704941391783095,315.230040147582
12035,63781363.000037365,63781363.12902862,34.74089136400893,368.03355901255856
12036,131.16934149463444,41807.69643476747,13.073060488103522,83.36044122027981
12037,146.47196854302996,3907.446568396419,34.0403666892049,805.8552226885098
12038,47.62824432757468,25123.463478468046,6.8558611185476295,215.63484753858484
12039,58.6047056087624,3136.8954658088805,46.39424849755403,191.20925757244652
12041,213.1725646613164,28428.92128383409,70.79841648692407,5209.783726563725
12043,132.35000537686787,8568.815980092091,60.58991962423247,2525.414232872382
12047,135.27559195372785,10741.45909165999,134.00130539532097,6110.540477869146
12048,845.4319094221727,5136.67570931293,594.8688135487165,932.8390845239057
12051,29.591108714775192,389.0402092365993,19.200952564928365,47.43487787493672
12052,56.739994597687364,4249.226733569046,40.826376639873544,278.12352924979245
12056,995.9511434064653,9320.789520649523,691.6926211738293,2511.0763970624166
12057,63781363.00000014,63781363.00012241,2.8915354657300663,20.401662912913892
12059,447.8092947988482,22857.099094748923,109.26680599214333,246.3273934552481
12060,25.922808463005886,5299.062676066641,16.943317312483313,111.20276544614931
12061,644.7991875205014,17602.64369154265,281.3192658712088,6811.1007308565195
12062,292.42989965263735,3372.0607843322514,69.07487892109566,126.78277648506887
12064,40.54863689306852,792.8607641584788,33.287699371834854,563.4446852565392
12065,63781363.0000002,63781363.00000165,5.740118252600947,14.195632231920046
12066,51.36512020604072,26374.609765577323,30.568442091666505,8927.04082856203
12067,515.7330378286115,29676.100748536915,515.7336560279505,29381.88437353531
12069,35.86440796766088,161.62844311703446,35.821303916863314,166.2088926043179
12070,53.86541842504046,33216.61573508019,12.471182504694236,1863.4715230949794
12075,14.93073374317986,5218.0162879847085,63781360.913671434,63781360.913699895
12077,34.92652924737908,14510.1691199678,5.645166770668715,68.01939452031313
12080,63781363.00000019,63781363.00035213,2.5947125484147766,9.037500132110605
12081,80.86908542137799,2458.684793483268,61.26912543111157,301.9270599217605
12082,1103.6256943304973,19557.842487847618,1426.6649347226978,34926.58838650455
12083,51.487527047219196,14273.144945356027,8.684353721362417,64.03226589017821
12084,385.6898498267105,9067.641511974518,374.3190961194429,3166.494586368793
12085,85.32365064498742,5159.034233484588,40.56887435300913,313.48667067990476
12088,241.89271240574044,5914.220716974011,35.37902094146512,66.44566176387478
12089,1032.524038073973,28632.168401200353,353.0491113864646,437.19609832475834
12090,63781363.00112424,63781387.86953304,83.3863556869554,616.9238395083721
12093,26.996829792563886,4257.8200003712755,15.583303958231319,180.74759377680303
12094,168.59625312300352,8297.47350230064,104.85332609251894,4674.593161046244
12097,15.091028272954832,816.8228268920616,4.389902900015269,22.352118530322944
12099,54.18610180628483,3415.741635586553,16.27155324071773,78.1817307500578
12101,208.2245319122666,1284.9291485330757,61.22786414810645,106.329752388235
12103,63781360.91367246,63781360.91393258,63781360.91367157,63781360.913671605
12104,2937.503419248926,27301.599856953144,2941.556196815557,27344.55360856509
12105,20.059953564144525,725.4167568295563,7.546957761829458,15.45234471396009
12107,78.9475941208982,7607.641685233415,50.38022213436051,1776.832847439219
12109,58.58266256085082,1764.4903460650328,131.12480464400045,322.0967634553824
12110,223.73097464485105,21515.6488002947,229.22845794885174,22506.27300775597
12111,83.53132481151789,33730.94870837517,83.01960807720742,33615.73932127431
12112,183.81978152382933,10425.904402434231,183.871751976766,11208.106443042174
12115,52.214501093765875,2655.05648708282,16.598553589338387,42.64120970353523
12117,488.3725089348857,33379.954234156656,84.77932330965334,626.168712567346
12118,63781360.913672276,63781360.9898984,63781360.913671546,63781360.91475174
12119,13.246341034242056,232.43299424223596,15.473708025775107,2598.6079525586442
12120,48.55204602945948,8260.338461644838,18.583404144498875,74.08246556302689
12121,51.688802022623534,25324.78217597054,13.070612184292232,1092.1343942696926
12123,246.334163357201,8018.480272463632,37.36514292769622,330.5545212286977
12124,184.3717097710842,72574.15591437723,7.519904785853808,575.7023943809612
12125,249.3454542223007,6031.143881170899,57.13371483976334,280.15400156744494
12127,37.29108392955691,334.9360939291411,64.05968933067149,94.00603561336187
12128,22.39234022924361,218.07499628900948,9.054202048739844,9.344036198281715
12131,34.5631242397685,7747.826719497964,12.742347961171149,27.653305559533433
12135,129.04268403870702,41906.024350023996,126.53510963691193,37152.45922928715
12136,331.42522738218315,2356.985226204824,13.838716527666895,22.193872534185974
12137,267.71803742459775,3551.880063260489,84.17674890706816,328.932617992458
12138,30.94455867039352,285.1020329978952,41.23503205811488,43.354864009160266
12139,121.28680088952464,2869.8265503632,37.97140305165827,149.0954350156522
12140,63781360.9136728,63781360.914867595,63781360.91367137,63781360.91367164
12143,400.0051534481161,1761.9084309661505,400.4143448755399,1774.9780998275942
12145,103.101825365431,2286.8699264373267,20.48737841364209,54.205590832635934
12148,514.1502755538977,11411.624114518718,518.7969672644773,11502.358057594802
12149,40.2913374283708,8017.100977372427,37.2764381931895,347.32688487897184
12150,165.90511551586957,6206.865095530613,71.30088863037841,255.3720839733431
12151,567.8783844179997,1069.268433306186,236.29897486541608,413.9826657828831
12154,150.6191250404119,6861.624336732234,143.44668400718987,446.805891484376
12155,34.249519348804256,5512.312358682635,48.01622270676421,487.49677251597853
12156,29.518640872824214,261.3872758854953,32.873826048215555,132.23980197378432
12157,14.522909683407686,742.8987177171384,7.713640135333775,71.18761717725515
12158,162.2756039560249,6594.4717099835225,158.4469481384086,193.921426226316
12159,719.2950579973846,238774.17525402308,157.96181690685248,39535.983479743176
12160,23.41252378775195,10984.277448401182,63781360.91367142,63781360.91372561
12162,1940.136658020061,1124273.4363278886,1874.2910240241456,1118632.9814313394
12163,38.37087418544242,887.0721127923623,37.29618489426926,808.6536870295907
12164,784.7501368277312,140844.1427840532,401.0707267689279,56020.51375159333
12168,165.59458521014776,46795.24616450881,173.65204273746832,50554.548473443916
12170,74.06673580260768,5229.228599348949,28.73287465901567,113.18504052881447
12171,310.85120536426336,7155.358677550665,163.83890329732134,3416.3857412788702
12176,34.16014121681808,1163.8678897361951,20.859761998997673,217.48427383540002
12177,68.23253053852682,6910.279999905112,16.218764477345804,933.2410230919121
12180,336.3318406243186,57776.20972388923,18.552811172703485,177.89109010974983
12181,91.67476962424271,1755.3099076174537,35.68750592449709,214.25366797250467
12183,761.7487805163256,66111.31488637572,761.3706164152345,65984.49154838703
12184,562.1038125086116,4859.408552933522,86.163570583514,319.02919930343853
12185,219.37744948875067,3168.9355177814246,101.89999568253388,329.8546476465293
12186,136.29126079217525,24576.958807573017,77.15417186565598,12383.495854850655
12187,582.1677941575724,485729.8945171896,725.8531112600588,151077.2578671766
12188,59.43163333986001,899.328474886606,14.141200681467808,28.7295981691749
12189,115.253862306913,6959.944637712656,49.258812524807134,286.4876903065662
12190,76.47850906290489,1544.7203480409328,76.45167839924132,1536.7879682476273
12191,238.8661551140129,2471.8800912127545,73.52941062423653,171.33717534794806
12194,99.45131867170088,28315.314710410592,98.16667554044477,28931.263165033324
12195,262.5454519872185,6054.391888386572,138.45599832865574,163.59614959633416
12196,781.676139293873,37871.34772173842,44.61063377539157,179.8216481848255
12197,243.3286421434108,5319.600902533331,121.73398999988979,1418.5730561249904
12198,11.625568503648086,398.1287419128231,5.810956376062907,22.25326503360557
12200,705.3456213711493,7695.884420470007,725.0451526770394,7857.367889675152
12203,63781360.913672514,63781360.9493936,7.045429014411096,71.91169805625624
12205,30.746215264565908,923.0673604764056,20.93636245099194,286.38956827993127
12207,47.40348071175345,23833.993469043897,6.400366460397024,137.50933663811563
12210,63781360.913671836,63781360.91398831,63781360.91367161,63781360.91367166
12211,43.59821635845121,1851.5824073350714,72.7191182378911,183.0345135217056
12213,254.26135146065667,28020.155222735244,33.99169623599178,214.59086421744368
12215,177.88323818369452,3456.3259958665226,29.527108511398826,304.6919828516173
12218,88.80594389379681,32647.3770296479,88.75443987150771,32647.471673937704
12220,24.392991298791518,362.2499114718976,8.385841963997194,13.305313210131676
12221,350.17538428412985,109231.42529056416,81.6688158056153,339.8135168175933
12222,44.53079875458384,1193.073857578987,11.764291894386147,66.3736686939306
12223,132.2176679568587,4613.629184306894,5.259874923220952,13.31458614038367
12225,1456.971218465268,11140.470107512323,46.20490141073825,92.95444607416947
12226,320.4450535150627,86130.03070658993,320.0424055005967,85161.47110614454
12227,139.55875647488278,35647.53431456429,100.83589272605239,226.40546085894044
12228,53.5943733690161,3161.5044607553023,27.769428813761127,33.3450891683787
12229,800.6281387395572,17443.064485922736,729.7881143034205,14380.775980791825
12230,1601.7717051019106,15150.721045837601,39.0393827866039,232.94925129428705
12231,15919.264061505619,80551.81345036603,7630.732519524945,38560.58903200338
12233,136.65554831458425,3940.6117994181923,48.89944140549394,49.22038544401658
12234,53.86652025498444,7972.58378358055,59.75419470914958,785.7540173325104
12235,11.506278837161506,74.32153400628115,2.8876104692652635,3.08791641202754
12237,150.93034257906763,30514.357959561727,80.62877791743949,14953.37441887988
12238,120.30313718184199,6668.3489498743775,90.73128591156097,4385.139106177196
12243,76.28298612908469,2663.618050744904,31.002436194491576,32.979809207894824
12244,92.26046625595696,1816.7620078487705,14.89233875172563,77.34931638237147
12246,45.84650776252968,23185.08358771476,27.200250641730335,9130.266825070967
12247,8.642651722322604,25.07314973757997,5.550722582921054,15.79661384177997
12249,266.20827896769094,5827.148444889739,263.4294398348693,5805.322199614751
12250,840.5081223293254,1364.7330001494527,836.9794809707531,1505.178003418812
12252,53.4765050157972,30551.9470582859,5.293073870281291,57.89036957791984
12253,54.77899822557502,30061.14119657786,5.2316706111031275,52.27325592455855
12254,100.22350820216485,1665.2009932698666,22.326926118698154,108.0718022582222
12257,15.169915736727255,5681.804908505281,63781360.91367143,63781360.913757436
12258,64.54317877540956,1511.1259090960932,18.92695436124386,23.51083428205364
12259,1707.364128587238,12044.497035283503,29.116273713930024,50.17004535586149
12261,27.463489909941355,19021.24758049465,35.53245395102594,4368.183972167566
12263,113.40703107269408,9844.588613092912,136.28058207095282,325.729189091537
12264,49.46229621019472,4801.544598423567,33.969649068034734,471.7051682551816
12266,155.95509534851797,15023.906847944683,60.26434082990634,263.33669236101434
12267,63781360.913671434,63781360.913673185,63781360.913671345,63781360.913671345
12268,330.88906077749834,82601.5111918661,278.25261717444164,40027.76923703172
12269,79.81511156283939,10159.263096671471,17.234025223483073,451.29722965310935
12270,131.41162269153645,7185.894769944077,118.17117195190002,326.94957366899337
12272,485.7354868262987,2190.2806655549803,417.8093316208921,1077.325238371815
12273,73.8916540109614,40179.26847441898,77.66791582595137,42841.50085783203
12274,288.2622093692895,732.697425209153,265.3016789587978,567.7465153687991
12275,51.54959988614278,171.13179855390862,51.65686123409042,172.09336681619104
12276,10.885059323784628,77.35794696145082,63781360.91367136,63781360.913671374
12282,63781360.913671374,63781360.91462616,1.6380953146769501,15.405484626173685
12284,63781360.913674854,63781361.24755648,23.318285764632535,4974.950867431061
12286,179.9807822503651,70695.77873919666,6.999450976285083,519.4309215914054
12287,57.365304406747974,16131.83289894237,75.71962776674508,7881.230703475181
12288,19.454025357489748,655.2832384763357,15.639269277262022,35.2051137221888
12289,35.15658839141208,9466.35608780362,13.844956532477859,107.67223091670353
12290,49.230622698169746,5079.54203755855,35.59072264356307,912.2292096025893
12291,189.3000557953677,50396.810558065015,1041.532669304101,265370.00357191963
12293,64.26788910913872,14501.857618256487,35.98715786895429,245.63105925575326
12296,707.1433725113361,200267.54011285843,70.84718095564376,1294.109824693087
12298,393.97351155660346,912.9869459775016,44.89083990125418,73.1042953415966
12299,598.6821260496644,28046.280003949018,23.10722541030314,145.64317212387817
12300,269.8845320337492,50763.25894341267,165.50854359369836,22321.59651777136
12301,53.150705848030974,2178.3996998417388,48.17701832930499,71.83875739719976
12302,63781363.000001624,63781363.00187736,7.677180635507561,49.43336986376634
12303,61.70414026637084,7088.964659573668,167.72914947343864,635.0010115300582
12305,243.1318840055666,7673.805338423603,41.49203786881346,306.57305380090895
12306,17.500368298528088,714.0054999999619,6.857095628590131,10.866537502413065
12309,147.42566857563853,9115.172706468249,16.56508037967607,97.54401293229392
12310,202.25346355185903,51045.126577603674,156.19518276540575,29632.400590079036
12312,258.66552234419845,27660.539855523155,13.086252525956004,89.09792830384319
12313,170.6939610341619,6849.98047493459,520.7009571803309,1219.5591276037392
12314,38.32410453899154,7347.358905453088,41.019112663573466,255.61971850308532
12316,43.0498684231899,21581.214545277995,25.341674326955882,8185.331459195247
12319,32.74063361240001,8937.188938168474,7.368515217147665,27.214900302502457
12322,19.412244587018442,2699.168051317952,19.696879218058545,2042.3665138658105
12323,96.44176276650666,20386.337560474018,88.80959725677403,15166.883257579868
12324,72.37364455795651,6038.395328904401,30.82523119844248,142.4586514627464
12325,138.2862459046049,6971.651820726202,18.582775729190892,22.343542007619227
12326,205.270200548395,1771.73647480778,204.5349914966836,1776.7705200937542
12327,194.83613867493887,9107.389280821802,25.784298843546953,94.6946950923085
12328,23.595743727779727,1916.7939154682974,7.824377610720571,21.62972148710455
12329,14.45513033063784,121.88249247772761,13.367456902479823,31.56878106913579
12332,122.88639925636554,22273.28655773156,14.13846249741496,71.53721415165357
12333,34.09974800410687,8279.108381484868,10.09166866362717,71.52347083169298
12336,360.4593100151373,33534.61500316691,10.853972704789616,62.837949152719524
12337,151.4955950057528,3689.818040344771,29.674518445290293,103.80758092046726
12338,88.2117830005363,6510.940155805879,24.944921831282702,97.20136504095908
12340,64.76260148908091,118.19533107171927,50.90187490265723,84.16152722968636
12341,484.70377764139016,14450.418121120345,131.84469071249876,855.5814632521184
12342,21.579590912490993,2390.2292676369866,12.458160936832835,72.6543752232508
12343,14.24966001690369,1018.0970125643971,12.763469743311795,419.1806236828462
12344,125.06449836272328,2183.7422527685567,66.13890800519523,213.06995265412584
12345,22.6444523543349,892.0346728324009,22.834772349185478,920.9045115524798
12346,3478.3034718246,86498.32046446715,2316.3419286958065,46350.99813602704
12350,35.41770702367692,2899.1937678384106,23.44303962526356,2095.514944266469
12352,63781360.91445759,63781362.55745855,98.5640878629463,3155.738770270609
12354,12.903457912679297,125.9469816599219,14.936537970543961,17.512805490428928
12357,117.02832460838495,1292.1669670667345,12.02879266387413,39.307893600773895
12359,27.97313986497455,307.42942102276976,12.557445930497236,32.63571239645795
12360,249.81427014658368,1656.016276907961,13.894878259408431,28.11033551224227
12362,63781360.91367139,63781360.91422391,63781360.91367135,63781360.91372181
12363,2474.230813686782,31133.86880795037,20.479060420591818,64.61777117480865
12365,41.68513088631635,246.55932336566536,27.29114247250426,60.53548609970473
12366,45.56509462978684,2178.124047358622,14.103619990128491,64.209855889799
12368,38.3946847093056,5426.228473051637,9.059415341144744,53.788927827947774
12369,539.9234784951191,8332.240731516837,157.70379740067406,828.7726455358344
12370,15183.55133450362,77354.94386639835,15052.278811428248,76570.55848073999
12371,803.6164397120612,16270.627132766487,82.0337901573937,85.60573550703774
12372,291.7224844428912,22458.205725793978,269.4902009397344,19008.83226250926
12376,17.280630773287648,30.864006404948945,8.547183291408516,12.483643252071547
12378,71.92520506369112,6228.215494887368,63.941600734566386,1624.7447676825916
12379,16.238574028705585,341.41898856575324,14.311292390699899,64.48920314597817
12381,35.015647778483036,1510.6046453397676,8.777874456292354,28.689905436214538
12382,98.54451913749263,4327.163825719363,71.25359209881869,3109.405558680965
12385,42.08344244990005,1667.1183077321257,8.950957746720446,48.031891481103756
12386,228.18579671446452,4001.9985899044395,13.223070764458459,142.68934795531305
12387,233.37473885035746,5916.07028150827,55.51985706163752,745.0192111627812
12388,1033.1015028912118,6690.87041234202,65.82809901606592,124.2202961675119
12389,30.380591008312813,5478.874461570621,13.134685388373326,106.52027483111935
12391,23.951678372625942,5520.892564432256,16.190762677804326,28.528451708757654
12396,546.8778901196472,8533.579904319697,43.430838858932006,993.2712869985179
12399,667.6954090950402,37643.48853654078,32.23793790384852,147.0754658561395
12400,471.1583109571906,12572.353056047517,471.1900155901195,12428.033759579794
12402,828.4179174585852,2484.7044623850625,149.22840129990703,159.74610858351753
12403,12.52288353338238,581.9151174478802,5.07182045930112,52.363727766945196
12404,198.90038332346464,6937.465899026009,212.77686766468466,3900.5317995604037
12408,84.97650041687537,14087.182972912848,16.042077872989903,58.03459774551769
12410,260.78204547786976,25401.719549682584,163.41505605566812,938.3443890969503
12414,174.06544227962698,5942.484965356801,38.376098884951006,240.1842444067693
12417,121.49997040255396,6456.758901491306,106.90698077294765,1829.832096474321
12422,11.435042871068461,516.8107113621239,5.615186361289317,159.45902243931442
12423,63781360.9136724,63781360.91391819,63781360.91367156,63781360.913671605
12424,1082.6801071636037,246134.02416802646,1081.989561435087,243075.9785933064
12426,36.39831235902045,8104.173291578391,21.669351223288928,1622.8613354029114
12427,47.071496582251136,23410.980015673078,6.273378005314914,117.79438203326063
12429,490.6337813194499,35528.005330646105,146.48513910603003,821.5325789947686
12430,94.67378198748737,15390.289694135066,21.778217799503782,237.891593728159
12431,63781360.91367148,63781360.91367301,2.567867399117438,3.579036234415301
12432,45.476728985869606,1091.7750971491957,20.88357936423436,60.23870427533293
12433,52.159252910893834,101.65970014621313,53.470715502180546,73.58014604300217
12434,15.759136114302457,77.86621302456857,15.74511658272383,72.06815832957622
12435,42.198708892446795,5258.44049126476,19.327496358254706,633.7791385847686
12437,137.29121311513808,6184.112244456506,85.52598626877337,712.2351424555675
12438,4.915402184661262,65.38491247387421,5.482127150625058,33.10279067124307
12440,556.7798706047663,23569.691780225363,52.406676916121164,536.4345909096588
12441,31.43534813989048,9324.30148322536,4.420801393703215,68.413012036356
12442,644.177757885808,2249.090260937294,596.7369300371323,2035.84426369936
12443,27.462043315618054,2481.3487840742587,10.692910538729675,107.16409800433958
12444,252.28795268785322,19923.557558281915,101.95002312269118,125.38366188922684
12450,63781363.00000072,63781363.01366437,5.785555785636786,33.05267822785688
12451,158.6558062572426,7036.1842956990085,11.980897230816494,24.691429727010508
12453,12.460239012549668,77.6647778480446,3.116687346233645,3.2651447032293826
12454,158.9024297005078,1078.4400790266534,32.78599200810736,37.38431798044072
12455,224.48887622830935,24927.540784406425,52.937422483684976,102.05015839433543
12456,63781363.000000186,63781363.00013722,3.49297818962777,20.935490782264942
12457,48.330999889892894,2129.13846537547,10.29879633220424,50.47021176667049
12458,856.617230971346,4524.5362163421605,856.3902046503088,4517.233193668369
12459,187.13375145730473,7392.224955856655,247.55292612831045,433.7431236185242
12461,138.43493555529145,18684.185798461447,138.29062425945276,17904.215714443566
12462,11.468771545922532,2897.2180578910015,5.2399446230563145,57.50751673628487
12465,50.80417395554597,13234.995474210846,7.878097752979704,38.946464573427285
12470,630.2252495444432,7211.55430583958,64.10069844182203,79.93624673818952
12472,63781363.0000004,63781363.00102894,63781363.00000029,63781363.00047466
12474,310.5130926517132,10323.9464111165,234.75197367661016,4333.827918012781
12475,63781360.91367164,63781361.42974948,6.123477027002893,86.01963250111886
12477,27.52888898679474,658.9694399302696,13.228956335133443,116.62771480836855
12478,267.5237536612326,2767.7186387063844,5.440634976560305,6.16548503219226
12480,40.64217941140774,20245.4702701642,7.983794624093004,307.70573733686365
12481,1402.408215262969,45298.57991298561,1401.3730772367212,45200.729585292815
12482,38.43831466653461,3158.142242914956,41.551551069728916,125.17466243893723
12483,72.5841631241405,1895.2018916466752,15.537680887667591,144.92365094573256
12484,91.29737406810854,2922.612274436221,28.445106520731716,80.5953524461465
12485,33.9254879943128,2320.8293199765717,11.78079161344951,142.6326919242921
12486,53.36079488184413,4439.788086264651,65.3046088224386,2299.642365659298
12487,2137.9383002239106,10873.10905094618,2137.5855260749963,10913.033586761352
12488,51.76724184980908,858.193060769392,23.195827786716325,136.2185137875904
12489,27.186533627981156,1229.9794371184025,18.227446633022073,233.84975188613095
12490,63781360.91367241,63781361.039386205,5.355991792417326,29.463789425827837
12491,56.337018698570375,28750.350330704692,13.690068336153676,4565.594124634413
12492,63781360.91367337,63781361.242218,29.7140583189995,1626.5211000744152
12494,74.88297267606703,15118.975647853145,59.315368594401974,199.0312737556454
12496,71.56700405217967,4857.400297855286,25.968954312548462,107.5278410558387
12498,138.64725817161263,12963.780799872751,32.25970398873873,295.5616517756049
12499,404.4068424684386,36479.43844183171,52.10916631548655,250.29363592005657
12500,587.9574496296246,12372.162242027249,45.192385408399275,193.3672789761559
12501,46.59970146896852,1469.5994863926037,16.74484664973959,66.54909049763278
12503,37873.97987373126,352129.77998490015,35044.054678521505,324618.2512228884
12504,69.53274299975948,12162.928321156387,50.346549182220436,50.89747604900089
12505,63781363.00000014,63781363.00007066,63781363.0000001,63781363.000005655
12506,561.4112167082474,1867.4910113480223,561.3795014100666,1867.5164684866547
12512,133.9350156039016,17610.048218645272,36.93185536622512,98.66626110819314
12514,11.728321534542896,64.04427515618728,63781360.91367135,63781360.91367137
12515,66.66363701612539,8467.281588622775,142.68409935072728,5926.89303814247
12516,16.701505761437204,4521.133892516809,63781360.913671404,63781360.91368179
12517,102.73762099540046,7262.520742640073,18.905419392999274,377.6535782948411
12518,55.9440813853421,2830.7408517931353,43.664736593876555,1429.0488574982774
12519,67.4466648915653,15341.81127341074,37.2592028429616,1110.355076855786
12520,12.425100384509442,121.01562927184055,63781363.00000005,63781363.00000018
12521,132.04542704444358,12801.29974445438,51.26527234015708,371.4876932714533
12523,61.97506490376832,4918.320939157936,55.871356156089064,582.9426068545528
12524,42.41925787778355,502.7264948317031,19.64996749945455,85.38293698138737
12527,732.1584152262767,285927.36189386394,344.3360660469766,24639.678326805184
12529,107168.62137833823,434204.9217561828,7020.335947113842,28504.155101758508
12530,179.6015309504172,16481.30860191679,12.28592318083653,237.3968936147513
12531,63781360.91367236,63781360.94081085,63781360.91367177,63781360.91826359
12532,73.08492923605743,2886.606414531432,4.245254773879909,14.795243603630716
12533,36.729384171210164,19621.2905033406,21.04057528971228,7611.363818930463
12537,188.2021726628962,914.8197770024003,188.05947655358602,912.79256242607
12538,46.99430607464645,4262.718130457376,24.50533478295738,144.25265989621903
12539,63781363.00000128,63781363.047262385,3.0441968686037018,17.62307941347052
12540,546.5762460095244,1227.038580635001,53.192914540234966,96.39563139417429
12541,19.895984525731855,1812.4383169881087,8.119952557288423,25.89940522355306
12542,65.25141079589008,10123.02644347647,36.327245551546696,470.6421944948337
12547,63781360.913671516,63781360.91527522,4.714444032152741,21.37215166498046
12548,30.19542380372742,2083.6796725111226,20.459152978981052,67.31800886711976
12550,127.9052804889974,5973.081159680271,102.78314652361448,4335.082058657178
12552,149.80276740211704,12311.677037309242,41.21729289922573,97.12869484703381
12553,41.159106874472954,819.7787251833922,14.36343691726048,101.32890939723603
12554,81.65581559462171,2015.1381107687755,15.588115827811,80.71383453071762
12556,210.70230454203278,2113.5490107349506,6.335962377637816,8.346421566083352
12559,63781360.91368452,63781360.92554413,18.97387559426171,41.794664558744266
12560,652.6828727779057,10525.942312835492,355.3580220149913,1816.247104480752
12561,167.74114393239842,4687.728956022777,43.90639264123264,129.44278744885335
12562,737.587553076459,34640.42948365451,153.9784727117777,2531.627185164511
12563,27.502224830773443,2725.292255395129,5.762836248088862,16.822446003861877
12564,74.41769979168056,4001.5357109846623,17.542414799660744,296.23557756014696
12565,107.31532623117643,7478.631184543086,106.88673141035488,6169.125799395851
12566,73.1832352048317,4691.053202814984,15.380450012540125,60.6122236787525
12567,698.5461476061695,14426.828114365328,89.13422108981075,114.43097231232473
12569,79.12131734211732,14042.508549547878,31.928253397076663,722.2153495608516
12571,557.7410442300965,17202.04615406346,45.18272315491711,105.14973792682
12573,45.62824037163938,5523.405694542257,16.894138560037415,39.71954023368355
12574,21.717425527103025,3207.8518757044167,12.095036719219287,75.8435912374071
12575,20.588823766654144,110.65389678253611,19.90015522055142,63.24098928020615
12576,160.41781910932377,2832.095860218292,160.46433066693515,2873.3572251349556
12578,131.25158475875094,35605.11046005864,108.93334862064401,991.2490242726625
12579,143.79090045863953,14268.474738092931,99.64700322594437,9020.189271302306
12580,435.5330062331343,16538.250703521968,238.79732981705882,741.94629839355
12582,63781363.00026018,63781363.99865537,27.45180180145879,321.12300196520147
12583,195.5492458416282,18416.785842638255,19.724252343350393,168.47312360198117
12584,266.2110998211235,6942.924444689873,199.60423649296877,5048.949691209717
12585,73.50552660135403,9557.184160866815,56.68027334772575,9415.354434911345
12586,103.71091351169557,5657.29775298669,101.05681537780686,984.8158390887618
12588,153.5816518824374,1551.3230607449564,161.64929780883864,357.6405550788125
12589,16.2360452074765,1695.2903394969337,3.9101241753353757,6.826581695292216
12590,171.93060014553882,10922.659928450861,37.15071772862376,50.390918354791516
12592,15.428469804661619,4838.663643858042,8.855852899276446,17.29801367346456
12593,780.6000230593928,10189.840432450535,102.48043411546203,262.988262381158
12594,30.190566300097853,1009.5298197551763,10.135478354549184,222.90451879056485
12598,65.4527247898514,11151.006124279973,25.572316983517634,152.38970546076317
12601,293.7755274220347,13486.152625089046,156.88895271271926,459.87352830142527
12603,63781361.08137163,63781373.79094824,2773.8917496386825,24301.64146565212
12606,65.81953312154818,7852.216164294409,29.365806336677423,46.55954761935664
12607,1196.505075308573,25606.32271280629,1232.50858358898,20310.816737463312
12608,20.5464138067598,566.8838068969245,8.078514504165021,21.008799297299973
12610,1097.8506318672542,251326.6390978026,1074.0398069562195,239584.33632728967
12612,407.51858282657673,90000.74384185746,187.29172689881028,31113.87086567086
12614,420.44337026514495,31336.138790850888,419.87112071341335,31131.91225029667
12615,96.25709950281808,3315.5596942405664,20.51933642896231,123.2811415740306
12616,149.23208208375843,17739.85180564078,127.3415966612287,678.3039549637116
12617,21.018473528896873,8397.506250217371,5.313682589669231,24.397758525499892
12619,18673.977730078215,725975.1699045943,17851.74427903394,713975.3565594297
12620,14.547645039644173,8148.791302827513,3.6825522407293083,34.080319509908726
12622,85.2720324475541,812.7996870757519,71.02250446795674,124.03712629203457
12623,11.553878002255326,69.50100290790951,6.607046349362769,10.178883251113941
12624,86.60759119292024,5264.55704997968,22.866427568369964,114.2114914595623
12625,55.14744393687159,6739.465834595977,16.875276970155124,145.6008369375657
12627,669.8665482848858,3649.4721666836977,310.67809381313896,330.08214655768495
12630,52.69903823057332,523.2250291125684,31.33554182293579,33.264019986128666
12631,14.332684171592433,272.1893237193357,6.779845929006827,8.005553187780736
12632,410.799455273495,4090.3271492645204,12.138270491600656,69.20195880619403
12633,50.12917187847102,2722.173396440097,35.71230296274386,235.27003804606693
12634,29.320089568110177,19266.359092622773,4.853879004625585,129.39778481491533
12635,604.0657986246766,9265.612078985834,364.92300446873867,6968.545197911162
12636,264.48402461226704,28820.92183102786,79.24505985287256,611.5233487471304
12637,1400.8650286679263,52436.61541771157,61.00548320868049,650.7268962153763
12639,93.40762122836118,114.05290098722345,85.90638547644973,89.10571224495752
12640,417.7425993103333,94113.96608552842,12.296844651838166,109.77487046405359
12641,64.86707320725586,17714.323009147454,21.132700253599417,3344.130671364426
12642,241.2932684712885,12851.638958003554,56.87505016715435,156.24754466248388
12643,76.83905436767948,2655.6046204789855,9.496453359089513,13.527410061253804
12644,63781363.0000757,63781384.725290194,63781363.000073485,63781384.80584131
12649,176.86915603200217,11082.310137546403,5.762626431916246,77.92801037709155
12651,163.2806797059142,46250.79783142605,124.56312085679345,27044.320512313432
12652,5870.524363065902,51706.17726246852,159.64617188921503,663.0682801439899
12654,1387.126012868887,1198204.7776006348,1416.6390274096048,1198765.0060870661
12655,114.52326955718985,14437.494109842215,66.68755400705452,530.775754540778
12656,12.583924863647464,49.25191216115039,12.56421024960715,49.88548170494236
12657,261.33473463048733,61348.91958684707,18.743887594506514,318.7464949161577
12658,28.049620590003205,50.04817098442263,24.494212890454524,36.25937922453961
12659,170.85674719951908,9940.801391918008,37.10555839542838,116.20475259212371
12660,466.30159776610355,21726.190603753945,466.469130389976,21417.000250852514
12661,38.977885881843505,9709.668439961171,25.30780195332451,215.33611293335
12663,24.649472981205843,8243.088060424196,4.80382896221861,20.959609851678827
12665,282.15263469430073,50026.368373842284,40.92987176853141,389.4207415670126
12668,33.15527270431919,5100.912810053284,31.915789250920675,335.55802396142
12670,286.6343543512064,16706.02473264191,15.220609925462343,43.31310591289466
12671,555.5384633550055,154716.47512798465,59.961599756535776,1179.2100709508336
12672,79.104985874634,12986.827069362307,27.19325345619326,923.7733139969636
12675,822.1334975347587,14886.368438137037,69.8677826370921,516.0396021831262
12676,135.5601293643269,1820.9780078204037,27.59459776497419,48.795712193199854
12677,765.090641005356,32760.816425389097,761.6971447171685,31903.797750842314
12678,98.42335197892625,2762.9722625864583,101.99163628076582,144.3491635859884
12679,11.190462289232133,81.34259249453984,63781360.913671374,63781360.9136714
12680,28.954335185622764,758.7785083938305,25.171227653739372,100.40581832256402
12681,37.451265548344715,10785.146489015931,15.912365571878516,145.34821123464158
12689,24555.73556338497,68109.247315596,14268.517565184617,39725.04195781415
12690,65.71291743695942,108.18973124688819,21.643597976758397,22.300448139315844
12692,46.3000365051517,1337.0143001234871,18.44147806495559,58.27330627950611
12694,79.18110651722392,8545.640541558789,13.168320774634234,77.09954746026312
12697,19.745725283776274,4363.559966844016,14.97346961917324,48.81389108385112
12701,166.07027356226862,117231.36186676263,41.66649789513153,1410.5507603224685
12702,172.6210720572623,3983.4847876726994,152.39094536640687,3553.724105861408
12704,63781363.00000179,63781363.00435632,63781363.00000181,63781363.00484244
12705,81.79285887414628,5429.449876293506,25.859242785919754,70.0088760507574
12709,127.57955235628171,27620.86084400144,134.20679468669914,31698.21820937682
12710,230.4728039774162,4110.869441914601,13.436184505062224,154.81030685264068
12712,214.52569311556084,15047.13274133384,15.75869425831918,67.5747795702095
12713,485.7800465046067,7646.6489767003495,239.05676381808595,1495.0987287921437
12714,63781363.00018299,63781363.238980584,27.913962172615477,101.44459174431206
12718,16.48539301576529,2083.5381347138914,63781360.91367139,63781360.91370754
12720,10.236343551293112,29.398049754945173,63781363.000000045,63781363.00000014
12722,127.58869765254202,31405.311895477193,67.67207848694014,794.0409378672592
12723,97.52041292754468,1984.5484496844463,90.1670044582747,95.13139431510422
12724,63781363.000000045,63781363.00000041,63781363.00000005,63781363.00000006
12725,382.5878904162945,14524.807186918088,282.535805377008,14997.464681248279
12729,56.20929652504198,401.1892990391057,55.31288157529816,69.64893493784244
12730,148.29124887800552,6532.271823857796,159.57579289929183,220.10914615381543
12732,71.44045028733225,7215.315394237907,22.498231704819016,100.63538673718263
12733,118.69821851350846,18222.64738677473,22.020072754605124,575.4543946623003
12734,118.1036870397724,10693.101327283119,198.42884396933755,2639.8740009505154
12737,92.56705872916304,18684.313900841775,93.92209813756442,18818.0116982609
12739,2405.7153183222817,41483.602201717586,61.30594941845952,511.4642337790757
12740,63781360.913672626,63781360.94825294,8.230702850808795,295.7420841080176
12743,703.8362280936769,74892.25334371634,146.96081705924092,15352.32121098933
12744,398.0299332648425,102462.34819880234,167.14388824746703,37791.52751213808
12745,102.75156669319897,943.9742043732804,11.034068193526588,12.997829453285728
12746,273.0827595913,53153.546185343235,167.5521026375503,23751.425955331524
12747,980.9775937260385,7655.787322875227,663.1541645010742,4449.9981820744415
12749,125.31970254688639,1890.754033183533,61.997626377852995,1050.4586917928268
12750,52.750670389585096,510.83998488231333,29.11130445866162,72.52354621749895
12756,32.23463106502366,210.46823748851432,32.22515253292568,207.06789932542148
12757,144.36270749823015,11111.529102384884,10.275942331843595,344.8152678135779
12758,67.839453968122,3141.967543655358,64.39846834550329,118.11795494377931
12759,63781360.91367148,63781360.91367525,3.566575736138802,3.628029693284462
12760,494.9372644369383,10958.836316464054,494.7420432029184,10877.838146756836
12761,103.07544166824447,12334.8101948217,125.35252338667026,599.6038056468789
12762,194.47213550408097,720.8488806222676,136.37293403617684,520.8685120744259
12763,48.77091809637129,9722.357501201075,34.72885813411087,216.4052510284816
12764,15.169915743982232,5681.804906210252,63781360.913671434,63781360.91375743
12765,169.01781667310195,7025.9996709224815,211.67495193444248,319.86247836478327
12767,261.1528430729918,5165.262546064532,249.52563248600268,4226.744607944182
12770,38.972472813219554,3756.0857115558947,15.105087850974796,28.52012656174897
12773,29.04619365431603,18625.736669417045,4.742379052667978,94.7988178120306
12774,666.4401170585139,3134.1806793979945,666.4112359242835,3205.1266028198033
12776,91.03046612654902,1625.8937336848126,112.52356683187328,188.61675508526275
12777,236.4737125026835,3825.0244015963267,54.49624830834938,228.40529363672613
12778,860.8256703392985,1080.7936630172803,65.893127717535,621.1630965946655
12779,70.73142264692582,12328.3456799392,42.082331246925804,161.07360611137676
12780,1301.9507177247294,3515.780093302239,18.04962680989886,25.93305780913494
12781,124.59225019306047,7457.4965888477755,104.8068451344406,3556.8950287613243
12783,291.2979130335191,13936.261223033345,57.907671932202526,485.89845534275935
12785,14.167767871164676,264.51521670723855,8.859038259442324,15.859924301126622
12789,57.30703389669477,4022.86860867372,56.42771067639096,3383.5878347064713
12790,66.86659015703322,578.8506333008279,44.806739153347166,53.99593550146339
12791,61.49270957009091,22652.086092145444,20.270901410384404,2177.0794368816196
12792,186.57987001445645,20487.72667591501,187.42210526916043,21705.410182210584
12793,38.85735129489,925.897992752687,10.504967288945862,37.65981114875074
12794,29.844228707310272,2536.5239314248915,19.511454415804547,80.84001276400231
12797,90.38398456530942,1109.122374652768,93.55789247536052,257.54711412630115
12798,38.95462077404098,3223.7125345841146,18.174244991451943,30.76857852861775
12800,330.7770787877943,31407.129868911223,330.8810046390399,31313.637709579725
12801,63781363.00020109,63781364.50392848,32.911326805525945,54.012334142334254
12802,63781360.91367221,63781360.91379051,4.555524672301289,4.613214484218714
12803,63781363.00000013,63781363.0000129,63781363.000000075,63781363.0000006
12806,453.3049534253832,13363.542812314128,453.96404128466094,13383.397626272887
12807,69.7822521592657,4200.356028920093,40.78276139471963,72.42806228539342
12809,72.29264526674898,1239.6779102498203,162.01357652563416,170.11761968094928
12810,805.3748170825138,72670.00960837821,860.6644663533941,72138.90213163721
12812,1085.5793553345725,12874.097483114138,237.46363673496668,1301.5986489082961
12813,63781363.0000024,63781363.00504203,4.57630907392628,5.469802211859759
12815,796.840404592088,68550.48357757219,581.2703419165224,57972.37464388487
12818,26.865825178760137,429.59642794923394,9.861103664583432,12.499903795157396
12819,32.0942187955075,8421.94642918095,27.715009645776245,173.23566902835378
12820,113.3145042161614,8810.468981902994,11.17239372095013,221.49520973794887
12821,113.93528644173381,2124.5901218642766,33.863211922275305,187.37418247458564
12822,263.5180021940206,6654.317711977554,126.80380021347247,1052.5923106979324
12823,463.83838256379966,10975.561670448154,461.5796734804727,10862.835341109254
12824,7649.219688438263,45278.53343349055,7678.841030147828,45445.2683159508
12827,20.502211650419962,7916.4872455701125,7.750478578068291,725.3327897096365
12828,19.19819778960038,11512.053565697692,8.838029549791031,38.68988254107184
12829,29.159454073815578,1528.591152848121,52.46945545326797,115.99287019819404
12830,41.15888798740142,2605.249851057581,8.848087640644586,42.88570981770141
12832,63781363.00000093,63781363.00140137,63781363.0000011,63781363.00000168
12833,845.5160688101691,25359.155195373565,41.44706368209819,396.3729616790759
12836,2346.8386832708484,48569.13949079732,781.5673342364902,16571.04849827172
12837,657.5825806103616,7486.68399649112,222.64795385280416,2560.696066527675
12838,225.9768921354986,12353.394258338847,32.07897851163482,126.77212932293041
12839,46.67758483033158,939.9400979041926,11.845226234165745,52.637355927008386
12840,381.40667471238294,8978.683739743781,381.20157061134876,8819.975490095389
12843,214.76654650952443,3127.466267534405,15.3235640280403,67.2981339501376
12844,63.016345073366146,2410.9155636598675,3.7357949855128605,22.046511265103838
12845,281.45910358100025,25665.23331072467,284.11047402619533,26016.4414050153
12848,63.441057313917526,3445.164590994662,22.586124837272173,126.02584262217219
12849,32.05035579435768,2001.849960598497,14.812098542270094,63.377766402530476
12855,75.89119524635588,21295.528876600016,78.69710960998448,3742.606964675524
12856,36.745596642827586,23246.377967847297,5.499004747683135,116.23893784795618
12858,11.285266074728174,3283.1697072112506,4.413040845230144,19.174608779951708
12860,49.640361292771054,3557.8673825357732,23.23539845979261,56.60282404335795
12863,93.22410054527693,935.6061968768976,18.875387584769566,107.58931001887731
12864,3196.500233491557,13477.207806769515,2247.6805375988993,10433.159273711402
12865,63781363.00000014,63781363.00007914,63781363.00000012,63781363.0000049
12867,410.4544128532276,18959.81370280192,410.4854509441572,18840.18553989595
12870,233.68636637641296,16825.36571407336,62.838787821898194,143.77053152055277
12871,178.82941700197975,5175.428656306304,87.35768077027873,95.93608916307399
12872,175.43507573335282,4524.717050901654,32.98115077643733,829.1950824781479
12873,500.44253028904745,92368.50180930726,178.2497858884902,2300.134707961584
12874,1423.955026130029,542026.2593756571,1279.7497001360762,386189.62917067955
12875,53.42698315990363,26288.783510376976,14.086733770415844,1316.778761759754
12878,209.95258197007146,9964.610337615326,110.24679258051918,9438.402619600058
12879,58.73393914964331,3006.827226673089,35.23035028143876,964.0710336278164
12881,664.0398810915187,14321.344589741582,84.07743784758287,330.060714305507
12882,295.46832876896013,31725.830581909428,35.28774307974894,3396.3765031104986
12883,27.97477224850879,19079.809631033746,20.973262042621315,8052.67321697743
12885,47.22404352415954,16491.356155198286,18.813199731749336,323.81338396628894
12886,451.8319427877672,37845.949386052234,442.4565446208513,36896.90437177037
12887,64.26970658616163,8131.062761965924,63.83304968344329,207.58779539268855
12888,43.36601114248266,1189.556140225777,7.165623529300547,11.881083165370834
12890,267.26784687348703,17060.47498213461,56.00570121010986,416.7494836562754
12891,129.48469298123044,2430.780651996994,76.00944194852799,128.36850068339757
12892,280.4014039693113,7097.756481386181,23.001154104004264,107.26200600651005
12893,63781360.913671345,63781360.913671404,6.497696637086412,7.883639505795873
12895,282.8311939696174,12206.491434625874,20.20135797436997,76.3154393379953
12896,257.2770033224207,32507.333897587363,26.61729096334782,255.3017854398124
12897,10484.067664107404,150201.33059835294,318.58981467944875,3326.6930594199425
12898,255.24997263658346,17915.11467523501,255.97439829438676,18473.6810958621
12899,46.04100538705754,2857.679274406885,43.127544050705765,2849.380242377187
12902,131.83177277782605,4220.735379027259,22.472509660802444,37.34050842196535
12903,138.03688578155143,698.8446935922443,21.71511568454533,28.721330373503502
12907,55.96508434208032,984.7217616047466,39.25475886352176,75.41654893909268
12908,37.816536868131124,3238.4849471075586,15.345820258243112,182.09163901923844
12909,236.34023532169874,58461.31180863047,656.4856533877135,3047.1559348055275
12910,1239.4482622259295,97227.17183910364,128.69381962799608,1828.9848408155488
12912,242.0151861396385,4787.424180981787,241.82734098091595,4725.301275738018
12913,52.351889683607915,26678.95053447864,35.70081096520424,12562.556707126509
12915,7.843182038854769,20.410655596327363,6.854897573341631,6.9720360876385366
12916,19.223785342918983,376.4017128455368,6.696157351223392,7.6732662786616785
12918,3939.5774839026267,93745.06541652195,2512.2084690111396,49910.5151244301
12920,28.85188790130986,219.8978353083877,4.74581172185791,5.68641878343331
12921,54.11887623279374,3853.629198422969,14.998873434687846,110.68083820260061
12922,163.6459344718206,38720.23585927383,164.3744831999935,40423.780048427885
12923,93.11200903036003,7252.839972819937,18.38249255307399,307.01069267897986
12925,65.50952787183401,10521.030941699242,8.079573575111695,18.737607336605574
12926,786.8326708294329,16006.501106229392,73.8882534504211,81.69081930689879
12927,374.2900790108842,1285.8801308610705,205.62886453785717,392.74193427978287
12928,36.1736732354983,4503.72165072304,12.010807182752721,128.59065995494447
12929,63781360.91367487,63781361.23525165,23.216249406496203,4848.648709524096
12930,165.2444735017665,32978.44182193913,649.4684557716006,1542.9309385587353
12932,1078.4962970628965,30881.29319620351,1080.4140045269553,31234.907427959093
12933,16.131188423615843,1850.6375500026622,16.358060305384793,156.59260913923617
12934,63781363.000000425,63781363.00115772,63781363.00000031,63781363.0005448
12935,259.8966909698721,69152.58027731407,63781360.91367392,63781361.30641395
12937,710.6203922954123,11999.76357798597,690.5813099959328,10933.861886681525
12938,788.8857352058851,2542.43180811428,57.754019109872814,124.17827299501424
12939,63781363.00005543,63781376.94797204,194.5856027907515,1124.8453803244925
12940,69.45349411836804,201.3902407876831,30.082825673019546,54.58452004100931
12941,69.55119699450127,3612.763830578858,37.73200825240615,340.0264739529531
12944,167.59970687442356,3077.847512077732,30.320802999203572,260.3710509289043
12945,11.03931693089712,79.359502881507,63781360.91367137,63781360.91367139
12949,1381.5059314257699,566623.3190276544,1172.1764481286452,324847.39399832475
12950,245.47308143848656,7852.427847563416,35.87751720500124,299.4083665989897
12952,342.1912077988003,44519.70343208731,32.574799087012295,104.16142142101688
12957,44.24223105037565,771.1252258540233,34.87424888082518,236.182508380916
12958,115.95960744752355,21360.489709186055,96.85663858016922,837.3972151487493
12959,174.37827492188205,12874.38552579556,12.400214811959655,208.54408835082987
12960,763.9669809688771,18457.118892148224,10.896089773426175,32.557346027873656
12962,63781360.913671345,63781360.91367148,6.81163121495341,10.549909135393635
12963,8.551926721021031,147.52949427788485,3.976600165883036,8.591923530270005
12964,867.7582761880172,16994.299910860787,66.85456085092794,670.2114586035185
12967,183.8199862052727,940.8396620264195,184.0103858640487,960.5416729953389
12968,228.74228236707222,8326.052371034146,145.44975476248916,5148.123774641985
12970,29.227209937481934,10479.454428700588,3.4909450722674937,63.845330644872945
12975,66.84827202434549,17308.170887638906,13.245187987100099,130.003075420279
12978,14.537452449138772,949.97542062444,6.3756453379008855,25.993809578069737
12979,6014.067074486626,23510.877747891474,6013.31324655195,23562.026412330528
12980,1557.685649218708,17584.38944933347,2634.1238255531944,3782.4101666823353
12981,8.372482279467613,179.0053725613853,4.771597109191085,6.427272447975555
12982,144.8702174423023,36535.88923434961,101.71372042349216,232.4682275592114
12984,63781360.91367234,63781361.00289024,63781360.91367158,63781360.91532146
12987,48.26245706996074,2204.238957126881,55.29020553207735,529.8873440890735
12989,44.86575502885931,15067.200976982442,12.089201990719255,32.13153293598257
12991,272.05663667754374,2537.1320651880033,20.86022480135837,226.39061337275078
12993,849.1207914793155,1624.8794830971135,563.1942184948919,2035.8775255290473
12994,64.44755966068419,1656.0406758339473,10.46956818893662,17.58861105636569
12995,236.70003056699468,18271.698007987445,181.76226329344553,1943.2520034678232
12999,412.08508627005517,1896.8174570995443,631.8817340997416,1345.8710753366877
13000,292.93827338819443,2749.424568470873,291.4411009347439,2693.349651218114
13001,30.044577781145698,112.67043258550261,16.77625762031943,33.11302202286033
13004,81.6855837764061,3498.4066469323,48.02477078645607,706.3186773965485
13005,1942.4940681184082,1117741.932825561,1876.7645762808074,1112123.9691784936
13007,76.42011523870511,16138.69882467877,27.35998972148219,612.2206300213682
13008,173.702618034368,24871.57270260912,74.2900052893932,1816.053336441536
13009,97.49919713800493,13929.107379360616,75.91323242848192,1363.8492045858902
13010,626.7862944212526,112009.12176202278,626.4273265425235,111899.4303719235
13011,89.08302437066318,12939.9016412292,27.766573867021453,237.71157904071694
13012,155.4264378325444,289.1184985226418,113.08379067883662,130.10668391397863
13013,123.84881780546795,10100.231470725694,110.1000855590758,5764.339075272907
13014,84.53547406939992,10734.391889227249,47.59785837219426,148.02265433055376
13016,193.79185292643382,9275.175748140497,19.85765056310308,124.0193139499046
13018,105.76979818458241,881.1546016967076,14.329450815100016,36.90588916013014
13019,293.7893409490784,6889.5762962220015,44.842498121654394,100.96094165568584
13021,3460.1731829021983,133433.24254917473,2893.2493427182258,111426.11992976829
13022,23.579606022001208,28.61406507276251,23.575920078471484,28.757148582475228
13023,84.18180899661802,2674.1138550428714,74.32112439390194,324.4121026871841
13024,49.74451783354224,2959.102911640972,17.853138300156782,72.86353720573517
13025,49.11391471693575,2296.4858342852444,55.92950547915921,569.9071062526183
13027,346.2069771270222,31003.992674342022,349.4657559895496,31268.511108299135
13028,81.34413630808807,3266.731468325629,15.827466191040024,53.10772214732485
13029,509.0415568499772,1775.294381713214,196.87990236415993,414.50009915870135
13030,10877.699946831839,58869.28397492898,186.07563603409616,793.1855563986082
13031,1022.6237385001003,27278.865565323274,324.9550898615455,7369.366230882906
13033,63781360.91367166,63781360.95248918,7.128159923882472,77.72167963883874
13035,3013.8093448285,8838.724865314301,2883.4345888549906,8432.839697427196
13037,266.2032523169662,35989.224103339824,37.13929194210545,209.4657619737544
13038,14.578648016782514,1234.1542767838191,4.616514655113669,11.630474396559082
13039,129.59745061442598,1857.5921589657976,45.06512890262825,1133.5000690723134
13040,39.57683246200112,2307.6052797750112,18.16743581308108,38.540793487207075
13042,63781363.00007492,63781363.22116848,23.250305995985332,77.0650614731927
13044,282.918753031414,78095.18163547076,70.6824311645018,691.121201520116
13045,61.38459316345153,12380.92560017022,31.75469622552885,394.9364648448293
13046,176.46673447605596,9565.89068138339,120.89300663900102,6170.042822970781
13047,278.5085713439167,16444.96756541134,27.455223862760885,72.14276004334958
13048,113.62701372470252,2792.8586217502348,26.679054519876267,81.74069754893526
13051,38.602614587130574,51.01890253157881,17.46408204113198,21.419615317765956
13053,123.08290709723914,689.374286656124,28.551286619010153,32.18891546846577
13055,12.357380214921479,116.86562517139282,2.900602691077723,4.50255276200522
13056,1025.70021082986,53572.02753663291,572.4670775343377,14768.566048055136
13057,230.0570617015615,8967.052149935023,196.23263066723794,7820.585726636785
13058,161.13861106833352,24384.478698526025,16.83834928089841,450.0028006542179
13059,136.584751545472,8371.94544245278,157.59393190284163,866.215301249228
13060,5651.004934387455,20698.599151889564,5650.273032874521,20936.680916322428
13061,106.69362120391789,2772.9099305514,104.63562405415895,2600.8853077159088
13064,177.8806535289791,40445.12685697691,178.4098717944667,41106.1399926118
13067,323.9639337629045,2568.387839759752,323.415427680474,2563.774245718249
13068,133.7076533236026,10993.26719388765,33.28453826910121,107.19274168033107
13069,3921.987730265717,84877.03738319254,1574.1695093385256,35324.31813103721
13070,24.396555259043797,2016.690484699611,8.431617566883821,102.31273774517733
13071,38.98732829248492,1408.033402030709,70.3712489014959,196.60076457945462
13072,295.5279786269027,27505.56775128338,318.4912149339167,318.65805457786104
13073,313.4955308050145,42411.54912820314,80.01421786844679,15619.153251899403
13075,97.11155496069438,2243.4000439107135,23.172025879695344,54.31702487400414
13076,400.23259682975686,2694.1076033352524,594.3210319939768,2004.046543254237
13077,135.31881974216654,28246.951668053105,84.1265862930601,2073.3032026278124
13079,63781363.00066733,63781367.899002895,296.22230402161966,1543.026507599872
13080,55.51511181183587,1006.7972206586754,25.24215635553421,91.19622318775235
13083,25.77291216693729,8131.120585927526,5.136477039576154,37.00553086245981
13085,59.980973174767854,17000.58646498823,26.50484300259477,479.0057678453533
13086,203.3788761214395,8038.000880633055,100.99945346609864,127.09717463111502
13087,67.38962229143439,7432.1874713072675,28.169147800842815,148.06053509120937
13093,1838.6673950444263,325749.8158472088,200.1289406698754,2677.7055807182533
13095,108.11164187478269,10526.463430127804,71.06376835216032,143.15246519139896
13096,14.959447880049423,829.4199035907673,8.983664951060646,41.1817889388601
13097,34.13189227249005,21210.476838443854,7.361916879717977,160.69572571182752
13099,65.98975788703264,33355.380016661635,56.94286452768648,12852.042792961649
13100,63781363.000000134,63781363.000000186,63781363.00000008,63781363.0000001
13101,85.20195502940342,9167.997264693047,106.54084330281042,7005.379828988287
13102,273.5388814800698,5137.909917249831,169.64321199628256,662.4041551635157
13103,21.40197047514816,520.0827243553279,20.96156757649916,120.66471963324356
13106,222.12975870803868,23106.00773241049,201.98864920931217,11094.222781049044
13107,63781363.000000216,63781363.00000239,4.604509627291142,7.534875563980995
13108,754.9263116089403,39075.61783408261,29.754056859461624,392.8472281022863
13109,63781360.91367136,63781360.91367173,7.541065474611959,18.729034559262708
13110,279.0157202846064,26994.252837475946,202.20166727737407,631.303065769099
13111,67.67912558780337,5359.501802754858,67.08602583090457,5417.413157170518
13116,136.99593547354482,19792.626822500984,79.6913590402422,10237.87343404138
13118,63781363.00000232,63781363.00462142,4.313349024807718,4.798988426282227
13120,264.0721774123266,20266.995705087822,74.01786308969507,2169.3329458160824
13123,73.64970648379581,3491.514996525814,49.304209094503044,189.1748618640624
13125,163.88707022771817,8710.782946662484,233.9555471020188,460.2411084147942
13126,41.96437887283102,13151.55994065969,11.555457984757643,234.65156177450288
13127,63781363.00000177,63781363.000493735,4.586722837784122,4.665233969766332
13128,54.103181699036284,5229.853906111494,15.920655673876926,241.3874766209925
13129,63781363.03261777,63782434.4300038,63781363.00081576,63781381.57643668
13131,186.32420501628633,21210.933899505733,37.38076167349318,279.5553803951682
13132,23.715744024267423,631.9487751565986,14.884909698973287,20.98016441041276
13133,38.31562252344376,4167.808034714553,16.375264295911787,136.30285349934462
13135,46.506825059522065,528.9641415316514,15.121301986096391,23.613069511515388
13136,49.971139602659676,25168.059528381164,5.8381655681698605,129.0904449720336
13137,21.465017366484428,1239.823018606386,12.187693913974543,37.835838385409474
13138,117.07741387468236,1587.1755191125364,84.416331388437,242.26093100450623
13139,149.67779710780857,3639.0080123940784,29.27532061270852,93.305821339978
13142,162.63783997889973,9565.187366836035,90.39163792122882,5785.4206233804425
13145,94.25671737882512,12430.126128814778,32.318978258114605,662.6800735020087
13146,313.2710471221768,1118.9723200842523,56.648050756651855,87.359376459772
13147,185.3544986941825,26192.292458578606,188.32597537829358,4648.006519708287
13148,29.542350862283435,5474.729311892126,5.945665233235931,57.37790345391847
13149,9640.067337786833,46759.214726847786,8217.906674132591,39955.841624633795
13150,63781363.00002297,63781363.03430575,12.374978415563962,18.12778898319713
13151,37.91281178531143,9106.658092090762,37.4391999443843,8778.676478984255
13152,253.52207588126421,7495.404374557353,22.842020858336795,126.98032742222485
