event_id,miss_distance,relative_speed,sigma_x,sigma_z,combined_radius,alignment_angle_rad
1,26899.0,3434.0,100.06439988543215,26963.50755993958,0.39600740458802786,-1.5696332798654684
3,23861.0,13574.0,43.664559174197905,159.37677018768187,0.4068498699163799,-1.5641958391694497
5,329.0,2001.0,3.9397802841412464,11.975204441634105,0.652253016529982,1.6090350023562991
6,10905.0,10027.0,12.8166560008247,90.08820666438251,1.318108885774419,1.5578414657321364
7,31985.0,12410.0,56.267883767363976,755.9350721511848,1.0229719099879642,1.5923491662191538
8,4643.0,12218.0,169.34064922925631,584.9573902575477,1.3331511454080172,-1.5029158260896673
9,29824.0,14072.0,74.95432359240955,4619.064060653924,0.43220233830959787,1.5672472617941862
10,35715.0,10813.0,2.9924985793715257,19.33555244293531,1.2389563786187434,-1.5962178802415585
11,42488.0,192.0,30.568442096012504,8926.981697642317,1.7353817713345605,1.5700896119529264
13,1736.0,15017.0,21.975270889259946,27.41573990988391,0.4016771804419582,-3.132472462285167
15,675.0,14927.0,20.202612859549046,30.722384367388383,1.017607277584465,2.261225484042004
17,299.0,11926.0,15.819337775638349,82.99122250894857,1.2534835630051189,-2.5700639037530544
20,9009.0,7364.0,30.090322169216037,216.3515358511075,1.0525227599867886,-1.5631228034119624
21,380.0,14713.0,19.26947630200711,41.24764842295616,1.2843385382781063,2.5148924388603264
23,24269.0,10724.0,79.78671338477292,12526.202950184183,0.980588260307812,1.574670049510323
26,47715.0,8252.0,187.8818294937126,27791.394032500262,0.9390071033327154,-1.5744298931418808
28,206.0,5344.0,4.0953286802080076,38.24783113374555,0.5821589104923055,1.863854816619351
29,28470.0,11741.0,19.85068786382578,63.79730611251176,0.5210445557135083,-1.5743195922561317
31,414.0,12862.0,433.6472094373293,14306.300496515034,0.4206104786103741,-0.8698312193817245
32,12363.0,13188.0,34.64567481726476,1043.129750594625,1.3167750727398468,1.6016803654239093
34,17299.0,12298.0,33.63735367216291,2867.9844291638506,0.9625105267003038,1.57636170432709
35,18758.0,13888.0,9.94182803354901,34.9733580406444,1.0962553190210085,1.5698832885944747
36,1695.0,14497.0,184.90559031046212,207.0214086225697,1.1170213898057395,0.39632759260920625
37,2687.0,11172.0,22.14341367723446,139.4946635285587,2.4219738297571687,-1.5417515815807679
38,15171.0,7902.0,63.45868784956425,7523.943525950479,1.0992972683098934,-1.5354890595514423
40,1907.0,13688.0,8.248605146205177,23.71154317952995,1.2348552575389125,1.6226116550843708
41,8819.0,11467.0,10.011675122060845,34.85246481472693,1.124541974023248,-1.5595162826511866
42,1028.0,14910.0,8.588213671720155,9.96206346855174,0.9589525249101423,-0.1622201980423424
43,2194.0,14388.0,22.26486938241718,22.515200437217825,0.420287424718794,-1.4487207252278627
46,6128.0,12470.0,22.942424570338407,74.46511686830422,0.43525036989549754,1.5698118538074002
48,29726.0,15191.0,1518.0308961024368,18185.57138167715,0.9202806430955885,-1.5937243611087268
49,8405.0,4012.0,7.78567469181929,57.234041278460865,1.3228374526330229,1.5671012817664207
50,4509.0,14604.0,32.82714661047946,83.76485899080102,1.1829692039363016,1.5530541961507507
52,8939.0,2138.0,131.0049620579976,11306.919120652703,1.2011058260111258,-1.5660870118764267
54,13830.0,14415.0,57.84905196550653,232.2075891819689,0.9523956059922508,-1.5189618251020376
55,46131.0,12874.0,63781363.00000016,63781363.000004806,1.0614331826118257,-1.5777000063246305
57,35591.0,14584.0,573.531292372067,1552.1442024052494,1.3585682885362886,1.575521460307176
63,8065.0,12358.0,14.798581866309714,143.83784904136033,1.2715646232994793,-1.5922854546858598
64,19943.0,6222.0,50.16978887534176,417.8991166393756,2.3616510964055517,-1.535781822449543
67,9877.0,2059.0,480.2753484306529,846.250792432844,1.523800183991645,-1.5158800787134958
68,19498.0,5114.0,96.00082173966233,506.21189395007076,0.9184954119498084,1.5583184048784056
69,16153.0,5277.0,199.30437293420215,371.49520832149284,1.1141029260191515,-1.552442040188291
71,7856.0,11007.0,12.322213611587772,39.44169638336462,0.38344537365279635,-1.5664375019922703
72,10970.0,10704.0,4.968426499185115,24.16799247371816,1.646137701374287,-1.5384808753687629
73,32963.0,11864.0,29.605423770778867,685.9527334956517,0.4122735912222135,-1.5563438498237483
74,10403.0,13777.0,22.84958819610069,131.0222140165555,0.4434639806297229,-1.5668451989218375
75,5111.0,14626.0,54.48537390008396,69.80373725760921,1.3582397535884212,-3.1326055706793707
76,9251.0,14723.0,9.528958970299694,47.05874424268609,1.023286120439998,-1.6336506042522734
77,19299.0,14602.0,294.64710681397054,374.99037486920724,1.1103831080122688,1.496601899309026
78,13957.0,12684.0,26.633568010910057,117.61292233533335,0.4371514694997214,-1.5749077073292834
79,5603.0,3018.0,41.013963655703456,531.3404746614324,1.339272018161266,1.5952056884818853
80,24901.0,14891.0,473.1377656270837,20061.01691175941,0.9597250701058381,-1.5878517028629884
83,42850.0,12787.0,148.38975184367936,25518.85687408049,1.0255549057242432,1.5768035557234543
85,42296.0,11142.0,84.07785437093857,231.23046907217238,0.9547976650475903,1.5754771998226738
86,51194.0,9198.0,354.07708982227774,42873.54658956629,0.9642795947439545,-1.59528612998953
87,20210.0,6393.0,5.312318071885618,41.481655395531455,1.0337926534066155,1.48253186792209
88,1491.0,14995.0,11.778785382214629,12.105277886035351,1.4193103810296024,-1.3170259944747422
90,2705.0,14823.0,38.25219755897195,52.85225540587043,1.0317325819818675,1.8180525614835072
91,2386.0,7010.0,5.288776731422092,98.98038140824379,1.0582400586184777,1.424158146339372
92,38487.0,14778.0,30.252509375938818,342.76642165852314,0.9723821755169745,-1.6015501952168845
94,37759.0,2752.0,167.0405039053166,709604.9883104797,0.9096123974738372,1.5988778309275518
95,8452.0,14840.0,192.76573018006863,7425.5982277002095,0.4571885033761337,1.632407795811846
97,12209.0,14847.0,78.3096519845452,91.85566483591411,1.5365534369071034,1.5780501632608759
98,4489.0,14396.0,27.425718542470648,96.53388999214825,1.541544030218284,1.4587854390486712
99,4996.0,14460.0,25.825906589779105,326.92401323293655,1.0026866938349965,1.6023784694468786
100,22102.0,13273.0,63781363.00000029,63781363.00011119,1.0136044120342464,1.5870121906173402
101,38577.0,7099.0,42.22705378405578,243.68105193923765,1.2529841715932972,-1.5624733278549061
104,9744.0,15438.0,1754.651608300204,13619.475174706065,1.002419005160267,1.7317117805321056
105,22210.0,3794.0,14.444716650282928,211.69534824168124,1.7668950854967327,1.5994777705024736
106,60813.0,12187.0,696.4732549921554,28295.830138931273,1.8727411074723483,1.5752761373959348
107,30769.0,11406.0,26.23018756166075,171.88928796852048,0.9889671974386516,1.5596843814827355
108,11717.0,3849.0,8.34183058007089,330.51581411058334,1.8087532333352487,-1.6361498397189267
110,3114.0,3626.0,32.552312313169686,255.69247821832943,1.111995180171662,-1.5783237807472215
111,15136.0,13994.0,9.806209468434442,18.02665932420976,1.042034959998052,-1.558668103152527
112,1499.0,15120.0,236.64808357968025,3999.850879959713,0.9313399320501342,0.025479009814532997
113,3857.0,94.0,56.83588313267912,159.60106651628234,1.28942888973137,1.5637182758572494
114,30022.0,13877.0,166.02346308310095,294.14288344395186,1.1946996358061552,1.5438508998007214
117,21909.0,14050.0,29.487011115228174,555.9482834368226,1.8855475312807841,-1.5699142944113456
118,46122.0,193.0,23.622192928117364,3975.2728536160635,1.7340000719230995,1.570742556329809
120,1202.0,14607.0,19.984558092526424,30.897091598253137,1.2195573517815823,1.4234179712603068
121,10567.0,7877.0,13.345402907325598,121.6960770015118,1.2972269098034654,1.573335585513988
122,5160.0,15024.0,31.0887892427409,122.79371705440786,0.9807777629826248,1.8430074440634638
124,50582.0,15209.0,63781363.000000045,63781363.00000005,1.6044024141576885,0.033944103249547615
125,1881.0,14790.0,34.31261814129005,73.25134345770856,1.1119374947841092,0.6773022544320426
126,42465.0,6723.0,74.77119884891935,30360.93671984801,0.9537433581424251,1.5703954066174597
127,1964.0,11687.0,3.8848179109578003,19.560733029581204,2.2449421170720445,-2.8440711182995084
128,50417.0,14901.0,490.16570186166217,20281.046245765076,0.9755163973912143,-1.5716101390445587
129,8030.0,14735.0,159.43419628921276,395.419198561775,1.2838956070156717,1.551328247631146
132,50053.0,13904.0,8.173393532772684,74.72314125663596,2.805076638177397,1.5558370234980847
133,49428.0,10821.0,2.6556748643812833,16.444561371101006,1.2389563786187434,1.5810238015868756
134,2415.0,14230.0,28.296957777069245,73.25948920597321,1.0647109208661718,-1.5442424942350372
135,61238.0,198.0,63781360.91367141,63781360.91369952,1.7362497559147712,1.5714734589166042
137,43538.0,192.0,5.463170038335576,76.88710362122418,1.7336328859840298,1.570453693413974
138,19643.0,15036.0,4.826421853333069,7.147232781478988,1.2759349657503145,1.45806720493779
139,26711.0,15277.0,8.289071376504008,33.9495632646142,2.4331727432180172,-1.51946121070832
143,6317.0,11257.0,15.81619242552181,230.66055418044314,1.052333015926784,-1.5878038703204702
145,10777.0,15209.0,4.678135675611493,6.330515162792038,2.208101841751349,-0.17007945672187202
146,17890.0,3579.0,72.80380709584601,483.21911278282187,1.0961882169151373,-1.4847407804714456
147,18199.0,8133.0,28.14094387149673,156.7944488487162,1.050678534310187,-1.5625299726144444
149,6087.0,13890.0,21.196798409523026,69.18403455212554,1.2907109598191342,1.5903343193986212
151,42360.0,11827.0,564573.065331174,3869116.5049950206,1.217644265972697,1.5115835413926668
152,3703.0,13491.0,56.68154348272437,260.8658008243583,2.247095777770106,-1.487596727649865
153,2046.0,14649.0,34.88347383165719,133.922318834946,1.355732870336266,-1.6881266450260517
154,13754.0,8950.0,114.92206334762143,9162.80339576462,1.2969087304191462,-1.5327459059809827
155,9946.0,15071.0,4080.5076960959636,611267.5013582489,0.889199979859543,1.5662522761660604
156,14188.0,11104.0,48.056293196920414,2325.8280749930486,0.43014775749022494,-1.576578966373751
158,15491.0,10638.0,4.784659500366329,23.015022303788438,1.646137701374287,1.5653483192540139
160,8443.0,14844.0,188.26820797004385,252.55890566686767,1.316068644590504,1.4671074346598483
161,47283.0,5656.0,294.17229045969304,3789.6473904152463,1.416436920709105,1.5801431025577832
163,10755.0,14870.0,65.5161315751261,376.4212577326629,0.3938919230013719,1.5300003382662564
164,2521.0,11769.0,445.5892141725148,2319.141410360323,0.42658388828400406,-1.4404754244361666
167,58079.0,12937.0,1087.1709238514293,242148.06075447274,0.9119749222966486,-1.5867812649907753
169,21093.0,6094.0,18.148997912797842,170.33396285045941,1.3123318278537426,-1.5641287613261332
170,969.0,5644.0,14.612932689904522,84.90964787070801,0.39590346775258367,1.065637422427436
173,164.0,10472.0,12.752482620325052,165.3131417297542,0.18591400870742086,-0.6957401022996879
174,21066.0,12661.0,353.45830289632494,540.6813827345292,0.4369144156079561,0.004795840179608686
176,21849.0,4677.0,14.942724919509136,159.7947113915459,1.4671954258603346,1.5659570350615404
177,28083.0,7109.0,177.65720698426566,100661.14140295515,0.9672919102053525,-1.6034820059569126
178,18013.0,9228.0,50.30568162945057,2080.768587701198,1.1044870980548267,-1.5117037543692484
180,46438.0,6613.0,3.2439244484210774,21.078496158817565,1.0503319955258816,-1.541628597030202
181,33881.0,4681.0,90.08764028601216,11783.195630209271,1.4820691610036283,1.561825235691755
183,52857.0,14179.0,63781363.0000694,63781363.08286733,1.913978589230169,1.5963408976992928
184,54942.0,14010.0,64.03836800018,3178.1723665612453,0.9666720186278006,1.5656089020270767
185,12996.0,13696.0,34.68160425262798,160.6107887423715,0.4330262887076769,1.5433125217224497
186,26043.0,14568.0,38.19745093665441,94.43801369421595,1.2868965646517037,1.5875172023292001
188,36405.0,10299.0,109.05660023053493,267.8890966494933,1.2684462395437746,-1.5546608381125389
190,33180.0,7856.0,68.3847232701866,10855.878641533325,0.9862315609168327,-1.5741688753143859
191,46428.0,193.0,21.246051246201063,3144.6442734670118,1.7340000719230995,1.5705593934648898
192,4091.0,11415.0,16.63899510965848,64.36165007541581,2.324831250457922,1.583425715779427
193,42680.0,192.0,24.5387562610847,5135.236669120382,1.7353817713345605,1.5698419172450546
195,624.0,13567.0,14.986742520278243,29.074171287565353,0.4033777210154868,-1.6460321451407918
196,15957.0,13340.0,14.97776324008151,35.81034101835653,1.0955684998372512,-1.6578639965381146
197,3492.0,9028.0,301.30299285099323,5062.933686179225,1.102787714161173,1.7070096108495956
199,1623.0,4485.0,113.92516622523534,1544.0092209804116,1.0745433732764447,-1.3524245002749107
200,979.0,14425.0,124.6021656686085,408.0677237880441,0.4286143387940513,0.4136071098216521
201,578.0,14737.0,11.861192008496483,14.115122748910833,0.813595613411656,0.5007839872115426
202,30128.0,12629.0,4.771040585144696,22.696587433837287,1.020054874041457,1.5739334148096087
205,23333.0,15139.0,25.479997822369015,28.481780725885887,0.9821858438406069,1.547235289613956
206,26373.0,3344.0,104.92246334843938,43223.69878823294,0.4199422026363884,-1.5701420071381846
207,33802.0,12131.0,446.55912879741516,1753.7299644322322,0.43670339114254864,1.5796408772866046
208,27169.0,3866.0,18.426388093822194,418.09579177283416,1.7668950854967327,-1.5876966512254531
209,2306.0,13687.0,12.374006888699519,26.580260815201786,0.43592151080698166,-1.6667043285005818
210,4463.0,10882.0,69.27414875252367,2740.728454306622,0.3968837399171916,-1.6112999960982866
213,17160.0,14452.0,14.991616694824693,67.83722163012997,1.096149950426624,1.5775994466104812
217,4244.0,5260.0,9.760152956669796,1613.4822417312776,0.431065491832296,1.4682380602742566
218,19292.0,11592.0,112.7877057214464,314.58327653630886,1.119585846071152,-1.567916655928819
219,6865.0,14805.0,488.80995524622347,1858.1502619799883,1.4037470093711995,1.5663966771100974
220,39315.0,10768.0,4.646463677093702,19.01168535148673,1.646137701374287,-1.567226543122909
221,24005.0,4900.0,31.53566042892497,773.5730157664024,0.42143511189156346,-1.5534534958205048
222,17656.0,4670.0,44.36732569592834,497.2940771359006,1.1071412072529587,-1.5453436021640516
223,11528.0,14486.0,42.874500781907315,167.29873958367216,1.5347307166613355,1.7041495372081612
224,2618.0,14838.0,161.3041521881648,2298.6680648236174,1.2617412690849654,-1.6642809080516023
227,34247.0,14832.0,72.58091841527873,95.12974526385594,1.0859344923929042,-1.5540299749986588
228,2208.0,14066.0,9.38060154651906,27.99863710425427,1.2146936431625255,-1.5955363751697198
229,10134.0,11640.0,15.895496824519912,77.16733396805328,0.5625411537461699,1.5896537667849424
231,4203.0,13591.0,22.379651970318957,186.6970163813689,1.27433989962997,-1.492769646836796
233,29812.0,15207.0,63781363.00000167,63781363.00001785,2.2724538238966314,1.5188057550998237
234,19312.0,13990.0,20.043193754325166,227.35798595750435,0.9666720186278006,1.5499848751924168
236,986.0,4602.0,144.04697719512268,236.49406364475297,0.42654044407654795,2.2123102129172327
238,2478.0,12011.0,11.984526664158999,20.883998739164284,0.41375488217883316,1.447497867768053
240,21405.0,10095.0,577.9826021723347,582.3126965139784,1.418014573014423,-2.7152624436506665
244,2569.0,13391.0,58.03046036829637,125.58566839365932,1.3045009885907424,-1.533914711845082
247,125.0,5600.0,42.37093874607922,3548.855464288373,0.13233086238716651,2.383986747761965
248,569.0,3208.0,58.76076142853887,1913.7265627342083,0.415496089571005,1.87393952885572
249,7844.0,14856.0,69.32577050553509,756.7461251376977,0.3994648030050117,1.5013471266219653
250,17103.0,11114.0,5.698062386367832,22.392441439106936,0.9952201509148397,-1.5730492526481763
252,1414.0,8914.0,453.22786328346626,13053.71489436658,1.2683225275614665,-0.25713735430477436
253,793.0,14843.0,33.96250536502764,34.806195215654306,0.37823119952280626,-1.8398988997072963
254,35794.0,11925.0,519.4094909726571,22496.45091967665,0.40631142947483184,-1.5656154883326996
256,9087.0,14833.0,17.069876960237668,17.788672149543853,1.198181679071806,-1.5610211943392807
258,8195.0,14051.0,9.727862953685793,11.811068183462204,1.0503343813127421,1.5867425513393185
259,11348.0,9748.0,22.42689102067754,91.48423038040066,0.41089033788009516,1.6023901791606556
260,3018.0,14062.0,55.87529241422865,118.94402363043751,0.9533553479987146,2.071430332246603
261,61019.0,199.0,63781360.91367141,63781360.91367612,1.7362497559147712,-1.5714260306610282
263,1094.0,14372.0,62.428610959075485,958.017371961642,1.1152763295752606,1.875225666329389
264,33081.0,9029.0,18.74613074809664,229.29380441717316,1.2533898904791765,-1.580571625458479
267,7179.0,14820.0,14.690985007784048,15.543867264770968,0.5339656461709019,-3.080526995327552
268,7360.0,14815.0,68.8572694372395,88.09261170493065,1.525420027170529,-1.6199417702539387
269,34034.0,4440.0,39.3550331826273,895.6389548587878,1.0145121252948717,1.569274203509665
270,44966.0,6851.0,2.9409410647496044,12.242372461875581,1.8677979908036482,1.5670835788278137
272,7137.0,14773.0,34.96810229133271,129.5367780150925,1.101313762793707,1.5687346153645834
273,56969.0,197.0,6.678085251414817,806.6109029950012,1.7366145241302433,-1.5710303910782166
274,3346.0,14143.0,53.10185180633444,223.70091763218576,1.306257448303251,1.5438698031587452
275,6620.0,14720.0,18.029289437324525,79.80321178972756,0.4278426327981277,-1.5702509119750294
276,26930.0,8057.0,21.536356567113078,98.14815550576041,1.112353129694672,1.563913423380924
277,2919.0,3814.0,511.3641282813649,535.5811525269381,0.41386065069842304,1.580118477301679
278,5721.0,13585.0,5.526380012827139,17.131983544887976,1.1020108373606903,1.5838032775277484
279,5824.0,14985.0,41.704267536555015,86.72035398320614,0.9780178869511932,-3.066858561229165
281,28941.0,11944.0,9.86403115408929,58.899359097591585,0.38857321437309966,1.5788875584526953
282,31394.0,7901.0,77.85830861289271,227.34193677565594,0.9445151812587784,-1.5297771774886217
284,17019.0,13789.0,4.091380353371262,14.336145414374121,0.5398631055134715,-1.602543617789596
285,42333.0,12658.0,4.206587014625394,22.69845138338675,1.048835302040386,1.5539080234260088
286,5547.0,2388.0,21.352182632763384,103.15246275074331,1.0446996441999012,1.5572283984948796
287,24603.0,12697.0,60.35497676901958,168.75086370149563,0.44324290007534123,-1.5595912166702885
288,30495.0,14789.0,174.79356940785436,2514.5750114217976,1.3916168105991615,1.6276863498578737
289,3385.0,11943.0,665.0910419330784,8003.852458734565,1.2392248827304773,-1.8609105380446926
291,12539.0,8023.0,1.6488596055987454,19.150359520321892,2.211248035255201,-1.695263563717068
292,10733.0,10355.0,28.115862206528718,687.1741534847002,0.4058118226314502,1.5815492062874275
294,5809.0,14609.0,311.70884518607966,1848.1480664229832,2.249319847308058,-1.6259736262767648
296,2697.0,3436.0,46.887113710739904,985.7813140632425,0.9708050854593304,2.394588862150737
297,3954.0,11353.0,24.302984548062287,130.41456716541094,1.5403322777673514,-1.6861266232839336
298,28329.0,4362.0,444.3630113112135,172953.70631265038,0.9862795087488389,1.5785485472971603
299,48493.0,7888.0,171.695472524301,39361.76695953597,0.9446914044789791,-1.5466130495445851
302,3022.0,10666.0,15.93557363546365,167.74726265494957,1.4834576222929419,-2.054696006054315
303,41210.0,14804.0,1016.9937318597689,16436.731563579913,0.9944257571396102,1.5467106163563733
304,13618.0,12265.0,19.17309053537563,107.12453066273454,1.1091887542330667,1.549538992079625
305,2991.0,11170.0,15.008936906453007,110.92075591302512,0.4020599104441318,1.585682686875263
306,52149.0,196.0,6.2390882759111115,368.5856517129612,1.7407562824327738,-1.5707817415337093
307,20966.0,15129.0,12.684529509913903,28.58720321846374,1.006797407414497,-1.585253807272558
308,5005.0,14840.0,1229.9680942303376,8347.464061315324,1.125660501056168,-1.694882043065802
309,7449.0,14208.0,613.2107856676788,4315.145572039824,1.0132629466858776,1.32022633295277
311,18652.0,12143.0,7.58985240992,29.16816549527453,0.4846731866289764,1.583228340542522
312,47709.0,7355.0,199.16896137928384,44543.6346482794,0.9753016205207306,1.5665186860813773
314,17010.0,14858.0,730.9995691150542,30361.837466423924,0.9756245320914719,1.4816620284386295
315,33412.0,15027.0,3.9783920720865,6.368683596241129,1.2759349657503145,1.4985408394122421
316,20452.0,8998.0,8.900210403088382,939.6911863690704,1.579265604580299,-1.6425819352819837
317,23415.0,4549.0,25.673002294550923,199.3301325153655,0.931892911167846,1.595514728621724
319,15846.0,8844.0,140.34889751768827,41729.24678440118,0.42249172635553023,-1.5906246963768444
320,1336.0,11016.0,26.804920840423343,6442.752609754898,0.3788680551273239,1.5174322252809018
321,46186.0,13394.0,12.188863703848172,106.544756790896,2.604980058786695,1.5763097080958228
322,10458.0,12957.0,84.30390818625257,801.2344361681783,2.3376512288593907,1.5975162505574512
323,35406.0,3383.0,587.9551138909964,12667.989868613855,1.0013800186431976,-1.5504124356319398
324,30894.0,4432.0,59.3958425829413,11674.46348156171,0.9597355511072073,1.5726713437046225
325,43527.0,12457.0,273.3416265651998,53176.153495052546,1.133456036640979,1.5676083263432417
327,2507.0,1225.0,9.83397341818611,32.79074000165477,1.6839603186186913,-1.6160227781381373
328,38771.0,12183.0,325.62451445637066,536.7864048811941,1.1790100835673614,-1.55868271398825
329,16107.0,14953.0,76.66415587870571,91.21359594867428,0.3903928495968939,-1.5628821897249938
330,9463.0,14004.0,7.1045412551164295,26.696004836380386,1.229514193577288,1.5743215535735107
331,2382.0,14995.0,44.243158870146225,438.5363040426521,0.4254185230158015,1.6496187859243543
334,38830.0,11945.0,63781363.00000037,63781363.00001178,1.0620955001207597,-1.5184981304594811
336,51248.0,10110.0,41.74028783886262,110.05109955919441,1.2655432521767176,-1.5697009515480445
337,21156.0,11756.0,280.6731976243557,3086.50976749373,1.2410461785502929,1.4696380962413
338,19312.0,8345.0,17.399756823613377,295.60737808282784,1.581654289615989,1.6079293539936674
339,9634.0,2457.0,23.55875750038803,234.24206273109542,1.127540231462416,1.5691015296119628
340,2924.0,7603.0,16.14945410568517,115.12439884058305,1.388359621074118,-1.4794025709182679
341,28531.0,9303.0,52.58999779149147,107.00204999182786,1.4561508931855416,-1.5760431711016565
343,31746.0,3968.0,63781360.91367369,63781361.231372006,1.7668950854967327,-1.6007369303417884
344,25672.0,14884.0,28.472819288021803,94.16147732319813,1.7448619827864789,-1.5882009114015407
346,26309.0,13559.0,12.739078219421812,37.88982041993821,1.2904174893681999,-1.5744757210828826
347,2216.0,12651.0,16.019671488425764,103.02216468037624,1.2867158300667199,-1.4206414211038185
349,2177.0,8262.0,97.55976875289726,583.4407972029807,1.1062726993653984,1.6128100830431245
350,619.0,5427.0,232.51428246655183,3837.4450145203436,0.3843758819348842,2.673861624218492
351,16429.0,2040.0,26.433826036216807,645.9687579729507,1.2449813093168203,-1.5580795154080886
355,25956.0,6690.0,2025.4550865973572,1119950.4181222285,0.9401019847810578,1.559633211575548
357,912.0,12466.0,150.2935560577964,1300.8818165801056,0.4341865572456677,-1.0218056067558445
358,21837.0,14068.0,10.665447058790612,27.552280670123114,1.2638360019649326,1.57863482781917
359,11740.0,6780.0,95.83747884518472,1274.9931591555187,1.2267901666534842,1.5381549609738874
360,61462.0,199.0,63781360.91367141,63781360.91369962,1.7362497559147712,-1.5709006518444066
361,28347.0,13393.0,4.303790636736104,17.26631321159733,2.5483436149099035,1.6308612943884333
363,56969.0,197.0,6.678085286102238,806.6108911151823,1.7366145241302433,-1.5705787850964927
364,11700.0,14229.0,16.749131164878083,130.8778295880134,0.4193784099558897,1.5628401140860733
365,22587.0,12695.0,22.088263269466516,109.65211482708666,1.0716798691250102,-1.6021843856495233
366,8705.0,14815.0,29.476601342154062,56.95621795199106,1.2712531430432565,-3.107451525251205
367,20491.0,14358.0,140.53952399308372,404.4630373175131,0.42974804954132173,-1.5565207458948178
368,25960.0,10995.0,73.88244718049005,4297.572848132036,0.3964290743089365,-1.560014705596253
369,957.0,10774.0,8.92673112277598,33.35033338514251,1.995199691596946,1.6459318673829126
370,22162.0,10591.0,63781360.91367156,63781360.914516225,1.7685224180924148,-1.6449444934695103
371,43531.0,4509.0,58.53011524329176,168.99849991029473,1.0799089706337666,1.5807819888263628
372,8238.0,14917.0,71.19422705914806,84.86852163357167,0.9770544792645769,-0.15480866493736734
373,5853.0,15278.0,8.563218196777514,38.64029540941761,2.4331727432180172,-1.269357786712715
374,3091.0,13844.0,7.741632265311,42.52481809214195,1.536584448111227,-1.5538957565559264
376,6239.0,10184.0,11.012908614974407,109.42515520707488,1.0588564934383131,-1.5864676332694843
379,2852.0,14361.0,46.87062725637914,61.50019731120167,0.9616310582433255,-1.9993386796238062
380,30178.0,8076.0,11.040008098224055,79.70811927929076,1.1174162812817623,1.5693844144964941
381,5222.0,14878.0,14.903546177036652,20.07280131694826,1.312544724557647,-3.0874258986758703
382,17358.0,14072.0,19.760108916190703,43.151700564448866,1.2118572101860716,-1.5429755747700225
383,20228.0,14851.0,45.36513822349205,47.93272679777627,1.264493849508339,3.123600962047324
384,27491.0,8446.0,54.96606409240063,440.26981959913724,0.42235683656469303,-1.570277898839647
386,42318.0,192.0,33.343475032983385,10984.035228959061,1.7353817713345605,1.5699834410899085
387,13248.0,8975.0,18.238338955652765,1649.8350022197617,0.9639690426469018,1.5679615417454018
388,12366.0,14596.0,34.306095246483856,59.66246724583759,1.8172134151252635,3.1216262422064127
390,10680.0,14871.0,22.619833170361947,66.13813937482588,1.096779303474206,-1.5542875857976033
394,4329.0,11105.0,3.5631716857568474,26.68527989266995,1.0565710523973049,1.2614270794227722
396,52094.0,196.0,6.1447127252002245,332.4417413837116,1.7407562824327738,-1.5707357769950918
398,21392.0,6206.0,30.034887341523934,607.9301641679004,1.4007369207874927,1.5733880894049994
399,47018.0,6100.0,332.3661962866972,2718.291175204824,0.9584094657421854,1.5834968119858455
401,5611.0,12022.0,4.868270458315959,23.87072720623927,1.0382930144451024,-1.5593468944213604
403,10177.0,12454.0,36.560145214285726,126.61492478393707,1.0821451783133114,1.6052898649527092
406,16275.0,15037.0,8.194054519015191,11.02805054840287,1.3524463701974123,-1.617799550697239
407,45582.0,15071.0,6.913460302068252,8.20550256697492,3.220486783048706,-3.0956835946930967
408,43992.0,1428.0,61.040780714727724,1231.6145255186989,1.1177952221243046,-1.5680824401797973
409,13063.0,14864.0,107.43476295390722,643.3044836774692,1.314465274369767,1.5722459724631712
410,30186.0,9751.0,108.20800414665827,361.2134603331659,1.0114647282575995,1.5860125001836096
412,30302.0,2677.0,63781360.91367144,63781360.913676284,1.8427412658688578,1.5468336211076015
413,7133.0,6668.0,28.32216067719608,405.99554740748374,1.2918912579078061,1.630344351915087
415,2168.0,14026.0,54.1011102995368,64.51752052968699,1.1075444100255594,2.9738347481655425
416,4266.0,14495.0,14.132599425293916,16.910760441075738,0.48933029901673075,1.5213013541960108
417,3865.0,12882.0,10.802692122504082,49.90020123685843,0.42243616434794634,1.6273798464173752
419,12163.0,11748.0,110.10724902777886,614.6129994000396,0.5066476926314327,-1.5334140118946562
420,36377.0,5865.0,12.265229353576041,55.560025678338036,1.2559478125153183,-1.564395394918827
423,58919.0,12400.0,193.56939732925665,7349.732360281456,0.9601386147627383,1.5830091943833577
424,236.0,4186.0,743.4078197618352,5845.381454037104,0.9577662239655336,-1.6292354525015287
425,9357.0,14858.0,1996.8697071204213,77645.27867640692,0.9756245320914719,1.6599607891311108
426,24110.0,2661.0,8.823726050470853,45.58268141591974,0.9656521214529858,1.5227488847521249
428,45701.0,5379.0,292.81237209550704,23976.16691481103,0.9079333339969615,1.5793746946417444
429,25611.0,12660.0,19.44176628119783,97.08601613114479,1.0224654153969337,-1.5673142152027812
430,11872.0,14783.0,68.32492792085942,83.62474821056192,1.0847328570166137,-3.0192909623547424
433,59478.0,12290.0,398.6947018589014,538.8393963585783,1.4075674854031006,-1.537728326084702
435,42170.0,10264.0,746.9215816765309,145458.39456704492,1.3029526448592819,-1.603844305663496
437,4377.0,13078.0,29.03104634398533,77.9263250505571,1.0739830158184351,1.4767062256261483
439,9930.0,4748.0,38.02913430403402,853.9284462856062,1.071461550380456,-1.5745849109509735
441,6969.0,13535.0,63781363.000000104,63781363.00000216,1.1333506755308855,-1.362949332823161
442,3383.0,14141.0,10.317821524156951,24.263135042735087,1.1623271882698643,-1.5216829953861621
443,15802.0,11228.0,31.220470810955643,92.21009019101734,1.1224485300800673,1.583004126068433
445,33768.0,14273.0,39.86662939839775,159.56720919722832,0.9661830019789395,1.6131492656103659
448,4842.0,10744.0,22.704278871639172,611.8177859160911,1.1905306630247803,1.583404575049307
449,1751.0,2010.0,4.64268745288742,12.616382140167618,2.455271779051812,-1.5726436962234502
455,3886.0,12863.0,120.63250128633061,1560.9419779485277,0.4496859208783225,1.6015608462244446
456,14844.0,12048.0,98.04931813693604,8803.838082918219,1.685463589546823,-1.5933938409938089
457,18467.0,4180.0,30.751138220457058,850.1843570781239,0.41861795837106464,-1.555594716817225
458,4327.0,9603.0,42.953039955879646,224.50338400051461,1.3741041313104725,1.5139545645825678
459,36858.0,11382.0,63781360.91367136,63781360.91367207,1.0404327699429468,1.609348008670212
460,1820.0,1896.0,244.11033468685693,5834.703937490391,0.9522838659970225,1.3919189775354728
461,24203.0,4468.0,111.36869079497208,26545.652436829463,1.290861803525467,-1.5675820587594405
464,25216.0,14412.0,11.242768461041733,21.068570131242026,0.5804166251845412,-1.5765690429315327
465,5984.0,14291.0,29.86249377814734,133.22439704358155,1.0870945059639565,-1.5974222451693088
468,18581.0,13087.0,160.04254150255719,475.3886464338532,0.4414777410142307,-1.5754911876035893
469,20188.0,10218.0,115.41593199117334,238.27684336187573,0.9761399802722248,1.5820454495980005
470,3515.0,14649.0,5.026044127240223,18.850739322241107,1.048351223770284,1.5753026960503025
471,1395.0,14374.0,13.991730622995313,169.80355451581633,1.111969010104125,-3.104434176602182
472,4419.0,664.0,24.453075358587927,112.07392676157174,1.2460024908963863,1.5164799514901983
474,39304.0,1371.0,17.365875808041647,138.89268331559293,1.231909594532567,-1.5719558623030698
475,3205.0,9214.0,6.712927158156104,30.53021186746547,1.70015537563826,1.617617765416735
477,4472.0,13164.0,18.76125989042173,102.9090552722856,1.377408764659545,-1.575490797987425
478,19214.0,8283.0,41.01335554069675,909.2500734188216,1.229583532076173,1.5366949153243625
479,46788.0,5512.0,227.88552734473157,16809.24352327054,0.964196731334634,-1.553563381849514
480,37745.0,10125.0,19.215044123081732,850.1263807737033,0.4275701471023974,-1.5687106410507146
481,8248.0,3089.0,40.511919511584715,470.7890591911128,0.4270000549304052,-1.5481253532055876
483,52593.0,12911.0,13.962871527543113,42.47582737304527,1.3636913331862086,1.5636617835893967
484,16819.0,1065.0,138.34833387463874,998.8241928168703,1.2270307616302174,1.5665441244413867
485,8585.0,11270.0,27.56061197139667,156.97906362056432,0.4319377781482145,1.5755629556429678
486,30585.0,9506.0,92.34044716860225,7076.163829838573,0.4293716349862406,1.576007574515923
487,5572.0,5190.0,25.433648952414,62.83909071082451,0.4507725393186192,-1.61957688064649
491,10408.0,7380.0,44.92069200164056,198.4789397867581,1.2800792421381717,1.5795979906061501
492,1133.0,14680.0,1897.1653691681172,33856.90540946822,0.33552537627991785,-2.3045686170863062
493,28638.0,4412.0,228.16970921093318,1036.8152451971464,1.0993323484012838,-1.5852451188101728
494,40230.0,15177.0,4.894815403869571,5.292648304436779,1.0854453911465844,-1.6505051548564513
495,9220.0,4328.0,6.181073876283135,34.92867831106117,1.4255004561443478,1.5614625429919617
496,27206.0,12163.0,62.37516334914497,3998.0990697898665,0.9709635440562785,1.5165587741985709
497,54795.0,9141.0,796.4523729587269,7165.655089969919,1.00125239169628,1.5627356362285516
498,36711.0,13004.0,10.07018450080173,32.35859146396109,1.3623427338625407,1.5674550605326298
499,12454.0,5614.0,55.37943842560323,1897.0919686762309,1.3281487825730203,1.5663415618181677
501,52805.0,13421.0,98.60703997990963,597.1056137793554,0.9820254105443398,1.5887459806410362
502,20809.0,15191.0,129.9872205685551,736.245537560602,0.9309062326579032,-1.642355963552773
503,5962.0,10751.0,2.786283968474607,18.249014716683163,1.2389563786187434,1.6465387961144562
504,14108.0,11845.0,59.80678282106177,244.33300087053266,0.934427251740868,1.4297503767771491
506,2274.0,5020.0,20.753409273644916,158.30101290046383,1.1585049155454383,1.526333919173318
508,51076.0,8954.0,359.7104305122384,29664.05213941159,0.96010033916478,-1.5602553458754305
510,42164.0,192.0,35.87623259837004,12889.115777042241,1.7353817713345605,1.5713295830831882
512,7878.0,13264.0,5.830189524004644,29.793813553544542,1.2677847758466452,1.5706114578782837
513,41528.0,10558.0,384.67623397182086,19511.538248422094,1.543674983411431,-1.554280710044465
514,18160.0,15174.0,823.3496317368764,52696.022530427625,0.9368099057437007,-1.5756113210536977
519,458.0,14720.0,15.238359820512159,15.44432356360288,0.30371657237229494,-1.8934608690496806
520,32616.0,13808.0,208.32821926163408,629.1481102639968,1.2265156649796354,-1.6064863788883066
522,13377.0,1800.0,20.07643681463246,588.0463030951695,0.5048384165922634,-1.6053304828733805
523,4135.0,15060.0,2.872128149234164,3.0533636651085936,2.2176740443123775,-1.8494376427430714
524,41981.0,4035.0,278.09441175875617,19163.24011850056,1.401672320663489,1.5845097032837063
525,4119.0,8670.0,60.11497012443254,130.40196351123703,0.41429186761406406,-1.5182437662858899
526,6117.0,12002.0,36.18915996359114,897.7620754429614,0.9651001762615858,1.4984252859842655
527,10777.0,4823.0,34.44144475858597,134.5978842985427,1.3240930668470057,1.5329238797554683
528,36791.0,7698.0,63781363.000068665,63781383.12719732,0.9310496935251913,-1.545732036013096
532,51387.0,14108.0,30.90633708673882,413.21069070411244,1.8834027288866562,1.5958124453678493
533,27619.0,15188.0,63781360.91367155,63781360.913671605,1.8345749519476047,-3.120305295506362
534,32749.0,7822.0,208.08032173660706,41833.38844894466,0.9762017945752506,1.5729060521457496
535,2722.0,8375.0,101.22293545445285,244.37749634812332,1.11288087156037,1.7325279750552673
536,10062.0,14377.0,22.65967071941542,42.267163656024685,1.114843316343847,1.4736113366252188
539,31461.0,13597.0,347.90265718796746,26803.986705251664,0.4263523981658478,1.5585298383885184
540,51214.0,14428.0,5.414788855928567,24.95326065793891,3.0601922783519484,-1.5831840852293946
541,13641.0,11495.0,64576.92242329838,261636.28596774407,1.301953614446745,1.4397141153798927
542,38357.0,13432.0,915.1769719509177,4529.342340874445,1.4810512948093768,-1.6709200877317991
544,35142.0,5294.0,26.30952961621648,887.8134807039612,1.270623939070785,1.5654833056147432
545,6082.0,8061.0,1.6087879560176608,17.57029363834229,2.211248035255201,1.8263131017695178
546,560.0,9308.0,26.01591981936246,64.85618636642306,1.2247557266519484,1.7863536567575748
547,27900.0,8120.0,74.10420255003784,272.9384344704989,0.9514416343274897,1.5636034471701568
548,1363.0,7347.0,33.18501160837114,298.674031138622,1.1096062496528714,-0.9239531627169449
549,1116.0,14884.0,24.97853464475942,345.0842813024932,0.40378557535752163,-1.7385186300280875
550,5351.0,15201.0,63781360.91367138,63781360.91367141,1.8497199417784422,2.8635470511745296
553,4154.0,15030.0,9.049811961888985,11.188991281553665,0.4836139645767633,0.08731359730038706
554,30924.0,13988.0,30.886536654672344,1741.411918658286,0.4616539787802853,1.5692663293016176
555,928.0,14862.0,22.07762765305215,234.54643675390287,1.3041502905819884,1.7153967616631054
556,26761.0,648.0,48.91997407661492,99.02123496172987,1.0983231351990563,1.5323011795964203
557,5904.0,11625.0,12.096406970323208,279.68974765051894,0.41109083191584805,-1.614701045110635
558,6082.0,2896.0,9.598738167223678,61.07449679903918,1.2642926563944317,1.6228842221073776
559,578.0,13017.0,328.36058168745154,1857.3784690604655,1.079969803025506,-1.931678659564115
561,29074.0,13953.0,182.20761993206403,5743.481004034614,0.43132136619159767,1.5487818321193247
562,51311.0,9574.0,42.9699465108187,3557.5435797829878,1.2485522824377693,1.5645251929932609
566,22270.0,3580.0,80.04207262466528,1283.6956627922775,1.3127928792940229,1.565948100040398
570,479.0,15032.0,10.233793944728149,11.29295641679697,0.4622719046295909,2.1415493607116884
572,11854.0,13579.0,16.836399505489542,277.0322335095424,0.422734866108902,-1.5932067588201153
573,5359.0,14131.0,86.15189811398038,110.53378042937926,0.4268062792119147,-1.552552080875114
574,15455.0,14701.0,8.95993418523619,40.42498205598094,1.4236791401412565,-1.5654432503452995
575,11026.0,2844.0,34.882019636263536,472.50956569121513,0.9723635112387384,-1.5387633491400519
576,50207.0,8172.0,1.6318320780666988,9.738224921356686,2.211248035255201,-1.5645547148256462
578,26569.0,14626.0,63781363.000000015,63781363.000000186,1.8968296012309318,-1.5759738357959654
579,2113.0,14018.0,24.139743643902197,122.31119634222682,1.0822102424848237,1.6564526650341864
580,12632.0,5030.0,189.97322002494593,1136.1526936558282,1.8000944914055437,-1.5756627321362169
581,3966.0,3193.0,63.763774639210084,202.31513063130782,1.2057471274974114,-1.552788543407498
582,4865.0,7676.0,8.179778176109908,30.656589838687715,0.997436565794345,1.564783390606195
584,10623.0,13985.0,7.7117283584812295,19.314680717266608,2.649316418473134,1.5738080825293963
585,47193.0,11225.0,7.647475057945983,63.913568934978315,1.2398065660346544,-1.5744398435482359
588,6500.0,14858.0,70.11257620517291,86.67192409605065,0.4104844558785693,3.135697508403877
589,42250.0,192.0,35.01120118592394,11920.381591710438,1.7353817713345605,1.571621387349601
591,50393.0,8379.0,247.18318711164443,6134.249752166823,1.0873300466539955,-1.5699951035296036
593,9736.0,4528.0,32.910778214303356,1225.3451636242346,1.1101316466294828,-1.5952989892936655
594,39437.0,15070.0,63781363.00000006,63781363.00000007,1.2759349657503145,-3.0965927802040674
596,11526.0,11537.0,14.126957919885381,63.171242917570446,0.45854287338947447,1.5662125348934357
597,368.0,14355.0,16.032852711113172,36.39026704714231,1.10551126863863,-2.2391629847093215
599,46202.0,15188.0,6.272005438153688,7.297312967025398,1.6931280516007214,-0.041924546355625134
600,46934.0,14712.0,340.34443043677135,4652.747910044645,1.0254317339124168,1.574851988531608
602,11459.0,5947.0,319.56990764634145,15589.505509590332,0.9745519933334998,1.3944224394410727
606,14871.0,3804.0,10.616330522214355,357.4438322885614,0.40529070285051116,1.5747220147747807
607,6922.0,14742.0,30.20198889523385,75.49132664318888,0.9897342267225234,1.6013984169633568
609,12818.0,14379.0,34.76966055260376,40.55432368524584,1.0633454112804612,1.593546749378435
610,8986.0,13267.0,29.037451287823888,83.70725116874176,0.9692431874057033,-1.5602614047208392
612,1901.0,14548.0,20.733270477152626,49.057591255244986,0.4257704910751763,-1.6776440604958
613,7409.0,11115.0,25239.694891332736,3991420.06618935,0.9226325371098385,-1.5615244421648897
614,30622.0,13017.0,9.803956699660793,28.50925515618613,1.3623427338625407,1.5645669865301566
615,3144.0,11426.0,953.3634233622138,231682.05202467903,0.9649635536171475,-2.260595594846304
616,1217.0,12735.0,78.08948331831685,248.55747617349385,1.255421178333322,1.196995072787888
617,27398.0,14271.0,48.208832953515035,3047.2725860230853,0.4282957420930405,1.5876809396484475
618,2586.0,5719.0,4.784111373507283,24.73122588667826,1.2879565763718042,-1.5153048432001244
619,51474.0,195.0,5.551345434606469,46.235227559710836,1.7407562824327738,-1.5705744403125306
620,13139.0,14183.0,163.99997332190313,4589.769642698384,1.0874574274714333,-1.5788006586097703
621,14329.0,556.0,5.761059900415011,34.724451973054386,1.558137789786413,1.5661382781892514
622,15166.0,14076.0,26.560131463632995,333.4867014738235,1.8855475312807841,1.583777261213526
623,23189.0,11760.0,52.598474448797894,233.99419722294968,1.253147072287684,-1.5768277579341932
624,1976.0,9079.0,5.072589238182481,37.029287201989455,1.0500233071855143,1.5944430323954797
625,676.0,5540.0,31.802520024497507,169.54367529708637,0.1937205365268712,-1.6909940786250282
626,3327.0,11989.0,5.961918681645978,17.547501402246798,0.6927966639866495,-1.5559956583429244
628,45663.0,10672.0,3.2595888480731423,23.467816799666878,1.2394112690615444,-1.5797583404471212
631,2970.0,14149.0,17.476730544988534,46.16362454020416,0.42637721311653115,1.6529335790430508
632,42683.0,15195.0,512.0772086218034,7422.7264917064995,1.0110525174693816,1.5927776563517595
634,8608.0,1671.0,96.7694104682706,721.9103833640265,1.286387994601196,-1.5335061703090413
635,1436.0,14703.0,26.857069089470713,36.345509789757806,1.0164607625381163,-2.7353333669383977
637,18807.0,11838.0,292.8401185203404,371.6777154058723,1.5304280727733643,3.12047299973141
638,43517.0,192.0,6.322944445575595,210.7040733303914,1.7336328859840298,1.57108007379244
641,7337.0,15192.0,97.4793746787403,768.9973281395198,0.8993141552989634,-1.552181941791552
642,46682.0,10502.0,5.113099526604671,77.54294081673183,1.0214729873336654,1.5742051436819553
643,974.0,14896.0,25.0301547444693,444.63590730590937,0.2920411643702121,-1.5262091407036669
644,8096.0,13976.0,19.0913133157131,90.84055411139606,0.9666720186278006,-1.5585735748665652
645,10587.0,12044.0,13.518003633694267,142.50576240389736,1.6480477801177151,-1.5637286173715712
647,30630.0,7429.0,41.1865546098217,192.79828378501762,1.1102107013696476,1.588275832604531
648,16265.0,13948.0,53.851534176390984,625.7353193663444,0.43132136619159767,1.5348181157698007
649,43177.0,13511.0,60.51786894935768,101.7551545366458,0.9406646472179961,1.5696596946006245
650,25854.0,12207.0,29.08149094590588,93.9086372418657,1.5637823593248024,-1.5625173839158795
651,32696.0,13318.0,4949.144754640559,215622.24493688825,0.9217150215411856,-1.5491808393189608
652,24286.0,14580.0,39646.65431598161,1629916.6719126443,0.9135895907109979,1.5263426216892768
653,15956.0,1669.0,529.3473507371692,2923.9156027823815,0.9477063687562657,-1.5740962292166392
654,3177.0,14653.0,22.868118016103644,26.05796299624495,1.1107829897498254,1.417637205624946
655,1254.0,14397.0,7.662391463335695,10.900482840533824,0.5405336627790902,-1.534388467484413
656,3821.0,7786.0,88.09211778074328,445.680235780568,1.0455103460785966,-1.4653999544424712
657,24283.0,11816.0,14.656596827964787,62.38854056605888,0.9839497836312572,1.5642837298305026
658,50299.0,14619.0,37760.87945137594,1521214.1649732504,0.8880564504400116,-1.544044937024456
659,24005.0,14963.0,42.35734897798613,124.96466863733184,0.9807569174429709,1.59589540438524
660,588.0,2044.0,63.56709331985548,118.94326795007005,1.256279736622589,-1.2014831175950385
661,43584.0,1076.0,19.596049021152265,74.14598354959284,0.9534151377496071,1.594566547303814
662,2414.0,11988.0,21.66983004059843,173.79515451579462,1.0643166977990723,1.5959100407772053
663,4427.0,3450.0,22.31305784499335,115.45389647828978,0.42722147100204966,-1.562405211604108
666,1700.0,14985.0,215.7419835533596,316.3956735852904,0.9604599145978725,1.6077980486286494
667,5076.0,14369.0,21.733620048794634,56.26723355902721,1.5592408526531436,-1.6411914284137081
668,44516.0,15209.0,63781363.000000045,63781363.00000005,1.6044024141576885,0.03363848483377843
669,1465.0,14882.0,23.10593045203976,95.60531497952485,0.9336759161200255,2.9059675840526333
671,31535.0,13474.0,352.45908257210317,23327.41803409145,1.0927005433865393,-1.5856389851717487
672,8114.0,9612.0,75.28671825387022,215.04031231636705,1.3522114585005227,1.5798729571330545
675,732.0,14863.0,157.6136754811497,6180.041735035213,0.19861690199961374,0.9620525362965093
676,8231.0,13844.0,30.419855994968096,208.92138008638315,0.44387646787825324,-1.5790262071881098
677,9913.0,5150.0,9.65297152014825,39.43634095356991,1.6149872288919698,-1.5682626257951666
678,20047.0,13707.0,69.11139196764856,600.9498982368414,0.41048120632727036,-1.5752743827070004
679,46959.0,12074.0,653.0169812814084,21209.120079314107,1.2340131021408438,-1.5389359018739486
680,1850.0,13146.0,22.519934123374956,55.801265050869894,0.9974472916263405,-1.6358944745918786
681,9688.0,9788.0,6.516046601830996,60.03761950340095,0.9185911645702508,-1.582926276627321
682,48552.0,12222.0,12.741878773665087,284.9604072984826,0.9779211745150377,-1.5444410997753548
684,32336.0,13339.0,275.23766676584694,318.4405206089699,0.985624841920783,-1.5381010469940855
686,35051.0,8199.0,12.913735056542956,312.64716202857477,1.0315447737378594,1.5739628549882911
687,17081.0,10123.0,7203.56556589409,45456.488213502,0.9997328514128014,-1.4598670511454197
688,44046.0,12338.0,25.57806057719803,102.49057165879714,1.233408728072372,-1.5653134628613312
689,26120.0,10459.0,21.533914921083955,172.9730810292482,1.0821855062368262,1.5770761520479948
690,27852.0,7093.0,190.67798561729091,29291.793398482725,1.069074079020678,-1.5885821433928398
691,26068.0,8410.0,5.962049669839725,69.9480355431131,0.4301229255691543,-1.5675760814382906
692,26478.0,2446.0,543.7032684725069,1041.8826174872481,1.2973363968432918,1.6092659870574306
695,693.0,6723.0,25.659062360425505,571.7406950289201,1.2471186979279498,-2.0319714451231854
697,22770.0,5461.0,141.75514233171504,1997.1047533080966,1.0848853429159637,-1.5319374910243608
698,3555.0,10664.0,40.58539841306083,5190.010432064152,0.4237224983226571,1.5410567060842435
699,44525.0,14654.0,26.32517784489473,343.9381376468188,1.5466317255382047,-1.6011399470938972
700,21844.0,9932.0,24.47486618379606,120.30714134094669,1.2513744703502836,-1.5832260947084247
701,537.0,12967.0,3.1949351611606462,8.434645897160523,0.9700865907549485,-1.4062113901834785
702,32321.0,9483.0,60.4020225354603,565.0637691089506,1.2379286820108455,1.5758274838008102
703,22992.0,6244.0,53.15314008109329,403.3093581324439,0.9731705900758694,1.5787816865033382
704,8281.0,5197.0,642.9431376388127,3027.196208191434,1.3361803225044817,1.623030031063197
705,28929.0,10417.0,57.05712312203025,1659.936412493097,1.294602302774619,1.5743196147918044
706,25630.0,2958.0,37.59276443255487,170.2028109427599,0.953623706303936,1.5861531054139468
708,57159.0,10072.0,8.1795433826962,47.47020424376747,1.2496157010091238,-1.569624528525288
710,119.0,14816.0,17.25394482853517,30.691927794653907,0.4398320922695549,-1.1005539529130373
711,18932.0,13458.0,21.450923694932705,103.34208717662067,1.3195107593569573,-1.5803554276379204
712,61238.0,198.0,63781360.91367141,63781360.91369952,1.7362497559147712,1.5701197988112081
714,33236.0,9972.0,464.1534298752144,74844.61010163838,0.9412754856760795,1.5685718747235717
717,11971.0,1084.0,29.853434659701517,2024.5212972237648,1.069183238874441,1.6096010724171226
718,36938.0,15230.0,26.131283766029632,159.4150881775799,1.0094834175462626,1.568022053804847
719,468.0,3251.0,56.50769806803372,16347.652925673896,0.4348984965773309,1.2579766362876323
721,36765.0,3508.0,253.39663924611514,9252.39461985374,1.0631097000367515,-1.5699401561076667
723,6745.0,14662.0,13.751417926471273,58.76124041584531,1.0219298553321166,1.6005252054972547
727,51884.0,196.0,5.249788126783,46.091955708850456,1.7407562824327738,-1.5707758361971187
728,5194.0,7164.0,27.78840556710373,101.84294582769866,1.0741878877222026,-1.5047657905018508
729,2611.0,14242.0,53.5362458487568,97.52248885435856,1.121788936840479,-1.3450852712052164
730,7074.0,14771.0,23.705644980184545,34.820320973587535,0.4395229787177526,-1.5524311171977967
731,34282.0,12450.0,17.705296691543047,575.4949600867835,1.3068046651686476,-1.5648359044967262
734,8447.0,13825.0,356.7410945539174,17095.403919593944,1.8230912701789077,-1.6229117592585518
736,57946.0,12227.0,581.3355417665582,10017.183715813764,1.0947558117928329,1.5642748804044555
737,51474.0,195.0,5.551345467276484,46.23529556930787,1.7407562824327738,-1.5710379011701403
738,9617.0,14543.0,169.30641300097048,378.8093008747986,1.2580350116617516,-1.3982319386145527
739,6669.0,13336.0,21.90261908870919,78.14297987602838,1.2361558991510129,-1.5058799057888075
740,25097.0,15206.0,3.733492131603773,6.482222882915898,1.6044024141576885,-0.02897475772994288
741,3307.0,3061.0,34.33357424032973,356.37919461809315,0.9833101050303459,-1.603233567828712
742,14662.0,15121.0,31.89634429244068,133.83720548435065,0.9400547930546278,1.5739140709164385
743,46146.0,8249.0,25.92238806480885,5187.378987045933,1.0315447737378594,1.5757851550508872
745,509.0,2239.0,17.057229225815604,1067.3422385209174,1.3197677546132938,-1.913803340872688
746,5413.0,16432.0,63.04107834212388,114.35195276164328,1.2294250720971647,-1.6096147489349908
748,62610.0,11222.0,59.977847331505075,597.9533182602464,0.9713946285833087,-1.573756500136372
749,31867.0,15176.0,4.680135053681423,4.801674408457363,1.0854453911465844,-1.83778879497584
751,24230.0,9116.0,968.2376756609947,9192.788629588416,1.1526920918032717,1.5621529060165702
752,1113.0,14786.0,70.13735050202676,110.87926717564207,1.2582738319166373,-1.4441681572225413
753,32416.0,4002.0,63781360.91367388,63781361.274972364,1.8087532333352487,-1.5991528393035943
754,18598.0,11106.0,99.17556589983796,726.9023625321504,0.3949237319327257,-1.5529399372104078
755,21206.0,15187.0,6.532232949378685,7.568260923315202,1.6931280516007214,-0.08888870961612483
756,49539.0,14899.0,225.29631960822158,14861.340352090972,0.9792344653399797,-1.5688019275951781
757,6566.0,14226.0,4.508893175336095,10.170812732772426,1.0864932971890229,-1.5728476644282385
758,6900.0,14789.0,21.507132373382376,27.95386762890894,2.243885297276475,-1.6099266609961695
759,26185.0,1852.0,23.98828250862261,3585.9155427330593,0.49002995870010146,-1.5791001813240377
762,19646.0,12383.0,264.8627482191129,18321.877836142103,1.296681127520164,1.5611279634170323
763,50990.0,14977.0,949.71501737564,13807.828384033726,0.9628682636986633,1.5379945390841154
766,25514.0,14321.0,119.55607370546389,379.36020387946957,0.41971590601186365,-1.5910486534456023
768,51898.0,196.0,5.288730446887822,56.38970125590776,1.7407562824327738,-1.5708525139686866
769,780.0,15043.0,34.88646451816597,571.9120776018952,0.8878859958778724,1.9247419871593925
770,4127.0,10201.0,16.989577908006236,63.7423551330883,0.42436648012647427,-1.59001272791073
773,12878.0,6441.0,879.6984397113048,57286.057081475075,1.2172758992712451,-1.577897300478968
774,44640.0,2951.0,57.25627376808381,7378.871345557025,1.0451377161436821,1.570361759901985
776,11134.0,8848.0,20.47342537081528,93.03304231415088,1.2485354104663047,1.5621219500161272
777,22498.0,2998.0,9.123356857572192,38.32493809689986,0.49938809810757256,1.5709693325550602
778,9891.0,6904.0,123.86304757023338,714.4743115267119,1.2838882013459412,1.7126629975684675
779,10391.0,9948.0,25.481912371372164,312.66285316964127,0.9271686433665048,-1.572208676832347
780,4631.0,6363.0,125.15063906882001,210.17989104062124,1.6212201223200577,-1.533297877108375
781,9454.0,14984.0,9.546742109664551,13.523547703286127,0.484473851166593,1.549981454187031
783,40629.0,12913.0,63.04871114285494,142.4218507570143,1.5220822788511164,1.5866191799994362
784,3208.0,14685.0,423.9997367415169,6668.29106918799,0.4056778195964623,1.7180363061585329
786,42892.0,192.0,16.98460744715575,2119.0298611578937,1.7353817713345605,1.571426512110142
787,4506.0,3146.0,16.55999198254095,144.57483951093874,2.3530683659342846,-1.5895724391348804
790,1203.0,15045.0,26.251480591852516,44.0158424103041,0.4275333334434199,-1.4831965949183699
792,5913.0,14979.0,124.0154774864481,132.36717323143412,0.9606612382595234,1.339208015349263
795,11012.0,13249.0,1255.5735857105576,7235.34357004358,0.4306042913525424,1.6012515376843852
796,16854.0,13585.0,62.215348965951996,102.13737405299207,1.535769353325093,1.5634166651235353
798,5218.0,11184.0,21.000011127709595,110.80998691130785,0.9662135493670484,-1.5224445023900344
800,10068.0,11173.0,50.30385809495429,193.01460643193332,1.2277371566607829,1.4700379956904346
801,1071.0,14866.0,248.31207102756446,533.3551436434055,1.10277254055775,-3.058692353622654
802,21111.0,14465.0,2360.7259557821717,76495.93298095473,0.41955717852706004,1.5999105400689955
804,22786.0,14163.0,49.050532031316294,159.0839507431979,1.2442043957664466,1.5764457793067554
805,19768.0,14841.0,16.854755075639165,20.57670143872716,0.9561769987370881,1.5540689715642135
806,257.0,14020.0,23.773252551469216,50.40872496422945,0.43557023283989355,1.7583905925908292
808,13394.0,4920.0,187.85897787203916,1046.1492496144695,1.0268813347867294,1.5666260348760044
809,17049.0,8105.0,1.6263118393346485,15.122653942038925,2.211248035255201,-1.550985079082071
811,3338.0,15112.0,25.368484103595417,30.034293582010317,0.4284121754147525,-3.0873609689211268
812,50632.0,9235.0,63781360.913671374,63781360.91367984,1.6959932827367412,1.5404309474110573
813,3501.0,14696.0,11.67469984963088,19.192153655932565,0.519843059112358,-1.5349816122873374
815,9575.0,6114.0,103.24164563845225,1360.6638405322494,0.42465626684006474,1.547870363921631
816,24322.0,15018.0,3.402687041935183,3.610150260187301,2.2176740443123775,-2.934068059654377
818,30363.0,13332.0,18.12515693972752,65.96217482866318,1.117789508898755,1.5663455178647914
821,12598.0,12213.0,12.973279567635405,85.77034473898136,0.4416075862112966,1.556973814544809
822,26343.0,9400.0,9.536402164167306,49.27889306932791,0.590545424373682,-1.5721424941381044
823,20924.0,4403.0,59.702892835226,2947.1418860553895,0.40883362219217606,-1.5616513381160242
829,5168.0,14731.0,175.57372671405508,272.01647917483217,0.9776743137292191,0.20706360430860044
830,3899.0,2119.0,22.448534957426123,307.8535569696887,1.0977844409541473,1.5552733236196183
831,17687.0,10562.0,7.347219434894044,536.7943123326639,1.8117218670148447,1.6088397955007803
833,8023.0,6880.0,5.056080754636458,36.66117401777755,1.6896125532242245,-1.561855741911379
834,2456.0,3767.0,29.49911538460456,66.07038964927371,0.4397778541222608,1.6318802763639784
835,799.0,1830.0,12.183216414795854,59.523015092402034,1.273214372808876,1.4262405380188412
836,5612.0,10019.0,55.02097558169449,240.38698220062787,1.01633826824058,1.6735238491808881
840,17222.0,13530.0,63781363.0000001,63781363.000002675,1.1333506755308855,-1.4819049817336694
841,11917.0,11862.0,669.3730198947349,6720.8976502312535,0.4122735912222135,-1.5398433850819742
842,1678.0,14266.0,244.6110070698795,4216.949885942719,1.5312233928683843,-1.506253505187392
846,3834.0,14426.0,30.27927808360286,324.1752530342343,1.0747628941805738,-1.5862078491589129
847,2198.0,7992.0,4.385199041125916,11.326897007703307,2.3861245077160875,1.551303257874391
849,472.0,14698.0,9.892852478165766,10.391135729195353,1.6867848628537154,0.5821696008478989
852,13921.0,2059.0,127.89168041302739,684.0837442284519,1.1096447420490603,-1.5978435853964288
855,18487.0,15237.0,135.9509493151964,349.35141175501906,0.9669174835216381,1.6485015867733126
856,1388.0,10724.0,13.582821557372663,62.40427939875896,0.3851227501321735,1.2397847674330928
857,19552.0,11692.0,22.128399761184163,867.6233927578746,0.9403635529872245,-1.5534203236671247
859,20835.0,5275.0,292.5674579076028,26833.802029261646,1.1141029260191515,-1.585725578048872
860,15083.0,14806.0,78.05314438339002,108.8725229824963,1.3076799932279828,-1.5613868659700374
861,2634.0,14829.0,75.20153936022263,259.81841024021764,0.9490128389735248,-1.3725757954320825
862,1666.0,15198.0,192.55196568110048,1248.075890144814,1.2578941528442362,-2.9562771250501947
863,31081.0,13810.0,256.41347146513135,10549.888083485923,0.9173068381372964,1.612960404490641
864,21412.0,13016.0,222.24511703858028,19864.51626596066,0.4702569943279909,1.5758539196935464
865,1107.0,10077.0,24.254862506867184,519.2118172689529,1.520948820371859,1.6113639847368983
867,19249.0,12043.0,15.409160045343977,94.03588714742031,1.6480477801177151,-1.5530247862612312
868,43760.0,3434.0,13.93933407629327,207.93793717886055,0.9869978064331717,1.5518757798263352
870,22634.0,14902.0,33.23177627421595,33.58208435192254,1.5439623656007124,-3.081757593625776
871,23119.0,6421.0,484.18757818144445,7145.5432156838815,1.0535467004201442,-1.4833501610679298
872,8406.0,11496.0,14.276431584897754,30.01565800454758,0.4261263997639572,1.5669639398477933
873,984.0,14112.0,17.935574906971194,46.068348869711436,0.4354311421895469,-1.3655012049489743
874,8256.0,14958.0,80.61932114284974,414.18121820218795,0.9768995467175459,1.5377627349074026
878,6872.0,14858.0,9.98709406141083,13.789540922706523,1.7601276832306683,-0.0033044938633777043
879,6272.0,6107.0,522.0904344204814,2267.4798282470874,0.4145286615940459,1.5313748248815713
880,17853.0,15119.0,237.83134800446103,4306.197264709182,0.9313399320501342,1.481541052806215
882,2756.0,15049.0,5.711071005726878,13.60417342024484,1.2759349657503145,-0.7797085050834986
883,2684.0,14676.0,76.28891951225462,126.57381233678166,1.0641686836047233,0.19031705071291657
886,16246.0,12792.0,92.84754816977153,496.2877506750082,1.2881065840144277,1.5358978693703935
887,20949.0,11672.0,37.027095423701546,110.77220241206963,1.5351496701710938,1.5428841527238328
888,1174.0,13916.0,147693.99928062502,422599.13254166284,1.1141344311896557,0.061612020053727956
889,52819.0,196.0,6.315209101777583,251.69407333203623,1.7407562824327738,-1.570640019860016
890,21055.0,5722.0,480.2832402082215,205566.65569073035,0.9867267474776827,1.577807819219739
892,40133.0,14905.0,48.17570754130445,229.62412390825813,0.9755163973912143,-1.5849465786215458
893,23503.0,7636.0,37.43453348211849,596.6166759654054,2.0442297550591464,-1.5457112482869149
894,24633.0,2636.0,293.02763728609904,652420.716450518,0.9334373851114,-1.5321999171314744
896,48589.0,194.0,7.571043749514179,231.79496947635656,1.7342210097777397,1.5704401004940416
897,3083.0,14499.0,54.64501500736301,138.75516764295799,0.4308129490669963,1.4507461634500303
899,8373.0,9416.0,20.084377471490367,146.592400797878,1.2540129001952953,-1.5140822032376915
900,443.0,2361.0,56.34133507802715,618.6631574255318,1.2283334480363584,2.4499894896607053
901,45751.0,14671.0,2606.296075510251,266278.9683328413,0.9458718517435073,1.553216217386928
902,38464.0,11184.0,44.07153011566998,288.9184686380672,1.2392003611427813,-1.5889648387639832
903,52816.0,196.0,6.3905509581708495,282.0052392758794,1.7407562824327738,-1.5708050923374215
904,42226.0,192.0,35.36501719846801,12239.609188003004,1.7353817713345605,1.5699491115820114
905,5358.0,14262.0,197.22677511000634,608.3949935894374,1.1869493295984388,2.0343641964749124
908,973.0,14639.0,10.073431339502108,20.109062710726285,1.304357734569208,1.6914412963041214
909,40513.0,14542.0,54.04924420823022,990.4124648315178,0.8797026173517278,1.6028621419308589
910,23321.0,7595.0,72.24300837482316,290.14815959391825,1.3663068110725376,-1.5500950241026001
913,8532.0,11552.0,272.74304440313153,28849.843224677865,0.9631356306189257,-1.3414905305367082
914,48371.0,15206.0,5.406579622796457,6.4666978269186774,2.208101841751349,-0.027362514165063346
915,8971.0,10944.0,53.22005547972859,5059.1830833123595,0.40972450835777474,-1.5472085651349794
916,20942.0,14195.0,188.257803858378,29978.191379749434,1.956728470188546,-1.4729961934388942
918,40817.0,4016.0,838.5370413364557,328437.59001096553,0.917122507796896,1.5744655344451697
920,4314.0,1818.0,3.5985014405934304,26.478394558902355,1.209208115217753,-1.5405823885763614
921,41306.0,3635.0,45.20561986226185,39010.2293101269,0.9203379817246058,-1.5672607202831135
922,46796.0,14448.0,272.4077543094285,971.7944958217427,0.9506016036264582,1.5866049060873548
923,46395.0,193.0,20.077049011028016,2764.338367837952,1.7340000719230995,1.5707037303575235
928,4739.0,15081.0,20.574843485259546,21.678516114100916,0.42181393906655623,3.0566190683599905
932,2002.0,13944.0,63.55794475511065,157.42094292371212,0.4023458174243051,1.6689536589807945
933,2580.0,7239.0,9.316877876601911,50.83270782798566,0.5052604936933816,1.6052775373882662
934,37576.0,9961.0,543.4018481841234,130412.2885631883,0.9417735713976849,1.5686231258317818
935,24450.0,10706.0,42.26856783212662,269.22216257663445,0.4009500240946666,1.5766598966097478
936,4707.0,15186.0,6.198679105379252,7.603754828407829,1.6931280516007214,-2.892330724623275
937,718.0,14432.0,36.91990466717189,64.53534012122645,1.2537431546050717,1.5547613740267667
939,26100.0,15203.0,63781360.91367161,63781360.91367169,1.8345749519476047,-1.681414233932223
940,7881.0,13599.0,16.286564518967523,25.504044503934868,1.2688673313417136,1.5400710750401656
941,48319.0,15209.0,4.760294952344003,7.7446459886088626,1.8386299442869083,1.5323950882140784
942,24920.0,7820.0,109.4993601612043,2927.5187031943224,0.4663497019122223,1.566552197602115
943,1027.0,12142.0,4.157286917129506,7.382242763126357,1.5585307633185805,-1.550042276608655
944,19200.0,14790.0,523.7051432360905,3944.535360145514,1.1091058168751786,1.652370359350553
945,2118.0,14873.0,94.38909656975054,221.80836174845362,0.9511630001238126,1.6315471951305918
947,4459.0,14280.0,32.98841015089366,48.15206272094263,0.4088387349758783,1.5704655677488768
948,34751.0,10772.0,15.901542916705203,257.75422774382673,0.4315170060113508,1.5645320943272791
949,18250.0,6300.0,9.34095073008986,42.63798992323866,1.6627356343031177,-1.5687613404429843
950,8352.0,5133.0,52.26721957007109,4155.151891804754,0.4125752453224999,-1.6039774185275715
952,11004.0,12839.0,16.81159061330503,95.60426941139293,0.9776068040032452,-1.4839904898293304
953,29834.0,13651.0,12.602553570653791,23.6127006338289,1.047186401233062,1.5532610158449132
954,11732.0,7285.0,29.54220493035178,97.64794103999658,0.9525428695872775,1.5633187773629975
955,30398.0,13209.0,8.71090362538091,15.111584713319006,2.0308531463492843,-1.5568363081495973
956,43295.0,192.0,11.47202243543574,834.9411297685741,1.7353817713345605,1.571069788213193
957,1067.0,4820.0,34.816699280494376,152.22809467570383,0.9585101550974894,1.3211242282659712
959,21158.0,3829.0,166.70111157281696,836.2836038859447,0.9679600066621716,1.631495148160194
961,5314.0,11735.0,34.94310527448922,160.77631931763557,0.9855412952668356,-1.44904474942435
962,4632.0,13461.0,13.359432502019958,59.610704820839935,0.42565137541175946,1.5387013798780986
963,1049.0,11755.0,11.564876366008583,34.97876935135489,1.0703053374748512,-1.4469272238501185
965,3723.0,14693.0,109.0125024837034,231.80937338240605,1.104194003394555,1.7246209848826424
966,10675.0,12613.0,63781363.00000008,63781363.00045894,1.073737838918738,1.7587959994092641
968,28527.0,13705.0,204.47399697657352,4847.4266345336355,0.9844488434801388,1.5257056236933044
969,21626.0,11137.0,68582.1742759222,14395858.071241958,0.3995580322495599,1.57045159716255
972,24268.0,12909.0,54.40014180891442,2307.6759193791263,0.9668977752523613,-1.6034064345780634
973,12791.0,13005.0,57.292340239326165,124.84627338723891,1.0883520668835729,1.5505478731270705
974,37994.0,2501.0,63781360.91367158,63781360.91367658,2.3156935902014304,-1.5464876309796047
975,15775.0,13293.0,15.000912498584954,199.65699452062083,0.9591222920311857,1.5756268984648876
976,9953.0,10650.0,16.575823816219145,72.62439098120336,0.43095468882710786,1.5776538866711494
977,18239.0,8599.0,20.375417401022414,527.5136223219263,1.3452344449437796,-1.5911636605606647
978,27613.0,3414.0,77.81941721032295,25731.981887084083,0.41033573539367985,1.5785917782314867
980,703.0,14485.0,48.198119701795285,73.11395874856976,1.2238801798737402,2.3426969612804585
981,42575.0,192.0,25.459096673579364,5590.796274008012,1.7353817713345605,1.5714368051922758
983,47671.0,12000.0,59.50898101161838,96.49874585988805,1.4088498289707285,-1.574913181296071
987,804.0,12046.0,16.143420429835878,238.28070590121732,1.6480477801177151,1.7617220243251892
988,1677.0,6119.0,50.000105621597136,116.04643440878947,0.40080592393783987,1.5964088124344926
989,43011.0,13077.0,63781363.00000013,63781363.00002012,1.0324923256343141,1.5677451922704195
990,43973.0,192.0,7.224040815762656,283.6734437186196,1.7336328859840298,1.571037006208057
991,7627.0,7414.0,188.3921164698271,3853.6926215879334,0.9709348565681497,-1.6164633352157827
993,476.0,12079.0,63.137974732745526,203.81837286123576,1.4090232199987538,-2.1321214260981582
994,2027.0,13922.0,650.8350177933614,2370.987780698359,0.9577635823089278,0.3606524364821457
995,9206.0,14523.0,30.060156638026864,205.28773994826463,1.2997128653266024,-1.5362136344881951
996,3487.0,14970.0,7.667158335151484,7.993770609274322,0.5532567993018633,1.5187442241027116
997,31718.0,7677.0,140.19005936370743,12593.182297206205,0.41111778799578325,-1.5559833348581287
998,1870.0,15173.0,170.19886820664289,275.510701904877,0.9493360374380684,1.6402071101511069
999,2010.0,9730.0,10.390613729593333,93.29327426729913,1.1072587783589343,1.515840551416633
1002,984.0,15014.0,68.97613732302607,2716.141016580565,0.20737318230345428,-1.8378558603015573
1003,36529.0,11034.0,311.4273574226351,10558.363568809782,0.4225336313454618,-1.5521995487986902
1004,478.0,15042.0,6.358542231391943,7.851725859761894,2.659251671599838,1.8714237246500673
1006,33019.0,5591.0,257.6473825187142,6550.197392652368,0.9655476099177934,-1.6278007754634092
1007,3722.0,16226.0,660908.7354871416,1229394.5140076464,1.0530582267693094,-1.6182471444159903
1008,19247.0,15201.0,63781360.91367138,63781360.91367141,1.8497199417784422,3.049289058622191
1009,785.0,15056.0,3.2509089906166526,3.4814379910071103,2.2176740443123775,-2.9527604918614663
1010,26859.0,9165.0,22.336425778699514,242.55879677695683,1.0891689402610283,1.565516520841032
1011,44172.0,14888.0,206.97697215501753,13351.328745235467,0.9792344653399797,-1.5864207098914962
1012,51081.0,195.0,12.471182470313476,1863.4715289110718,1.741829047456339,-1.571426085647803
1014,57789.0,13114.0,165.4404988159227,16379.180963305702,1.2327439444843538,-1.5717940755466797
1015,16850.0,14825.0,93.63294763642152,282.61098155716087,1.7820014028135425,-1.5478992162675995
1016,9959.0,13804.0,367.1893864340284,2934.630145052053,1.337770844586196,1.5332415826013872
1018,15803.0,10671.0,63781360.913671486,63781360.91394148,1.7685224180924148,-1.5458101221641305
1020,6335.0,5973.0,43.92837576468643,178.76959003503714,1.3880740024756235,1.6285913326526984
1021,31970.0,14187.0,63781360.91367138,63781360.913673,1.7918961002517837,1.5135293447499079
1023,935.0,12684.0,81.9240425708979,393.8596458115605,0.4186254546342319,-1.0263838536298586
1024,15212.0,9116.0,74.88052883262822,2396.2758837212614,0.994222636594512,1.621990926689284
1027,10760.0,5858.0,57.16451840601172,5071.883841394041,1.3166448837334974,1.5969440565657824
1029,16885.0,7575.0,81.87124170443822,773.1394562360416,1.3851601746561046,-1.554759205186021
1030,388.0,5569.0,12.91297889886948,31.605560320707447,0.4334562595519161,-1.8261790703507037
1032,32957.0,8801.0,10.55348158814576,57.05477106808342,1.5414226681832324,1.5733602495028796
1034,2582.0,11100.0,184.2766694739991,1843.7095590022693,0.49628855129670857,-1.3772019500821815
1035,868.0,12229.0,5.490493874715842,17.614273184631394,2.023522260680169,-1.5036385962304784
1038,5039.0,6147.0,43.76136851594335,80.32201143735156,1.2319508516540043,-1.5467459341629264
1041,52750.0,196.0,6.2464383255082625,223.36341115901368,1.7407562824327738,-1.570938761675347
1042,486.0,14851.0,167.7994454919399,833.0282319297518,1.2648563180412133,-3.139115232033766
1043,18617.0,14819.0,89.82592538537078,187.8954842030689,0.9361102078226866,1.525742443926381
1046,570.0,169.0,76.22509258124875,955.4111236431977,0.142899166944929,-1.357935667793061
1047,3284.0,4683.0,475.61538822809706,10416.907516883037,0.4348131338706912,-1.4950151326544394
1048,13640.0,13895.0,25.613624903843597,758.6743787042948,0.9821950038256942,1.552830520117906
1049,49467.0,11824.0,647.018908951261,4207.428904776922,0.9868538082475906,1.5591044142292767
1050,42338.0,192.0,33.92339585614994,11292.651723619652,1.7353817713345605,1.5700576005593696
1051,17593.0,7727.0,365065.0139145906,4236146.216204129,0.9034851763690337,1.5505052680604363
1057,17111.0,15267.0,11.688126767298767,15.88058292943907,0.9486756467580303,3.0977520498466595
1058,6570.0,2039.0,41.415734483417395,354.6296157672642,1.0836606460556644,-1.369034082881796
1059,12818.0,9391.0,23.270521239818397,6788.725236577613,0.42302874268425517,-1.5719962334321196
1060,29495.0,13167.0,51.42073670321689,2339.364272594909,0.42507640878824743,1.5874394895155406
1061,3803.0,4043.0,15.877987899897049,338.14786959015373,0.4047582990665948,-1.5915122569555136
1062,1169.0,12823.0,175.35129532528924,6204.789896197523,0.3927400003381141,-2.5703627271028924
1063,19485.0,10508.0,5.453977548380677,42.215437265073284,1.8085049593855291,1.6059729355010746
1064,5499.0,14894.0,63781360.9174968,63781368.15922545,0.9181867916581372,-1.5672142027854647
1068,25565.0,4401.0,44.92934131273792,1114.6041957380378,0.9659922557439404,1.5675255087763245
1069,3352.0,12182.0,12.346846683693288,47.23605098253152,1.0169321689273532,-1.6370762539440213
1070,56256.0,10108.0,18.937046641030193,104.61669516687616,0.950882996685552,-1.5813687449572233
1071,872.0,12978.0,4088.361478923961,124152.67791535077,0.17943208217091178,-1.3630416091316544
1073,43216.0,2546.0,395.72622269344515,844.8359287515389,1.1139877746063305,-1.5488148738304184
1074,6385.0,6236.0,21.925192478578715,111.46673506435488,1.4099741937853205,-1.5647094297957602
1075,19311.0,9168.0,5.483144874259942,13.302622178572879,2.2904431024857983,1.5812406200780076
1076,2309.0,6813.0,43.86244508574547,5340.507746174434,0.9533959328913526,1.5177950072480553
1080,51180.0,7906.0,63781363.001212366,63781377.57875629,0.9310496935251913,1.601509036955983
1081,19399.0,7664.0,21.785966946995586,204.16745437801788,1.1084576908840438,1.5767671984755303
1082,33071.0,8809.0,24.559222748146265,3940.959590117646,0.4295706661156685,1.56428310650021
1083,668.0,14833.0,48.327581446086846,524.5614041306143,0.9533553479987146,2.012750020784299
1084,15079.0,9144.0,560.7893214872438,6092.796730125529,1.3278625797657873,1.5572105895582264
1085,7629.0,3287.0,22.298553222659788,114.55131353646722,0.4383745676124191,1.5446859928500503
1086,13223.0,14529.0,35.045637875661946,627.874413484518,1.2920483798060156,1.547474398952376
1087,14855.0,10412.0,4.804476790469847,31.734150761472485,1.0214729873336654,1.570507467667952
1088,15347.0,13044.0,65.25695296779931,558.7602503713459,1.3366290380043404,-1.6004097574609817
1089,4691.0,11867.0,25.391600002802324,129.83339190484736,0.43003003518904415,1.511578333263955
1091,8699.0,14565.0,31.17370954142132,33.67688802106926,1.2383940883079454,3.120584611786198
1092,60585.0,199.0,63781360.91367141,63781360.91368354,1.7362497559147712,-1.5712483253426472
1095,54713.0,9807.0,358.50089463465986,48567.991258215334,0.9368770441633502,1.5774245429876637
1096,1933.0,12258.0,8.426116905729888,38.73664920501351,0.43098779688384437,-1.6127305892982244
1097,6787.0,15082.0,7.600367351613065,9.940083467739434,1.3746875246123738,1.5452262955316558
1098,6990.0,3930.0,63781360.91367357,63781361.17923219,1.8087532333352487,1.730196752625695
1099,7097.0,6435.0,7.7705714317045995,29.9560232018156,0.45371300687105515,-1.5965961993453266
1103,24634.0,9175.0,64.89953673691673,2240.0145226013706,0.4208717021695085,-1.5744612050901923
1104,41672.0,9937.0,94.57467013450068,225.7778422166989,1.005587877722253,1.5724789251080815
1105,7719.0,4373.0,450.2335534119179,176689.87508390364,0.9862795087488389,1.6101513186550822
1107,867.0,5934.0,33.89885757203356,4788.453501995562,0.41701483319456184,-1.5321944146441238
1109,283.0,14323.0,22.973592767790898,51.83639660995619,0.3880203953313412,-1.0052446974370726
1110,4340.0,12758.0,9.989940983772387,30.122994430852675,1.2701253375400894,-1.58709276994094
1111,4645.0,14975.0,55.70318952802025,540.8413610404922,0.40245432594056596,1.6609041689232924
1112,38797.0,14931.0,442.0418655856309,37009.37855443914,0.9675456746859626,1.5817468739605633
1113,2346.0,8359.0,44.70773309401847,264.67621869361307,1.2883740417154392,-1.3434021781360448
1114,60119.0,10791.0,131.72048963717864,17681.078160382833,1.9052242014664593,1.5727873126410634
1115,2912.0,10718.0,4.90137205121814,16.827803281059758,1.646137701374287,-1.7221805079410948
1116,50300.0,14948.0,79.77294001021352,344.5899939844054,0.9747580748091319,-1.6035451658713467
1117,15703.0,14535.0,109.88779921215487,129.9707994470264,0.4586410738708772,-0.007105350436072451
1118,30243.0,14938.0,28.685803109240837,54.9221212168252,0.9293527693475676,-1.563818443494794
1119,15399.0,5991.0,23.55522911904785,132.81809881128507,0.4409265719824598,-1.5525229522634512
1120,53444.0,14016.0,77.43227411241186,12689.721066620683,0.9663890907182094,-1.577554828781268
1122,13600.0,4390.0,227.8274817248731,2966.598935444107,0.38906235291958063,-1.5911644007275176
1124,43541.0,192.0,5.838165625329809,129.0913076540885,1.7336328859840298,1.5711653408493125
1125,47407.0,12146.0,9.525210486082958,30.393846685864528,1.3079822173217879,-1.5809175409409273
1126,7550.0,13466.0,352.2925096902948,23219.90583185798,1.0927005433865393,1.6091760364970458
1128,6551.0,14889.0,60.79685859963308,114.60391194234994,1.6381104445385049,3.1353054711502675
1129,36728.0,15069.0,63781363.00000007,63781363.00000008,1.2759349657503145,-3.0955593538740644
1130,8465.0,10561.0,11.491445940791266,409.33706616609953,0.4221100100163362,-1.5863763941861613
1133,7817.0,4258.0,28.69470357137616,92.3206215043517,0.43610932420726933,1.5589568748585605
1134,20526.0,11971.0,52.42408594457087,253.5892571829645,1.2134845960376381,-1.5829256631604256
1136,308.0,13391.0,3.1551466686204392,12.77365253989322,1.9119656784549415,-1.2751190504674013
1137,19999.0,3981.0,63781360.91367377,63781361.24542844,1.8087532333352487,-1.6303661204985203
1138,17026.0,14939.0,18.436832829113865,42.668725416509346,0.43390543338032983,-1.5757289164987645
1139,3763.0,8563.0,6.730730307035834,30.87181439028582,2.0847973350352422,-1.5903528672887546
1141,15159.0,14874.0,315.90497345936626,3594.4144598289377,1.006734774746754,-1.65262766920959
1142,5167.0,8300.0,6.201093215267414,28.494895988301145,1.418344369489111,1.570641365304104
1145,46356.0,193.0,21.88999669443069,3343.5194552572657,1.7340000719230995,1.5707381996917917
1146,22775.0,12744.0,20.54488799594882,210.2249233760019,0.4116278237402198,-1.5712348290529516
1147,2518.0,15024.0,88.55386561041216,1641.1515392688361,0.42499410952642946,1.473399303369721
1148,119.0,14985.0,10.16937638101741,57.21967946572295,0.9352926604691554,-1.631289099599931
1149,39100.0,13037.0,1094.5210246119373,242816.29245745152,0.9281279596393367,-1.5927908742597352
1150,44047.0,1403.0,32.938154077769326,8926.605068639297,1.2217286454456366,1.5741231487918328
1151,6416.0,10210.0,20.630361665188712,60.71677716304269,1.311285644709107,-1.5905868479745822
1152,5595.0,14065.0,54.67179983338925,119.94301409254219,0.4292633782630236,1.6068711332983678
1153,42135.0,8142.0,174.08524465046466,2217.1281725137023,1.2875945509248279,-1.5700838773772874
1154,1250.0,13834.0,214.69478019049873,13368.52322469314,0.37722132507332484,2.318950432629165
1158,11376.0,11574.0,27.210263360142328,141.0468928324912,0.40690068058373013,-1.5897702853661446
1159,1555.0,14682.0,15.080903232558013,23.084813710319505,1.0608623610768968,-1.679702589109562
1160,14302.0,8059.0,22.261233870480133,723.1549595841186,0.38480036248027444,-1.5661406637865531
1162,24184.0,3365.0,47.05683700774604,184.410436497522,0.3966628201771623,-1.5716490274840376
1163,25430.0,10692.0,12.110963479450602,39.52293190992405,1.3092120757770613,1.5607136936543526
1164,24597.0,4982.0,28.831115879991536,441.55004408126905,0.8954387685004526,1.5593952685309396
1165,14659.0,9387.0,10.120266228502997,216.86056327541385,3.2243145928447143,-1.5617747845008212
1166,13926.0,11005.0,62.91121974761836,560.3175843928362,0.3751292751939309,1.5774707341440806
1167,18008.0,2350.0,654.2523977340568,9897.34534924818,0.9972514773495409,1.511480498869005
1168,8923.0,14446.0,129.1117086379702,237.2193956507982,0.9506016036264582,-2.9786947622792526
1169,34517.0,10550.0,182.07095761351547,19375.752300362044,1.860732203170391,-1.5336689146170377
1170,7489.0,6936.0,13.79426707949736,74.7951643096769,0.4315208490652817,1.5749820632663678
1171,53295.0,13721.0,322.4071603331347,10589.192141342332,1.1055709620529002,1.568852870434332
1172,38672.0,12688.0,55.84798609415243,102.27754503651921,0.9623539320299898,1.549305040685714
1173,27246.0,13900.0,24.71173170369745,55.24628872490486,1.102008048887884,-1.5813105847138342
1174,1571.0,15171.0,4.614185509677282,4.6677200788330095,1.0854453911465844,-1.0896947508636718
1175,1205.0,8053.0,5.8633894651589324,16.508159292416558,1.7973357425166847,-1.6814336425583079
1176,12554.0,14354.0,1319.6396648654443,5929.873072283335,3.042836065762521,1.5856070191025562
1177,40123.0,15080.0,100.98439176426619,227.92202983070092,0.9646390633445721,-1.531353000783
1182,39737.0,9666.0,35.33265719825932,49.81117774106959,0.9916514735779658,1.5494903759180967
1184,12014.0,14972.0,24.815776528830135,108.48283102070319,0.4235110194148662,1.5953436327783022
1185,10686.0,14439.0,57.51596120761789,212.4342081568797,1.2409143259660183,1.5755316827569472
1186,37321.0,14530.0,67.28743937021005,191.21763736606465,0.9729250730151112,-1.5751132982306617
1188,12898.0,11460.0,46.01113535475864,337.71632576129474,1.5269581312038727,-1.5754441674337323
1189,1477.0,7424.0,37.04621547132172,101.17999518799651,1.2655786196203271,0.7539955259748176
1190,905.0,14882.0,43.580025319471005,116.12316080280408,0.21084929631277008,1.493411376959445
1194,37363.0,5818.0,63781360.91367157,63781360.9136806,1.2677079093390704,1.6184660067426972
1197,13870.0,10686.0,23.061899586339464,4723.746684041564,1.7685224180924148,1.7008012429423365
1199,4286.0,10547.0,68.70346448160271,2241.7159301097377,1.1883547910925738,1.5171936355493554
1200,9138.0,15200.0,63781360.91367139,63781360.91367142,1.8497199417784422,0.15970291695868236
1202,46726.0,13458.0,352.09791045961873,23111.33038104939,1.0927005433865393,1.5755725202356508
1205,15447.0,14356.0,99.59660684339595,1219.0489221792936,0.9536259329309934,1.5454504432469365
1206,34329.0,12524.0,18.061427417855,71.48873625502253,1.5838336789485539,1.5685447545443156
1207,52385.0,14216.0,1411.0070617270455,11029.019686332054,1.082227061536276,-1.5588914216112872
1210,61783.0,11105.0,25284.811896686973,3985296.8842627746,0.9226325371098385,1.5712879764352785
1211,42310.0,192.0,34.54603108136853,11604.786037653073,1.7353817713345605,1.5698169457708717
1212,34851.0,4437.0,5.563581324224877,42.49292189288838,0.9523996487542756,1.6015036970750152
1216,28555.0,13692.0,18.893974022873724,44.28545012529192,0.44363511895342694,1.5848515259382776
1217,201.0,14302.0,13.525614997612715,24.69671054984403,0.45662865292169585,-1.838265088902858
1218,55028.0,13406.0,8.488520353986136,475.8585624144133,4.091355024527752,-1.5572274500894512
1219,15924.0,9471.0,31.39988817814611,98.85116558453474,1.6206893722092726,-1.5620847525748596
1221,758.0,6960.0,4.087248975037242,13.863196920970173,1.1277298578375687,1.649420397793736
1222,27529.0,6880.0,179.99355913859839,547.7146336206631,0.4186630091907245,1.5526309724758314
1223,988.0,10550.0,34.41336253567573,95.09868274138427,1.3266716540172965,-2.0886359793342635
1224,32844.0,13215.0,30.729998074724595,1927.9342431374007,0.43977444678414457,-1.559707548898841
1225,694.0,8259.0,9.97387419341577,56.82048160496207,1.4389945727045994,-1.5997545690710244
1226,44522.0,12558.0,5.470049784824156,24.91909223781819,1.058306972380644,1.5646068535617252
1228,27149.0,15071.0,7.0714084784301825,7.098648251590027,3.220486783048706,-2.163299540301356
1229,22662.0,10114.0,250.12606849878156,12654.047004444405,0.9582756105877244,-1.6238802928906277
1230,17008.0,14315.0,24.56895159569148,51.56828821709834,0.447010069466117,-1.563074936241332
1231,40856.0,2923.0,134.41207703357526,1759.8630646129034,0.9743867882903008,-1.5730517129588621
1232,21620.0,13071.0,63781363.00000015,63781363.000026695,1.0324923256343141,1.5615833406576132
1233,743.0,11378.0,49.94192160174057,815.4668390214072,0.9249918379589464,-1.0883328403845791
1235,24659.0,10049.0,36.61508635551646,154.14633566315638,0.4267923991459453,1.5770905146152305
1236,50399.0,9500.0,41.706786687183346,406.7950831736355,1.259513912811542,1.5673460379792412
1237,16558.0,14903.0,58.96646720549869,229.270067850463,0.4028509396738913,-1.5961818373426309
1238,11242.0,14681.0,63.32963039656999,95.00733680572236,1.033797256773351,-1.6153326550234286
1243,36157.0,15204.0,6.4445718362564195,7.841769590000284,1.6931280516007214,-0.026260923475018946
1246,614.0,14088.0,9.945542778340263,41.84983380730302,0.4073086580691573,2.009750683819493
1247,25929.0,14689.0,46.288353109186126,257.4562490409498,0.39419729214516575,1.558761443731198
1248,13831.0,15193.0,135.726416372823,852.6922181686529,0.9309062326579032,-1.671005663022678
1249,23814.0,11069.0,36.08719898220069,353.0904793116754,0.44397626209712787,-1.576407839125546
1250,40289.0,15248.0,688.3512156791235,13025.160492064542,0.9231671042731677,1.5749318144679367
1251,6250.0,3550.0,74.82686273600504,6791.404953408036,0.4171079725914481,1.5001520735824436
1252,14054.0,13292.0,61.96377283876323,1227.9665127682522,1.890983846891423,-1.550843346014739
1254,1019.0,15017.0,77.65105545804764,237.8564258090092,0.4310085448962236,2.0785363541868658
1255,1508.0,10849.0,63781363.00000875,63781363.00007473,0.4105111688062921,1.2584575786619199
1257,15198.0,14779.0,36.30830438846423,150.9463550200827,1.238799144344993,-1.5472187372612338
1258,9553.0,673.0,15.099332542466042,78.65874987595978,1.092925804200996,1.5741151813461007
1259,9189.0,3305.0,61.88826557313379,709.7504396256312,0.43415853342195243,-1.6140145726106885
1260,27416.0,10368.0,89.53711077108382,670.4604066852753,0.4229328155577295,1.5787023941037956
1263,7256.0,11751.0,102.37981920890815,562.7745088828316,0.5067367764318044,-1.5077858930756194
1265,30217.0,3393.0,352.42903629176305,23014.86536710631,1.0847129411693932,-1.5341025958759398
1266,23468.0,14567.0,173.3829860965374,225.72129562419167,1.257214797426364,-1.5974501020230372
1268,44192.0,8494.0,37.33398244524464,1433.7705362516479,1.581654289615989,-1.5865768063963448
1269,14375.0,9892.0,207.19937522807518,7088.7210491146925,1.3582388220428658,-1.544360652626381
1270,1547.0,14498.0,19.501404124549,160.28012591781467,1.0737575200216083,-1.5907084388991348
1271,9075.0,14697.0,21.90499109086109,22.533822617318627,1.0164607625381163,-0.15024891130470033
1273,10897.0,13395.0,30.410204264715848,1125.9826632509746,0.3976810426345802,-1.5657496925015177
1274,16775.0,7681.0,19.594540079866075,215.66983556902272,0.4223101353505579,1.5724337917371143
1275,7203.0,7564.0,87.38799762454273,505.0695448199468,1.5344394636191259,-1.6862313179726518
1276,930.0,2600.0,58.95385579777329,163.18853414508627,0.4268391748879521,1.1469075994905047
1277,1604.0,14833.0,9.696672481870147,11.64509299374622,0.4735648290473401,3.1028447571438704
1280,3484.0,9205.0,107.85068761050123,945.5856642882803,1.0806346219402156,1.2629377713076946
1281,6728.0,10660.0,4.82093453868593,24.046747443706966,1.646137701374287,1.5332285045425573
1282,625.0,3778.0,47.6264920146048,2120.212424277563,0.1723569568752969,0.9986461901289767
1283,3185.0,6791.0,49.72584712320693,1004.3895237010781,0.4379377617565469,1.534984522451622
1285,4040.0,3623.0,18.864821916330907,107.57063693499269,1.3120516896694865,1.688666393573403
1288,7244.0,14226.0,119.09557666119002,139.2425578707114,1.2246766884194162,1.581058189741474
1289,24002.0,14952.0,140.04963735918557,259.3131209479678,0.9559641046641826,1.5127150954200541
1290,974.0,14604.0,107.78653428989698,6270.588244348904,0.4215209094479029,-1.5103578736823575
1292,47052.0,6144.0,67.28471011038557,712.7811197687482,0.9666418047330424,-1.589608200984785
1293,28121.0,12529.0,68.23365563655888,465.09266441219944,0.4631565698537238,-1.5543113996674873
1294,31590.0,9672.0,92.50652881206449,1185.166666001951,0.9639358324137284,-1.5613120877635347
1295,8581.0,14888.0,26.304125327239007,33.167848530861846,0.4248515681081495,-0.010834992301594001
1296,31987.0,8315.0,14.259381753131827,187.30854001691074,1.581654289615989,1.5986515837673176
1297,42338.0,192.0,33.9233958531106,11292.726543024002,1.7353817713345605,1.5715244622399809
1299,61811.0,199.0,63781360.91367143,63781360.913746424,1.7362497559147712,1.5705070307330498
1301,27928.0,10914.0,49.70846427724721,10031.231439136125,0.38979380642431005,-1.576606857953399
1303,31689.0,4231.0,19.18014737222521,161.53845079555512,1.073166966056068,1.5707982596282428
1304,38582.0,15128.0,31.893990098253827,455.14510480139853,1.0005042738588508,1.5679251122571052
1305,20209.0,12314.0,63781363.00000212,63781363.001304634,1.8655195203876156,-1.4828139179843827
1306,39377.0,11943.0,105.84833918592503,300.6626558221482,0.9356419432082428,-1.5696943846367812
1309,13952.0,14105.0,5.4862504116389825,28.7582348660681,1.0142090821587766,-1.4634909943950571
1310,1484.0,3623.0,13.582112661615536,83.95246621086858,1.3492678516205325,-1.5255546504355961
1311,13618.0,13541.0,24.589169749370104,227.76835074075132,1.8317067364439426,-1.6331585510164701
1312,17912.0,12377.0,29.99044411992703,802.1106212709237,0.41674827865283737,1.5830606270164753
1313,14755.0,11567.0,11.056554665087729,47.27822961098103,0.40540959914166674,1.5655878837148487
1314,12602.0,4123.0,139.2837766443615,206.95042781297693,1.2843969181648685,-1.6373704988048627
1315,33119.0,13148.0,268.08248762736287,19552.37200774012,0.40397815188452835,-1.5744538959736147
1316,159.0,7659.0,11.52176269847034,17.577425162987716,1.0156095343966391,-2.5044294962471123
1317,15079.0,7157.0,19.959916901173813,165.29333505280724,0.9950229983754733,1.5703521426604752
1318,1572.0,10128.0,7.311532799449929,38.663783169501315,1.1574906154308566,1.509656816584185
1321,32845.0,10094.0,16.78759490340697,259.1059975632846,1.04371096018806,1.5783220874366013
1322,837.0,11506.0,13.494518435378069,100.49086678647278,0.9546852377046816,-1.397084925299007
1324,7608.0,15085.0,14.43647986130989,24.487924600441083,1.9814246483055458,-1.58646158463165
1325,8336.0,14490.0,66.53439958519039,903.36361019242,0.4354846188463271,-1.58795545350484
1327,7549.0,3766.0,105.47648725637866,1185.729039608812,1.2179234958460246,1.5413591751780136
1328,62016.0,199.0,63781360.91367147,63781360.91417577,1.7362497559147712,1.5701234912200854
1329,15820.0,9345.0,369.7564833635414,15570.382898641412,0.4307581001744544,1.5665854746364583
1330,62542.0,11771.0,724.8884439867404,98412.14575024437,0.9371461528687609,-1.5337303546730239
1331,9522.0,13515.0,18.732858542729552,186.53493209489588,1.3082634302288176,1.5757953508111644
1334,6807.0,13140.0,42.623786225628415,163.49513719299884,1.2926522543193242,1.5799917524012466
1340,16087.0,6877.0,115.82376223666436,36071.098071201064,0.41777892133967726,-1.585149433362628
1341,27369.0,14865.0,3.8518661592585235,4.9047799248286905,1.760468787891655,-1.5461514462319257
1342,15342.0,12304.0,11.244305851493756,85.64487578479337,1.1064477288781966,1.639216055760499
1345,37520.0,8143.0,1.6279412720215507,11.825625017772504,2.211248035255201,-1.5582150412843467
1347,14875.0,14103.0,36.11149700066416,623.8527495114643,1.3707163066293973,1.5798792072472467
1348,6520.0,14667.0,63781363.00000108,63781363.00000163,1.0091117977600934,1.5280310255237821
1351,365.0,14782.0,20.04359298649221,25.872893625176857,1.2182551042526832,-1.4145496117716403
1353,3446.0,2759.0,26.06596188824536,87.51645607857763,1.3426561160328256,1.547053898473416
1355,54739.0,13214.0,125.05667850622217,36310.23699739208,3.2518277013581116,1.5755962307840041
1356,2617.0,14835.0,89.09437091300815,148.64764339677836,0.9843015244171982,-1.6950823535724169
1358,30212.0,10300.0,8.081482962043653,36.11545399090775,1.3299523817837544,1.5743359658845426
1363,1190.0,7014.0,2.90410750326693,10.763872782480064,2.3137476358067843,-1.6596231166968671
1366,18688.0,2738.0,24.855588431138592,98.220546112338,0.9748654937944761,1.562214314951258
1367,17753.0,13890.0,9.623208722190851,30.078133828980523,1.0962553190210085,-1.559568634989096
1368,17599.0,15174.0,5.13117485289849,5.6452257898730185,1.0854453911465844,-1.674960605358071
1369,33822.0,11471.0,55.40060209041176,427.9245921452038,1.3196541617503907,1.5770154937029903
1370,1190.0,13926.0,34.65831338070472,93.29338745977199,1.3039487879513836,-1.6725040431782106
1371,11512.0,7877.0,14.60319299005893,96.62304825211086,1.2972269098034654,-1.5629200135509975
1372,26900.0,5153.0,95.84338223375289,4503.796383260514,0.4125752453224999,-1.5793548727348765
1373,31700.0,9137.0,26.667219026354676,160.99598787672124,1.3978378199700254,-1.5726624977085468
1374,13758.0,14747.0,50.76051046229436,84.07537446001275,1.080225588937243,-1.6182828790341648
1375,407.0,13871.0,58.35555276776712,1470.5423645194337,1.8049290971222551,2.3554802479336554
1377,1884.0,13877.0,13.103626408256705,52.34027275808601,1.02183442697178,-1.5572428985306919
1380,3325.0,14796.0,73.55017295684858,110.41832424951355,1.249112538386186,-1.701158361851489
1381,26849.0,6647.0,84.2343050314183,428.89038952860005,0.9311623461257537,1.5735533843664966
1382,29232.0,12619.0,63781363.00000005,63781363.000001535,1.073737838918738,1.5029861610893607
1385,9755.0,14843.0,1297.4636750102188,7428.464285451379,1.9297433661148358,1.4771979059352798
1386,20802.0,5138.0,57.02092197423245,1063.4297467690137,1.515146185250418,1.547724918535464
1387,18377.0,4541.0,31.53004605044686,808.8962980942197,0.42346468033701234,-1.5913397100321132
1389,2175.0,7421.0,4.780617775156525,18.070953976859737,0.6065994885107244,-1.5860073894340982
1390,61104.0,198.0,63781360.913671404,63781360.91369201,1.7362497559147712,1.5704400936599667
1391,880.0,14633.0,34.49493512515696,123.4500533274386,1.294206920309101,-1.1617012499069612
1392,35479.0,14787.0,202.67335039804104,3604.1279684564815,1.3916168105991615,-1.622946931239018
1394,12412.0,5680.0,706.2533973465726,2441.499260618395,1.2441932123526995,1.5854612994028203
1397,11421.0,7251.0,11.771341936546099,63.01063671732892,1.3246314284706828,1.5578537044667182
1398,43973.0,192.0,7.224041027268124,283.67342486246747,1.7336328859840298,1.5705484912031207
1400,9227.0,9953.0,579.9452318842815,168762.15531989417,0.9176687964838058,-1.5168035151829407
1404,18217.0,5341.0,37.544359765772384,214.0008182762396,0.41571431780568,-1.5783212410815066
1406,2518.0,15030.0,899.6505064744786,2495.56011287426,0.4614818494395879,-1.3367964818471558
1407,7302.0,14769.0,34.42696105315309,172.89632682032516,1.5227615011284348,-1.5443465135210521
1409,2477.0,6477.0,22.311679298301673,212.8814062153118,0.979716493206469,1.1742736601911987
1411,5217.0,15032.0,129.41548606664455,162.2393684221111,1.2965140121053953,-0.0021724268994459733
1412,42688.0,192.0,19.953812305664034,3104.2359662479503,1.7353817713345605,1.5717265347485068
1413,35060.0,9583.0,635.481130831779,53516.42343912096,1.1057885519284756,1.5878872135698014
1415,3379.0,14681.0,287.3796435970888,690.782766906032,0.9448675933242212,-2.0429612600068596
1419,1720.0,12360.0,9.82157493663948,29.99199969192406,2.2626628065522185,1.5512475741930172
1420,7410.0,13364.0,98.8560106801531,557.9334096629594,1.3180570310933164,1.6136547286354568
1421,9581.0,14300.0,587.5603380532732,3152.8963574255076,1.096248313002362,-1.4440871508932576
1423,9511.0,9132.0,26.59817845368101,252.2770519769383,0.9389638051824964,-1.6015219880483702
1424,13909.0,12384.0,10.18930308109276,33.066626248702086,1.0759020922639668,-1.576223816159322
1425,11929.0,9295.0,30.409544298697547,48.57560192811598,0.9861362049394905,1.5513993925269816
1426,1699.0,12116.0,13.8840129556906,34.590621076522275,1.0683557804974064,1.7868987400850451
1427,18999.0,14744.0,50.46182663187277,83.91852442861398,1.080225588937243,1.6060704137861364
1428,26001.0,5373.0,50.87932416550516,247.68718814730403,1.3932583633271511,1.5759617078990016
1429,544.0,4673.0,162.6997333702674,1414.2146678571646,1.2486611072289662,-1.079379889558053
1430,6160.0,14248.0,29.493689778074177,85.04064515459397,1.2329170793180653,1.575402882364105
1431,10974.0,4571.0,15.059205623189797,70.60531105585353,1.2159079446682477,-1.5703794072201438
1433,4642.0,15165.0,42.60114636551533,59.22591233935448,0.9566173306602787,1.6170605153840751
1438,41504.0,14846.0,1286.4827204989829,6640.490812076649,1.9297433661148358,-1.5407475472210508
1439,31404.0,9219.0,63.179498249697275,14847.675410668147,0.4374026927118478,-1.5714941747285096
1441,1127.0,15005.0,8.144870065920626,14.915155236691474,1.5335903469437027,0.29155060828256696
1443,3640.0,8649.0,54.53183820837918,2267.9573477028193,0.4418970125023818,1.4373601284223314
1444,5120.0,12596.0,903.4467173161592,24666.902401607244,0.40657602418036276,-1.5629102392983063
1445,8137.0,14552.0,55.727220775998084,1395.3374208474631,0.4193630175263755,-1.5621406791822539
1446,6810.0,14141.0,63.66301043785203,798.5733508502241,0.4196324828621317,1.5825077211194818
1447,28154.0,14058.0,21.754443102118582,285.37330104965173,0.5104887685905249,-1.5851693905121231
1448,16119.0,14754.0,17.885753430940564,45.337912814941866,1.9162088877422323,1.5803605669226972
1449,19182.0,1907.0,101.1140867220331,294.51686482998656,0.9686738092941602,1.5812658971575846
1450,27899.0,13240.0,131.3767101086665,157.11662564425893,0.9743913342616993,-1.573827467581308
1451,333.0,14881.0,21.936253360543382,27.43658120300865,0.29896045231762497,2.9514584739563636
1453,34798.0,14956.0,63781360.913671374,63781360.9136714,2.2176881135501327,1.547082981001407
1454,9045.0,7603.0,16.279520184352496,122.4280990505446,1.388359621074118,1.571497763707811
1455,39514.0,13637.0,181.69527338985228,40933.595231944404,0.9935791233271983,1.5581116922363414
1457,7368.0,6037.0,31.810847625967334,164.75405563434205,1.109222316850876,-1.597580860674906
1458,44563.0,4533.0,63781360.913671665,63781360.996747375,1.0712763407037498,1.536868944931575
1459,6464.0,4600.0,21.30752349980188,3206.148597043181,2.118776919806921,1.5301683733113316
1460,12589.0,12892.0,116.74395113976718,465.08897450272093,1.3780605748041939,-1.547863159402832
1461,12332.0,3896.0,211.72899200911192,24873.703549508227,1.281615035143337,1.5016660476698136
1462,20013.0,6264.0,11.252470458648814,84.17322135120475,1.0035071050334574,-1.589012133571973
1463,973.0,11848.0,12.390737627709244,33.36207019376533,1.3429394794018736,1.1612998827262635
1464,11244.0,14455.0,3.1999133523853676,3.373470580854799,1.700231461810553,1.5848592283145637
1465,31347.0,12872.0,12.213135403863777,21.856594523209132,1.3107897071031536,1.5812481981197493
1466,8812.0,3633.0,20.132176993875817,114.50678405340877,0.940017623714058,-1.568009562182523
1467,8401.0,223.0,56.19903221825268,3976.5960689958642,0.4129494888850821,-1.6111196625001687
1470,30107.0,15225.0,2623.296534680041,59674.481039601276,0.8877323637860799,-1.557912477778423
1471,22659.0,10699.0,201.3117084917636,5099.041676172156,1.283747825958441,1.5898396933637817
1473,613.0,14868.0,145.29380319692376,157.30863704546897,0.9407069101884954,2.406847710834178
1474,1352.0,11630.0,261.56318973596274,533.3441581464864,0.3750106076990782,1.1223099400644567
1475,29947.0,10362.0,5.597560934372494,31.961994048815196,1.0424004313218125,-1.5703056545437963
1476,7886.0,5574.0,823.1395000227111,27357.957632440135,1.813334468479419,-1.5819119484020003
1478,5117.0,15273.0,22.987998465016407,34.436530797759616,0.9932642925876313,1.4702446552133388
1479,4375.0,12713.0,22.37494571978769,154.4411705918639,1.3174614313767057,1.6081597506470253
1480,7424.0,13609.0,83.06870132555196,163.09215717989179,1.3236098919462547,-1.5021973516547784
1482,44256.0,9965.0,57.66845594698435,1044.1840392731863,1.2519414502892825,-1.586000066621985
1484,22054.0,4676.0,18.209145911515396,307.0037897239304,0.951884066485564,1.5836203648256635
1485,15198.0,5615.0,15.173885884121805,168.3353876078536,1.6118809206606342,1.5578565245687217
1487,11806.0,13794.0,3268.667754997839,121441.8200824349,1.7176902866055086,1.4552793178825847
1488,4389.0,14118.0,4.881084136973414,14.058281681812728,1.076389382769024,-1.5605252041210538
1489,2713.0,10400.0,15.727277466657284,58.129974042916125,1.0761996258417523,-1.6140459176764632
1491,2047.0,13538.0,339.4323889930122,610.1986544590928,1.313696195261477,-2.9830183881638224
1492,21988.0,14359.0,130.41358293897613,8329.046133578358,0.40234692932409327,1.585769336335047
1493,24258.0,9200.0,6.656296453440775,1448.3408219450305,1.6947218566711881,1.513600794724668
1494,9044.0,14211.0,19.609345000333775,221.46483236938553,1.1217177663861297,1.6108059972278388
1495,38672.0,13777.0,319.6272983736695,3413.397060501291,0.9517452317096033,1.5548475896931466
1496,2848.0,7652.0,63781363.000000246,63781363.00001873,0.9668842511266017,1.5865428718979906
1498,37427.0,7894.0,170.00495860702708,39714.86366779282,0.9446914044789791,-1.5337516838817191
1499,21079.0,10950.0,43.12019410789272,1490.0529387376337,0.38464242381544517,1.5764608264216253
1500,1240.0,10459.0,77.88175813813677,460.8294445414428,0.3922845507093897,1.5949534655751492
1501,15720.0,13858.0,43.561308846519466,84.1874989651226,1.537583537216309,1.565809592480969
1502,1182.0,10028.0,34.10834321609404,78.03447207173883,0.4077894167932111,1.5024058846322397
1503,21607.0,15144.0,27.33679347779801,157.76320635935107,0.987344738192989,1.6001952775386612
1504,46276.0,15152.0,178.93957104924576,4451.1423988365905,0.987344738192989,1.5634936275298983
1505,6180.0,8997.0,322.5026111750786,3127.918761502418,1.1120201229123858,-1.897224682076267
1506,5054.0,7901.0,5.170056893018357,24.18327794307064,1.4877777534196284,1.505350637460772
1507,8898.0,6675.0,23.85756785085114,118.3799738665715,1.270848789815038,-1.5653759011579422
1508,5203.0,3070.0,12.104716993477265,75.13867499328288,1.1086758502325622,-1.5957962908337897
1509,31162.0,11161.0,172.79160033250045,921.1734731980242,0.9709308917046178,-1.5639401134592983
1510,626.0,11812.0,20.125689963857184,65.30932441729405,0.16010892614732125,1.7185259420229115
1511,11696.0,13101.0,79.83349292300245,246.77170542772524,0.4156131991333909,-1.5817743560714503
1512,10441.0,4539.0,6.897205385021538,69.27691686970793,1.1696413527707372,-1.5636190290583696
1515,4462.0,14789.0,44.412820778005525,48.99175758707224,0.41821836542306984,-1.5014800734652332
1516,15335.0,9632.0,17.063847827855362,226.01999952873325,0.9936348828246158,-1.5759606763807585
1517,44805.0,10060.0,8.700006341361915,47.98778543004235,1.0967138953843372,1.5306814501833832
1523,20553.0,5845.0,71.77398762379208,556.80231229244,0.9596335854415677,-1.5318871040212534
1525,9121.0,318.0,2.8904461351443684,16.01204298089239,0.9998438698219798,1.5304649931836434
1526,6000.0,5814.0,20.882174689450164,68.6727402660725,1.0782299018867005,-1.567363974507391
1527,5316.0,13329.0,14.615307447192977,91.22105731088529,1.0705212117324487,1.56711201622559
1528,14356.0,4248.0,17.316013305236517,91.67774177855553,1.2722961079072583,1.5549997115115906
1531,5836.0,15124.0,34.321413534451445,36.136978207236204,0.9552663429242936,1.6755482670124178
1533,15616.0,15024.0,272.3490342855239,25099.33709723611,0.9771297151391107,-1.5174340783035085
1536,2084.0,161.0,7.087191935525455,32.35101969180554,1.505839357568945,-1.5710098055939983
1537,11614.0,3394.0,90.2482528795903,14899.879672222762,0.950882996685552,1.5577558097745443
1538,20439.0,6262.0,41.46370475938193,6310.122311272101,0.438492878408547,1.5676269316244946
1539,7702.0,15045.0,3.111001300965451,3.4523266075901637,2.2176740443123775,1.5597122232654477
1540,4917.0,10076.0,564.5090397756459,582.2500805101987,1.418014573014423,0.1942062916831127
1541,24762.0,8120.0,51.45333088228776,3963.4149581052966,1.0896394994478795,1.582087679141837
1544,55200.0,8767.0,128.76435995003766,672.953450688893,1.0081041735864944,1.5675767599255297
1546,29035.0,13541.0,46.77571918033332,1542.2689099112142,1.306518720656307,-1.5680290692066765
1548,12473.0,12796.0,18.461173087365335,608.4541701498259,0.420287424718794,-1.5747223253653104
1549,6841.0,4491.0,5.906020826479677,51.04121831349581,1.0712072111907762,1.2915056023393345
1552,4055.0,13082.0,37.99257117971871,463.1603285162623,1.0424250058104703,-1.481657901053952
1553,59135.0,198.0,20.79838176394192,7567.524052851644,1.7395349912180516,-1.5701063333338556
1559,24069.0,12525.0,156.5082769055715,457.7487986606945,1.531694168711947,1.587219700206934
1562,614.0,2571.0,22.60059367160916,82.93034584119658,1.0804891661163663,1.9629306384936447
1563,16695.0,3122.0,119.92739562393105,5271.199338945724,0.9495473618320631,1.5809259395136213
1564,51134.0,195.0,12.751852267259059,1989.312471343016,1.741829047456339,-1.5702539589128712
1566,1349.0,7362.0,16.470186772815683,104.00631223151038,1.6640888066687092,-1.6597673051878805
1567,2483.0,6848.0,29.92448608506245,565.6318638109283,0.4675720855926445,-1.5330023989978798
1568,3484.0,5309.0,238.07982644135984,74935.85178131913,0.9274675748065788,1.7863408178280842
1569,40941.0,11773.0,58.543441278373244,131.06977406781425,0.964196731334634,-1.6083076903182096
1573,26957.0,10002.0,78.28312438594342,318.0049768772704,1.2292766871231908,1.5583297069352922
1574,20262.0,12464.0,158.54170159410234,290.7401644536888,0.9655795542898564,1.586659329142633
1575,4377.0,14691.0,25.277339369926747,103.08823397923327,0.4413254511703592,-1.585192666064245
1576,4469.0,11062.0,7.434376377432477,24.809627569118543,1.212236084995152,1.5655957145364574
1578,18637.0,8658.0,17.79304377441418,113.91614988871503,0.959977891696478,-1.5620272735582141
1579,37621.0,12436.0,90.10922000198835,2053.0135955154906,1.133456036640979,1.5560544248774222
1580,11524.0,13732.0,14.301823226708278,27.332931147655902,1.059359024289658,-1.573388974273876
1581,61104.0,198.0,63781360.913671404,63781360.91369201,1.7362497559147712,1.57114928660567
1582,3888.0,14137.0,34.027830271990574,78.07233078579043,1.4098443555314282,1.6393460276114107
1583,8589.0,1822.0,24.311676835456005,318.2097602212965,1.3044002764916807,1.6143677512914147
1584,9444.0,11641.0,35.25847692917896,86.65033129381133,0.41552800184288186,1.5438048020177293
1585,556.0,14980.0,20.522299516048996,36.21386684555358,1.2212791068589905,-3.0684755970616524
1586,8341.0,7855.0,18.48358941415623,109.93122147434646,0.41133288803623813,-1.6129967826128957
1587,4426.0,12782.0,21.38691040463602,97.93310183777714,0.940017623714058,-1.2751685375626898
1588,36496.0,4144.0,11.122588691190398,128.74258870591103,1.0634926189675664,-1.5803783663310278
1589,17628.0,5092.0,11.219651980068555,60.22774866616108,1.2443162242143477,1.5593768518102304
1591,42218.0,192.0,36.53878377639704,13552.941729814876,1.7353817713345605,1.570229441416265
1594,49759.0,7050.0,19.773135967425215,398.65119170610535,1.2386788399198734,-1.5705536129800302
1596,7137.0,4017.0,63781360.91367173,63781360.91386048,0.9641051889799279,-1.6458877915288797
1597,5068.0,11759.0,115.15626723643298,11355.637910540117,0.420110273922398,-1.473263363199577
1599,15899.0,6343.0,938086.4687519134,4271376.271359925,1.8397963020272048,1.6246083922843644
1600,25824.0,2964.0,127.59169565933169,609.5832787893902,1.5057020997773798,-1.572174675899604
1602,6141.0,12958.0,195.0969710588062,1840.7863343523857,1.0597092219769246,-1.4908285807591162
1605,8072.0,14742.0,27.766196773349936,147.32251444213122,1.5659892135889268,-1.6396581418892744
1606,25541.0,12448.0,31.737659855410314,220.1169246982927,1.2443472541991765,1.5823994425181944
1607,1483.0,5748.0,37.96152308737605,105.04713617574865,1.0999374449225858,2.0315143289818773
1608,32293.0,13909.0,35.830860693724226,243.09413770516827,1.0905831680873999,-1.624769048740999
1609,30129.0,11842.0,675.7651333549431,2710.320119656925,0.9868538082475906,1.5419938861213198
1611,60191.0,10983.0,2163.6031952085627,95969.58126040312,0.953623706303936,1.560619887873924
1613,6795.0,3684.0,52.3628178084192,1059.240254203552,1.2053702889256563,-1.5631630010148425
1614,953.0,15039.0,90.73164135563736,869.7652782912688,0.48714219360189626,1.4404686268928932
1615,22040.0,6828.0,444.0518956650094,78510.76281001377,0.3770373637096765,1.590919500323359
1616,21572.0,8630.0,14.329315376985823,108.14448892627624,1.1142129101620564,-1.5491936972517517
1617,49598.0,12520.0,6.005258384948101,39.82125664968547,1.058306972380644,-1.5674716238724213
1620,3038.0,14871.0,21.633377557963477,26.82712637023119,1.1536309863471879,-1.5734540840716482
1621,3787.0,4649.0,5.741468436632647,29.145844897156294,1.8600938350389118,-1.5688618646028492
1622,7881.0,12544.0,37.57473116410261,7789.935463623694,0.42482618586641874,1.5495078069861845
1623,12924.0,13518.0,336.39984103872644,23375.900254203832,0.9278037515259756,1.6519139911490344
1624,18074.0,8140.0,33.287139454617424,4221.655055502513,0.4179130639921348,1.5714312394829317
1626,17148.0,14661.0,63.922979143875345,186.17692743691688,1.0972888668134182,1.5716219610366626
1627,13878.0,12385.0,91.55291219522745,4811.934485218491,0.40545276648064194,1.5510236163521827
1628,3165.0,3824.0,16.16285600691012,286.2298466671931,1.7668950854967327,1.8186621075870013
1631,50307.0,15153.0,176.30294349448013,4758.028093086779,0.9872574445879119,1.5593879765808623
1635,4652.0,14003.0,21.000237983179396,35.03070016807508,1.475941444829917,1.6195838509104592
1637,685.0,13962.0,35.45319293193978,138.45951158301332,1.2238227445677934,1.3998836700661357
1638,3120.0,14929.0,6956.091508118117,18315.474833458833,1.1227726932883093,-0.4532923719010353
1639,1001.0,14985.0,6.62426406582978,7.752585360290133,0.9352926604691554,3.108015798189562
1640,8043.0,14847.0,79.03746194707217,91.6784146353283,1.5365534369071034,1.5406209957072303
1641,12308.0,15040.0,3.0777675374357774,3.5237857842436244,2.2176740443123775,1.5675847210973168
1642,4924.0,14653.0,87.93253810328586,106.247139979587,0.413619311756027,0.055324243215559094
1643,40880.0,10620.0,6.544679194596504,412.86937175327654,1.8117218670148447,-1.5938814666177246
1644,48057.0,15177.0,4.970211157035816,4.993843938990872,1.0854453911465844,0.33165582205093475
1645,23961.0,13173.0,10.419409115102335,32.50732089529237,1.4744966760373908,-1.5607058679837698
1646,13245.0,8478.0,18.69955660473627,63.43890247937653,0.4237294070410775,-1.5949578645522564
1648,27289.0,2191.0,181.77999833549097,20943.282037675086,0.41489765451531824,-1.5817930898335886
1649,6240.0,7884.0,9.190139927195384,41.16761128937344,1.3377018991881053,1.600110303630068
1650,975.0,13024.0,142.52798223923836,3784.566197733321,0.3922907888668304,-1.3806598490073339
1654,9440.0,8171.0,11.345933551597785,89.94097734279019,0.3924259582519122,-1.5707243191759557
1655,1652.0,14905.0,214.3740128474197,240.4685134627316,1.0226924659628114,-0.959839877949929
1656,544.0,11766.0,8.47657560495626,28.34277785361323,2.7309807430581796,1.5621325220082685
1657,31131.0,7007.0,33.5866183292766,5670.750836799557,0.40607062749707085,1.5698310091780492
1658,1756.0,8221.0,43.3597424546813,320.7809561354734,0.9376952241508818,2.9217229120919885
1660,290.0,1295.0,16.513771940939854,123.27589685697117,2.3600506368851177,1.0388548739264116
1662,11759.0,15207.0,5.445797964030134,5.899221784475255,2.3873965596991464,1.5247110803760204
1663,18565.0,5010.0,531.9559912416005,35471.81774709965,1.2434268163430207,-1.5918415824601486
1668,4588.0,1479.0,96.36977617733378,337.6392785247827,1.109601047423089,1.4015171261646109
1669,41204.0,8231.0,44.42766084388626,401.2065584029641,0.9376952241508818,1.6116800192000875
1670,6278.0,3664.0,14.034585362780868,54.10319999165493,0.4742510101834185,-1.570988777827101
1671,6103.0,14847.0,79.40952168236814,91.62325575627821,1.5365534369071034,1.4774783703085932
1672,22829.0,10203.0,25.784947992326174,1592.6432430103216,0.9619478626905356,-1.5262216822963872
1673,9930.0,13523.0,19.901921392013673,152.95026481763642,1.8317067364439426,-1.6468775494658718
1677,33332.0,12183.0,5.36240634579554,23.636141069013465,1.0070464005498752,-1.6099952523904448
1679,11384.0,11945.0,1090.5344247327098,26825.166616476927,1.2538136934111241,1.6704388571667255
1681,33252.0,15077.0,63781360.913687035,63781360.91371831,0.9551105756462174,-1.5534808430670526
1682,9834.0,14487.0,79.18991890527971,2702.671442581624,0.41587433096452586,1.5510048127077642
1683,2572.0,14620.0,37.25930568168068,295.51482142711524,0.40545276648064194,-1.5881393259190675
1684,43833.0,193.0,8.57521696746335,457.68951833515433,1.7340000719230995,-1.5706068821302257
1685,18458.0,1370.0,6.318941774960288,25.43952416864324,0.7494916266290084,-1.5480822204242424
1686,1167.0,14828.0,239.11987481297035,3929.047393442911,0.4018886180901466,-2.017433947488596
1687,32674.0,12748.0,8.996612625031121,84.06158344302057,1.0027157988460906,-1.5623474111348397
1688,21885.0,11847.0,677.8216401315971,2718.266070686314,0.9868538082475906,1.5325770938734362
1689,12708.0,14881.0,121.30917017909611,148.1410664190092,1.5204019275759144,0.05400256244676884
1692,50923.0,14865.0,51.96257085273,289.68754854480244,0.9920804607127099,1.6016045873075748
1693,43778.0,14084.0,249.92052927977406,1317.7461872293056,1.1317773245888982,-1.5818028179904045
1694,8678.0,5334.0,16.928199073831305,128.67802335969267,1.1066995744299786,-1.5567175735530685
1697,41857.0,15071.0,63781363.00000005,63781363.00000006,1.2759349657503145,-3.0956511476770907
1698,764.0,12355.0,13.952712698991496,51.706836931457445,0.9270802684840803,-1.4898608291766944
1699,26186.0,3556.0,13.908792153001055,192.35922565817387,0.42322593363298294,1.5755418512912087
1700,4661.0,8823.0,90.37975190142731,6430.703585825539,0.9054120242260849,1.6352282722738651
1701,3126.0,7025.0,17.065764595619093,96.02188133592156,1.0912599413050958,-1.5093318255180384
1702,31168.0,6350.0,17.66080728432118,258.1363408161237,1.306999241350294,1.5615911731959693
1703,4402.0,12705.0,30.302761070893094,182.5779615016077,1.084168949455232,1.3943536924555884
1704,34881.0,505.0,87.67583399194557,16215.582485693782,1.0600338442763237,-1.5716136651545747
1705,17651.0,10793.0,63.72039791605434,70.34819441815642,0.41978649784846134,-1.6077942489927677
1706,18853.0,15107.0,35.867436376036636,44.35932182197274,2.4079468324980398,1.5722739915116928
1708,4547.0,15019.0,8.913943381953182,10.930177340352607,0.43096476320359656,-3.0384349710890093
1709,4762.0,10306.0,681.8020185050461,4523.027396029546,0.40070756269121566,-1.564890684056168
1711,3959.0,14344.0,10.824871944704565,15.609983785689113,0.45272245134941813,1.4847394841762536
1712,16976.0,13403.0,5.261372807616721,17.776006960982414,2.22310026846922,1.5759751796516817
1713,476.0,8011.0,56.61196742982934,1820.7068569430878,0.37727849568514216,-2.400529961779166
1714,29248.0,15004.0,3.4632861756454267,3.9394128998542546,2.2176740443123775,1.5379935715132098
1716,4839.0,13790.0,509.0564742643019,7236.100049952875,1.0952010393730172,-1.207151997432597
1717,17323.0,14259.0,152.69465433613078,168.13501341794532,1.5113925208613117,1.554654732365796
1718,18768.0,13932.0,9.313213418994849,30.04252432522843,0.43187132591784705,1.5739123130756432
1720,46412.0,9313.0,407.0146521937001,73732.26651796351,0.9087001633502559,-1.5626581980127885
1724,3603.0,3828.0,8.130759713511232,263.4180838555642,1.8087532333352487,1.860700340679396
1725,16769.0,14654.0,30.08516699056504,117.34724712523902,1.3056722220130794,-1.5932682168436756
1727,51205.0,14178.0,63781360.913671374,63781360.913672246,1.7918961002517837,-1.5324238884714105
1728,22219.0,8633.0,28.796322902244427,163.99318463526782,0.41128036708714905,-1.5595167695309522
1729,11913.0,15207.0,4012.7465920251984,45850.87044488423,0.9467445195942571,-1.655645060618474
1730,2107.0,12464.0,17.860798825728708,598.521972534693,1.3068046651686476,1.4629939104213834
1733,16300.0,12913.0,63781363.00000011,63781363.00000193,2.2719077452471175,1.5926238081514397
1734,1901.0,185.0,68.17871667688851,24673.808932919874,0.4122129901258899,-1.44357708769945
1735,630.0,14942.0,460.6937447935646,6385.428329529358,1.0117349735324646,-1.4582783178269492
1736,28357.0,14441.0,3.539361149606347,3.8440771446731263,1.700231461810553,-1.4270292100255528
1737,11262.0,14836.0,165.52468242810036,9376.294581024564,0.4647512802607709,-1.5706703699038396
1738,803.0,14696.0,57.17111585486306,143.44388325419374,0.41827982405968833,0.9432695390018604
1739,15628.0,8322.0,306.4968133059631,2447.4092631246413,1.0035250473964215,1.4477581213532766
1740,17219.0,6856.0,2.984745878567007,12.856111416305705,1.8677979908036482,1.563543862765949
1742,24502.0,10673.0,38.97135598153135,457.64242950506537,0.9324478445583116,-1.603553137777568
1743,32664.0,11987.0,87.51355023691437,309.66884397225357,0.3990735315251978,-1.5665867484344798
1745,16358.0,14965.0,6.920018389850906,7.522964216693168,1.965891417402013,-1.611437994812734
1746,13072.0,6007.0,24.542907853107813,136.985362566809,1.315222915330816,1.5813523805227
1747,19430.0,1787.0,19.055958580764557,211.28072967927793,0.5048384165922634,1.5782744513050853
1748,7310.0,14946.0,557.3792884764746,775.404799253135,0.9587570946228591,-1.7718652511524773
1750,4341.0,13570.0,14.52143798699412,38.76281693877455,1.3165903561546655,-1.586068124302371
1751,3012.0,2745.0,35.93482351496335,782.1798924703628,1.2352782563190157,1.6313683770113996
1752,28708.0,12983.0,687.1970842200284,61483.21964315596,0.4030973028295444,1.555739221888984
1753,5744.0,13087.0,11.636473275851468,54.124930029995,0.39211242679346114,-1.5794792150643577
1756,16829.0,9573.0,2.972713559799654,15.589219767346712,1.0523604485259204,-1.5780777459706905
1757,2357.0,13775.0,421.99795194017776,450.4770212047789,0.998687422528613,0.2900317288744965
1758,32930.0,12572.0,33.48971155720992,6184.8794436067,0.42482618586641874,-1.5756677296219697
1761,3324.0,12856.0,63781363.00000009,63781363.00000182,1.06830579800463,1.262936660892833
1763,30891.0,11645.0,34.868555279860814,712.7157912200662,0.40664069364097644,-1.570447044355906
1765,1235.0,14737.0,99.4394163239876,132.46354679710117,1.2343692934288217,1.4565418136854058
1766,45197.0,10813.0,2.62143483658443,15.83695288691828,1.2389563786187434,1.5824078058416742
1768,51232.0,14825.0,242.35176448040033,17608.68089528151,0.9561769987370881,1.5719233041318725
1769,5309.0,8217.0,13.816427051707114,353.4808493853842,1.3183817346367,1.6334349677819089
1770,3044.0,9519.0,269.16682802758817,1231.1703322625963,1.2320045326121487,1.5444239929906787
1776,62116.0,199.0,63781360.91367143,63781360.913790785,1.7362497559147712,-1.5708916952836098
1778,62091.0,199.0,63781360.91367148,63781360.91413422,1.7362497559147712,-1.5709483391105652
1779,10317.0,1354.0,61.31513110226601,815.8313536597782,0.42043275354870197,-1.582216708102671
1781,14865.0,14025.0,116.12608259541754,133.62770461614255,1.5427340223781525,1.4905951303242646
1782,21235.0,10162.0,236.0668849967395,1199.1998036128894,1.1146914526171117,1.5509458472570197
1785,1548.0,11716.0,12.041953959383813,39.004700248398144,2.279928300484983,-1.536691717767923
1787,14372.0,14564.0,128.09620240175988,218.99465968945222,0.428568460433519,3.1276272326041386
1789,40477.0,14593.0,31.598696665506196,131.91799033141908,1.8085414231581227,1.5866292573760736
1790,42129.0,4922.0,2206.747879210509,373090.3213719615,0.9772918568628107,1.5786051532844128
1791,2531.0,10180.0,13.850492609857705,130.35894343247628,1.3201641207843933,1.6212910228900097
1792,31423.0,10734.0,20.349684128477445,4431.211506764279,1.7685224180924148,-1.565467333101257
1793,148.0,14759.0,13.895503025299496,22.65053238405884,1.294995393818705,-2.110391206164929
1794,28060.0,2860.0,16.791168520368384,81.42667297834747,1.119063426405912,1.5750886553579468
1795,25219.0,13804.0,21.159621230800994,207.33396644576777,0.4390560321183834,1.5805108891617148
1796,826.0,8686.0,76.52217632749436,2881.8702904485112,0.33637106541509587,1.8294487902941703
1798,6885.0,4350.0,8.99413815456356,103.21103679785843,1.2347152690398349,-1.5753309298469709
1799,10434.0,3759.0,25.01195813219812,90.41417100180689,0.38470308842236334,1.5599544347711165
1801,6660.0,14740.0,134.0753590383853,267.6079318693142,0.9500390378447603,1.488731899572206
1803,21232.0,1186.0,14.091076643670055,83.16852641871803,1.0692238654744393,1.5658183038262345
1805,7656.0,8483.0,148.72476038173687,3999.013218731191,0.9625869969380914,1.545954305014516
1808,46760.0,15137.0,2223.5737382509387,20688.115731750317,1.0643669604001529,1.4433896587182984
1811,3789.0,4613.0,36.13759481548364,203.31920508020514,1.259050423720675,1.5491822536320716
1814,488.0,15002.0,55.07373832053585,1428.0349387942454,0.4775448598831902,-0.8411401061961147
1815,5844.0,5948.0,2.6390884956009297,19.635364251872996,1.7922674376122973,-1.3805973742103905
1816,5325.0,15278.0,8.7100017324629,41.04803611447228,2.4331727432180172,1.2322871300948506
1817,2167.0,7608.0,35.92997617668579,470.6623816238637,2.0442297550591464,-1.3721855938597534
1819,14723.0,8824.0,23.68682678504754,902.7225479254768,0.4418156260724159,1.5673081239784734
1821,4918.0,14365.0,10.70411147333743,23.650350898191586,1.3014490788689723,-1.5655975806093294
1822,1580.0,12632.0,135.27118588037982,239.85260350255604,1.0591421828783496,1.3182677670003426
1826,18851.0,7620.0,26.89421748563499,56.103061641647436,1.1051159735767728,-1.6030668735768607
1827,25883.0,10783.0,5.0345836129007235,21.601131977636356,1.646137701374287,1.5816690089106027
1828,4727.0,14366.0,73.15694704175887,111.96144191120669,0.42974804954132173,0.054792696444783
1829,30372.0,15264.0,65.5531604820034,102.37047468036515,0.900162465417798,-1.608578609488599
1830,7121.0,11920.0,32.49376935323169,260.1571616357693,0.4194262848499851,-1.602348230027857
1831,20505.0,8098.0,19.276204902009,119.3001105392738,1.2532434775424095,1.5856420319585738
1832,2711.0,11126.0,32.0716190805467,139.72045270503972,0.416911439877346,-1.4317427385653563
1833,19884.0,1853.0,15.666062506157987,129.66388761220963,1.1102958042778375,-1.5814305506080788
1835,5004.0,8853.0,13.847324886422241,59.9371822115034,1.404151418779134,-1.4925541560757551
1836,34368.0,11406.0,8.448070745452226,55.89018721879263,0.4200325493142858,-1.5783424638609849
1837,47082.0,14093.0,34.45367890261112,518.5651822570159,1.8834027288866562,1.6014567628327971
1839,13282.0,14862.0,3.772859468286539,4.793385531444943,1.760468787891655,-1.5064258971004252
1841,43941.0,3210.0,14.268354402800805,124.11825779992618,0.9625869969380914,-1.5666584629180462
1844,902.0,14826.0,6.191157768578018,6.991074643422532,0.43518502393666275,-1.5500514986906249
1845,12341.0,3456.0,53.314591568348774,430.27785162829383,1.236082591289584,-1.571041806662615
1849,37855.0,14837.0,737.9128488102609,6327.340888022049,1.2645927149158496,1.5565313660443065
1851,3566.0,13812.0,14.220811550514387,20.284654668922766,0.3906492624669145,1.537311297098824
1852,9214.0,14385.0,32.422984238464785,435.2002439022226,0.9647978755507928,-1.5663866195719989
1853,2852.0,13740.0,9.524286943304588,79.57141629791205,1.035700487694292,1.5476366020326267
1854,26882.0,3796.0,20.979260647285734,319.3584467863743,1.0372706075518854,-1.5826145069315023
1858,13130.0,13095.0,63781468.444314696,63783427.0003255,3.436896457624684,-1.7221610600037596
1859,793.0,14685.0,54.835008217781095,168.5320383392646,2.3519627222578476,1.0390815188731928
1860,5694.0,13579.0,149.741209967784,613.1715514019379,1.1107607622068696,1.7539386257433451
1863,9720.0,9055.0,728.7898875894746,122618.44408260027,0.4262081236415934,1.6196663610494275
1864,4111.0,14957.0,19.28117310324503,28.073549504547476,0.44389939365751413,1.572485587586052
1865,21817.0,1172.0,9.371301724998325,174.60638628577738,1.2588638213492065,-1.571186542395388
1867,683.0,15065.0,89.03391741211935,207.38997294234247,0.4000018361171455,-0.8324985996178207
1868,47522.0,6427.0,38.761484189864895,1530.742345283031,0.9613177669216563,1.60651629569936
1869,46711.0,6030.0,70.22738438765337,10624.6503926774,0.9898453663694968,-1.5694402075080067
1870,14054.0,2576.0,35.08655880354557,149.03323581475,1.5281362457068144,1.4799808702112363
1872,103.0,14144.0,86.50260429897195,5036.29943251844,0.144447916516305,2.30654503197683
1873,13704.0,4073.0,25.69990577615537,169.8134186557083,1.2628174112513346,-1.4501766018063986
1874,10032.0,7847.0,36.0766471788883,46.13131488216206,1.3406673349096574,1.5608316488457565
1875,29055.0,14303.0,56.5318159147897,124.97916122097787,1.249505660652506,-1.5472184732097878
1876,45819.0,12349.0,63781363.00000062,63781363.0000447,2.102252189492288,1.5392416510994829
1877,4968.0,11153.0,28.880513154723488,655.0454192166478,0.41756887854902136,1.5405142609172116
1878,10536.0,13723.0,184.07166490215852,6095.849645399605,1.1844590175849579,-1.569500664832045
1880,4006.0,5085.0,162.2096904391399,23035.678207396202,1.4503339178572707,1.6091617751175902
1881,17343.0,12385.0,20.331910158939515,229.67879966507337,0.4204967713543867,1.5948663245991357
1882,65322.0,11738.0,728.7011205362426,100111.8742006627,0.9371461528687609,1.5396856551761136
1885,2647.0,14041.0,340.9085236911688,423.7120246121287,1.192067535788217,-0.1778007374509173
1887,52973.0,11415.0,14.343427305371007,65.97449729098595,1.0070476179306163,1.6068927447668446
1888,14857.0,14830.0,12.852112134784008,19.348724279879395,0.40368571831188393,1.5911986698995813
1889,8387.0,12397.0,8.226055233954783,53.66960251097577,0.9552656404844384,-1.5545613327591292
1891,4416.0,8916.0,41.10289583356139,139.53541145809342,1.2336591804063366,1.842303379132754
1893,2836.0,7890.0,7.62617538525411,54.73268025807851,1.023373548689157,1.793352936502876
1895,47709.0,5954.0,183.77569771290712,10795.036721384287,0.9794338067569645,-1.557717065403004
1896,11904.0,8866.0,12.750091080353023,108.92582871921593,1.2978474622882712,1.5840433527974314
1897,59219.0,198.0,20.867145576801594,7808.67678596406,1.7395349912180516,-1.5714401358218153
1900,9025.0,12306.0,16.929137831386278,60.97160554246661,0.9356419432082428,1.6664899944233778
1901,2948.0,14898.0,37.36675234401242,106.51908394461093,1.244803613174615,1.481861619002936
1903,10004.0,3462.0,318.7744212664774,18066.318916508193,1.0182406639761798,1.6232733424450418
1907,6070.0,12413.0,72.31989219255331,82.89894816309538,1.104523249363094,-1.5224315198501404
1909,3159.0,14900.0,75.71151924341933,238.33979450484344,1.103746924079621,-2.1846923067292967
1911,2419.0,14892.0,61.78782435271459,115.77875749460603,1.6381104445385049,3.126000000834952
1912,31401.0,2624.0,177.7857746570282,693364.1059746244,0.9333456633352901,1.5747582344415374
1916,5122.0,11284.0,31.13411943516759,72.76440244412788,0.9888870075658255,-1.5297322767912493
1917,14421.0,4102.0,11.555435362840681,89.63561706849359,1.0634926189675664,1.5867690036525683
1920,10069.0,12987.0,85.88087527035343,180.99219956017228,1.1144826052650483,-1.3964852932622205
1921,24414.0,14809.0,277.01386626512755,465.78640824366715,0.39992656352288714,1.5723620938267617
1922,12634.0,7797.0,22.32279360214217,158.85874198902192,1.107015544628709,-1.5658140554048408
1923,18176.0,12179.0,27.307799210152833,110.99492393973118,0.9774487334868297,1.5757548956474412
1926,38212.0,11088.0,29.541728898632872,618.3102441357719,1.7213270373509892,-1.590622019863144
1927,20000.0,2792.0,67.08945575331545,1077.5461192594967,1.8828731043860731,1.5555111107868804
1928,16512.0,13897.0,145.94311962464127,553.6494516999414,0.3945751366794611,1.5633315524008862
1930,38234.0,14494.0,12.459983538945716,351.8271675527199,2.856223027855301,1.6077380252292368
1931,1755.0,13063.0,346.62080932621427,1314.3729748975838,1.2405479578770007,1.429586053943799
1932,52994.0,9226.0,63781360.91367141,63781360.913696915,1.6959932827367412,1.5391005703414895
1933,42845.0,192.0,15.58825436992766,1694.2250149738657,1.7353817713345605,1.570120671386395
1935,61572.0,199.0,63781360.91367147,63781360.91398338,1.7362497559147712,1.57017893644178
1937,282.0,14823.0,11.17642671673727,31.173850969829683,0.9831455232001326,-1.352721296875782
1938,14524.0,14976.0,951.4040563481192,14102.447277702086,0.9628682636986633,1.445757352183836
1940,26701.0,14219.0,19.15240288699205,134.91111578276437,1.5023741084976376,-1.5556791699278811
1942,3965.0,14788.0,93.15633228668084,126.36944748104362,1.3916168105991615,-0.42517669342878867
1943,25499.0,13780.0,51.118464904924814,1379.1894328891678,1.0968791739018864,-1.543698035224836
1944,6527.0,13575.0,23.509962803122352,184.34816419735344,1.0252007710222057,1.5509517595396212
1945,7363.0,13025.0,6.014395033770084,20.52727392984082,2.3099061461195314,-1.5800017356595517
1946,6761.0,10655.0,63781360.9136715,63781360.914069995,1.7685224180924148,-1.4856537685309694
1947,32849.0,14688.0,63781360.91367137,63781360.9136717,1.8444033205084782,1.6228959715233968
1948,8273.0,4685.0,4.587173652720782,21.962396920222808,1.267560713966167,1.5880811116582803
1949,308.0,13959.0,90.59875608879545,307.86579495130445,0.3206646330829693,-2.627459278462719
1950,43793.0,192.0,6.538244392364762,160.36972296785427,1.7336328859840298,1.5709224329342717
1954,3083.0,8441.0,90.6001244080281,1822.7829113388052,0.4384989763718503,-1.421415296752273
1955,44836.0,14891.0,76.5791931810407,87.45217258515582,0.9597250701058381,1.5627144109563784
1956,11547.0,1239.0,7.305191933923952,29.070330556796193,1.3049717808511596,1.5683575262222291
1957,17686.0,14826.0,46.97352103477645,49.011291653725,1.277073542258449,-0.012750562819785915
1958,30268.0,13309.0,1281.340674212822,54296.72888886375,1.0117914883572365,-1.5789927240126822
1961,1772.0,15204.0,63781360.91367154,63781360.9136716,1.8345749519476047,0.31812647996796195
1962,12096.0,14937.0,19.146409814801316,52.131580617575736,0.43390543338032983,1.5613923099751579
1963,15820.0,842.0,285.9824424713726,1086.0443535560955,1.0956176464939351,-1.526565825849317
1966,2184.0,12936.0,18831.669358471714,87323.3071084259,2.394281883702718,1.9091530972043618
1968,4208.0,14103.0,14.050746124080243,31.889321400662578,0.425611279834612,1.6200159852895126
1971,10931.0,4979.0,110.87888032484794,1333.9178337654653,0.9664548950579109,-1.6295266687078953
1972,39367.0,13785.0,200.11326526243673,35774.32122948031,0.9759473082658714,-1.575839756215553
1973,48333.0,14851.0,31.878082963887575,142.56683671618336,0.9767943255918081,1.6079450558781252
1974,49873.0,4794.0,53.97003498146383,5132.241635321291,0.9642795947439545,-1.5996817168237476
1975,6872.0,4726.0,23.196860003873073,93.43215984476535,0.9552090794486059,1.5913648938026252
1982,2559.0,14405.0,11.37352638915487,16.447918099826897,0.5804166251845412,-1.5998631450535838
1984,29647.0,11486.0,18.9140123684665,84.65731074042192,0.4174082766768844,-1.5727963799041216
1985,22495.0,5595.0,8.126989653671307,51.450219773082004,0.48535011074940426,1.5668440930314227
1986,9197.0,10840.0,6.554379845115744,37.14331959047533,0.4435514616224842,1.599269603137144
1987,3546.0,13341.0,147.8052582271655,12962.612607301204,0.4218814437656842,-1.7017996078692246
1988,25900.0,14788.0,122.88093071429908,134.2729471907181,1.3916168105991615,-0.07800987694195227
1990,60795.0,199.0,63781360.913671434,63781360.913699895,1.7362497559147712,-1.5706072026820983
1991,18008.0,5844.0,52.5654420066828,2624.960214029253,0.9875494138174002,-1.563253374412753
1993,3487.0,14665.0,22.742358217795182,46.452080566645016,2.1010368505916204,-1.2305322259684899
1994,42989.0,192.0,13.57198117408682,1201.7598866041005,1.7353817713345605,1.5715335457039101
1995,25791.0,6108.0,49.82817636434814,97.68947988942605,0.40080592393783987,1.576322964675432
1996,6021.0,9736.0,19.583951549762272,96.62355251679939,0.9602193429534862,1.6043444162596823
1997,52816.0,196.0,6.390551045136813,282.0052217364942,1.7407562824327738,-1.5707958299397853
1998,30997.0,12061.0,84.5510154729703,5831.48619290756,1.2876204456242044,1.5686748812845839
1999,1194.0,12154.0,131.21813757811728,3848.451939876992,0.8652765112506918,-1.5553118532481847
2000,942.0,5736.0,4.867098263168305,23.545592513363246,1.4492921321069363,1.5444957891085203
2002,6893.0,15046.0,19.620899570077395,35.69593720056332,0.4365768763990905,-0.036801630992676054
2003,19970.0,7968.0,13.149504265820728,138.4384868219628,1.0847129411693932,-1.5752859220520905
2007,10366.0,4257.0,9.209399248761788,39.2451264724655,1.3712145146005994,-1.579581536808598
2010,12466.0,15143.0,125.85921134914032,205.02730139855763,0.9837437672902328,-1.6015577715403806
2012,18126.0,12732.0,4.171132895825065,27.994162149999855,1.0700515740725933,-1.5364729786130653
2013,27988.0,12405.0,31.690043970291445,1106.509831684086,0.41674827865283737,-1.5785953736957852
2014,17159.0,13586.0,139.04757658076977,1136.8373526467417,0.9047722808981807,-1.5301409572874187
2015,512.0,8986.0,10.67239636714168,30.540531038674985,0.4264076298100026,-1.6204608752901046
2017,22538.0,12773.0,5426.206886859418,167959.51208770927,1.9184689234886079,1.5997571313629566
2020,25087.0,8664.0,59.25356855293549,539.5276959184689,0.4145618303409033,1.5583257890208704
2021,1857.0,14948.0,34.00357309871236,41.77868564507883,1.2488878596673028,-2.918241291417171
2022,70.0,6173.0,15.516104276456993,109.6021655623048,0.2192564321618179,2.910273039695055
2024,881.0,12795.0,60.86748210106717,470.09675178874136,0.9494617091870963,-2.6752313600127997
2025,4909.0,3951.0,63781360.9136736,63781361.204413615,1.8087532333352487,-1.7819227098045007
2026,24908.0,1371.0,70.13563943424471,9774.664961195404,0.9671963493393957,-1.5454514667592356
2027,2473.0,15055.0,16.783390070612054,17.072373354243478,0.4153429675322585,-1.4817396956152997
2028,6416.0,14350.0,160.43655563289929,1255.3783456890283,1.3229978914658,1.626482544411492
2029,16247.0,13929.0,16.726742985405142,102.68425286225359,0.9670171116950209,1.5697891221170281
2030,17296.0,8698.0,29.453076787405028,126.64903807377522,0.38889827361760737,1.5740359221955413
2031,25830.0,9858.0,10383.999514302794,56915.96582419344,1.6366366045011915,-1.4977231287996426
2032,13529.0,12586.0,68.34665031617405,82.96212705782558,0.4631565698537238,1.542195991843772
2034,38152.0,8777.0,413.7767829152577,1783.346570428838,0.9506525009862519,1.5436736099062816
2035,30422.0,10189.0,302.4588798683466,1692.0286410199378,2.4111429354275407,-1.5305265555898093
2036,13608.0,8673.0,66.07496269175893,298.32940000574206,1.3382460547115547,1.5811083972769882
2037,35895.0,14486.0,21.78110705317043,111.45121979718736,1.1098720698620408,-1.554693612151139
2038,1894.0,10173.0,36.80471609613276,165.36484449734047,1.3893033310209528,1.5192752450575917
2039,41014.0,12325.0,285.2942829603311,64172.820239698274,0.9781282039115426,1.537827924155294
2041,10647.0,11072.0,26.54901600425649,46.852655037881114,2.191099805300275,1.569326533096952
2044,10730.0,15042.0,4.568848313309232,7.352225663680065,1.2759349657503145,1.3800649533147404
2045,34830.0,14952.0,63781360.91367137,63781360.913671374,2.2176881135501327,1.5513891646274038
2046,1041.0,7319.0,53.48404983157005,1841.7872677277326,0.2043966223389535,1.2242088008125454
2048,8213.0,9972.0,11.96093394763093,69.13114145915554,1.2900005412198374,-1.54961155676595
2050,44375.0,13999.0,27.33818716684063,246.31894871438976,1.1307142355993036,-1.5728338544740028
2052,14042.0,8747.0,14.205669409601443,378.40994762595295,0.4235509053507066,1.5490689989208382
2053,54943.0,10525.0,5.205187658249602,92.72925039406103,1.0214729873336654,1.574956979996021
2054,23750.0,1554.0,85.43887044465224,1643.8838162189193,0.9762321837718073,-1.5544251474008017
2055,11399.0,11408.0,3179.5578893308752,52766.648143091144,0.9994863067176613,1.475495596431378
2056,131.0,12907.0,45.4153816773711,3914.1421682073774,0.9681214001974757,2.5704904831848947
2059,33398.0,11215.0,59.97859308857016,34239.164278266835,3.3338341341577182,-1.5683876027117873
2060,7257.0,14987.0,30.647786210842735,133.97575279761006,0.40209561044414927,1.5259007658067154
2062,40386.0,7887.0,344.4314468699032,76553.97991656706,0.9446914044789791,-1.5411488970798535
2064,35396.0,14112.0,5.534316843113042,32.499052033039085,1.0142090821587766,1.5260935845253285
2065,9715.0,6321.0,9.229447133562498,40.77160276364606,1.6627356343031177,-1.5732434521629763
2067,1938.0,11696.0,12.365816164978172,86.41264080730188,1.080833264048264,-1.7592599359991523
2074,50597.0,13974.0,297.65342165105926,23399.56312845668,0.9294162734714122,1.5646430955273896
2075,912.0,15042.0,24.450139890864186,44.76557763776906,0.42462085350781564,1.4259541807015916
2076,5942.0,14729.0,20.491981372719177,114.87950162970925,0.4288541342719632,1.5963538303990898
2077,20865.0,7786.0,17.354349696037293,66.40185842380677,1.253605893223478,1.5839197416691213
2078,8985.0,12466.0,8.825194665504258,26.54319058354558,0.42622756320837357,1.5825083128760327
2079,46881.0,11251.0,136.91604479391899,1370.8379212737784,1.764939728581288,1.5620349993912412
2080,22085.0,14616.0,108.82656947054657,6370.452369855443,0.4215209094479029,-1.5698165785993015
2084,7316.0,1197.0,76.58708691284752,1109.071109825496,2.2939499991202896,1.5159158989778798
2085,2213.0,10049.0,73.32674545325767,359.24013780631884,1.8933855915022242,1.3540682649004478
2086,34058.0,13687.0,7.431676868857735,12.168538719237997,2.2736844317098623,-1.552432899706788
2087,3252.0,9966.0,61.703390428943884,639.8025971051918,0.4437079441893366,1.5123026453918669
2088,21817.0,15165.0,6895.26680467382,67186.32135757072,1.7855265275060075,-1.5463557107303512
2089,9652.0,15850.0,10646.184928792502,21983.474595564432,1.4745932905231105,-1.9814275235399506
2090,37348.0,6865.0,4836.54543780286,1286938.3347613194,0.9317480107200428,1.6092288369094334
2091,21221.0,2335.0,63781360.91367136,63781360.913672015,1.2045321659875072,-1.4845101191217016
2096,6514.0,14884.0,23.312677286067238,30.356764117800207,0.43028163061012126,1.517335966773756
2097,4699.0,2607.0,33.56709287700428,1451.3999918916097,0.9698766209322873,-1.5315042069929417
2099,11924.0,10221.0,4.916193836891474,18.902824895288568,1.0223248374929697,1.5525804803121341
2101,18982.0,8523.0,37.93561398295473,129.0007398595822,0.42521942327683543,1.5517051267681188
2102,38693.0,5367.0,4.167690138732301,13.250281616283667,1.7224146554325095,1.5676053545560162
2105,37951.0,2879.0,78.7835281621215,5395.484909487003,0.9205692332006046,-1.5782372555716098
2106,46852.0,10104.0,502.5336547904959,99225.94502709154,0.9248058336291298,1.5682526779947996
2107,1023.0,3029.0,19.45185254127039,294.31934357096566,1.0782598500348706,1.7871465488150757
2108,4892.0,11682.0,66.68939736066396,135.65827216230653,0.9580134101359118,-2.863677702823431
2109,282.0,3832.0,4.677609153286199,10.582608118761044,2.353811646168116,-1.3245780404672989
2110,778.0,14930.0,271.35481511919915,2052.163741251062,0.2005212691459672,-1.4018784149668375
2111,35293.0,12768.0,228.71533644286836,658.2790109619568,1.0237982086134985,1.5782014655635939
2114,48561.0,194.0,7.37911257740438,199.0702670465651,1.7342210097777397,1.5711893209054557
2115,1717.0,16140.0,1027.1940273019843,1614.5949031264338,1.0798483718082639,-1.340293944885588
2116,7822.0,10742.0,2.997938691885607,15.427732134396265,1.2389563786187434,1.7171494404392533
2117,6631.0,9345.0,18.32367774519356,45.91778213782004,0.43161467546078375,-1.5834556596798446
2120,1380.0,14430.0,44.34332425063571,135.1577898754051,0.9430428964619746,1.8455276344926215
2121,31304.0,3803.0,24.817045318073063,83.52483611593676,1.0043929953865542,-1.5656572460677176
2122,5644.0,3995.0,93.54830126473925,5528.807492761005,2.319582199854153,1.5054966403127836
2124,50052.0,14857.0,543.2622468734073,30593.139791743673,0.9291522820864769,1.5880971973454185
2125,22737.0,14970.0,24.95528239449334,86.56962973276644,0.9816118284311011,1.5971632859541207
2126,1339.0,14799.0,83.4727806742305,222.5590489990411,1.7696946657832993,-1.3981431173657342
2128,3225.0,3646.0,77.41789537262146,12740.189825782367,0.3774879753096458,-1.4219063683307058
2129,4511.0,8675.0,13.550403561551816,72.97586677964851,1.0795002511341727,1.6451665177649415
2131,15225.0,5220.0,15.60879129161431,108.37235345363409,0.4206637377618252,-1.5371934586166647
2132,19409.0,10899.0,15.346103282148277,40.39768831917386,2.0751036928682898,-1.569207756994159
2133,11744.0,13835.0,77.021632471619,2734.230882320863,0.41480344377824696,1.6181055336433097
2135,19982.0,7650.0,176.96675542140989,39399.676868283284,0.38284809822901517,-1.5870969726843933
2137,25341.0,4809.0,117.82029514120063,5541.598410052473,0.9274675748065788,1.59106886181927
2138,549.0,14666.0,11.096850295729073,11.816464808961246,1.1080930435223104,1.1415140410090967
2139,37304.0,13940.0,357.32905678748705,1279.235072529709,1.1151499995223575,-1.5678330560825287
2140,37372.0,2675.0,183.61328710849952,1190.3046850110593,1.365187469486881,-1.5970109880123675
2141,7467.0,14751.0,55.04815470740767,63.51343509760556,1.2186848378256496,3.1138573895103927
2142,79.0,14952.0,9.331584362054798,10.347813966748975,0.5081377161146818,-1.9022663751423754
2143,39209.0,13064.0,27.55135421793726,112.39388234534995,1.2771030583688643,-1.5670335397808106
2144,13277.0,3074.0,117.29703908578986,639.9593486408726,1.1064606590301087,1.646771993718514
2145,48346.0,9392.0,499.0347941794803,39046.85782389613,1.2353868621167337,-1.5830511928584643
2147,17743.0,2618.0,319.65852820841684,8024.017196604245,0.42795224998093295,-1.53110785371177
2148,24213.0,5652.0,10.104407462432677,173.55952046160044,0.44038892504365035,-1.5723578759405716
2150,26264.0,10191.0,36.400554541477646,151.2459658456677,1.3893033310209528,1.5780513757645747
2151,15143.0,11066.0,52.82569174654089,223.307744598913,1.532525749947901,1.4936789086909017
2152,14607.0,14564.0,51.62180106345174,1916.807071172875,0.4212339309701067,-1.5664958189525064
2153,24146.0,9265.0,841.4620464108887,98715.98170699055,1.7324740163667847,-1.5406493527810656
2154,6045.0,6972.0,17.063668610877315,166.10428483637804,1.2644037184100378,1.4948180588035214
2156,2881.0,4249.0,170.14373818013573,67464.31453686065,0.3805195463965452,-1.481612367635945
2158,45060.0,193.0,18.680433830724763,9843.464410417706,1.7325574017169807,1.5715926601598151
2159,43425.0,192.0,5.231672182528111,52.273350902239116,1.7336328859840298,1.57045223139047
2160,7447.0,10166.0,117.87481802181371,202.88790003899993,1.3397888767854198,-1.5715069448170873
2161,4200.0,13172.0,81.88283471326224,100.27677912158508,0.4241948385287265,1.6791485801591026
2162,1094.0,11587.0,155.53824838032222,25567.381087175225,0.39205663980746425,2.240252112204041
2163,53532.0,14124.0,185.11228353887427,26417.378908380262,1.956728470188546,1.5329361239727817
2164,54806.0,13978.0,329.91519850960253,26737.755535608052,0.9585785720638067,1.5759678310062466
2165,8468.0,7384.0,620.070598501623,35315.14390167118,1.259926426731771,-1.5619900587100095
2167,33223.0,12527.0,5.893733269564692,36.187174143342844,1.058306972380644,-1.565703381055989
2168,22908.0,8851.0,90.52273318212433,442.9880213215044,1.008698919878391,-1.5800213439981259
2169,59291.0,198.0,21.175999032144226,8299.8707061408,1.7395349912180516,-1.5712061586878339
2172,3783.0,12958.0,100.20624399939729,546.4923134744477,1.049471171337691,-1.55570510298991
2177,60936.0,11730.0,63781360.91367138,63781360.91367235,1.064547133966152,-1.538552573159212
2178,42989.0,192.0,13.571981249408232,1201.7519318298341,1.7353817713345605,1.5700520445563264
2181,1641.0,14936.0,16.24838820600149,31.865879186103548,1.2887038671144484,-1.631418846282687
2185,16406.0,14590.0,3.8616533669196076,28.15766105045996,1.0369199189501517,1.5735533519830802
2188,17551.0,15016.0,20.02893483527879,50.239168538980074,0.41352169123106297,1.5277442923779245
2189,30891.0,13713.0,132.38540513468487,313.432286745522,1.3716833837600564,1.598754229199337
2190,12217.0,7252.0,278.023393155922,18589.030382833873,1.2414442232741723,1.5791759400902243
2191,9418.0,2368.0,728.5102855868529,25790.25531688639,1.0602706184742792,1.6252730404225126
2192,3649.0,13323.0,31.59850393546231,95.20760092219348,0.43244057248930057,-1.5421555746322289
2193,4276.0,11442.0,8.314862177946228,27.949271189971387,1.421213529290109,-1.556997285196214
2195,25243.0,5784.0,58.12780655869193,182.43961312350814,1.4031378154702372,1.6167975733967002
2197,50871.0,9810.0,671.551422231924,192748.24954145716,0.9368770441633502,1.5692334738048161
2199,11513.0,5401.0,9.553720032769185,59.92053440829674,0.963740608654703,1.5691999876683072
2200,7518.0,15263.0,128.87120862377904,291.2845536065585,0.8940367724379448,-1.4463723635814243
2202,1696.0,14879.0,48.00413315914405,143.26307488102367,0.9577635823089278,-1.321689367613744
2203,53871.0,11938.0,63781363.000000365,63781363.00000914,1.0620955001207597,-1.533062208421761
2204,49025.0,14715.0,63781360.91367136,63781360.91367171,1.8444033205084782,-1.605686741631163
2206,41851.0,14078.0,38.00905263537248,637.410646309732,1.8834027288866562,1.6067759781906472
2208,15915.0,7263.0,14.163101146891012,62.91215114430081,1.1667826807587962,-1.5921917801525398
2209,444.0,14094.0,15.278931013377589,77.31240528361843,1.268959872339146,-0.9752159451954272
2210,875.0,14844.0,189.17373062387168,254.6667095882845,1.316068644590504,-0.4984959335755891
2213,42768.0,8079.0,40.53704094102367,143.20393991412655,1.1047878559764712,1.540731837153881
2214,50891.0,10879.0,27.41516617902134,135.28497136216976,1.5084005444345554,1.579070294181748
2215,37048.0,11877.0,691.7774085063028,2777.9369231814844,0.9868538082475906,-1.528930264180223
2216,24788.0,12233.0,63781363.07399988,63781364.32875353,2.3786632330762467,-1.4212104020821723
2217,667.0,14145.0,10.893051803170982,41.3553428805715,1.036400469397356,-1.593466370908831
2218,594.0,6821.0,11.702608363187577,44.011404815257535,0.1806707291302147,-1.5223272782222639
2219,23778.0,493.0,63781363.00000004,63781363.00000028,1.5682924577387198,-1.5623957745345074
2220,909.0,15107.0,73.33338176491787,468.8578193257575,0.381172092541462,-1.5130841813450744
2221,7342.0,11815.0,16.185232458440804,107.18852116776509,0.41423077727025936,1.5767912608500172
2222,3874.0,14812.0,21.548088051549808,97.15895980046332,1.2438022286284782,1.6019244622981648
2223,33483.0,8540.0,38.31312504715317,4513.638813778318,0.4202323542527176,1.5727112796359415
2224,19025.0,2594.0,153.53288903794308,15403.580504663021,1.0102446490728503,1.5504058119487052
2226,2163.0,7408.0,5.867099810041114,11.803824819240848,1.319388495833964,-1.5364139471111307
2227,6941.0,7908.0,87.59186872759659,591.3095091350397,0.9445151812587784,1.4169715596938042
2228,18349.0,11125.0,38.41959513911162,2372.805855771266,0.4268414759534933,1.574386712267006
2231,23898.0,1922.0,55.151245971020174,190.20237461502882,1.009407264531903,1.5738932653878825
2232,12538.0,12098.0,962.3177171418365,5125.33753760487,1.200772303997093,1.5064716706350474
2233,2085.0,14831.0,48.72782024147848,541.2729308988971,0.9533553479987146,1.5216436809096163
2234,57866.0,12280.0,2217.137074172863,353719.7368291564,1.5403673783674159,-1.5789115157128355
2235,25767.0,11897.0,350.6822211383909,34383.64045406587,0.43531930054718726,1.5595095399400898
2236,10134.0,236.0,26.097832789476715,304.7316940349833,1.1559776326418643,1.5636344213290767
2237,14289.0,14930.0,52.73094306371933,81.03799093394053,0.4327934476475883,1.5713841381851017
2239,8121.0,7722.0,24.92280112352331,177.9385449615153,1.24456037335311,1.573100187315379
2241,19425.0,3614.0,16.67131446684758,117.07983032078114,0.4310604188512791,-1.5713666444010717
2242,22442.0,14975.0,953.0416268117863,14395.607278912325,0.9628682636986633,-1.4874429609571136
2244,20590.0,3899.0,40.81267552545168,261.1642552015143,0.3929528691441875,-1.5608283619663574
2245,30433.0,13968.0,37.01722102406819,210.2696940331488,1.3101539112608565,-1.578183543805587
2247,60697.0,198.0,63781360.91367141,63781360.9137103,1.7362497559147712,1.5701977919406822
2248,42973.0,192.0,12.587859990207928,987.9565423195049,1.7353817713345605,1.5716944374115076
2249,23144.0,816.0,131.35109342354298,69287.2598211016,0.4066482461009697,1.554497088183148
2250,14991.0,10918.0,39.59154908149721,250.23969518372698,1.0997512004034107,1.5791812855138634
2251,3311.0,13886.0,58.426284582946984,2190.982166232943,0.4258410477411364,1.5367119471991388
2253,10683.0,8800.0,7.038917380969881,63.21255042083835,2.5700684720153975,1.5768536731262799
2254,12599.0,9584.0,5716.48427567135,35810.33950467618,1.145438136900037,-1.6886681640702619
2255,2508.0,3171.0,18.656717653413246,75.57934610741756,0.44285416438469816,-1.5338501630428956
2256,39532.0,12816.0,153.92078843219446,2580.31052194312,0.9208203844301545,-1.5454826975950064
2257,17225.0,12047.0,10.42834914846143,36.89907490402872,1.6480477801177151,1.5950202397277777
2258,11830.0,10611.0,31.979490757200395,1695.5652527519746,0.42924896117575667,-1.5305762399102985
2260,21282.0,8519.0,15.354267489344615,909.553424869488,1.2804796462036223,1.5550643942198406
2261,23912.0,4814.0,28.948863114045164,443.15468660312916,0.8795770464188695,-1.5886662284532485
2265,21913.0,10570.0,7.164281422364539,499.28600269806185,1.8117218670148447,1.60635707446849
2266,7818.0,4430.0,3.8103360897731973,27.241866673373387,2.660202783738403,-1.5317529970199089
2267,23560.0,13038.0,88.17675293852285,2354.769272816802,0.4263317035160326,1.5573982666970747
2268,24218.0,131.0,73.39946301412044,5874.62076708777,1.118590366981987,1.5615603697336657
2272,11775.0,10968.0,3523.1613258390976,56231.5833602831,1.0288810621609543,1.6129268536647323
2274,44739.0,14876.0,1000.714982297987,5902.100615656379,1.087734712333142,-1.5645967123484419
2275,37395.0,14000.0,17.189907673698976,135.62088759780517,0.9666720186278006,1.563923627364654
2278,750.0,14870.0,43.86225950312516,478.67810937806615,0.41516370932951935,1.4476967464250354
2280,663.0,10601.0,18.684453264121043,77.99973998863139,1.3467095966719225,1.1842538518789985
2281,14939.0,8569.0,8.887432735569615,37.90973796953698,1.3052104351799207,1.563811688991777
2282,20064.0,3674.0,132.0082662228842,9693.859938439851,0.37574257785059245,-1.5775416642697964
2283,10342.0,8436.0,23.690369927674226,186.62473409289203,0.4300144612499742,-1.55321956223109
2284,3647.0,14709.0,45.37871277731847,606.0511980949467,0.3983905018875595,-1.7024852846267995
2285,2237.0,12911.0,10.323618579420023,98.84493656957888,1.378061427117844,-1.4796570254175865
2287,37028.0,2908.0,135.96130278054125,1929.4496858189134,0.9743867882903008,1.5735878367405116
2288,30529.0,15206.0,3.654209381913711,4.21331910802295,1.6044024141576885,-0.014125297273673076
2289,18760.0,6454.0,39.391944074858614,67.50471452811242,0.39639346048861696,1.5643097796668268
2291,3516.0,9154.0,5.861488295309558,36.06698388590007,2.4183714495740913,-1.6717875410427243
2292,1424.0,14971.0,26.710248155051943,113.3186292653547,0.9816118284311011,1.9384222778845066
2293,27296.0,12206.0,30.673090572804,524.5000028723367,1.0102981382257543,1.5915629628259618
2295,8848.0,14270.0,24.402974281305408,75.37915130802317,0.4282957420930405,1.6186800455101114
2297,19545.0,14819.0,127.57986703331346,414.26005089889554,1.09445899044481,-1.5964050068022422
2298,15498.0,15279.0,7.178035810375054,14.244993435020335,2.4139911146714548,1.4383806158662384
2299,34188.0,2415.0,9.424582800479723,120.46357829759236,1.3706641793043726,-1.5650856168145635
2300,13395.0,14793.0,36.3997244653435,74.57305635371789,1.2238801798737402,-1.5933885664735468
2301,49773.0,12007.0,71.3242887737957,14888.120621592441,1.056169342203821,1.5656466092899346
2302,4624.0,7834.0,14.136623364457202,85.60212800181202,2.174314962137531,1.5746600417506396
2303,20825.0,5981.0,7.578585107339851,36.86097299002416,0.4643790156317677,1.5713123836392862
2304,7632.0,13360.0,27.570614187309385,32.21450387918494,1.2980023095324542,1.6137965041678526
2306,1285.0,9739.0,12.376939500333787,243.14609293191208,0.18188055851253776,-1.536800109083143
2308,315.0,14684.0,16.180881020098735,31.350986659854513,2.2977857549303815,0.9231072908700929
2310,36714.0,15215.0,123.4362738934754,755.8368902443787,0.9261241892213652,1.6171857003308914
2311,42731.0,14638.0,63781363.000000015,63781363.00000009,1.8968296012309318,1.568742247614617
2312,10643.0,3109.0,847.8907234043447,158784.09370255904,0.9605861615970175,-1.557213831045776
2313,4712.0,11827.0,13.579021019952663,60.68754041820808,1.0354027693493597,-1.5724564987421823
2314,15717.0,9273.0,224.30207010983466,3026.3308999148526,1.1160210070194496,1.5907638982591463
2315,8124.0,7203.0,27.76105417617164,100.33974268135876,1.2984193366433123,1.535350660509532
2317,145.0,10248.0,12.47178165944049,45.700375812652645,1.3724188761408125,2.253236390129599
2318,42298.0,192.0,32.84792475557315,10679.245675506552,1.7353817713345605,1.5716646053932084
2319,7342.0,14834.0,52.81180690430098,176.87419028104998,1.0116430926282032,1.5293097688213697
2320,13439.0,15215.0,26.159410712822588,34.131248886892955,0.9817267103518535,1.5297734864898906
2323,4051.0,14453.0,32.11672270191716,69.51466779800418,1.4045731593177546,-1.5586672213714736
2325,30249.0,13357.0,51.429241223014266,742.7393757266674,1.4056801046385203,-1.5905104096676708
2326,18594.0,4169.0,47.57073028403742,871.3506600507179,0.9517189191891985,-1.5526335867884817
2327,1159.0,14659.0,18.55677007482935,20.65616094634783,1.0968082886232169,-1.4166646730731574
2329,3111.0,14874.0,9.931844911896167,11.082551826197433,0.8386041916893399,-1.6285341188178022
2330,33042.0,15496.0,18.28116845859946,30.497866646856625,2.5059442083204244,1.6599766246832055
2331,749.0,14541.0,43.5410115935317,1475.3172722217682,0.317339437284779,-1.9224650198261284
2333,11852.0,14410.0,56.50661958771321,69.02262397395943,1.5403713999419593,-1.568323861704378
2334,2994.0,13326.0,28.116731930980972,38.51987140369194,1.2980023095324542,1.719718087637334
2335,13860.0,12139.0,10.144316609656705,34.64045638618375,0.43157249373879775,-1.5519469228114957
2336,17310.0,14627.0,72.37930484689205,73.3513743731892,1.3582397535884212,0.2905142466067459
2337,17501.0,13559.0,29.488948818996946,321.9465511369093,1.8317067364439426,-1.621350286109175
2339,23059.0,12802.0,14.50382609860145,173.81806846943715,0.41542268105945296,1.5774318416764328
2343,5234.0,14645.0,684.126653816418,10816.102261984368,0.4036207493219098,-1.5698463370040807
2344,37910.0,2481.0,22.12377505503457,195.21834218720375,0.9549477230691475,-1.526319551698536
2345,540.0,4433.0,7.0205295646142085,50.39364770588315,1.890834888260331,1.679110368315678
2346,6234.0,11199.0,607.151888264633,1830.8948049481996,2.127597519034693,1.6512157042325273
2347,1634.0,14645.0,9.275019660479355,10.379982643199499,0.4753297334056893,-1.5901713781871574
2348,35288.0,13651.0,61.78592164612819,102.22706872253332,1.409926658387153,-1.5679322794545207
2349,24926.0,4905.0,304.8484591613157,8020.737797518253,0.4012584621700282,1.5658136717258597
2350,7647.0,14921.0,1116.9771366055115,3424.311152902713,0.4113493239562537,1.6201543873759374
2351,2316.0,14848.0,163.23675398960955,370.6818624323242,1.0072684110762704,-1.3983083229338993
2352,38468.0,13656.0,17.86104527161157,32.35540007552215,0.9311026662956395,1.562913188291964
2353,48164.0,14495.0,12.577505610397502,363.17632407213887,2.856223027855301,1.5991317719428344
2354,4434.0,14936.0,11.110001205114372,13.207408095659293,0.40652980073318046,1.4753121636743494
2355,21413.0,9270.0,27.752350448287807,209.71092804812216,1.2348648751168083,-1.5418440811168623
2357,1163.0,15319.0,79.10859142706352,88.37349408240729,0.12437763051446822,1.0832404881401951
2358,42872.0,192.0,15.0894314491003,1563.022073476796,1.7353817713345605,1.5716122850612644
2360,15579.0,11639.0,44.503750559467335,112.11080442166097,0.40561093405689336,-1.5864328213394743
2363,28919.0,12900.0,62.74233431580322,135.93785364981412,1.5220822788511164,-1.5792399169291274
2365,19484.0,11868.0,687.7617360592244,2759.9885674018806,0.9868538082475906,-1.5032948480216237
2366,24601.0,15146.0,537.9052106473354,9795.938193796945,0.9749555996476288,-1.5221223340275754
2367,2527.0,14911.0,737.9632861041945,2331.2802494413113,1.1176939778794994,0.06641320263515668
2368,4956.0,13254.0,63.7700014283935,137.9718084776046,1.1084349676205647,1.5379729785324934
2372,14765.0,3268.0,288.4736009236603,852.4748387628237,0.40970697877869205,-1.5661518828705931
2373,19067.0,12948.0,4.859214327304048,175.05355882954606,1.9119794697447174,-1.781025524459299
2375,12467.0,9816.0,92.58585411458648,1173.4491544909351,0.9540331862743834,1.5462229817134574
2377,38853.0,13929.0,66.3867985266188,774.7719376294351,1.0117914883572365,-1.5987599293555237
2378,52829.0,14550.0,8.39858469734905,79.34349340056957,1.019227435168841,1.5704666523748232
2381,14766.0,12462.0,37.29854811514723,150.7055315855927,1.104898554337106,-1.5892332959591908
2382,2451.0,10889.0,9.59746893659089,45.3496975834006,1.2969214386637795,1.5951963424572966
2383,8491.0,7547.0,12.690741044715699,53.443638916124655,0.9545401502946678,-1.5347061634723478
2384,20075.0,15087.0,9.325982966746913,9.749380867329782,1.3746875246123738,-1.5352563405592847
2385,52237.0,196.0,4.795840109003734,111.191503827706,1.7407562824327738,-1.570779891907401
2387,6364.0,14830.0,12.970410317121313,19.739143661516884,0.40368571831188393,1.5938791352451498
2388,48680.0,8034.0,186.4131994491825,27368.61263807372,2.0442297550591464,1.5839932205572511
2390,484.0,12064.0,67.81753299817031,667.172632614772,0.37477372193645553,2.0604007243760156
2391,2028.0,14949.0,322.88972836670393,871.9316051073724,0.4161783540723556,-0.1355602555257595
2393,15751.0,9154.0,37.75833994243829,419.430934165109,1.4261817128283618,1.4994916345213158
2395,6207.0,12644.0,4.7322051737512005,16.571369050184558,1.50961482656327,-1.4989850576382857
2396,15120.0,11981.0,27.22600249437125,720.0771171135837,0.4115987773984174,-1.584686006030002
2397,2732.0,3775.0,66.78643931506605,28841.930439336644,1.2008915293623112,-1.5946802636625108
2398,29159.0,10375.0,138.54887877207278,285.27047979378284,1.378711079286833,-1.5930007537264084
2399,52711.0,9758.0,189.82170260428038,321.2896269654735,1.4159512201310958,3.1107969246456957
2401,35252.0,12363.0,62.821910401618126,7372.303248301499,0.41674827865283737,1.5727431512806114
2403,6899.0,162.0,10.536584909241249,83.5976776922089,1.2930229488585776,1.5969097940311017
2405,38029.0,4850.0,53.54705096563791,443.9310393708657,0.9618485170324413,-1.5734648163918687
2408,45060.0,193.0,18.68043383310165,9843.400172006512,1.7325574017169807,1.5699954621982435
2409,37373.0,12916.0,412.60820203727513,13737.276005237156,1.2850883070866463,-1.6218804272215668
2411,21822.0,11594.0,6.989386650726215,24.9831131972604,0.45930783264701786,-1.5760581707471188
2414,13471.0,14348.0,416.7802590478198,799.59228944404,2.124929613180868,-1.6338368552316027
2415,9450.0,14222.0,12.210227480631369,23.560891490885233,0.480089535902313,1.556501567160619
2417,31618.0,14838.0,17.11752250517062,25.353725562531576,0.9561769987370881,1.5652410011314333
2419,814.0,14680.0,1990.4174184289095,35195.01358795227,0.33552537627991785,2.8110392965469897
2420,22240.0,13252.0,41.93221367597402,467.32991363981796,1.270610080641597,1.5296936364715308
2421,20011.0,15208.0,3.8026544815386365,4.472894301542365,1.6044024141576885,-3.0591085730816063
2424,46685.0,14396.0,151.30380738691787,1963.7203451428004,1.9253544843183812,1.599381125516658
2425,20857.0,5327.0,23.935579365717356,141.49408801604847,0.9897937622246532,1.5483009539743677
2426,1053.0,12859.0,20.996482785561817,72.31009043463528,1.2249945675313652,-1.6172241425853793
2427,407.0,14841.0,8.597011809335743,11.780906504560544,2.335745113212975,-1.1824590933371109
2428,49615.0,12720.0,4.248945828474069,32.006439542638574,1.0700515740725933,-1.556984062201873
2430,2686.0,14816.0,683.6128513179041,7365.981342020101,0.38566209109858185,1.6973341928888022
2431,12330.0,11243.0,26.777291592878996,72.82566913425462,1.0812261695813954,1.472125225884952
2433,2245.0,13887.0,501.44497582726166,607.2077174842448,1.0938413898626296,0.9871237430120132
2434,7353.0,1494.0,4.404728267243989,25.134810126529878,1.7523448041453649,1.598376457223347
2438,36883.0,12911.0,1667.8009720312043,1229327.956694121,0.9874750514820765,1.5204654208071442
2440,34592.0,12579.0,27.291896239856367,3994.2080942891325,0.42482618586641874,-1.572675299073933
2441,618.0,14868.0,24.911809146654342,33.30952779364012,1.0389727459452045,0.3199789295663389
2443,57431.0,12972.0,3457.5049544101093,94804.30578776532,1.6842638637539673,1.548824973751369
2444,914.0,13575.0,6.463168861477497,14.681520517376763,1.2407195811950835,1.5685460908449216
2445,8185.0,15713.0,202.4916780886713,1646.2461339041158,1.1843987902243338,1.559065671678348
2447,18147.0,6671.0,30.384264328932588,3193.551032789207,0.4534732405944664,-1.5780219930178028
2448,24638.0,14100.0,55.34210329206168,539.480153819838,1.2888848896453644,-1.5574273392218905
2450,55071.0,12137.0,174.43918231301882,32702.900596832496,1.0274833203093892,1.576224736934101
2451,41681.0,556.0,546.4407147577335,3229.585863166964,1.5427474402754708,1.5605384917865286
2453,360.0,12915.0,58.59091726411687,2680.4389191989503,0.27943972286206725,2.628788307001046
2455,5317.0,14806.0,17.430065414868974,184.69312822212734,0.9623539320299898,1.595530811707562
2458,12360.0,10735.0,26.661166088461915,713.28804954165,0.4361020353993805,-1.5413508276678591
2459,16053.0,14816.0,164.5735745166317,364.15211407413955,1.7102426052202533,-1.6193616429340771
2463,30907.0,13902.0,49.37543472816701,213.6448955542948,0.43132136619159767,-1.5846339521575041
2464,49366.0,10608.0,4.701689356439685,12.627323716561696,1.646137701374287,-1.5781470763679795
2465,29370.0,5553.0,72.79118954843752,10794.645002690319,1.520693180618124,-1.5642834624055646
2466,47446.0,193.0,27.470958137146592,9375.063663665414,1.7336328859840298,1.5703650770031845
2467,42855.0,14893.0,234.86387756701416,15817.648847042987,0.9792344653399797,-1.5795288066541413
2468,27700.0,4652.0,331.2951770226893,8277.383598025279,1.1153184526729014,1.5218852008016066
2471,51180.0,15161.0,205.70166119775428,2754.324895120768,0.9950455819641761,-1.5440366836234176
2472,10754.0,9543.0,49.939458107372275,398.8800043855178,1.568191983988789,1.5728299724285841
2474,5316.0,13867.0,6.532838080991272,11.197695056699633,1.3258956031806997,-1.5726952009283632
2476,10508.0,7520.0,335.6975984731692,1658.346732441784,1.0921186180305515,1.5502749984258357
2477,38903.0,9088.0,5.149927844603712,42.91255398504884,1.0500233071855143,-1.572968857079014
2480,10662.0,14017.0,173.619959236064,54359.3191245354,1.1338965131161518,-1.5289071563809111
2482,14729.0,9700.0,106.30833141668533,11856.26741395986,0.9994563556319969,-1.639889759088143
2484,3101.0,7603.0,16.214133607423108,118.5454311693298,1.388359621074118,1.547508859257039
2485,54329.0,9940.0,21.67697348804037,129.99013837153268,1.4751742714683633,-1.5864029975572536
2486,20588.0,11262.0,55.37733855825599,281.34207566483764,1.7760037615299844,-1.5446027784692207
2489,21004.0,5859.0,3.740392748738943,22.691165350903496,1.2624548291451216,1.5782097744455426
2491,33221.0,14917.0,40.10637721876567,104.73324307919084,0.9770544792645769,-3.0856933961505346
2492,1392.0,11487.0,193.99513838642804,982.188766034021,1.3854779666663841,2.4515875371189986
2493,26538.0,13683.0,680.0292377463392,1095.80821111682,0.43220233830959787,-1.5473539975380104
2494,3939.0,6749.0,22.326919802468442,222.20407326903398,1.3094333826147637,1.4815353831633482
2497,513.0,12024.0,56.09426431223136,93.73141052022757,0.40939807336318407,-0.4881423275886558
2499,41138.0,4272.0,58.78246497485375,808.6351793175525,1.0814726267855082,1.5733123769634545
2505,12929.0,14991.0,16.031779566860646,19.29794409892611,0.4169941889400089,1.5334176982444014
2506,8415.0,3789.0,25.779087176269122,2184.857704060863,0.42077555297330843,1.5729809848677987
2508,27697.0,12581.0,158.31308266943392,6188.516646285422,0.42262898939853466,1.5761277773887699
2509,25920.0,8840.0,10.94025150674374,65.99751110473882,1.5414226681832324,-1.5734004296910944
2510,43735.0,192.0,7.144874651698081,364.2080921971085,1.7336328859840298,1.57044710703563
2513,36606.0,14397.0,60.90080822886887,328.3976169086658,0.9440105201233514,-1.619285528798022
2515,7491.0,14264.0,16.81849879312198,95.74128561011273,1.102863784806499,1.4605373767473127
2519,7199.0,5220.0,17.396415738108576,275.46608189011226,2.2996006489567007,1.5199610106777763
2521,32704.0,9180.0,36.96790438007194,3362.4587404976937,0.43083189763921376,-1.5755148409341813
2523,30758.0,3915.0,1071.9984787835456,58476.47405076815,1.3762473633552845,-1.6275685904206658
2524,7034.0,13644.0,4.09358662926659,16.059437243618692,2.1376541637553825,1.5739938641425404
2527,5957.0,13446.0,33.737680460972946,169.47636095689032,0.43236797049034476,1.5107000266825334
2528,9408.0,13256.0,29.229640357694997,61.33990272278336,1.2980023095324542,-1.595721328403903
2529,3813.0,4297.0,37.39550627815378,137.03943586030715,1.1938815016388016,-1.5595745367195388
2530,25076.0,13035.0,63781363.000000305,63781363.00050889,1.4116557818880704,-1.6226286197854807
2532,43926.0,192.0,6.855861355595329,215.63340616690544,1.7336328859840298,1.5703691185937125
2533,24019.0,14278.0,106.50250505834106,3474.920272410325,0.4153363441675392,-1.584337379988374
2534,33341.0,8165.0,66.04931448243536,2492.640544417243,0.40216011215404146,1.5724574868845498
2535,25942.0,14032.0,53.66367785677598,455.9104100544478,1.0955656867347507,1.5469099558421808
2536,25743.0,14272.0,18.97105451483051,64.56977196771895,0.9571507846020533,1.5819322629556039
2539,40858.0,2198.0,20.172482049359758,169.2071511681232,1.0766240076843074,-1.5724906067399622
2540,35534.0,15209.0,3.8748648697163817,4.400227069588918,1.8386299442869083,-3.1050725626480378
2541,9349.0,14282.0,175.32351996968103,14764.386266153271,0.4310201210845316,-1.607212961752169
2542,37833.0,11271.0,166.19741062567516,19009.842751970846,1.3055728970808125,-1.5582285463451941
2543,6677.0,879.0,14.132096501061188,67.03284497088757,1.1440254136510641,1.5469841212943132
2544,29373.0,11200.0,204.2132474472514,834.0315342128007,0.4251833055174622,-1.5721580725735338
2545,55789.0,13493.0,158.54573042094881,64728.58947558742,0.9767680151188864,1.5629182715544179
2546,3754.0,14860.0,568.4228935582005,655.8428929591653,1.224392357047337,1.6941448864731257
2548,983.0,14847.0,350.53387589120246,551.6672909708226,1.3383117679301801,-2.835423633779259
2549,12627.0,12425.0,9.457973080077679,23.478667429835237,1.2410677095173974,1.5703070650885795
2550,6813.0,884.0,76.81735150837922,21996.462085310493,1.035700487694292,-1.4995913232742946
2551,6258.0,15200.0,4.7831299360471045,5.64776410053636,1.9204581963001401,-3.070611725009942
2552,17695.0,10994.0,289.21554776706887,1447.2452353359852,0.5119539817390886,1.587552343789547
2553,32973.0,8154.0,23.774985148596034,1064.9168978015482,1.3895325176848128,1.5629398324422634
2554,1448.0,7249.0,4.096021714309764,13.780447367573158,0.6763241542575196,-1.6045010051779947
2555,610.0,4119.0,82.29748031268386,6341.036112535867,0.17837832329563863,-1.6015550083748153
2556,4475.0,14638.0,6442.182216373968,20285.47615746551,2.4401132210508063,-1.4585984779628147
2557,27649.0,6676.0,120.25151655519569,4807.350740230717,0.9103639940140932,1.5928246754638515
2560,59291.0,198.0,21.175999036988053,8299.8707045285,1.7395349912180516,-1.5704006468659066
2561,40031.0,4522.0,6.127916031913486,72.2334229037623,1.0712072111907762,1.5326180741419995
2562,20203.0,1590.0,390.004532174589,462.74274554705136,1.1217913818536558,3.116203536285146
2563,136.0,9281.0,144.17284440072703,541.6660713314685,0.9769224568568244,-0.8020485347785512
2564,1095.0,14520.0,107.23855959210951,1630.810367899355,0.3897241056895745,2.2215717285044985
2565,27941.0,10790.0,2.9781368854714567,25.30532826817073,1.2389563786187434,1.5914054811870506
2567,2204.0,14464.0,364.651023006106,1754.4033119478072,1.2576854136880664,1.4434471441570162
2569,359.0,15194.0,5.955359969378177,7.0687654127592685,1.0521883258210585,2.7041266431947513
2573,1724.0,5084.0,47.19919644881378,138.39362290316933,1.3406539603008585,-2.062244871007016
2574,44421.0,192.0,9.787627109072957,507.96909274829216,1.7340000719230995,1.5704884120340663
2575,35655.0,11265.0,5.820132972448262,50.43270186147681,0.4788464323100762,1.5714502723394677
2576,2155.0,11477.0,42.379505986231905,256.84268496335443,0.4992142072900956,1.5353360048173788
2577,3674.0,8820.0,10.74316581781941,61.13140975355097,1.5414226681832324,1.5963155701043497
2578,3668.0,13686.0,49.398402801928476,156.92435865097352,1.383928065556954,-1.4581042662003103
2579,2026.0,12339.0,63781363.000001796,63781363.00087523,1.8655195203876156,-0.5465061408880002
2580,42836.0,14024.0,252.49242928644668,35854.28728572921,0.9670566006066273,1.5689104643166731
2581,9447.0,10961.0,53.9011434983228,4955.200640268116,0.40972450835777474,1.546874880517611
2582,9812.0,14566.0,170.40043071000224,219.25999878964933,1.257214797426364,1.618826277477531
2584,12796.0,13900.0,25.28037856818661,62.07989370802601,1.102008048887884,-1.5819114071185016
2585,5561.0,2176.0,14.35686329784118,84.35004730867725,1.1106115213739582,1.5939543600387671
2587,5676.0,9200.0,12.68264572284435,161.3388904928829,0.3934788011076285,1.56499128915518
2590,40180.0,14552.0,71.04316595997686,134.64914472565408,1.0983501922130712,1.5475984504734444
2591,1621.0,12147.0,12.321351758829476,106.99247359173297,0.42214106174387384,1.6152177848627693
2592,4386.0,13926.0,20.669017624621553,25.758546086368646,0.44880478840038807,1.5639273797500535
2596,476.0,14961.0,1445.569569906641,2150.05448347156,0.4059890508726589,2.788507388233739
2597,6788.0,11813.0,36.36720362352393,322.94027530182984,0.9585101550974894,1.5996742501940693
2598,1220.0,14449.0,382.4100194880286,1086.739924007094,1.4087565160416495,3.100958471044577
2599,1340.0,6637.0,54.701291705840724,781.2182568182717,1.24688481872911,2.503838250858806
2601,15493.0,4484.0,5.910411777456575,56.86745318239241,1.0712072111907762,1.5203687056576074
2603,45565.0,14455.0,74.87307519045555,188.61319373946654,0.9533553479987146,-1.5500125581131654
2604,25843.0,3911.0,17.591055902759845,46.441335446474916,1.2978964237146038,-1.5696195560913566
2605,2611.0,8561.0,18.981286718980776,661.9457914888657,0.4042417809923239,1.4534480822743918
2607,21393.0,13517.0,32.17390196478332,119.65496622256691,1.3360029330153695,-1.5579968307142422
2609,16113.0,12915.0,1077.6483549733207,247929.51843434508,0.9119749222966486,1.6416255452302644
2612,13607.0,13186.0,10.091644296392017,15.136713261857459,2.604610328039558,1.463409049646068
2613,61733.0,199.0,63781360.913671464,63781360.91395299,1.7362497559147712,-1.5706973266212116
2614,2639.0,8138.0,33.28500578929214,523.6888864503961,1.092571762377023,-1.4661595101699516
2615,24893.0,1187.0,53.71034774813928,219.17510796048109,1.0250497229869755,1.5681199525363674
2618,1183.0,15164.0,15.99558336576639,21.54453425611474,2.544419202934734,0.0534112722720099
2619,18330.0,15227.0,13.094955206440671,45.32471129572082,2.3873965596991464,1.588606790720671
2620,30585.0,11353.0,3.8375667991471416,39.64394301679158,1.0404327699429468,-1.5265079158277626
2621,8463.0,12709.0,25.949896279132815,109.55786487431176,1.402260706367655,-1.5227500757089805
2622,20585.0,9283.0,488.4326668009547,2364.395085707369,3.4729641357803045,1.571883286153625
2623,974.0,14644.0,15.828745915854219,36.82292989982468,1.2958951688971787,-1.6101017716125683
2625,39306.0,5089.0,125.2318050116661,15605.344765162448,1.0847129411693932,-1.5586085574865174
2628,35617.0,2614.0,171.28900381023993,710794.6273044163,0.9334373851114,-1.5794100296850502
2629,12572.0,4491.0,46.49144039527752,15388.879178810115,2.118776919806921,1.600936476566152
2632,26431.0,10863.0,47.45274216825227,230.39506240711094,0.41401233601392606,1.5477420608861454
2637,25364.0,15013.0,3.6819925535630853,3.8140957752063938,2.2176740443123775,1.3758501499419808
2639,1339.0,13835.0,13.063896833316404,21.2253019514899,1.219094611866083,-1.5169496684202535
2642,6246.0,11450.0,13.259047325189874,49.463271506106274,1.0068787775767765,-1.8610849169436718
2644,1397.0,14979.0,16.21875657655472,35.82952918698608,1.3955477810068675,1.5151969663463813
2647,42899.0,192.0,14.592847474154201,1437.1765317096279,1.7353817713345605,1.5699645543230134
2648,2133.0,14923.0,328.55770492839713,3104.469302702556,1.2866878416015877,-1.2116824387478367
2649,666.0,14195.0,6.787616566136031,8.125217189665195,3.1062318400571582,-1.7882754235968077
2651,11344.0,9065.0,15.741553047532346,126.53758919551622,0.44251586840755724,1.5422842441745683
2654,7744.0,11150.0,9.006381098785061,37.285644509590895,1.4842972828954808,-1.614968779255682
2655,1990.0,2730.0,6.622766984194217,29.554274762445335,1.0399795145391588,-1.5181232904866984
2656,65461.0,11682.0,192.581918184296,37754.024700697875,0.9817880172763431,-1.5682973170715184
2657,24023.0,5755.0,64.06202098035392,527.7249713225924,1.0355834837811995,1.5692136983800753
2662,6126.0,12913.0,13.800776883145621,46.526424860429415,1.0294256936143535,1.533426746196604
2663,36757.0,14871.0,211.04734872475828,19604.686384227385,0.9792344653399797,1.580828581896125
2665,10791.0,13475.0,12.18988273198296,36.0682095730871,1.6841879937773703,-1.5616334848953373
2669,1985.0,14856.0,25.049471449626992,25.914932204368164,0.9755987179792457,-0.5932372730230409
2671,213.0,12938.0,7.650596685446246,48.32783198596573,1.0380692453136593,-0.6560792121069796
2672,9031.0,2657.0,3.349199490163476,30.11436136142586,1.890685094935645,1.6195580659957667
2673,2626.0,14947.0,32.84270958629318,260.74426263994434,0.396973503302401,-1.659864555357724
2675,13292.0,5637.0,35.87278547063077,529.1765549742464,0.9614135933819824,-1.4875006354171523
2676,2655.0,11598.0,63.248207548039446,633.6190818498809,1.0683557804974064,-1.4586423809501587
2677,45387.0,10611.0,60.29717499095822,441.151291970668,2.4907461887306956,-1.582676509035058
2678,20140.0,14971.0,27.71727147963963,133.25990743043536,0.9816118284311011,-1.5957054437130147
2679,1223.0,14492.0,7.526756780399388,21.816211592689275,0.9433675528653419,-1.4752450155863508
2681,32081.0,12597.0,29.09398557801299,103.44633289363009,0.42667677487080224,1.5527403207871613
2683,11897.0,2009.0,24.35294706666797,1179.101034763296,1.35823512305905,-1.5500734892947365
2684,7656.0,14343.0,38.963247171637704,62.50361467490716,0.9550368963441386,-1.5621619261282436
2685,19158.0,1971.0,5.550545654895384,14.743119492240595,1.6912166259436603,1.564262507223439
2686,2095.0,13936.0,22.229146834964663,206.11481202210376,1.008978133821383,-1.9621410176699807
2687,30321.0,11730.0,8.549003445269163,159.14763389101412,1.0013383684596744,1.5693857130292452
2689,4274.0,13984.0,10.880255328157839,131.27442088359848,0.4044155298011852,1.5842346258127513
2690,6428.0,14626.0,60.96142929847579,71.51712363450336,1.3582397535884212,0.007008596392147973
2691,19062.0,14525.0,34.561665234667,49.21594517053329,0.4215209094479029,-1.5434310666648394
2692,19648.0,14961.0,9.703110250256731,20.258527831427287,0.9982732000429873,1.5636685269098733
2693,3135.0,5788.0,25.751201212416976,287.6924665515916,1.2060334777753665,1.5788984023472503
2694,14573.0,13259.0,487.9928516226098,5195.287396711166,1.0449384938266313,1.6250849961372156
2696,10127.0,10361.0,8.143098179389257,82.42928975725576,1.0532125958733225,-1.5672938793005988
2697,17403.0,15206.0,20.188341503036234,29.58024775320857,1.0971493594658757,-1.5789391342356829
2700,16493.0,9370.0,39.250189234569675,788.7542208680371,1.3168615655450668,-1.581876357935354
2702,30991.0,5337.0,170.6794396697847,102476.590447805,1.0324104984847184,1.5725288728900233
2704,29141.0,14595.0,17.751676614486264,292.99927148048323,1.509248683145759,1.5889914593685681
2706,34673.0,14961.0,63781360.913671345,63781360.91367136,2.2176881135501327,1.5448694783488581
2708,32830.0,4372.0,26.673590133179854,549.801414997398,0.9893261272486517,-1.5590281663276964
2710,22596.0,14278.0,72.60619429589353,932.2063505010116,0.9335108730331448,1.4917973669831885
2711,16796.0,15203.0,63781360.913671605,63781360.913671724,1.8345749519476047,-1.6761978576393102
2713,28006.0,10618.0,50.489457236106574,53.73576913260845,0.401079275437383,-1.5534247758337214
2714,44729.0,13536.0,56.17289908628378,915.3087162225347,0.92415287093196,-1.5554422221676079
2716,42049.0,10180.0,6.152845492657923,43.212680363605585,1.0306046368811514,1.5715397961350954
2718,22306.0,556.0,5.88084519630303,36.034699871245,1.558137789786413,-1.5714836832334516
2719,749.0,13072.0,32.70240660282755,1532.3702633262455,0.4553012910278064,1.7204474028041994
2720,18836.0,13505.0,63781360.913762815,63781362.67900639,0.9779310643299527,1.5469815392447843
2722,53860.0,11195.0,13.573852065632355,4359.011545666468,1.2417445870507344,-1.5729533953023969
2726,9795.0,15206.0,4.766495412197246,4.860776734253781,2.3873965596991464,-2.7603031529843123
2727,8133.0,11275.0,436.0895926213606,3613.276998739595,1.1065197771667725,1.3267251723602083
2729,12116.0,3845.0,17.2982309103043,347.4693335526661,1.7668950854967327,-1.6129987886066817
2730,12789.0,15038.0,3.013916634517532,3.3626735688054312,2.2176740443123775,1.5631723408917415
2731,4213.0,14921.0,73.73937836415634,95.5293379152584,0.40188089980992503,1.6469017003177402
2732,254.0,6968.0,20.96807592151058,243.23283959976933,0.377808998752172,1.8375254977014839
2733,43702.0,192.0,7.926038304501931,513.6505324246042,1.7336328859840298,1.570975873071459
2735,4835.0,8812.0,37.17038896857862,56.48329996720404,1.1136841565992117,-1.5459220463590346
2736,3693.0,9514.0,7.784218610023508,34.97103975843325,1.4571036759181886,1.6468753700053873
2738,17372.0,12909.0,347.14503390834767,391.3381789963399,1.0752870683368185,-0.24803582720550602
2740,4552.0,7687.0,11.469600071308097,127.77114965354946,0.41764607432329315,1.6074208934889762
2743,12657.0,14861.0,120.59166273615607,174.65459033487946,1.4847194707028888,1.5347308533117678
2745,29323.0,13768.0,552.7083484535449,15464.36561961072,1.0210931709783555,-1.5796372913041974
2746,7899.0,9842.0,188.50367150694615,33681.03106490031,0.9253825301339643,-1.5117537150249238
2748,26633.0,8525.0,63781363.0000007,63781363.00022651,0.9818491483761852,1.5282133441867929
2749,5481.0,14821.0,49.04808927743408,92.04755542231915,0.501359441180949,-3.1176005142130023
2750,2159.0,14667.0,17.032180203533866,18.73264939122687,0.4249614558472202,1.528769638421976
2752,2094.0,15056.0,36.735869329125514,82.7585486979836,0.41153602906780135,-1.7670369487364577
2756,5283.0,14952.0,94.6214525972841,728.1359865487117,1.8909861414618674,1.4735027361616646
2759,29524.0,15280.0,63781360.91367143,63781360.913671486,0.972117341942088,-1.6022350086990784
2761,37778.0,3910.0,14.208027066304743,1613.6571248739085,1.8087532333352487,-1.5971986666657672
2763,10246.0,15027.0,31.55166703719215,172.24535028803507,1.0077147301555196,-1.5581036239095403
2767,3950.0,6470.0,18.53025679999576,86.05306682632246,1.08115493098857,1.5046734514011795
2768,47428.0,10237.0,470.22964954331525,18100.0109606312,1.867525731847886,-1.617955954082019
2770,1765.0,5904.0,32.80725319737618,918.4536810442391,0.4487938351771339,1.7184728953182191
2771,18593.0,13900.0,55.729033524802425,2395.0667887136196,1.102008048887884,-1.5888064713352834
2776,10375.0,4077.0,40.85301073425508,2968.4914368787317,1.0473548787426867,1.544861861226142
2778,12419.0,13200.0,7.363436217542978,35.241989313653946,1.307732892184747,-1.5768927722744959
2779,6373.0,13931.0,118.78434933661832,2069.9146040743094,0.5608836359641083,-1.5249211151187465
2780,1335.0,8314.0,30.601660638054533,178.65604448927917,1.3031171364362542,1.9316944684738473
2781,25247.0,14576.0,81.83976259178257,313.7987876246866,0.38557934877764904,-1.572379085682061
2787,43808.0,14357.0,41.34318850252235,227.7813051916032,0.9792720530981971,-1.6029156347398723
2788,22998.0,7128.0,3.484624512612218,35.40857149255506,1.0461047482406205,-1.5500203331402629
2789,16931.0,10457.0,20.782650638415806,845.8732806302585,1.0117545338910885,-1.5201597141226673
2792,956.0,14886.0,30.425956267332918,50.6719220547185,1.112419116641029,-1.4293085635409097
2794,5416.0,13472.0,2005.6083427362166,9006.93117863821,0.4160250367340333,1.4753131377701556
2795,12863.0,15140.0,25.76330975804398,28.78471274681448,0.9821858438406069,-1.5421088146978554
2796,43735.0,192.0,7.144874527546915,364.20810948838766,1.7336328859840298,1.5711408016959112
2798,1035.0,1640.0,110.35444857845522,13039.945830668697,0.4336019800769702,2.506646494466542
2799,34793.0,10814.0,30.699941763592605,142.2693373696406,0.44674842913747925,-1.574125830581835
2800,36556.0,4316.0,30.253031859442153,893.187361611347,0.9893261272486517,1.5612320163373061
2801,5848.0,12276.0,11.38511024604096,56.919843954213185,0.9644106563122483,1.587763692045512
2803,17460.0,9094.0,94.66602886861494,511.91697312388794,1.1106591562913248,1.62316963492725
2804,10378.0,11116.0,22.44609954342475,140.65678400921425,0.4261392320045716,1.591965737811968
2808,16554.0,14482.0,23.980412569957934,88.81042476161106,1.1188342126632138,1.579245321067738
2809,36678.0,4450.0,5.424703798981577,83.15132041249802,1.0712072111907762,-1.5161092419250761
2810,1267.0,14844.0,282.5568969309309,835.2374530468757,1.080131854069811,-2.3810399212423485
2811,18522.0,8059.0,6663.325796112807,196116.94992191964,1.1099575653058893,1.6258159835689598
2813,6847.0,9445.0,52.50319133925105,109.44822621128608,1.2252129336821702,1.5836822898164273
2814,28013.0,15190.0,124.19135544258843,628.0246015945447,0.9309062326579032,-1.622133168430576
2815,15628.0,7909.0,89.62401136067507,703.084025546314,0.9445151812587784,1.5104473096528788
2816,14124.0,5985.0,9.941349154065161,69.67903473270265,0.9618853952974133,1.5639870207959332
2817,60454.0,199.0,63781360.91367142,63781360.91367617,1.7362497559147712,-1.5698386411279963
2818,22420.0,12986.0,28.41861410487805,90.03015221465745,1.0333265042838864,1.590525707040403
2821,25930.0,13915.0,19.280587483623275,71.08184219727721,1.2237631752865814,1.5605658139823055
2822,39058.0,14357.0,47.000547333508564,52.2516725450883,0.9616310582433255,-1.6001354566757782
2826,18800.0,14950.0,78.64690674260947,439.91821379243163,0.42215025590475674,-1.5733779915501966
2830,3653.0,14486.0,41.30096031666231,1130.0123180434068,0.43127709479116705,-1.7083789362127326
2831,11369.0,14124.0,169.84765078563797,25229.76791678885,1.956728470188546,-1.715255359480952
2832,1186.0,10379.0,8.930254417334597,148.48738583161,0.7219668913414804,-1.578702832733577
2833,31113.0,13212.0,9.85374254571389,166.6853525956569,1.0067260506531224,-1.5642255419718476
2834,2702.0,9109.0,199.43851591341587,7551.240558509796,1.0641741628537538,1.2993357263416256
2835,5066.0,12045.0,14.810468157268982,186.95153290292023,1.6480477801177151,-1.5884314161249624
2837,9401.0,13478.0,94.62013225669193,2061.680244839182,1.256106437499649,1.5434643032707585
2839,19412.0,4759.0,78.94889760200212,4264.928455328063,1.5813233037204952,-1.55635307130168
2841,19740.0,5194.0,24.91222137945776,554.2074699590675,1.107167144969679,-1.5935856627394744
2842,30397.0,10599.0,63781360.91367156,63781360.9149216,1.7685224180924148,1.5567034756072462
2843,18436.0,14623.0,16.139909202078524,18.60580971958332,2.113447501151648,-1.6447047788120577
2844,11754.0,6100.0,13.383333800491398,114.26386944554562,2.312842477106921,-1.5691554875124258
2845,5546.0,12350.0,10.512982008191766,21.152863517484207,1.072300468006432,1.579043125983812
2846,30093.0,10954.0,53.67833310072709,459.32251223247397,1.009005116888389,-1.5703551523005876
2849,43849.0,7957.0,1.732459037991252,26.88747229291423,2.211248035255201,-1.6089850562700687
2850,5181.0,5775.0,117.92319671667178,3168.6621341157843,1.3210508490627737,1.5147452875095007
2851,8065.0,5664.0,25.705733923384454,482.4535568561781,0.9289616269631928,1.5313635244190553
2852,42489.0,7419.0,63781363.00000727,63781363.03073196,0.960932298059092,-1.605830608017407
2853,8860.0,11734.0,21.303681534435295,326.40809738324157,0.4223754017765932,1.5751252572540666
2854,8782.0,10639.0,63781360.9136715,63781360.91396639,1.7685224180924148,1.7753315668055374
2855,32276.0,15170.0,200.45044242559183,811.8409539067654,0.9493360374380684,1.5701327154235694
2858,33147.0,3464.0,20.46432999456188,240.42105916893945,1.4202382349783342,-1.544123952958861
2860,15595.0,15034.0,2.8253278617780513,2.9764927260984586,2.2176740443123775,1.5047948397484896
2861,29859.0,14920.0,63781360.913671374,63781360.91367139,2.2176881135501327,1.546904231294708
2862,9549.0,14894.0,158.18638419742626,312.47024975334426,1.027694018548013,-1.5235949470512664
2863,21936.0,13673.0,13.992229050979601,156.27866033257325,0.9823374371266601,-1.574055109360291
2864,19150.0,14517.0,72.85237267546034,585.3787933783921,0.39760496599062295,-1.5774256278975627
2865,9359.0,8485.0,22.353145957311188,112.46586296883521,0.39185095307953455,1.5542707421758648
2866,14806.0,6412.0,31.612666575285825,439.4630859286137,0.4265393935051778,-1.573651570473628
2868,3306.0,14922.0,803.8229225054569,2396.228367809938,0.4194470927727349,-0.010318247388393343
2869,40180.0,3968.0,63781360.91368577,63781362.41303541,2.176497691898332,1.5857104823431796
2871,3309.0,14568.0,342.899694633638,17721.46123958121,0.41607599730566575,1.705292771818945
2872,454.0,4.0,63781363.00000034,63781363.00051356,0.5426427504406102,-2.6100808235258706
2873,419.0,15027.0,22.60409919078753,35.41454858100302,0.17290028614327027,-1.1740499938569087
2875,9135.0,14752.0,156.55211633002858,1568.195734028384,1.0146373454365147,-1.6037084385580644
2877,30167.0,12328.0,4.590506640132743,24.32284859222714,1.0635418903576488,1.5920713045465238
2879,37982.0,2678.0,2696.172818671506,73070.42518105228,0.9996070611630488,-1.5749966824469848
2880,43685.0,192.0,7.650015617647269,460.2758261562147,1.7336328859840298,1.5710561924693056
2881,9806.0,9126.0,8.315371138209679,36.06369294279291,2.0815001742510235,1.579108097412924
2882,4022.0,14897.0,73.14919427164457,94.42604872011468,1.0161049114237166,-1.7418887213782266
2883,26818.0,14319.0,1560.8845121339286,1684.7831585487359,1.111523377950808,1.5137895153407823
2886,3753.0,11995.0,15.161522394003969,33.00759566037866,0.41375488217883316,-1.464328603320363
2887,52156.0,11494.0,50.14764090343249,906.8677877868515,0.9382963337309591,-1.5676802026134777
2888,6359.0,14517.0,34.74119973279686,70.78064285425884,0.9414385319554126,-1.5428930447644318
2889,30024.0,10604.0,6.844696095574894,482.44549080473087,1.8117218670148447,-1.5921718079792622
2890,7174.0,14305.0,45.749743167660796,168.1385909890315,0.9590678982774985,-1.7751132967781988
2893,40124.0,14371.0,74.80983591872844,126.72786198048769,1.5422789035428945,-1.5612270296826176
2894,103.0,10655.0,21.125602082657558,346.0963361673099,0.5073464555663294,-2.4350846202870544
2896,392.0,12889.0,7.54717427639327,29.108227194374102,1.0708019218130937,-1.3989930320728898
2897,41736.0,15199.0,4.667337214652909,5.341926255023103,1.9204581963001401,-3.1110323808847546
2898,8799.0,14932.0,28.911878504993524,47.278030849802676,1.0787318615151773,-1.5686461788646553
2900,45436.0,4431.0,583.8415277985233,811.6729342519885,1.0962898662042555,-1.5309329668865066
2902,16288.0,7439.0,17.650317454684657,65.43606887210869,0.4002414671024188,1.559395544223415
2904,27150.0,13921.0,728.3232504009188,8932.473040670562,0.4123211269094924,-1.5877641966688618
2906,1027.0,11370.0,133.6494238310095,10982.936985982205,0.40693795819679957,-1.1311067079098256
2908,66.0,3595.0,12.438836069166728,39.21897992281058,0.4737524404084965,2.7861567974383026
2909,7654.0,12607.0,63781363.00000005,63781363.00000528,1.073737838918738,-1.8304386247521263
2911,21154.0,10483.0,5.2933790527327895,49.16399972148782,1.8085049593855291,-1.6091072439921212
2912,5725.0,649.0,5.722093495705956,41.767864251537624,2.3709656136028117,1.6002928643002607
2913,52149.0,196.0,6.239088216673659,368.5856702114447,1.7407562824327738,-1.5708259051060187
2914,3202.0,15902.0,51999.93498891326,105837.87121667013,1.2413817235728501,2.213561577677229
2917,39134.0,11539.0,42.525247449765196,1079.130789664017,0.9609384570529278,-1.5706938095431175
2918,11196.0,12530.0,58.33487502965243,7439.056779640616,1.1182454967147486,1.578064736285906
2919,17896.0,11537.0,36.911476872548874,228.95437566127686,1.2730839476637232,1.6764278758415265
2922,8302.0,14941.0,101.93780579706903,329.2317832464855,1.2958520994444838,1.5189242763707647
2924,45953.0,5385.0,303.23808530571904,9747.107931578532,0.9580134101359118,1.5707659499719433
2925,3026.0,10997.0,288.0134803944629,1423.9316325635136,0.5119539817390886,1.6580682606260368
2926,9736.0,14464.0,107.49037719471576,136.98090033998625,0.9389516330665567,1.7498262141221295
2927,27992.0,14331.0,423.0595536518464,804.294695217426,2.124929613180868,1.6021640038809828
2928,51132.0,15019.0,63781360.91369448,63781360.93106082,0.960739538684432,-1.5559854831509392
2929,17772.0,8218.0,22.60763335583211,243.7306289185984,0.9596335854415677,1.5410230059724441
2930,1015.0,5190.0,184.96648041333677,10160.784298968758,0.3481185841871945,0.6312530087262843
2931,55781.0,13381.0,2564.8504627255343,35550.36053078983,1.4527748202814699,1.5821012681698499
2933,43492.0,13740.0,116.88608675706419,710.0420635885257,1.374183955415231,-1.55795633295239
2935,7877.0,11132.0,12.403839483637341,240.20595234675005,0.9625869969380914,-1.5726193301797162
2936,20396.0,11724.0,122.53590887497923,11118.824668121828,0.9546939527493116,1.5760749798591664
2937,46705.0,12749.0,547.3388143522984,27108.75919612648,0.9206010829135659,1.5682084405059853
2939,14775.0,9608.0,198.62949115211197,13544.5325921796,1.2678893310249364,1.5513144264911003
2940,7504.0,10613.0,195.21958640153505,1166.372553154619,0.9646499016711418,-1.5355214250111713
2942,43193.0,13873.0,434.3809433460625,18715.456553767206,1.3991668542745899,1.5610951520801186
2945,34755.0,8119.0,63781363.0008977,63781383.64227902,0.9310496935251913,-1.6239409706842205
2949,954.0,14851.0,634.031200104483,9348.665409318353,0.41334524166570286,2.4160293243323423
2950,26213.0,10422.0,137.4611245048204,4528.006988107646,1.5075926081971023,-1.5712712225529306
2951,55230.0,12776.0,79.53616848436666,6863.796761536145,1.0156294703244126,-1.5549471219468114
2952,10541.0,12800.0,199.10040592518368,7663.294889217507,1.3245163258636492,-1.5550502105715203
2953,51631.0,14903.0,121.4464707315919,1914.8372129986215,0.9755163973912143,-1.5760344308609147
2955,1663.0,14459.0,12.19376457375395,31.66396832350022,1.335538096861394,1.4493855934845075
2960,1031.0,13011.0,32.268975634566246,105.43947722292377,0.3922907888668304,-1.4375021458600337
2961,59135.0,198.0,20.798381758478314,7567.572945192366,1.7395349912180516,-1.5714928376151047
2962,28530.0,10418.0,62.868129224864056,578.6878475302633,1.3962949323282432,1.5744037989963149
2963,19673.0,11227.0,28.11950271267098,91.13794995398308,1.6765176145099046,-1.55222343163362
2964,38482.0,14428.0,5.033852774302298,6.400090757384775,3.0601922783519484,-1.5987481174474847
2965,13137.0,5304.0,11.142899560014861,73.34920483520112,1.1143647738887916,1.587118259158653
2966,12107.0,15084.0,235.67876492248692,2542.9791123001464,0.39380472075522355,-1.5570025358901678
2969,10590.0,12233.0,365.7737125721746,423.59928801125585,1.1148220724481595,0.07715648499814176
2971,34520.0,14610.0,24.202577829631785,63.05166477868049,1.3187358796691049,-1.5609320396881596
2972,48209.0,12816.0,774.3757547262933,38613.69239856018,0.9208203844301545,-1.572113954547135
2974,20237.0,14929.0,179.43126090868986,218.88992457421793,0.9491730436949165,1.3708535158299888
2975,24390.0,181.0,211.19491169153335,2948.7596957253754,1.257710654883562,-1.6455048006217075
2976,46982.0,8273.0,35.525405669009075,9592.670700199524,1.0314502418952536,1.5757668821133834
2977,36927.0,13954.0,106.15467453068125,2856.97739762907,0.9590495478386787,-1.5786232936295888
2982,22149.0,12730.0,72.31917681160888,149.25970869729935,1.2658611544657554,1.5114867026682548
2984,43295.0,192.0,11.472022550476346,834.941119501695,1.7353817713345605,1.570522226142884
2986,1014.0,14576.0,12.38682973350006,317.7221485129542,1.8895627049416155,-1.567199271820216
2987,1276.0,14848.0,51.654208884100974,93.66766706514206,1.3403285859625944,1.289869588706383
2988,426.0,13666.0,24.171439869632273,70.15638820054659,2.3558754456483455,-1.8147174575338438
2989,5698.0,8404.0,24.624484218005097,628.9579419269751,1.581654289615989,-1.6557979619017127
2991,31367.0,15221.0,19.404196191307896,43.209477056101996,1.1039255643885169,-1.538345681439253
2992,941.0,14407.0,167.6435055313065,8624.095103744725,0.19407168953350495,3.0818232437675177
2993,6940.0,14778.0,52.278881867538104,249.0212638795751,1.796910455671705,-1.537851898362326
2995,46569.0,5139.0,56.48767169746211,1100.1416191470719,1.515146185250418,1.5624936835415983
2996,2812.0,13253.0,82.17579375049114,841.1816241711928,1.404613253184174,-1.60094611609676
2999,22413.0,14150.0,53.28231868233204,1349.2442931784756,0.38924806855952065,1.5708831976614515
3002,62189.0,199.0,63781360.913671486,63781360.9143018,1.7362497559147712,1.5703001899950062
3004,13847.0,14423.0,9.717808587896917,24.188636125031515,0.45000728250332456,-1.5819413377597087
3005,34501.0,5919.0,16.30066496788009,79.54468112943113,1.2232604417919972,1.5664898820073552
3006,16149.0,14799.0,585.7804555511464,4014.352910933462,1.2828400364577313,-1.5652998338801085
3007,6551.0,6277.0,10.146234922840797,89.36369051846276,1.303961010313323,-1.627690355895103
3009,29355.0,13281.0,505.8695015123715,16387.131662990345,0.40660336442811745,1.5654428726120075
3010,13159.0,14803.0,45.31767876245393,134.80927676639905,0.9440105201233514,-1.5866029434872193
3011,5332.0,6732.0,5.93259506274279,13.411811874276243,1.2912278942840973,1.603400913736917
3015,6851.0,8895.0,20.613397476302744,63.26977253576413,0.5428072380052472,-1.5851433043421412
3018,31563.0,14930.0,63781360.913671345,63781360.91367135,2.2176881135501327,1.541871967063811
3019,9438.0,15142.0,36.73735694421745,237.5283133021099,0.987344738192989,1.6344464398992813
3021,5311.0,14973.0,66.4587526594886,125.00861863774843,1.3200477252933023,1.6322979759330307
3022,9168.0,414.0,22.811166937981692,139.76842583469855,1.3525294475048804,1.5931724435249643
3023,8897.0,7530.0,26.503753891188033,235.92875701637217,0.38861770915192595,1.5932306095097222
3025,42072.0,4679.0,14.525144317833094,138.06335521882036,1.4671954258603346,1.570836264297944
3026,14462.0,211.0,63.84621857451055,3913.5715998777437,0.414063957582174,1.6044445928404343
3027,8929.0,5262.0,6.5799305598524045,16.419399616660765,0.7025620768534415,-1.574675122994056
3029,5009.0,14446.0,26.103085617213424,38.13498053774301,1.2827161249673862,1.5699545081054336
3030,45423.0,14208.0,171.87312675398704,22017.777870099573,1.956728470188546,-1.5233555036427044
3031,48495.0,194.0,7.0341683761474565,144.24186709312,1.7342210097777397,1.570348161120495
3033,44454.0,4636.0,63781360.91367157,63781360.918846615,1.0522917463596786,1.5381084005165453
3034,2459.0,14955.0,705.0052619903444,6092.949964759443,0.42833456218187405,1.7089963338311283
3035,4527.0,15031.0,63.0732216553271,76.44374919789651,0.9534048882867271,0.35171817589494314
3037,780.0,12920.0,136.96566024133568,2382.7934233996402,0.31194626180643137,1.6638262300687958
3040,30063.0,4114.0,109.09622161454212,431.44482884504293,1.8911532532252004,1.5422215327023745
3044,43825.0,192.0,6.158416703987634,101.21680665188504,1.7336328859840298,1.5706842737777371
3045,57398.0,12480.0,463.15048924510677,21979.56156363783,0.9293738446794412,-1.5650453615503463
3046,12916.0,12744.0,5.661835635593273,30.33332845112146,1.0700515740725933,1.5272201372943746
3047,23081.0,7834.0,63781363.00006432,63781375.44804455,0.9310496935251913,1.506557479672077
3048,38207.0,6275.0,1777.3978248291778,70184.91295867109,1.5338990623204443,-1.60947827764253
3050,27262.0,6439.0,51.991325370753216,120.53444736671965,0.3963086111165948,-1.5558548098001155
3055,11883.0,7873.0,63781363.00006721,63781376.46010732,0.9310496935251913,1.4584680336398819
3056,30021.0,15062.0,4.443019746126482,5.088860224733714,1.0499331492661697,1.5681626344272521
3059,3815.0,5578.0,576.8941016886628,6976.375135030391,0.4207765025064395,1.5356462124914179
3060,18393.0,14368.0,37.09136165169923,70.26335254574414,0.4167919655696288,-1.578341309040246
3061,226.0,14746.0,47.035427567458484,101.72703943141705,0.4309871989101864,1.837954422489393
3063,7036.0,9217.0,14.86264464129245,69.76703757089616,1.2157170402680408,-1.5508898009307739
3064,1689.0,14868.0,16.62133289169102,32.004566212777206,1.1056881900404403,-1.9305280219783494
3066,3364.0,13291.0,28.68448226823202,48.73873826249706,1.2980023095324542,-1.667356857605547
3067,40483.0,14465.0,3.458119950980198,4.794153015577195,1.700231461810553,1.5492959344100532
3068,31076.0,15201.0,4.707969490569522,5.595145521338892,1.9204581963001401,0.0033356630454003185
3071,16974.0,14707.0,124.24727547873408,203.09465781306508,0.9364302256814877,-1.591130618530092
3072,25507.0,11463.0,13.346152399230462,50.14612446195273,1.0068787775767765,-1.6454492131628826
3074,9233.0,14495.0,6.1510806686946795,6.890427640508732,2.856223027855301,1.740272276554626
3077,9594.0,3440.0,9.824416787390362,68.81604448587063,1.1153184526729014,-1.613087574587615
3078,1966.0,14930.0,15.042615921112583,18.279624026391943,1.2849726995520192,1.559490084671659
3081,34068.0,3876.0,18.988505006561372,457.0005368175015,1.7668950854967327,-1.5898283975004097
3082,26244.0,14781.0,24.841177887611497,54.405891895430415,1.2848813711015619,-1.5312866033184005
3083,42892.0,192.0,16.984607483340408,2119.0158392647163,1.7353817713345605,1.5701588827677075
3085,33372.0,14022.0,173.91629230666157,53089.4537355473,1.1338965131161518,-1.5603570964021989
3086,38261.0,13028.0,46.108759493598534,1163.0597621298355,0.9590030934159683,-1.5778346916812533
3087,59656.0,14866.0,20276.914190171607,116906.35526458712,1.4531891113500046,1.6708092765997826
3088,55984.0,12412.0,63781363.00000103,63781363.00021459,1.8655195203876156,1.5421275106962622
3089,19646.0,3855.0,17.86498605732581,381.600555233038,1.7668950854967327,-1.5943812126778723
3090,5848.0,2206.0,13.676525583111365,140.15599107405785,0.9567542970004057,-1.497290260387092
3091,11744.0,12223.0,19.62696601847282,79.97940101533277,1.3138656711412382,-1.591681449159009
3092,18915.0,11996.0,203.74882327698168,504.6043755207981,0.4165115612123591,1.565893659682188
3093,36270.0,14047.0,52.420685586785055,1195.6316792866912,0.9406411638114218,1.5700157819202187
3094,44612.0,15070.0,6.893877849974958,7.035741453058368,3.220486783048706,-1.6689472287754048
3097,8613.0,14635.0,46.735723218121905,66.0503497629213,0.9779029114222457,-1.5900205937620955
3099,11140.0,3048.0,32.49946620600515,735.4717103059309,1.3367885563680637,1.5772469563833154
3100,3134.0,14440.0,24.716579759525274,760.4288033678523,1.4425232222823214,1.4745709192474825
3102,3706.0,4113.0,23.290853530695507,162.47695321386374,1.2404219449258722,-1.548817620882857
3104,4767.0,15055.0,43.084252820918806,349.62390561522665,0.9670566006066273,-1.4863349956071306
3105,11850.0,7357.0,56.55460052951349,1017.7109568661019,1.05530597310075,1.56845477701994
3107,43793.0,193.0,9.049095743427173,523.7631899573381,1.7340000719230995,-1.5705945356432833
3108,17633.0,4167.0,73.46987008976792,6029.602078685784,1.8819734819370324,1.5948939066021355
3112,31101.0,12237.0,11.317702543983595,46.87111083539194,0.4362250963070653,-1.5748693058698218
3113,34865.0,15191.0,2238.396848741984,94725.5921065474,0.990220294355646,-1.530200885697541
3114,19665.0,5120.0,51.18673413275068,219.35515481104295,1.3096452420002194,-1.5914090867698332
3116,9667.0,14525.0,15.889779187129262,24.717506589850913,0.4396790616588402,-1.5706065297501455
3117,24495.0,14168.0,12.989575076154749,22.53384202789586,1.231188247259038,1.5818103180002754
3118,25249.0,3185.0,70.08239779405069,239.1828287291714,1.1040134064026892,-1.5621300710061268
3119,7916.0,14534.0,43.90142330972745,470.88813121452506,1.3905206774324883,1.567042116261028
3121,19695.0,15206.0,3.7231318791969863,6.329435583150039,1.6044024141576885,-0.03255333787486915
3122,25803.0,3551.0,152.7264713411921,62389.95551563842,1.2534473523052478,1.5500748657559007
3123,1031.0,9010.0,489.42193792500404,322285.1370727252,0.9589089745644174,-0.555418411299759
3124,45446.0,6258.0,1557.9924644380235,34334.35035279086,1.0300574898848773,1.5798086246607677
3125,18292.0,3651.0,14.52102215323515,37.12113268703987,1.3889679598936613,-1.5726941744313043
3126,57003.0,13106.0,31.742397137922932,72.71657038456736,1.2320685671927256,-1.5775251131720693
3127,10181.0,14282.0,39.70487951734071,115.56558989370106,0.9661830019789395,-1.6973037435214462
3128,14102.0,14337.0,420.93865919373934,802.7236422866039,2.124929613180868,1.6217374068744927
3130,19854.0,8225.0,2190.7076451404887,17520.099470750574,1.289861653166687,1.5816565388205823
3131,30922.0,13039.0,15.081974239559123,116.15982623211764,0.9587252965865701,-1.55785051771009
3132,26221.0,14002.0,8.34890447442938,22.847051954691675,0.48042936427037886,-1.5813785530275302
3133,5991.0,13411.0,32.54834368363198,139.91199975377222,1.279081641250377,-1.539060822534485
3134,10927.0,10759.0,2.8214912693043295,19.087487959555457,1.2389563786187434,1.6091033986419234
3135,30694.0,13868.0,227.75717191260634,3531.953599847995,0.4082719569573128,-1.5597719789490627
3138,6527.0,2197.0,21.02762807557028,137.8149420212157,1.0766240076843074,1.5399368541021976
3140,4677.0,14232.0,85.35038000901302,799.9530408223368,1.0962159545990016,1.6778152259532613
3145,32787.0,14752.0,20.55955973235544,68.91936209656603,0.9361573171714137,-1.5934454841282581
3146,13145.0,13898.0,21.082417578587673,33.540018584924866,1.5997252970063975,-1.5776640970508833
3147,9351.0,14612.0,16.502782656025936,29.400765969941503,0.9490235503345502,1.5778983034290173
3149,18868.0,14789.0,105.06380098932807,200.80991083454117,1.3916168105991615,1.6636722067483403
3151,29644.0,14062.0,15.066058276317007,28.075908685656394,0.41212424605731696,1.5853171801737267
3152,15900.0,4827.0,21.124489711884813,85.6838928139944,1.7547046235167114,1.5531694509177265
3153,2660.0,12530.0,37.9793121201118,772.9721583736722,0.42437533877384503,-1.5533333016104223
3154,4297.0,7877.0,14.477927595701194,94.88577987219935,1.2972269098034654,-1.5874685616699211
3155,462.0,13729.0,23.32449194941094,109.91614324930738,1.4030101721688637,2.871776147168262
3158,5295.0,15212.0,12.22485730929509,16.762339894977185,0.9955373543058053,-1.577308403579851
3159,620.0,14794.0,48.02455575951713,116.39310221401401,1.47924399615365,-1.3160589590240908
3160,22052.0,14894.0,58.13644584758266,89.28725989417026,1.1476375156693677,1.557336512313498
3161,36753.0,15014.0,841.1697874813221,68859.82578043661,0.9670424852051854,1.595177594842543
3162,9913.0,4028.0,18.158688953286333,59.65519119769068,1.3245092395840696,-1.5649507675555774
3164,7229.0,14958.0,79.90486705492872,411.5885756170668,0.9768995467175459,-1.516161258841911
3165,24598.0,14145.0,58.67898523526979,325.40310971095124,0.4146142821774536,-1.5551274710503724
3166,29175.0,13481.0,2.6479704214610553,12.059710704612185,2.4601920769142054,-1.6156534169859342
3167,1683.0,14860.0,49.68580789160077,440.8104165739254,0.41516370932951935,1.5863808111476565
3168,17395.0,13867.0,86.04491344568012,2437.2585539433153,0.4082719569573128,1.5890431486256547
3169,61438.0,199.0,63781360.913671404,63781360.91371037,1.7362497559147712,1.5712370380107774
3171,7772.0,5197.0,646.2825599065239,3071.8115112469654,1.3361803225044817,-1.6336645565732182
3172,34869.0,14301.0,7.002169226788669,13.498019488992917,1.102607029640259,1.5821680345823883
3175,8707.0,15207.0,4084.1519201310675,46446.38605060491,0.9467445195942571,1.733402670046586
3176,28335.0,14494.0,12.341771399748332,340.6390491212553,2.856223027855301,1.6205344903212406
3177,1006.0,14870.0,539.7800139499848,542.4367635289003,0.38666541054636316,1.6572341602631289
3178,10294.0,12002.0,6.720696693331649,34.785329269108885,0.41637938903497357,1.5935112437144787
3180,49424.0,9403.0,15.308259830963516,725.8407499368208,2.1300607114778756,-1.6026605774383873
3181,842.0,13827.0,117.62453401060206,201.00494643306104,1.2777960585644128,-1.6098528581922091
3182,19494.0,12828.0,9.192116442658795,77.11999756268501,1.0444819856718055,-1.638220442716318
3185,5505.0,11612.0,9.523739120879597,193.00845884803843,1.0013383684596744,1.577421091590609
3188,230.0,14963.0,11.818970582872598,13.95999378297224,1.3061472606255267,-1.306045691166854
3189,1519.0,14865.0,13.477625854050867,20.4425271471067,0.4246955778840376,1.6262153116625497
3190,457.0,8463.0,92.8720845779192,5029.991873960637,0.3649109919256996,-2.219991408221576
3191,2843.0,8052.0,1.6030758778264766,16.847693242534753,2.211248035255201,2.1010578176965313
3193,20555.0,9199.0,26.81167244157017,191.16018653038597,0.42259801378082806,1.5780268102197461
3195,9664.0,12441.0,7.356772745755638,29.54054619831103,0.4144161244039402,1.5456500245964033
3197,38140.0,12829.0,77.6653320565858,718.9199724389566,1.0813295266299605,1.5665923069136163
3199,45085.0,13145.0,225.18608746574003,129394.73566099035,0.9379863107483808,-1.5664857106539254
3200,25484.0,14229.0,776.6691457737714,6563.945211820071,1.0970182449768195,-1.5320858998485187
3201,36426.0,14064.0,41.60361987497408,769.9459486467435,1.8834027288866562,1.6118028934733215
3202,41196.0,10114.0,408.8776542753715,59276.70522434507,0.9248058336291298,1.5648652488554222
3204,4299.0,13373.0,857.3078654086422,13446.736454079222,1.2001956008737686,1.551512320085633
3205,3900.0,15172.0,4.697436393177726,4.741126030321226,1.0854453911465844,0.17931072444184729
3206,53143.0,11814.0,224.71933369952265,22274.855666285017,1.251811055314406,1.5641576443149037
3207,7791.0,14186.0,20.30655944249902,208.96834982843205,1.2455279766652803,-1.5055810084739778
3208,25337.0,12761.0,25.68925245065303,137.08444372928378,1.3835242705092912,-1.5192273336287705
3209,19008.0,3907.0,6.088693280566757,82.81887145668752,1.055498017056849,1.575088912491275
3210,16160.0,8641.0,24.96456176294475,356.98165713921077,0.950882996685552,-1.5613092537737463
3211,409.0,14823.0,44.39153545672923,48.607239315469926,1.277073542258449,0.6876308020002928
3212,19126.0,9581.0,79.45877495764636,474.09676925204985,1.001584202624706,-1.5232865614792206
3216,8213.0,13686.0,12.81968190788691,29.925599429516772,1.1036789666542886,-1.5441401081697013
3217,194.0,3917.0,22.258910797699276,190.3717436826795,0.4156545900701964,-2.180886712229651
3219,42535.0,6946.0,571.1619407841735,84443.89728940559,1.225854722815745,-1.5548939678560703
3220,4981.0,3688.0,33.98028718289715,328.8832611015756,1.2256808588299115,-1.5618490795568394
3221,42225.0,5277.0,158.4942953410862,6818.478995362632,1.1141029260191515,-1.569302598761937
3222,1218.0,8664.0,14.974657184556674,181.39042861247773,0.4097128522916832,-1.1702372699176182
3223,10320.0,800.0,116.16792416343372,604.45227785777,1.1217352631563895,1.5373954623574353
3224,3243.0,15208.0,3.873968488481741,4.365841043540841,1.8386299442869083,-2.986040668494108
3225,27021.0,10711.0,2.8663079176608237,8.9958800726222,1.2389563786187434,1.6062208535707945
3227,22567.0,12880.0,63781363.00000014,63781363.00000403,1.0614331826118257,-1.586327994949661
3229,15487.0,15279.0,8.857159836662984,43.50023879270405,2.4331727432180172,1.4541804335553132
3232,12145.0,4466.0,7.674890672517416,26.328998325716515,1.0297883473010718,1.5714556306431533
3233,14421.0,10516.0,5.402915666031689,35.37971606021705,1.8085049593855291,1.6056390366054842
3234,31856.0,15239.0,1431.0804417092875,18858.740645867696,0.9104319873933854,-1.5494664376915033
3237,33592.0,7456.0,476.3204698614441,638.5922411749948,0.9635114219908433,-1.545086478954015
3238,40289.0,15042.0,8.57250408100952,22.550903312144065,1.009409894348657,1.5534092522392544
3239,39281.0,5173.0,12.862693268029405,90.21033184102866,0.9820763523771586,1.5662942427804973
3240,46333.0,5955.0,459.20598153756447,3535.122671605869,1.100059380069068,1.5665490022117505
3241,32916.0,12447.0,61.36481278807586,1773.291510662634,0.964871125893062,1.5460896143718577
3242,341.0,14360.0,7.460258263455036,13.25689354522594,0.44866722560644645,1.1700803505765005
3244,17591.0,15234.0,2981.883386184317,67012.8666587951,0.9104319873933854,-1.5806225038059958
3246,49547.0,12338.0,25.939479378613846,116.6514863073628,1.233408728072372,1.5634204792405255
3247,28090.0,11368.0,91.38265229227336,539.7866105925114,0.41764404196128135,1.5652726001235464
3249,39093.0,3907.0,29.333267214089563,1535.1388975497537,1.7668950854967327,-1.5894869712414565
3250,4811.0,6680.0,20.12015495723812,138.8176895696818,0.9784615490641835,-1.5572575783996045
3251,46470.0,193.0,19.54446323035092,2583.110466419877,1.7340000719230995,1.5706694203601679
3254,15668.0,7082.0,18.68184011822411,51.088269006603866,1.069074079020678,-1.6047732665083836
3255,29374.0,13967.0,54.860081484930674,168.68328390450827,1.2101169506773313,1.552179049557529
3258,40677.0,9491.0,493.5521268030075,3537.344560654989,1.8227026678826275,1.5758997576952876
3260,22041.0,15208.0,3.850616918357278,4.380129704250163,1.8386299442869083,0.031136987848939004
3262,61944.0,199.0,63781360.91367143,63781360.913757466,1.7362497559147712,-1.5707342752683122
3263,38053.0,13729.0,267.8169788849439,11653.494033868588,0.9265834299329357,-1.6093366931933526
3264,4137.0,5144.0,45.14772870208343,157.7532597465294,0.9632814751659496,-1.4765234161268221
3265,17640.0,13906.0,34.291433805729184,91.17785130351534,1.3039487879513836,-1.5775521891197473
3268,1205.0,15083.0,6.0359655885429255,7.866859787045044,1.3746875246123738,2.961045138292721
3269,929.0,14879.0,42.69258957332324,183.61279999607171,0.3756824729664407,-1.3497407468576441
3270,31113.0,13392.0,193.91112030035487,1661.4072912187878,0.9958124949468716,-1.5069194269891675
3273,21843.0,10979.0,232.23189775073607,1454.1745895447832,1.4610366130506685,1.4981547652603688
3274,8827.0,14897.0,38.71394434276748,792.0132705492879,0.4248515681081495,1.560369013237365
3276,46988.0,15148.0,22.6911011824248,96.1191695267163,0.987344738192989,1.5710395178124863
3277,28767.0,12083.0,12.524607792912361,63.451236875438696,0.4429395621831951,1.5698921325137163
3278,4606.0,3029.0,830.2331826733323,2310.87486936265,1.1033199514651597,-1.9940483850404014
3279,11064.0,6571.0,3.57923293118001,11.2306747942361,1.9296850229547253,-1.54092274865168
3280,13480.0,8435.0,98.9337201759711,6613.9732233868535,1.400242549116798,-1.575247354309469
3281,39749.0,7900.0,76.00034512337815,190.58858367970456,0.9445151812587784,-1.5389810638833166
3282,19987.0,14495.0,5.89104267625319,6.569011776285786,2.856223027855301,1.6258627739405576
3284,54726.0,13746.0,12.261696314152543,24.866124585102277,1.0015539984602084,-1.5666228492143361
3285,8286.0,14285.0,22.093538227483823,25.4171979050277,0.4219803915484579,-3.088975614663634
3286,6610.0,6380.0,24.13696440414995,1363.0056399168716,0.9624969443544716,1.5991742186188391
3287,29968.0,8582.0,12.646721158416716,402.68437246098904,0.9764780609513357,1.5669750273950336
3289,60585.0,199.0,63781360.91367141,63781360.91368354,1.7362497559147712,-1.570367482673131
3291,26068.0,14334.0,24.09378001888151,168.60220829880885,1.1211161856113505,-1.576213285765876
3293,1609.0,10943.0,8.554028783582016,48.442494015699076,1.1223722755601016,1.6217027917888702
3295,33614.0,10716.0,29.837528241052862,94.61032641366417,1.5136643544693973,1.5610616504088588
3299,11038.0,15241.0,1334.7126043244944,16662.744808247335,0.9104319873933854,-1.451166360648903
3302,30595.0,13685.0,86.03671768291879,241.20761575430996,0.41376986635069485,1.5737116746164446
3305,23383.0,5231.0,15.209434308665493,101.23895305869206,0.4206637377618252,1.5494685164931488
3308,10987.0,10632.0,73.71624879214332,1535.8663394103735,0.4235110194148662,1.5800907504314359
3309,27655.0,14322.0,42.82046914164026,653.189175408937,1.777224958142841,-1.5354898123235428
3311,18125.0,14642.0,83.33367576389722,106.59785366431242,0.3724992765930601,-1.5480474188328903
3312,19614.0,9983.0,15.604488362743442,131.77405503003374,1.2616398761729422,-1.5724340502771752
3315,61104.0,12278.0,313.97368527300796,10071.59869873935,1.41274848881673,1.5743173282420182
3318,22397.0,11322.0,1641.644609876089,7132.052435010196,2.257625374381501,-1.6920088335579562
3323,61801.0,199.0,63781360.913671464,63781360.91407049,1.7362497559147712,1.5702926193101494
3327,26491.0,13954.0,281.7580020168136,12196.220543941576,0.9726020558489733,1.5550955193531153
3329,25608.0,14942.0,458.12469756956256,6430.272938999879,1.0117349735324646,-1.57207099638849
3331,8474.0,9947.0,24.667198925610546,86.29011810904224,1.3442626038499312,1.6108717319042787
3333,474.0,14965.0,46.563860955907316,121.35022042175237,0.16891139442570724,0.5288575290195
3334,34119.0,14432.0,30.226256408998267,91.48162080136106,1.2367997815327647,1.5680285369004907
3339,58850.0,12265.0,63781363.0000029,63781363.00265393,1.8655195203876156,-1.5372121223703064
3340,44685.0,8227.0,10.935970159753742,28.748718710475863,1.4484905077925334,1.5526694778069257
3341,11463.0,12663.0,5.200592114488974,46.26793679391813,1.0363902994427512,-1.5747893061473273
3345,32419.0,4460.0,7.510006526561287,21.71271394230749,1.0297883473010718,-1.5723784813940882
3348,5911.0,14886.0,66.42973890248919,263.19567364499864,1.0110624250436329,-1.5266963101422035
3350,30747.0,13131.0,185.63383958112277,245.9155752044927,1.0946170174693215,3.1238398560361222
3351,586.0,6621.0,15.305099970153519,32.589713529492585,0.806937046792463,-2.050115955818289
3355,31600.0,4898.0,27.22339776212433,313.47329611821004,1.0518664849814578,1.564658423239416
3356,5615.0,15064.0,4.18751779232594,4.579570643547831,1.0499331492661697,1.498244701224482
3357,203.0,5343.0,498.1075139094504,66946.40928811149,0.8651209643632547,-0.04950183092031872
3358,20332.0,7705.0,12.636408053657373,112.31812089057478,0.5183592338482437,1.554495265948282
3359,27616.0,12015.0,5.369673620592426,53.20933983001624,1.0382930144451024,1.5700035396464262
3360,5089.0,16631.0,23.680646389743835,32.533525099406035,1.3870904389794387,1.4632671276079066
3365,46122.0,193.0,23.62219294609123,3975.2728509865306,1.7340000719230995,1.570842973884612
3366,5204.0,14557.0,19.551485227471048,40.40405935719542,1.288297957890284,-1.5423301185663503
3367,13605.0,2170.0,46.39755397894506,428.22381058383485,2.875459019144812,1.604670596078047
3368,7534.0,8838.0,12.020684675039522,72.09220153996195,0.4229897299893811,1.5517576624144902
3369,2561.0,4147.0,20.006408107550143,43.68936426532639,1.2561631384848058,1.4508175125219154
3370,29486.0,8838.0,6.5033589343049565,93.62572768135576,0.40948805740411814,1.562573107432509
3371,1613.0,13715.0,26.16769020602841,59.38134375545618,1.2926350648533138,1.5881612029613554
3372,6831.0,4864.0,4695.041423688763,507852.25012489397,0.4421477430595729,1.6310865835661679
3374,11671.0,14146.0,12.740445659647865,16.908380274598077,1.108524160311537,1.5559328523340734
3375,20911.0,13940.0,15.526672920240635,26.4133689257076,1.1087836577306593,-1.5661242495860515
3376,14463.0,12184.0,114.64541784876641,455.58543305750896,1.2349807054530142,-1.5801902641344656
3377,25459.0,15279.0,9.013297669320226,45.980157716179896,2.4331727432180172,1.4962145415596335
3380,11266.0,14932.0,6.899579287070837,7.215801523736453,0.440439553502372,3.0768038440478933
3381,19373.0,14887.0,114.17961739056564,292.2583055331927,0.4197580152492588,1.556021474794377
3384,24472.0,11677.0,97.51371104784789,7245.894665697144,1.9529571255489107,-1.6086171763437584
3387,42654.0,192.0,24.06152908020417,4913.247615682257,1.7353817713345605,1.5718646890774608
3389,851.0,12778.0,12.419086026045802,285.2983837790116,1.4113057742036117,1.5896662628969696
3390,39747.0,8980.0,118.2366782415088,1702.6357086016935,1.0032572772064736,1.5672623043425429
3393,10248.0,11551.0,332.817631621797,33830.62373229429,0.9631356306189257,-1.4247616870312751
3396,16339.0,14607.0,43.87982139623079,262.7847059775081,0.9730014924165047,-1.5725318436335531
3397,28263.0,13464.0,45.48581124788113,111.14513493366545,1.1060937266731077,-1.5542768158228288
3398,24237.0,12495.0,27.264758402202183,2760.1453830542305,0.4078131823972455,-1.589238036408034
3400,772.0,15021.0,22.843433566886098,24.396301679094346,0.33921244416607743,0.6060561745593157
3402,125.0,14517.0,15.647134756411837,22.26777726636309,1.3209140699340072,-2.911563402077157
3405,2027.0,1552.0,19.813142320845092,66.8336862042726,1.1874574396538673,-1.6766668995319802
3406,4237.0,15087.0,25.874699439380013,31.58065915111719,0.4053582463301054,1.5059082850081653
3407,47764.0,14788.0,142.90419479595764,175.85678899541455,1.3916168105991615,-1.6056346650651072
3408,46925.0,193.0,22.76824951277408,6449.209597331577,1.7336328859840298,1.5715990465317895
3409,49013.0,15198.0,5.156178384481168,5.5796169537141775,1.9204581963001401,-3.0603787749272944
3413,43498.0,192.0,9.665608539054189,511.66664413286657,1.7353817713345605,1.5713817040208478
3414,34520.0,7976.0,1.7596155763690167,28.656710556244064,2.211248035255201,-1.613984319248705
3416,45182.0,4078.0,27.292381232021206,145.77155879025332,1.0947877601847291,-1.5792596946413593
3418,29539.0,5343.0,85.82719769038043,23216.206385794234,0.4863796400918594,1.5608559723892979
3420,1333.0,3842.0,42.59003820187227,355.6082321092954,0.3929528691441875,-1.3123245627027593
3421,34319.0,14948.0,63781360.91367137,63781360.91367137,2.2176881135501327,1.5543578762258647
3423,11773.0,8579.0,9.046905672429169,45.12981774033501,1.3052104351799207,-1.5572734704252638
3425,21936.0,7560.0,18.897540071359725,210.69779370615967,0.4182024728956441,1.5683809361603813
3430,9384.0,14059.0,28.53970451784388,475.26740002122625,1.8855475312807841,-1.5884466027706625
3434,30995.0,14997.0,3.3978754760393564,4.121929232585472,2.2176740443123775,1.5617449548331548
3435,4920.0,12745.0,396.24335488639605,8127.19541201022,1.2517512217315192,-1.5257234020652177
3436,9003.0,13321.0,35.81747424467243,229.00276441678201,0.4304083182192068,-1.5294895799221078
3437,2190.0,3197.0,63.69665465191842,198.01023157210597,1.2057471274974114,-1.6780836542599535
3438,51875.0,14335.0,12.912779956930338,210.87542849717397,2.126685471277952,1.6009160145679489
3440,1730.0,12539.0,5.6810891409853115,30.39835375877907,1.058306972380644,-1.3895576013379778
3442,3200.0,5329.0,141.4506390403254,1332.3098991838062,1.0324104984847184,1.6255053893770015
3444,1893.0,11990.0,22.414894402895804,154.73348702093085,1.1132529659365435,-1.4048389729756645
3446,12806.0,15320.0,63781363.000137754,63781363.00035148,0.9698802515265822,3.0135847370216493
3448,13699.0,3876.0,41.26551621388787,296.2847136099256,0.3929528691441875,-1.5555440933701847
3451,11811.0,13944.0,54.634288692310555,438.3824647868877,1.10686392239125,1.5566352953528448
3456,61826.0,11840.0,52.096086393060574,979.9883600568369,0.9767117777923672,1.547266813289869
3458,36998.0,14886.0,210.22132121179473,13739.02847215448,0.9792344653399797,-1.5921666187432284
3460,25002.0,14333.0,162.14916610791033,794.8000496063684,1.2353774849325518,1.5910274743771908
3462,14808.0,13862.0,51.569008591140026,115.20544864033523,0.47494747943906224,-1.5726438696378158
3463,11808.0,13977.0,29.447325788154203,47.50299490164033,1.2585439377700496,-1.577484717875626
3464,42731.0,5632.0,70.14317817766681,12967.121397331448,0.9627571526050847,1.5774237803321849
3465,2632.0,9271.0,9.974198561929029,49.685467621664905,0.4215942461097212,1.512194949983662
3466,35030.0,14963.0,63781360.91367135,63781360.91367135,2.2176881135501327,1.547915081918823
3467,2586.0,14111.0,35.250364995473866,600.1558984822394,1.3707163066293973,1.5366410565044162
3469,27393.0,11803.0,176.9331849131242,4009.2287515660437,1.2689966402782367,1.5866396339405684
3470,50932.0,10015.0,181.566798713224,30844.56913161903,1.1036489722759883,1.5707841936728875
3471,9513.0,13542.0,12.30135433133174,36.990172212866234,2.6725360336960953,1.5277903038311182
3473,32891.0,14606.0,133.50526912854863,1185.6009933918,0.8989108650312722,1.616894165764134
3474,40660.0,13687.0,36.87251105105944,459.8880393600359,0.9781423144906316,-1.5610928709610656
3477,37291.0,10742.0,20.242804626828065,4310.714852716616,1.7685224180924148,-1.5691903601508133
3478,48374.0,194.0,6.620205430615397,88.75128673730137,1.7342210097777397,1.5712291961848786
3479,4641.0,15264.0,110.20415710633701,328.5172250869454,0.900162465417798,-1.53398334870326
3480,19775.0,8089.0,1.6409186234879691,21.144308194440757,2.211248035255201,1.6460031814910367
3481,22254.0,9042.0,17.14445615444998,46.23776307262891,1.527501827801176,-1.5676036373040305
3482,17856.0,14945.0,7.733035411387892,10.766690789933332,0.4793877166322095,-1.5782712664769183
3483,12001.0,12569.0,1845.746655063457,31136.653277404086,0.41893243085692927,-1.5491430456817026
3484,49778.0,14216.0,103.66516141970997,1409.5926913194087,1.099437953359122,-1.5752351138325074
3486,27512.0,13709.0,47.5948372993372,72.31367903616123,1.2856624664798846,-1.6270356417301406
3487,28857.0,3484.0,11.315068404961535,59.347808718336516,1.4249503460268704,1.5706403815173444
3489,7002.0,4134.0,169.9575152448836,330.505697344554,1.3056540945573258,-1.5918777986097676
3492,33312.0,8324.0,157.82661896842075,19392.170750367753,0.42567332283403725,1.5620575399119203
3494,16639.0,14242.0,19.746737079987643,52.18077278970801,1.3917899469269064,-1.5711334055903534
3495,4503.0,15245.0,41.79871751779108,96.23314386821856,0.9170414112933145,1.5340095971331793
3496,3992.0,6996.0,8.011143072679326,54.93117313705028,1.4520591579061983,1.576119599129003
3497,28781.0,3719.0,42.38984420977256,161.23260318337793,0.40680888834856344,1.5734359089796424
3498,4226.0,15128.0,15.286240007807285,15.88132186473452,0.9753775226853685,-0.13729881771858793
3500,15227.0,10769.0,102.05034714126344,218.09646381886427,1.256866150182248,1.5134223278389762
3505,216.0,14215.0,47.665340574672555,50.20028758279996,1.108769806035277,-2.747183117351919
3506,9147.0,13916.0,34.5011626006152,94.75730231376185,1.3039487879513836,-1.5895537607366528
3507,4170.0,13917.0,32.73015994227876,60.27439576229069,1.315631046338226,1.5869472879169941
3508,60959.0,198.0,63781360.913671404,63781360.91368366,1.7362497559147712,1.570481827991371
3510,41028.0,12862.0,48.0061200358625,613.1329142722224,1.1228737598637728,1.5791475714949428
3511,6299.0,12391.0,30.790259956177312,948.8438423588373,0.41674827865283737,-1.6139686044085448
3512,10521.0,7627.0,32.70670886745038,266.2163163533934,0.93640272772813,1.5855636857941147
3513,4312.0,2348.0,20.69549980637192,208.26423168427462,1.0193341035014698,-1.6012546160935692
3514,37372.0,10406.0,4.684155518640059,49.50529742772106,1.0497849040289067,1.5660844650786476
3516,52740.0,14327.0,176.99581826804106,10727.973839485678,0.9668733882218749,-1.5803528410541974
3517,23230.0,4926.0,23.48323052420948,953.7950348674856,0.43765082111601733,1.5784229186039687
3518,30427.0,12481.0,30.96190447187635,92.79077845439376,1.538345073942598,1.5500907712373082
3519,29096.0,9059.0,123.38361963101468,18558.809559342313,1.3997308126183086,1.580735738298571
3520,12712.0,14286.0,5.06540781506688,10.86571311754799,1.3256056917657273,1.590573965772535
3521,2937.0,11029.0,9.181789291460692,40.66006849964773,1.102607029640259,-1.5662683826574537
3526,887.0,15132.0,38.52253778758378,44.629027804559485,0.3012423694451477,2.9050702353339375
3527,14092.0,13830.0,13.089107252007775,24.7513165439489,0.9793780355269573,1.573422538537869
3532,15931.0,14630.0,394.6249585797717,5142.259551549042,0.4196461406375457,-1.5650749022485313
3533,23698.0,14008.0,158.52780714791862,212.19108522159007,1.356970939403452,-1.5659797328129663
3534,45827.0,14425.0,39.87938560661817,1981.2013600088958,0.9719080387572416,1.5817002829487368
3536,30928.0,6828.0,33.7397182201219,787.4742565017056,0.4019381895987955,-1.573570621109924
3537,5540.0,5171.0,148.75251907439244,1310.2695178061554,0.5705007699842943,1.557238386464315
3539,7348.0,3339.0,9.363574314311718,157.1113159720706,0.38053182734492597,1.564080586034393
3540,12071.0,15064.0,29.57173446753946,108.21817834564686,0.399957396583907,1.625667516054618
3542,2881.0,15208.0,3.8395469397174753,4.341853784317417,1.8386299442869083,-0.07010534634668171
3543,18367.0,14797.0,24.390522713043985,53.87247885423174,0.40798829160939426,-1.5672039263483617
3544,9319.0,12454.0,17.73562804767846,269.08425555035984,0.42143135554504185,-1.5585897560179747
3545,1516.0,3902.0,60.131334557624506,9990.988327884716,0.4292447593986838,-1.414975774288197
3547,263.0,10117.0,49.40881084044883,2037.0426877139087,0.38370713620049435,1.9456071907788492
3548,20048.0,8165.0,41.103053640030595,924.9535448262335,0.40216011215404146,-1.5746230897021496
3549,21843.0,9575.0,43.07899892111238,3673.4092527494113,1.2497341462798905,-1.5578232692602412
3550,40835.0,2466.0,139.33248465774858,143.8360027755339,0.9500269845797698,3.0455300239907688
3552,38116.0,13316.0,78.76700621940331,387.57217190897745,1.100420440815534,-1.5676512181321647
3553,363.0,14927.0,53.28964756125913,82.80599040891698,0.43258211547987163,1.191293458641171
3555,237.0,14919.0,94.1269491115698,100.77987671196408,1.3804771467347912,2.9472099106983243
3557,38251.0,4463.0,6.375666533912741,83.8670668758296,1.0712072111907762,1.5547656897764457
3558,17893.0,15204.0,28.736717743414026,49.64665501847351,0.9375668922524374,1.5579500989530732
3559,5124.0,10546.0,40.667746248821786,782.5088184899275,1.860732203170391,1.3535672679294104
3560,25443.0,6221.0,52.529144739291645,3086.5837243519095,0.4557887182094972,-1.584882284810445
3561,34022.0,5372.0,222.28987817113907,15147.2206634116,1.1094834121795274,1.622488159299765
3562,48506.0,194.0,6.882313645749667,122.18588401875519,1.7342210097777397,1.5711656787758952
3564,56083.0,11805.0,734.4205997641284,114068.39740775328,0.9371461528687609,-1.530277063319379
3567,965.0,14725.0,50.09952388308869,258.2381106944459,0.3786344799237059,1.8246358222934862
3568,7339.0,14271.0,156.7450997867367,186.4007444863952,0.9755452787850981,-1.4885314106454208
3569,19782.0,2337.0,75.0718273639516,676.3337959712487,0.4244638099910131,1.5692868885502849
3573,2167.0,1379.0,7.047591588209034,21.93728742567125,0.47824521549883503,1.575119018420011
3574,14870.0,12539.0,157.67639310216111,488.8385180901266,1.531694168711947,-1.5914883940196047
3575,35586.0,2763.0,192.8831496159021,678936.7522219556,0.9109128255930372,1.5864764923237609
3580,26833.0,14460.0,61.63698115186581,141.05019432404592,0.9742185792890969,-1.6048498248305723
3581,515.0,14765.0,11.639140997235558,17.786343660661796,0.9546784855413093,1.9302769953658745
3582,36083.0,13617.0,46.66881429648786,159.1203943318111,0.9449597077909806,1.526249344509341
3583,5049.0,14758.0,15.665865966921713,51.18673070544747,1.1166567424440061,1.6574577705409361
3584,4296.0,15119.0,3.1818240336184274,3.4030028411546667,1.8689836140629041,1.5258344007282283
3586,2097.0,14896.0,35.07153904166124,76.2170794093342,0.4176111562164468,-1.6392416503111984
3587,10889.0,11885.0,30.778529156751652,299.8634712700687,0.41607599730566575,1.5834975496548165
3588,22854.0,15166.0,68.13608752356258,119.64255773943287,1.033436410534225,1.6339552743138512
3589,1088.0,14072.0,75.20772275823732,83.52051085997606,1.319825819880277,-1.8920457737713936
3592,8892.0,14939.0,74.59919622744101,247.73660841438198,1.3627781358301236,1.6293921004926508
3593,48344.0,7886.0,341.35510191915955,74961.20519195139,0.9446914044789791,-1.5413440477138454
3594,11906.0,5315.0,235.9575505987727,71532.10419536012,0.9274675748065788,-1.6448260114036934
3595,3267.0,14556.0,476.3113642647561,681.5570904322983,1.1138258073127645,-1.6175396579947834
3596,6608.0,14159.0,167.68880459716843,195.7765906006274,1.1099480596819336,-3.0365898452751057
3597,24935.0,7582.0,37.992237622117365,320.2446550273659,2.0442297550591464,-1.634446814461972
3599,27483.0,14985.0,72.05318539932912,106.02018738080805,0.9805824542388032,-1.5781016070050569
3600,1754.0,14244.0,505.1629217642826,816.6462883320394,1.1000269212875202,0.5821461046420862
3602,13837.0,12778.0,3407.1732000629213,20108.319790750225,1.0908345262907788,1.44619439983696
3603,22238.0,8037.0,61.69286987337336,178.67942517458332,1.1181598694860382,1.554392123138518
3604,24952.0,14922.0,1334.4346999128738,6012.942530365785,0.41720418835109185,1.5786087745801605
3607,1736.0,11378.0,13.16235186520811,49.016365699583645,1.3558456943462764,-0.25180925233458834
3608,43200.0,14096.0,174.06110027792772,26753.423086721803,1.956728470188546,-1.6071352765044202
3609,15158.0,14270.0,35.24432012945807,431.2911019342997,1.0175941955724919,1.5273678814134366
3612,56424.0,10882.0,63781363.000000596,63781363.000006214,1.0170090114401205,-1.562330050657661
3613,29135.0,4512.0,5.728093477757723,28.84456324820427,1.0712072111907762,1.5120258456651905
3615,129.0,14183.0,20.538352828091003,43.4074867552851,0.9446452957120858,0.9062961275386529
3616,434.0,14708.0,14.527173916542774,36.10886912820917,0.42792367707144097,-1.758249407833725
3617,1098.0,4113.0,11.28076899118047,77.96723570708842,1.0634926189675664,1.9120973873252547
3620,30742.0,5838.0,63781360.913671546,63781360.91367763,1.2677079093390704,-1.62433499675603
3621,8584.0,14448.0,3.7226229868694247,4.579104938217138,1.700231461810553,-1.351707972495645
3622,53598.0,9644.0,1219.4424358082474,352117.1112226872,0.9367853611497468,-1.5768588981006657
3623,8886.0,6778.0,4.319271160913954,52.52462474963397,2.1828961870103623,1.5784001306814062
3626,3138.0,14933.0,12.14950485265105,14.269752515257059,1.3348057363607717,0.0012791905910998734
3627,37017.0,5115.0,33.08662288572273,295.1892447375685,1.024415939139934,1.5914050728044828
3628,34558.0,441.0,58.122288039902095,150.89302523445753,1.1000446821954617,1.5629371505004943
3630,7530.0,10766.0,2.8218855330807475,11.731597035772866,1.2389563786187434,-1.7279338733580671
3631,13347.0,14585.0,15.422538754317916,33.54452273659462,0.40989210589014086,-1.597975537079825
3634,30603.0,9806.0,35.73776368510748,155.8619016700444,1.3742267615038701,1.5705041149273613
3635,3761.0,129.0,24.511061605363885,251.15639012831937,2.2094860854059246,-1.5088675518420003
3636,40223.0,5310.0,148.18957513803605,4899.110264120294,1.024536818986471,-1.5809555724636364
3638,13665.0,14884.0,90.50549916193411,170.51960783654687,1.106718372826884,1.5552320036575689
3639,3244.0,13203.0,14.329110074394759,293.2380962434722,0.9618802311795674,1.2053810678663897
3641,4308.0,9091.0,27.458897391041443,585.145902120549,1.2649042610874874,1.5707707314701773
3642,26017.0,6696.0,15.577792128492378,53.460104191324966,1.3975586531365023,-1.5867074799725533
3645,13882.0,14637.0,47.3627688866842,73.83043578061871,0.9779029114222457,1.5721597369844136
3647,1952.0,1909.0,17.56631675242264,99.6101281334084,0.4701713270057316,-1.363470112427131
3648,2338.0,14107.0,14.977682562631962,98.9604725778933,0.42106287019161825,-1.57754092117077
3649,42834.0,4995.0,7162.52957056977,83280.99311139551,1.1114762550946002,1.5176214766450082
3650,51948.0,14029.0,249.23757153117094,35009.952489532196,0.9670566006066273,1.5682566582097786
3651,31509.0,12076.0,32.230226713274966,5086.848339629111,0.41883118012521364,1.5645710153875023
3652,34842.0,14694.0,9.899814114898383,35.98959568835967,1.0066664601938626,-1.6166852533827338
3653,17575.0,11903.0,58.231448256644995,194.08631969986067,1.1030081326864951,1.4999285398986777
3654,11551.0,14556.0,23.692836438908287,36.87895804345329,0.40624261694890457,-1.571202382521007
3655,20325.0,8522.0,116.53227846910096,589.4524089327324,0.9809879598774036,-1.567573908400707
3656,46186.0,193.0,23.096834780518122,3758.903056925038,1.7340000719230995,1.5708318599433186
3659,3941.0,3306.0,31.726933065353204,200.70553029712698,1.1332638742799799,-1.6998007311300498
3660,51350.0,7897.0,99.03429337669624,8578.832869032381,0.9446914044789791,-1.549642709589477
3662,817.0,14532.0,88.96551071849164,1057.7423964658205,0.43285673578769956,-1.1354298680823418
3663,2125.0,4547.0,207.79494718125017,4300.787885911459,1.074515663470318,-1.348504984152008
3664,6870.0,3137.0,22.751689417005885,122.2362516683559,1.0023781316769904,-1.5624107341051818
3666,26492.0,3957.0,63781360.91367363,63781361.217693806,1.7668950854967327,-1.5959303169778944
3668,616.0,14732.0,264.6004192397222,348.076891117518,0.40921982356068853,2.3619439370617537
3669,33690.0,10766.0,34.885158484123814,107.4975379391673,0.4218667701948311,-1.5709559345560418
3671,6904.0,12231.0,137.64852060146995,4166.664740761176,0.4325017854238586,-1.5159867652269015
3673,5856.0,10623.0,24.185053214245652,273.037705719841,1.2941244177340867,-1.5855833044235728
3674,616.0,10186.0,81.049334825028,292.4136146385081,1.2086773282399716,-1.0671724612964781
3675,2767.0,14164.0,6.9639258170904075,26.980728206263272,0.4137603576765484,-1.6045842304809355
3676,942.0,12898.0,8.335174981168308,25.362641323460856,2.0309827369340545,1.2335045786542826
3678,383.0,13630.0,12.376568122230541,31.172396762116044,0.3678647806910016,1.0846153497548197
3679,32107.0,10187.0,33.90442099567734,119.10379487767636,0.38914354339347373,1.582982744183163
3680,31401.0,13494.0,136.06641375833277,3192.439948391296,0.40815626010695183,1.579132934656141
3681,17191.0,7459.0,12.48207225671427,80.86751906973944,1.4706483581739547,1.5575351585687656
3682,17887.0,12363.0,63781363.00000152,63781363.0005676,1.8655195203876156,1.476068698256095
3683,47102.0,193.0,24.396741045236723,7292.761139239002,1.7336328859840298,1.5700191915965471
3685,8512.0,14874.0,10.282585407805444,12.457689769327807,0.4647632199592371,1.5628297618242442
3686,2154.0,14209.0,36.8640238968579,89.59706776705767,0.4310201210845316,1.6816454178957945
3687,1041.0,14932.0,29.173159053733336,50.84734773987475,1.0787318615151773,-1.4379938428266663
3688,13599.0,8336.0,371.25231551936076,8182.786853007706,0.4154252013923164,1.6007026542294447
3689,7043.0,14857.0,22.321280049237377,27.912241801993204,1.2891200925456192,-1.5813835578672801
3690,59219.0,198.0,20.86714558196275,7808.626336051375,1.7395349912180516,-1.5701700642218381
3692,6035.0,3664.0,4.640780303181229,28.172088243031375,1.6258932811033489,1.5655268830686289
3693,53439.0,11709.0,153.30863687418778,6600.824971889381,1.873871207324492,-1.5944120495981282
3694,19226.0,10214.0,27.8511669056388,673.2778540123138,0.9970607924561466,1.5694185736785764
3695,27380.0,4195.0,690.4474811570392,48298.979352496615,1.4050936054607892,-1.5583867915508967
3696,36272.0,10425.0,14.604280491532647,111.73795644810801,1.0402194980668382,1.5659777439443705
3697,33373.0,12586.0,152.90982292387912,805.8081084444575,0.4013154505024739,-1.5603856816265782
3702,47071.0,11126.0,6.983165071940854,124.04013337441671,0.9670157133948692,1.5668448866131244
3703,934.0,5548.0,206.4787087393756,35097.00492045614,0.1386444542939599,-2.8149335180840738
3704,7422.0,12618.0,24.129790834027744,54.92833477965911,0.9145247899973237,-1.6090208604824987
3705,2176.0,7623.0,15.240559956073955,54.17351852311283,0.41474995521715385,-1.4159797878739973
3707,1305.0,14814.0,54.651818898383176,64.88589945785023,1.2555873413177572,-1.7472708995109747
3709,1631.0,13714.0,37.88733131981925,50.560856291881954,1.274333660869221,-1.7790460751394173
3711,3097.0,14760.0,301.16760405990163,1153.0135890128718,0.38028695761867304,-1.4304081213825233
3712,3212.0,11026.0,6.063233746515382,54.824143498627386,0.4448938495070904,-1.5929001779386904
3713,16896.0,9545.0,29.66578623094523,77.09399789951026,1.4492060714658073,1.5808113610823304
3714,30410.0,12477.0,72.98817794039934,282.559017006478,1.0116469469571134,-1.5682501853642423
3717,11256.0,2162.0,14.742491585959597,254.82898477534928,0.9170728445981597,1.5469068098630607
3718,8295.0,7991.0,10.38851470197287,55.8712556220684,1.3184586147371093,1.5536885614130687
3719,55513.0,13253.0,75.61701115391097,4335.768495350424,1.270610080641597,1.5548213095250116
3722,51398.0,14831.0,159.0888032208846,10244.012484729554,0.9561769987370881,1.5668769502298852
3726,4973.0,14046.0,42.93826538253984,166.3950496191759,1.2814093726623796,1.3844491832084658
3728,36734.0,5275.0,105.44180831275888,18615.29993703255,1.1141029260191515,-1.5678681789830473
3729,7604.0,13262.0,14.126572740069184,191.57928696647002,1.243724741685872,1.4659340402477647
3730,43941.0,14883.0,24.807021301485975,98.07689736975354,0.9336759161200255,-1.585444816261672
3731,46962.0,13017.0,63781363.00000025,63781363.00011955,1.4137163542887774,-1.5779489714696455
3732,2914.0,14681.0,26.45780200596399,43.28586093298036,1.2987866500105654,-1.6402358061757418
3735,12663.0,15186.0,6.2551107027939885,7.714310332877553,1.6931280516007214,-3.0564994362943074
3737,43648.0,192.0,5.831378544290979,62.90267568616275,1.7336328859840298,1.570485232587798
3739,14858.0,14266.0,25.016946343016414,28.61221778333671,1.3310175746701611,1.5444084798568944
3741,24380.0,8020.0,1.773406299778796,16.28010695102095,2.211248035255201,1.5560814755915777
3742,11795.0,14268.0,30.245283143958936,140.22105667550653,1.3164133280035295,1.53062098115611
3744,23451.0,4154.0,16.345920305574406,600.075645061217,2.2795037680413865,1.5723466098240753
3746,50629.0,14860.0,212.4881170101144,15276.167432200102,0.9792344653399797,1.5924683798732113
3749,725.0,10346.0,57.026434604090625,2154.8518187971736,0.3579796934376668,-1.3518069912642197
3750,4795.0,12427.0,24.332185138917243,82.77582164282467,1.4123211899677393,1.4342618920070411
3752,33017.0,13238.0,6.027342611418725,41.47063175596525,0.9580307852651726,-1.5749820348283303
3753,4095.0,4782.0,169.26280101071762,9446.701455749739,1.5811601619585995,-1.46495186884323
3754,4967.0,3581.0,3.8529556744592903,20.643961457420307,1.2401569239938843,-1.5621001550542428
3755,7545.0,8169.0,11.230950280229123,265.7611825158232,1.0315447737378594,-1.5756404363685368
3756,27789.0,12500.0,521608.7822204788,42891213.66886188,2.2021782910286363,1.575391384217337
3757,43793.0,193.0,9.049095876028922,523.7631741078841,1.7340000719230995,-1.5710123592873597
3758,12107.0,4123.0,11.007833819603574,68.60529116131822,1.0634926189675664,-1.602743068855304
3760,4867.0,6157.0,5.178640397427416,36.63982936602254,1.3343354027512475,-1.515145032990881
3761,822.0,14447.0,9.870276846500888,11.106237100506153,2.01881024222509,1.464768182631206
3762,3448.0,10538.0,7.87118076578564,657.7067578917273,1.8117218670148447,1.8466041824170296
3763,7425.0,14945.0,27.206005720960704,52.63245498749747,0.9590968799363621,-1.623225916889002
3764,972.0,14837.0,28.839541788452916,45.11638612003344,0.4084334093216106,1.380497774305046
3766,2645.0,13219.0,89.51126360880117,935.5431771504385,1.2978028174828922,-1.3980630376628558
3768,43502.0,10750.0,20.142726579898316,4191.52616932382,1.7685224180924148,-1.5662707232165523
3769,19420.0,9355.0,29.724004722101633,756.2094930401386,1.2748952259044344,-1.5492793600970416
3771,34067.0,13924.0,109.42709354209225,7286.371615592346,1.0135481854679813,-1.608458972469037
3776,54169.0,13050.0,217.6278053457552,132032.65754317434,0.9281548620818454,-1.5675974904547623
3779,9355.0,14862.0,10.73273290933884,16.629102415206567,0.47260524733886455,-1.545722906087976
3780,798.0,1996.0,19.277635563003408,213.96194308555573,0.21901955324392922,1.7260838893837622
3781,12737.0,7749.0,83.28937330734107,392.7177979805638,0.9309797869774928,1.6923579822278247
3783,48467.0,14675.0,746.8814955802198,898.4298131794739,1.0954897290012127,1.6186243603924955
3784,1956.0,15556.0,6529.391637914137,10376.156157105468,1.4172669844787897,2.27736947361432
3785,3360.0,6304.0,50.7079260453907,715.6876799558606,1.0597005982867027,-1.5133680021324303
3787,32393.0,10586.0,6.8082499247436985,428.60499163180174,1.8117218670148447,1.591190586316636
3789,15877.0,7038.0,15.171126816337093,65.90885931194661,0.4402134995221175,-1.5709407575348466
3790,22256.0,8046.0,103.12942231034361,996.6298642137507,1.2755652956396877,1.5825938800144117
3791,10200.0,13482.0,646.0130724378571,16001.207470268837,1.5740111990806152,1.4164446647661495
3794,26154.0,14023.0,300.2872546616029,5088.925013578109,0.4146961278422009,1.5792786086829946
3797,34116.0,10901.0,17.72565989252909,136.4171456233556,1.3419548860828794,1.5654160995749071
3798,10776.0,3935.0,41.46210728837358,2241.788349746553,1.2940700045945723,-1.5491366960731527
3799,13265.0,13077.0,15.628188524109135,85.65396452163337,1.0757667989893533,1.5728038395310058
3801,7505.0,9731.0,82.59711744959593,490.7727920848245,1.0986459050689554,1.5557989773512262
3803,8216.0,10018.0,52.83977329005264,415.9302152109085,1.3284009784836417,1.5818187155142571
3804,3342.0,8520.0,23.851147052801398,253.74111646687388,1.2906702549159934,-1.5162729060728994
3805,62077.0,199.0,63781360.91367143,63781360.913810395,1.7362497559147712,1.5713198254040914
3806,5817.0,12986.0,47.52516416755211,354.986018380668,1.0491252420645245,1.5318263723425742
3807,12011.0,2936.0,81.52614066283975,7080.022936445215,0.41535744865416935,1.5333192228676067
3808,13814.0,6330.0,1119.4352438758242,27402.23373584904,0.42840852518635686,-1.6005008404647778
3810,14371.0,7969.0,17.279507378330223,57.86917229908533,0.9795608057907178,-1.6218922838897898
3811,18374.0,10232.0,21.42773474908415,301.6300941709237,1.7424858958239784,1.6471467622442866
3813,1749.0,11485.0,12.586609623785035,60.400969881332635,1.3042745083702922,1.626741972332861
3814,10803.0,2871.0,80.25689176503772,5889.002439751314,0.9205692332006046,-1.6141301642981305
3815,27229.0,14084.0,25.513390437048578,272.12462211665405,1.8855475312807841,1.5803886778722716
3816,38690.0,15206.0,6.26941128073935,7.250266465952549,1.6931280516007214,-3.1193764652831484
3817,36600.0,14389.0,679.399159070533,9631.037221489876,1.0967406236843356,-1.5937580589384897
3818,5746.0,14725.0,21.972373391934727,37.46631458953357,0.9428470117748311,-1.5714961872485682
3821,6172.0,2704.0,500.5572955797435,666.5556486680592,1.1147292522397163,-1.5236122789492474
3823,11287.0,14789.0,680.1428669208905,685.1856463651969,0.4360503809919666,-1.5880799552189515
3824,54434.0,9712.0,39.347332579379525,68.054990486646,1.458211308531219,1.5775681807354578
3825,52895.0,11545.0,27.807695626914622,101.53622003939496,1.2396896640818182,1.6069766985482474
3826,2610.0,13951.0,91.55519275471485,2056.47099450948,1.028554709844653,-1.2203592002547874
3827,52257.0,196.0,4.742379849919179,94.79883863451532,1.7407562824327738,-1.5709737041776373
3831,6904.0,12907.0,10.524271570736047,29.4031551800103,1.332624596053103,-1.5695982192566733
3832,24146.0,11239.0,6.521674947351146,25.720627302121603,0.4517095311902428,-1.5747502412446206
3833,5527.0,13960.0,11.990831001920451,12.710151501026619,0.436155487892759,1.583514103552034
3834,30279.0,7269.0,10.869146718959255,66.90133264352332,0.9795301985750604,-1.5714861631885864
3835,43672.0,7717.0,63781363.00007085,63781383.95531748,0.9310496935251913,-1.5474448143985806
3838,10495.0,8530.0,32.38784622172098,1196.1409308531338,1.2410358430099615,-1.5618178116347625
3841,27711.0,10778.0,29.685748121355058,1819.7102022557533,0.9681937354805312,-1.5642624200070774
3842,27034.0,14440.0,20.40980326388893,73.49893616136745,1.0131985683037654,1.55119496993725
3844,4672.0,4678.0,14.921642239807428,414.9827033485686,1.632790769467112,1.6009526403318657
3846,10663.0,3210.0,19.024093673402636,108.97128351517672,0.4108061526212446,1.563509661193113
3847,5692.0,4187.0,13.318616747325242,58.94064794801605,0.4349537577719287,1.508227751842036
3849,34056.0,9470.0,153.47775549409272,1479.373837157636,1.3214728949961678,-1.5428783309515548
3851,38723.0,13491.0,48.01951493132278,1127.8053748831835,0.9371461528687609,1.5744280646287268
3852,7497.0,14538.0,54.19999704694466,81.40009388046379,1.2085668580532656,1.6074379702256174
3853,15737.0,6512.0,93.80086985412592,1349.056217745999,0.932848089007831,-1.6136506775748711
3854,41350.0,4547.0,146.70103550356498,13115.38829695962,0.9290726039520266,1.5888331090533538
3855,23661.0,12042.0,14.571371314142354,69.47297829137602,1.6480477801177151,-1.555161810530299
3856,9831.0,5038.0,16.783138469528783,43.82614264920376,1.0809837707256416,-1.5723820101000345
3857,1685.0,6867.0,5.712664534985021,16.179515038218735,2.676392722275814,-1.589769254247132
3858,774.0,13100.0,798.4235974321398,22254.674015139903,0.4343003884776397,0.3711687306847094
3859,8283.0,15095.0,8.36834697763133,12.842672904138166,1.0549131381523407,-1.5993389021545215
3860,2600.0,13486.0,12.03494234078173,61.98652928581892,1.8317067364439426,-1.7522440106677175
3862,37714.0,13520.0,63781363.00000009,63781363.00000434,1.1333506755308855,-1.6091053704836353
3863,3209.0,10750.0,2.7574076643790875,9.517424992551605,1.2389563786187434,1.9367603106870546
3864,4674.0,14564.0,18.33427516870579,55.995144692670976,0.9657702780552788,-1.5964369550648478
3866,8209.0,13291.0,8.548878344781766,131.74241309374946,0.5228498892037793,1.5706212999352491
3867,6581.0,11856.0,12.113492255648312,62.20044815607157,0.4285588460211377,-1.6038373646795172
3871,3485.0,5870.0,27.484412873971003,103.30308981490005,0.433906553807407,1.5267555232108012
3872,38237.0,9475.0,9.82062634693012,3009.839364369694,0.9881857034847296,1.568320936506491
3875,43709.0,192.0,7.385203246117369,410.52426914064927,1.7336328859840298,1.57046548101884
3876,22877.0,10912.0,90.1965548332384,241.97004047463804,1.2341049070865717,-1.559669254218602
3878,24494.0,13247.0,85.83773656418938,659.5990518702113,1.2058493503962375,-1.5493563764129719
3879,43718.0,8180.0,296.0332862551916,16438.24733951309,0.9087846772065132,-1.568765387698148
3880,7415.0,10685.0,27.340374152540008,77.90053321397953,1.0971009954377682,1.5291233181982395
3883,56671.0,10970.0,57.56366101168869,415.879113280031,1.5329363778327587,1.569455360893138
3884,13681.0,14762.0,88.78893889982642,118.6156886205457,1.0828054290356768,1.595706545098806
3885,336.0,11827.0,133.6791481556602,17736.62144120531,1.0677428817524277,0.6855804216867804
3886,4448.0,775.0,14.619409592466772,108.26410537706751,0.42852982078182633,-1.589935322759205
3887,15448.0,11332.0,47.430070908856266,1027.2517330883147,1.0148478404971248,-1.5031444743834488
3888,2858.0,14529.0,45.883417710170335,71.34622765371807,0.42895770022414736,-1.612146993817401
3889,1563.0,14933.0,36.412340773557716,47.2766673522253,0.42816571151848853,1.4502634100600105
3894,52819.0,196.0,6.315209011629058,251.6940914689518,1.7407562824327738,-1.5709620349539006
3896,23591.0,15201.0,4.740471199605097,5.699221119917763,1.9204581963001401,-0.003262855569454116
3897,13990.0,10746.0,40.15781699115529,241.97962008249254,1.0059429060846266,-1.5387832923990323
3898,7907.0,14260.0,63781363.000002146,63781363.00004837,0.9753214154968978,-1.4058164171767171
3899,15635.0,9373.0,35.98447140301707,905.1649356918484,1.7308998809497673,-1.5726818523629207
3900,11641.0,6701.0,359.2993436429469,9518.450077468693,2.2468115422486634,1.5572390401108078
3901,4028.0,14484.0,43.03496728986707,557.7658480178463,1.0144417761210247,-1.3263884686506093
3903,17106.0,14962.0,1548.1326630160347,19276.373109128665,0.9634049429768845,-1.589746373546824
3904,14664.0,10918.0,14.365362245313525,81.59370197933005,1.0909755261703147,1.561511749024946
3906,6019.0,14713.0,16.890608838633376,106.51130025726019,1.2254037875406938,1.5681375663430737
3907,47159.0,6936.0,1714.0096337062034,15425.95987470559,1.0887228919858356,1.540386127153544
3908,2584.0,14718.0,11.385697052511162,25.14111518906082,1.1148011900655197,1.5910008666066235
3909,27952.0,13749.0,9.58100337352657,23.35072795805869,0.47917373239648775,1.5654947956471337
3912,36950.0,7991.0,1.7201836020510464,10.37272649665228,2.211248035255201,1.5513933242597124
3915,2011.0,3676.0,23.944302711992968,184.43081809384427,1.2615474253503982,1.4233356500680392
3917,60344.0,198.0,63781360.91367141,63781360.91368383,1.7362497559147712,1.571370261137697
3918,24191.0,7997.0,20.601626847775456,67.44804512310668,1.0896394994478795,1.5810801811104254
3919,21408.0,14799.0,13.93988109996969,21.351438719086932,0.4052280650768099,1.5616901701241577
3921,25408.0,14124.0,29.434107310347546,160.14416584635396,0.39417991410642417,-1.5828374735039692
3923,2456.0,14122.0,28.11449919762089,67.74651824201784,0.9596335854415677,-1.6597036114591668
3924,887.0,9720.0,3.863121179719392,20.462388061424114,1.5014016101402379,1.6493007669094184
3925,3608.0,14835.0,53.134233628337796,191.889764920351,1.0116430926282032,-1.4864427882013207
3927,641.0,13365.0,8.089587971726418,14.037296878322442,1.32219021697347,-1.4014312862074514
3928,1240.0,5685.0,25.00762200736744,71.07593255045143,0.4190476217529576,-1.4966277435797721
3931,15473.0,12407.0,7.44842680760759,32.283853746678965,0.3985709703779886,-1.569582626036182
3933,19309.0,13715.0,11.347423738711235,57.89342233797352,0.41866912156175135,-1.572877301972367
3934,8666.0,14402.0,11.803759715734516,17.07573239242182,0.5804166251845412,1.5838218079894362
3935,12220.0,5883.0,283.35429631042615,19122.886957812894,0.39957325004743294,-1.5501425842513048
3936,13322.0,6492.0,21.218917810468177,44.968495821023694,1.311325274728759,-1.5689898519825198
3937,21525.0,14881.0,283.4896221722326,458.6873935057555,0.980105681822108,1.5575536782473915
3942,14092.0,2461.0,15.858915694301196,141.70819036076568,0.9821755118350857,1.568704938949285
3943,27825.0,3122.0,96.88843486788296,50489.20899110037,0.44674385347880385,-1.5622943376229133
3947,24941.0,2536.0,1067.9336781769234,6494.497347972038,1.6309968760209301,1.5650467929335503
3948,62189.0,199.0,63781360.913671486,63781360.9143018,1.7362497559147712,1.5712822708882894
3949,13048.0,12930.0,7.990835695738441,17.392032897905143,1.0027157988460906,1.5677814943932946
3950,23779.0,2640.0,25.3211738225926,5967.675485128101,0.47312757000309347,1.5731492364182198
3952,54009.0,13889.0,55.59711727212764,144.35964719097632,1.0971794911413917,1.591887796839593
3953,49380.0,14263.0,106.62874562910895,12245.111944752785,0.9661830019789395,1.596700498559947
3954,32475.0,11727.0,9.929127458794873,60.69527909395891,2.3304869073196928,1.569350926938019
3955,17439.0,3499.0,156.20993794419883,27916.96627258275,1.767780817859241,1.568685390140345
3957,52601.0,9279.0,63781360.91367135,63781360.91367345,1.6953234243460904,-1.541516243947163
3959,23189.0,13472.0,62.013867591719794,1632.0519884354821,0.4316390524084789,-1.5674047934975979
3960,9395.0,13701.0,467.5771579083246,479.7324552980035,1.3377720587530055,-1.470028997620312
3963,34670.0,14957.0,63781360.91367135,63781360.91367136,2.2176881135501327,1.5457075806830407
3964,40885.0,8934.0,21.328481530192562,107.24632053121513,1.3106324317342755,-1.5583721419833352
3965,4847.0,13437.0,8.070334651170596,29.945993293832498,1.027240676525681,1.6006324313190183
3966,3890.0,10568.0,79.62767323241195,449.2930028306993,0.43102645847126814,1.6690746580435742
3967,809.0,14784.0,35.78205536053622,99.004752825533,0.952295575212343,1.2547418340217134
3970,5554.0,14332.0,125.98458685325984,7716.458968428658,0.4256217692224281,-1.4970117629175375
3972,35947.0,15071.0,6.884788824062306,8.056532348688119,3.220486783048706,-3.087259677683388
3974,367.0,13472.0,20.449320928082216,39.368404536812655,1.2437654530721252,1.514765439748863
3975,13103.0,10908.0,7.995797838678265,47.109618993723146,0.5752401170783934,-1.555124561914903
3976,2758.0,4368.0,17.251031168743147,92.79882934367136,0.4174781948895096,-1.571817990519629
3977,42191.0,192.0,35.70081096779364,12562.473432291848,1.7353817713345605,1.5700180214848578
3979,1818.0,15057.0,2.751308250191665,2.8611627735134206,2.2176740443123775,-2.209565217114323
3982,389.0,2959.0,25.72515509858464,327.32469743441817,0.3851566215874061,-1.33053050467778
3983,250.0,14838.0,8.500255033895044,14.034345147734498,0.9666750705824954,-0.15468911876576696
3984,32179.0,10429.0,20.97785652464116,143.3207441554892,0.42484329878608484,1.5802785763956027
3985,48233.0,14872.0,8.247951828496683,9.385320031371906,2.5206382936769365,1.4967494868907694
3987,2037.0,5138.0,36.53786008316713,88.62946644481666,0.42011313886328927,-1.7237512934890025
3988,545.0,14476.0,7.877766850122376,28.77599412528993,1.2353643752750822,-1.83684552944724
3990,739.0,14456.0,13.37366485778441,99.58097157057699,0.9591745749512375,1.482682449531485
3991,14395.0,13827.0,260.175972059469,787.6560350281877,1.110912997705744,1.573705478709839
3992,41825.0,7554.0,33.87470461702104,286.4250131431822,2.0442297550591464,1.5601020018424367
3993,38431.0,15892.0,3709.6125590795473,16983.18165489456,1.4950786240605551,-1.6808469152375851
3994,42573.0,192.0,23.65594077665363,4694.8725091066535,1.7353817713345605,1.5715029698261656
3995,10353.0,4442.0,72.07033161564611,130.6292318550056,1.21624709244075,-1.6050597014603394
3996,11481.0,14298.0,20.8199467080708,66.80702224302684,1.4185354150033207,1.6608889693385054
4000,8652.0,14162.0,12.359089093233836,219.57763899718822,0.9540620293237448,1.400491050590002
4001,3537.0,9254.0,249.86250741120773,3613.447184131741,0.4756143274188989,-1.5319365994641094
4002,1003.0,14481.0,8.182788409902262,8.540267905398512,1.1391651082353438,-0.0010293757856088136
4003,20423.0,9139.0,258.8705094417483,737.3022152799192,1.1007920761019432,1.5466496996782932
4006,30333.0,15199.0,63781360.91367139,63781360.91367143,1.8497199417784422,0.05690143969656824
4009,758.0,3521.0,19.25163325153109,327.7810185747763,0.37703332880142637,1.4154219358483033
4010,15572.0,9711.0,3.406239198679021,24.905592241858844,1.3887378548945917,1.5654591095840429
4014,21876.0,10354.0,5.678736030049547,36.92005764592884,1.0424004313218125,-1.5692321093599622
4015,982.0,7279.0,36.358076085199734,1462.4009171206123,0.3932760659922998,-1.4903958911349036
4018,49705.0,14868.0,203.39373242794906,15420.14117923133,0.9792344653399797,1.589605983109917
4019,12737.0,11256.0,11.331099239967456,53.599703985252944,1.3731537477423925,-1.5999915559020113
4020,33467.0,14019.0,255.408529047077,36707.16605454637,0.9670566006066273,1.565855733702892
4021,38671.0,11324.0,43.36467719756523,785.9526312455448,1.0148478404971248,1.5428634695133017
4023,38860.0,9611.0,5.610183061106447,45.39227388298872,2.401938158555364,1.575006927473389
4025,9921.0,16674.0,160.90908154860168,440.74552778151724,1.2324531778533738,-1.4827392080178585
4026,2914.0,222.0,155.492382443343,853.9824801954558,0.39695455670848745,-1.5105176861865557
4027,49536.0,8523.0,155.2417265399645,17018.296245093086,1.581654289615989,-1.5879588938049811
4028,27205.0,13883.0,83.68743336298914,694.191349805249,0.41353801367052295,-1.5729139114271558
4029,4157.0,14414.0,8.532283222378112,19.781751852162248,0.5000567282825612,-1.5516708321929298
4030,1903.0,5055.0,39.28401667319361,203.52191983856864,1.27168167225897,-1.6434620625425949
4031,139.0,14813.0,14.7669651960791,18.29525421080885,1.2105995183980651,0.7760196449913856
4034,4451.0,10630.0,21.021452383876415,54.049030618813795,0.43232353095710624,-1.5598507878685073
4035,43268.0,11737.0,120.900732037499,10931.76887799452,0.9546939527493116,-1.5685343920206036
4036,14746.0,12906.0,16.45695660079523,129.12157800056636,0.4441319915253458,-1.5628878442296714
4037,867.0,14092.0,100.92149237640581,131.79339603831252,0.9511630001238126,2.6046370367380915
4038,1632.0,14238.0,4.67139282266599,12.513990292395226,1.0864932971890229,1.5683412138524644
4039,2228.0,15192.0,15.633316485033959,18.994483418761718,1.1733952653252637,-1.588288191607082
4040,8175.0,15000.0,138.79702261490326,260.6471060275748,1.3184737433492069,0.09313883433021161
4041,19068.0,11289.0,62.96490972531783,2551.9949659357912,0.969355840233788,-1.5315972317250548
4043,604.0,11727.0,440.22725768976915,39147.51750261364,0.1997966192282487,-2.893118463759686
4044,9947.0,12367.0,70.34425064734884,273.5752069016515,0.4077845679970455,1.5717607381352414
4045,34945.0,15024.0,167.95928342812655,178.59420978712814,0.9861839070384044,1.6383136102736677
4047,19779.0,4606.0,7.004890972896088,58.98578602111355,1.050882913644173,1.4901915627133062
4048,4529.0,10564.0,7.599388049040723,681.3734831501463,1.8117218670148447,-1.7058541902099367
4049,14938.0,14832.0,83.27479502047021,807.9348641339993,0.4356552682963639,1.5804672321420414
4050,154.0,11326.0,83.68210125839245,8982.166616438783,0.18881359901560346,-0.33911426469177247
4052,19714.0,2765.0,222.73264189219185,4132.24724832121,1.0049561619305356,-1.473468899810123
4053,10642.0,11246.0,46.23609510089869,339.1332863574767,1.0611451530994884,-1.529315593978022
4054,12396.0,14105.0,68.03062057921325,619.3303436072526,0.8868988062746384,1.5692759550789057
4056,32943.0,13136.0,130.34951290145472,39742.46338268087,3.2518277013581116,-1.5696361169621749
4058,42954.0,192.0,14.086733837905795,1316.7700446471517,1.7353817713345605,1.5698073074059766
4059,2372.0,9786.0,190.65835693915926,14038.333665859256,0.9167870618468028,-1.7402866003369974
4060,6949.0,12848.0,10.240738239732591,40.30675980544269,0.43657464775629434,1.5663414120348045
4062,26125.0,7598.0,13.725872717877944,167.47556354164416,1.237337580155142,1.5761375493146534
4064,3531.0,14736.0,15.556818539692578,27.097958993353156,0.4719554566973333,-1.5117840659291788
4065,24516.0,14362.0,61.525991030318025,917.8281828693447,1.1152763295752606,1.5830771964207087
4066,47293.0,12964.0,625.0773008514661,13144.88494129142,0.9680742833890637,1.5892745929068626
4068,19416.0,3044.0,118.0812792421554,14493.060473093268,0.9157168629723479,1.5191597836441642
4071,2776.0,15237.0,220.6418632091755,969.8995902329433,0.9694909615468115,1.736760541569086
4072,26186.0,9693.0,92.70007689558695,175.04792642302473,0.9557819349106682,-1.5138828896908585
4073,433.0,3356.0,6.866318449905927,38.130976990201866,0.44143449694234993,-1.3758891646385965
4074,11955.0,10406.0,14.135750011193169,425.20552508627503,0.4160778157865037,1.569044710018647
4075,7946.0,6435.0,13.666191455375738,79.4021549072525,1.0909089100597011,-1.5662879646795282
4078,3352.0,13354.0,18.85662218333036,94.32776013362852,0.9562434994619358,1.6013252806640177
4080,20589.0,10725.0,5.01284021511481,25.25675453802221,1.646137701374287,-1.564188697986952
4082,20071.0,15205.0,6.23976973979347,7.6205559334985695,1.6931280516007214,-0.06355041141333354
4083,893.0,4174.0,30.196252722910845,712.5918802963992,1.1894681453689688,1.990725107019505
4084,22594.0,10632.0,163.85862773025207,24308.80592282352,0.4235110194148662,1.5790769962887095
4085,2208.0,15211.0,63781360.91367387,63781360.91367543,0.9762463301290243,0.01695644409033107
4086,6230.0,14309.0,26.984477319265903,49.90004537526722,0.9663071749243851,1.6496155262449206
4087,28429.0,13434.0,52.421164912060824,898.114711747181,0.43962263119534584,-1.5693461460089122
4088,17720.0,13296.0,77.83864372529533,1914.449636824824,1.1111507507854297,1.6789904335268535
4091,10200.0,14674.0,53.7793520540164,332.1975201549474,1.0853651959249955,1.5337299178325468
4093,8898.0,14918.0,1095.214950179087,2073.876288243273,0.9832655488980873,1.4033962384982208
4095,7425.0,13497.0,31.170872198863545,366.7433462083313,1.3110684455955088,-1.5631400391260044
4097,11540.0,14148.0,188.7216046821899,485.4949030971934,0.9541962256230669,0.023293145417781845
4099,1970.0,10284.0,14.214568815160858,65.43530261402243,1.3429401347922358,-1.5568538535765757
4100,38711.0,15163.0,193.2482841077475,2471.077196749801,0.9950455819641761,-1.528760939076235
4101,20426.0,4217.0,212.43201690098778,119931.72346902838,0.8988362255675773,-1.5942280290234896
4102,48932.0,8419.0,24.465519018658487,166.64439628558844,1.0138779140683765,1.5800787501607474
4103,7965.0,14963.0,188.99297550650488,938.352143569702,0.4059890508726589,1.4975633179681873
4104,1520.0,14615.0,112.50326233137578,699.8076093074883,0.38340334057307024,-1.5442696154220317
4105,60882.0,198.0,63781360.91367143,63781360.9137254,1.7362497559147712,1.5713208922806141
4106,25227.0,5277.0,201.75153503631003,423.81280720137045,1.1141029260191515,1.558123447820397
4108,14612.0,3940.0,17.72350354790468,47.41071450328362,1.2978964237146038,-1.569113896758578
4110,3616.0,5828.0,63781360.91367156,63781360.913678944,1.2677079093390704,-1.0510692431692308
4111,23410.0,8611.0,28.785843094102038,99.90902267503881,1.2455155479537028,-1.578982935462935
4112,15263.0,14472.0,33.58127370261398,90.75612731546055,1.2607117058839543,0.018336725455026872
4113,4604.0,8303.0,144.78969702055298,26644.855733002856,0.9216233772229209,-1.3287078246981576
4116,20151.0,1490.0,26.26160119225774,306.22180455300423,1.0094497528952555,1.5633759238260598
4118,48944.0,10894.0,1091.0057287163138,12382.777879831061,1.4123730035112498,-1.5486791321114142
4119,14066.0,13960.0,7.447078339667597,17.324294602557313,2.649316418473134,-1.5664847768616106
4120,6728.0,3747.0,7.540254985033782,48.935292966271525,1.2326193060813,-1.6041835839466052
4125,66572.0,11319.0,380.25491189573825,14772.833442597223,0.9713372057201656,1.5783468208032916
4126,32330.0,11760.0,113.03801727901204,10499.456499903874,0.420110273922398,1.5538117886723033
4127,22307.0,14684.0,29.347564353568785,321.76399084465265,1.7716170931669573,1.5604719087987864
4129,1180.0,12463.0,8.691989147019658,38.17034351033653,1.1106115213739582,-1.8328061071120518
4131,33281.0,14769.0,41.575477188839,652.7057767024822,0.9990816761200065,1.5436769804021653
4132,18902.0,8105.0,686.6063309532497,10029.167158839227,0.4202745436538014,-1.5504097546693454
4133,11047.0,8257.0,1354.828224084451,8408.828914022037,0.4413888112581732,-1.63512638524067
4134,23156.0,3834.0,825.0081838064496,317308.0441018994,0.9347539650395521,1.5702012684194606
4135,21390.0,12359.0,189.65129643627614,6598.3128375707565,0.42306405004441033,1.5898239985425424
4136,30979.0,6527.0,97.46742833981399,34221.48760609397,0.9957768066118937,1.560161778590159
4137,16705.0,7190.0,9.169377641267216,33.764378359226285,0.416342849840346,1.573866059365247
4138,29558.0,15238.0,2460.1086185513086,48172.17511478656,0.9104319873933854,-1.5502456061899645
4139,41519.0,12318.0,3657.457772494001,13543.18314191781,1.0778694655269252,-1.695006676714525
4140,12545.0,5373.0,18.321143902105625,390.4241265942823,0.9707361716543391,-1.5501162292122175
4143,11819.0,5595.0,485.05015111654194,487.14986583177756,1.0035777019278929,0.12507713727471634
4144,38825.0,10663.0,113.89895389512972,18477.708509752832,0.9696211475598563,1.5687133162555191
4145,30947.0,9126.0,11.373831856017608,63.877813502117355,1.590779398861315,-1.56754169302538
4146,12987.0,12494.0,62.618574556660484,169.7425201394687,1.2584840964795398,1.5659430806782484
4148,51896.0,196.0,5.332866458287355,68.4692250387838,1.7407562824327738,-1.5709367237943603
4150,14795.0,3357.0,26.02359228814779,738.8006516006448,0.4199422026363884,-1.5609721052418515
4151,32538.0,8000.0,1.7340431781336554,11.864880883870637,2.211248035255201,1.5528280464264637
4152,21307.0,2917.0,11.800365505089783,233.8076561145705,0.9720277040943214,-1.5726662410339638
4154,47739.0,6425.0,367.5954414401246,21465.32082756488,1.2683225275614665,1.5728294667892437
4155,1130.0,9728.0,6.698172458670165,30.036849213574108,1.1200093588579698,-1.5739383036322043
4159,25041.0,10499.0,5.508419497964569,50.02266060242853,1.8085049593855291,1.604978374039648
4160,8148.0,4126.0,13.350274440254442,99.37008958753924,1.40534091381574,-1.5891884520713389
4162,8356.0,14495.0,12.100871576235996,318.80945064250074,2.856223027855301,1.7429093385098653
4163,2525.0,14477.0,211.69671132760988,5268.764673188179,1.003755958861687,1.2734607773972841
4165,7545.0,10199.0,894.296701303303,6273.974595718475,0.5692089452128967,1.5229218286699437
4166,25772.0,10726.0,20.45964683009277,4553.0234476377345,1.7685224180924148,-1.5560745301690475
4167,14413.0,9733.0,449.27873517950576,9647.832661815937,1.2863045566241642,-1.689665700637991
4169,616.0,13974.0,127.07991648646922,1593.2613546668101,0.4143950161954815,1.2708001710394867
4171,20672.0,9049.0,35.91565074856042,370.4593811961591,0.43059906276073806,-1.5547529013439054
4172,24783.0,13994.0,30.964614673416413,340.32979419656164,1.1307142355993036,-1.5735618299347593
4173,1718.0,4775.0,59.64853625493821,3061.852158448557,2.206485073481977,1.276909072900242
4174,38545.0,12527.0,97.34610307440416,145.2333779114226,0.9649138663018023,1.5450378492004366
4175,2582.0,3974.0,10.836697574854925,49.165530117878895,1.0154615644384593,1.452065364119136
4178,4593.0,9639.0,44.20789985690062,1131.7660981689971,0.9367853611497468,1.677146870343191
4179,54601.0,9982.0,36.177107756842794,608.4358944125504,0.9412754856760795,1.5547874629039746
4181,29565.0,13612.0,184.31950150494384,39995.618597330475,0.4042648685717749,-1.570936704106687
4182,5354.0,15287.0,13.592690838820781,25.063500979867847,0.9716985089427035,-1.5432491468594922
4183,1534.0,14317.0,17.5812594867725,72.73412738161265,0.9668733882218749,-1.7856716849621268
4184,49694.0,9400.0,10.086607621188097,212.08047908548534,3.2243145928447143,-1.5684076049876887
4186,48995.0,11240.0,60.8741213879914,380.92856588814664,1.07863934314816,-1.576024668618649
4187,42708.0,14854.0,3.9139785172900217,4.911727457238373,1.760468787891655,1.5151770738719808
4189,26936.0,1039.0,14.762682953506086,3031.8962027785815,1.6262016714765546,-1.567776442725376
4192,15704.0,13012.0,63781363.00000024,63781363.00010825,1.4137163542887774,-1.5847102310387247
4193,2935.0,13868.0,17.351709501776906,567.7180426188622,1.4979627969934086,1.5945827782076656
4194,14332.0,10704.0,11.135455653003318,66.34763826319302,1.1096333220125887,1.5601720989447023
4197,1478.0,11640.0,23.37882735458451,513.7497952368792,0.43547005377509684,-2.3100585780684226
4198,32970.0,11531.0,11.875534890123378,34.86717347748357,1.4910012658138285,1.5796191104264519
4199,11817.0,12047.0,19.069447490428193,360.94022211133137,1.6480477801177151,1.5984141631723157
4200,56870.0,12248.0,205.30401224525278,54733.8882570656,1.0091296479899536,-1.5712539538236467
4201,60675.0,199.0,63781360.91367142,63781360.91369021,1.7362497559147712,-1.5705386984087328
4204,18880.0,7866.0,8.806767839568396,175.48663718126843,1.3728841554751399,-1.5670254559862242
4205,43825.0,192.0,6.158416805761632,101.21680535133603,1.7336328859840298,1.570901609507558
4206,19080.0,14613.0,54.38026434442949,176.80967571401888,1.1464788596202427,1.6528360288560957
4209,8821.0,2419.0,63781360.913737975,63781360.916750856,0.9646453077610416,-1.6416027703533125
4212,61481.0,11284.0,36.1228079511709,221.11698569248264,0.9086401802103949,-1.5671062650406815
4214,3642.0,4347.0,21.118609090556927,38.20633898975342,1.1274760159886201,-1.5241470051415278
4215,10972.0,7691.0,200.08912699089137,2960.8901522356505,0.9309797869774928,-1.6714085111974177
4216,3442.0,9221.0,47.53054217558146,183.58720073053334,0.42627920789410345,1.5745351474838467
4217,7827.0,8161.0,14.086178324160915,125.49089918034937,1.3149114940557776,1.5683791000785385
4218,11384.0,14717.0,185.87275009000004,277.39326268081004,0.41751259320820133,1.587229160710083
4219,10668.0,4608.0,6.84289115795842,86.47374653962623,1.050882913644173,-1.4483426680691078
4220,19035.0,14407.0,78.01593338549726,1630.460104683547,1.009992838438683,1.5667006672351833
4221,8588.0,3210.0,51.01580840137712,3912.143157765175,2.364909746141211,1.5490272249006352
4229,47304.0,6438.0,217.9369950412261,2763.6210662948542,1.2776601519735185,-1.561369821764341
4230,4011.0,7230.0,196.4855484300405,20661.785092045364,1.061650487937744,-1.5158519101200771
4231,7108.0,14891.0,799.3486859313922,12923.213887679429,0.4216197040900126,1.5578923860437828
4232,8074.0,5746.0,27.56411511578679,1161.5834322855476,1.0714208705044121,1.5741912784898198
4233,1140.0,12218.0,11.02062530535476,43.17860737111734,1.4638600262973132,-1.458761721775128
4234,49386.0,10686.0,3108.300523184479,24182.839904803302,3.6092630880152323,-1.534113828022067
4235,2273.0,13174.0,18.73329186161118,58.271260947320634,1.2265507942137472,1.450500590386382
4236,7101.0,8916.0,28.857883966759907,360.3107430200864,0.41572317509130274,-1.5640696147285285
4237,24414.0,14942.0,463.17154041532757,6337.893166208594,1.0117349735324646,1.5630664626682382
4238,31021.0,14927.0,63781360.91367138,63781360.91367142,2.2176881135501327,1.5444308805740232
4239,1940.0,6441.0,26.660118798219386,92.39837450762313,1.0402866487238087,1.4299717486951378
4240,30479.0,12620.0,91.05082371679076,301.9174113924727,0.9724015774635307,1.5916391721279943
4241,12227.0,12745.0,11.12638418383539,45.3192303701818,0.42885820862171375,1.5582816303424252
4244,6811.0,7874.0,112.28286647233834,883.6930834381193,1.3185741772675978,1.6002759142367722
4245,20440.0,7188.0,3.3728160945493726,14.704358053956144,1.043781933065281,-1.5660397005364561
4246,24973.0,3248.0,45.58896333023331,10568.216410968422,0.42302543900409045,1.5567268924154138
4247,656.0,14665.0,51.05854233092828,62.561731124924925,0.4297041831538765,1.9580927239631036
4249,1931.0,12483.0,27.880310033768797,331.76465476321914,0.47156867142384273,1.6209856694810438
4250,8187.0,167.0,9.60000861433832,58.179255140996666,1.2659939106164813,-1.575103157627515
4251,8785.0,14634.0,14.585903678939431,21.98907717921172,0.4737284479851467,-1.6106315294917568
4252,19402.0,12923.0,1069.7810575584772,244383.37019321427,0.9119749222966486,-1.6220889642573084
4254,39707.0,12527.0,36.063111206631106,193.11310268476637,2.0761777274309985,-1.6373569677388842
4255,12058.0,3633.0,15.598028699974419,45.14430519634557,1.2289984862756618,-1.558933456178799
4256,28515.0,9925.0,83.18790973550989,490.48336612259146,1.100897956278774,-1.5096947069223878
4257,37842.0,5854.0,321.39216497481215,1611.2652389724785,0.9477063687562657,1.579549337057881
4258,51896.0,196.0,5.332866770693933,68.46925740233446,1.7407562824327738,-1.5706819008682982
4259,16768.0,14627.0,20.17896364612148,65.8787366464793,1.0988645670818997,1.5525042914185678
4261,13120.0,3920.0,63781360.91367353,63781361.167255424,1.8087532333352487,1.6583617426496455
4262,41308.0,9784.0,268.96312041001386,34166.482706197945,0.9167870618468028,-1.5703372654153522
4263,19672.0,5127.0,34.72440477864043,509.34130377286505,1.2811254818077535,1.5797375496430253
4264,21339.0,14826.0,160.69443992160103,3287.437794504687,1.2800397264157037,1.5625980584674628
4265,9513.0,6552.0,48.31371279701453,5055.604063362634,0.4268840565608044,-1.5367474393875926
4266,34752.0,7788.0,27.702387690503826,218.11211751899364,1.1079651576510379,-1.5983129091480628
4268,11374.0,13244.0,29.42675592204182,66.95110298261457,1.2980023095324542,-1.6033031376707985
4271,3355.0,2832.0,154.2619280966999,618.3715066419829,1.119006985808139,-1.302360169537504
4273,4880.0,13611.0,5.1628540705890344,16.228474390210312,1.3603859495890915,1.5887972868071312
4274,10950.0,13502.0,8.928898969132414,14.211726816729282,1.5324269890726436,1.5898765861799562
4275,1261.0,1190.0,129.1168063944804,2324.5715611274118,0.38505792456665616,2.3183219186395085
4279,7592.0,11642.0,24.127187716290667,50.16834672451809,0.8929042759180982,-1.577696368448318
4281,9672.0,10607.0,63781360.913671546,63781360.91428222,1.7685224180924148,-1.7654751471484749
4282,12071.0,7146.0,9.939513110798561,51.36788742212131,1.0378670831383492,-1.5545421606885084
4283,6928.0,13695.0,13.913358570043583,25.137725260567866,1.2938203524943632,-1.5520257824210542
4284,885.0,14018.0,36.5231105456661,1704.9988660992012,0.4149052021915858,-1.4866883130016713
4285,6019.0,6898.0,12.480144907100897,141.7037867629756,1.0686120811251605,1.431049000994487
4286,5174.0,15279.0,7.057553958030865,12.91445083687787,2.4139911146714548,1.2509622482969034
4287,10578.0,13049.0,263.60504304755955,929.7631528946675,1.2689155116178947,1.6918773082064689
4288,954.0,9597.0,18.40193579340634,673.292475904811,0.2855634787856416,1.7456050336787046
4289,51237.0,10568.0,115.96175559839608,804.0989621574371,1.4110217682676311,-1.579611453829948
4290,4011.0,13665.0,21.837449683993793,93.01349562285507,1.395668529962397,-1.626383120855012
4294,10180.0,3524.0,12.78436107696207,167.24287333203824,2.331922485556716,1.581583474655713
4295,48380.0,7120.0,175.8161450887779,101804.63843037505,0.9672919102053525,1.5881156414913535
4296,615.0,14584.0,12.338815483228949,20.603662165461714,1.3429121070329293,-1.6749258602816393
4297,947.0,14597.0,5172.593405430618,33816.48978341259,0.4305159619814015,1.3373930031882957
4298,44211.0,3427.0,293.93520576223284,42112.645263419625,0.9167563479879852,-1.57306666376441
4302,7162.0,12955.0,31.397855956384003,57.419018630888615,0.3835701877192028,-1.4910485326076757
4306,12453.0,14802.0,589.0369128202842,4019.11639941944,1.2828400364577313,1.5571132377614518
4308,4724.0,14827.0,23.331475989557834,70.40882154605653,0.4209985899794326,1.5565963239635627
4309,62034.0,11978.0,349.4634116159431,10632.07979710286,1.3021207875300445,1.5649457911857478
4312,47446.0,193.0,27.470958133043624,9375.063664716812,1.7336328859840298,1.5712314945200838
4313,34167.0,15207.0,3.761042017549994,4.32694222674156,1.8386299442869083,0.01728733828728421
4315,530.0,15032.0,11.678449980115568,29.176560580771906,0.3526715579682906,0.8578530590637834
4316,28231.0,12165.0,22.47909820406394,2543.2103580071903,0.4129478792651114,1.5859084948498117
4317,55774.0,11045.0,28.66697139006486,370.710374578209,1.5182273456505992,-1.573885432735316
4318,9054.0,9876.0,36.886399730214244,204.9733054508756,1.5130926601959283,1.5557771315610467
4319,39941.0,15207.0,4.617911757410545,4.797039145319884,1.8386299442869083,-1.7649150997377194
4321,47982.0,8781.0,7.791056321564419,120.29211539425948,1.0283031068336481,-1.5632176835371046
4322,26903.0,14908.0,63781360.91367135,63781360.91367137,2.2176881135501327,1.5307770668518408
4323,4434.0,4113.0,7.619298341742426,57.03696794371639,0.4619091414562118,-1.56176793235142
4324,47627.0,12817.0,159.59246515105434,5647.569962876981,1.6906786499838289,-1.5885283339940246
4326,18384.0,14407.0,275.36061179609044,2217.642398245925,0.42448014892788455,1.536000416978808
4327,2787.0,14779.0,14.545321018022069,37.89770115342532,0.42342789014234816,-1.4830616650222277
4328,7557.0,1818.0,5.163341520534487,33.91331553721262,1.209208115217753,1.5629398874586617
4329,33481.0,8415.0,246.1743430160706,7593.887381766739,0.49596922843661906,-1.5916788388824499
4331,7879.0,3641.0,33.651604497971306,107.41194461575016,1.2549177122061128,1.435366550832026
4332,48320.0,13795.0,97.7837657235896,11759.594515455772,1.9092516309051693,-1.5580726454668608
4334,17388.0,8764.0,32.033599527715836,647.6369079347638,0.4151971529737886,-1.562565872443858
4335,26470.0,5347.0,283.1977457164059,6397.090576226202,1.3252185563987384,-1.6188536493923347
4336,2079.0,9845.0,635.4067212329527,5335.585115112241,1.1096069676746085,-0.7581787156279882
4338,6433.0,10740.0,4.9447569394361786,18.29217128754731,1.646137701374287,1.65057827264001
4341,63422.0,11944.0,541.2754757059054,16854.215448756415,1.2392248827304773,-1.567246869478555
4342,45413.0,4825.0,284.0641584891413,11398.327151595013,0.9830752344927225,-1.584560265489893
4344,25967.0,8099.0,1.6447028536505481,16.834057893251295,2.211248035255201,1.630998884048989
4346,29159.0,8823.0,334.925175597355,447.5803648596103,1.11740305272826,-0.03185806345166441
4347,26789.0,5318.0,3.73094655825419,26.00960509804517,1.049210553341837,1.574925866052584
4349,40275.0,10973.0,504.2653128972762,60861.77515480228,1.2564810508386444,-1.5770178754221802
4351,2814.0,11129.0,129.30001373280655,2398.528581750296,0.4135676922462714,-1.5139523084028974
4353,10182.0,14818.0,38.74720060874358,58.09948448932079,1.0317325819818675,1.5233627032474792
4354,4828.0,14592.0,44.02942588148048,47.43710620725988,0.9639690426469018,-1.4887253125844093
4356,10468.0,1770.0,68.56454527784275,6912.016127412268,1.0728482270051696,-1.5518278917903983
4357,25129.0,15193.0,105.01840844900633,886.5074202919226,0.8993141552989634,-1.5624100063846158
4358,10920.0,12256.0,30.063918956093502,94.74739351939361,1.324433836644872,-1.5927854525253036
4360,856.0,14964.0,7.258647500587787,20.806660997037664,2.4866375895569806,-1.6820071823292557
4361,27102.0,5955.0,336.5980588818298,2159.6354764773723,1.100059380069068,1.567419246226872
4362,13678.0,14900.0,151.44875715164667,2468.7342201495558,0.4151170656488309,-1.5219274465637687
4364,28524.0,15065.0,63781363.00000006,63781363.00000007,1.2759349657503145,-3.0825244571167505
4365,24298.0,15522.0,4837.876122680347,54343.456661174714,0.977025496963104,-1.620912684303088
4366,18525.0,5405.0,61.067385930664166,407.9086373062264,0.9580134101359118,1.5727142403665153
4367,29195.0,4525.0,6.436273246781543,65.87752382675507,1.0712072111907762,-1.535240679500451
4369,2380.0,3365.0,26.10313257674066,117.86185137297676,1.1150281406965747,-2.523090658836046
4370,23291.0,14204.0,211.9300664217048,3247.744147095536,0.3982852809379522,1.5417122290537582
4371,928.0,2630.0,25.58522899432421,6139.746570474145,0.47312757000309347,-1.443470702968286
4373,46427.0,193.0,20.616898379877977,2951.606650289088,1.7340000719230995,1.5706551285470662
4375,37969.0,1866.0,405.9338047987193,48337.58639398642,0.9506579117200697,1.5959972137530654
4377,50441.0,13417.0,72.3622519990305,205.36206382873715,0.9738304084989582,1.5806906644398748
4379,7471.0,7485.0,26.50893362886257,92.55072926648086,1.2880218199317635,-1.5210526603050287
4380,356.0,14797.0,29.094544597703717,129.71450189976747,2.2855701963204607,-3.0685186918270553
4381,15294.0,9206.0,47.45134961662963,177.84088789592244,0.42627920789410345,-1.5776404210170392
4382,10930.0,13226.0,14.183065531523464,89.95808225413417,1.2375087303886003,-1.5723965457215339
4384,35382.0,14965.0,63781360.91367135,63781360.91367136,2.2176881135501327,1.546267550307756
4385,7223.0,14482.0,105.1816371186143,323.9215184094328,1.004898409115298,1.735050092716276
4387,39469.0,12538.0,143.98137138172598,244.03465458829376,1.2924631438340708,-1.5647172722909688
4388,1114.0,9397.0,12.048039284694912,53.22862006668669,0.44153371221934445,-1.271883295294213
4389,30186.0,5138.0,49.86874954572869,191.22051840786798,1.515146185250418,-1.5565407189447007
4390,12184.0,7400.0,3.4467835891273824,9.506368212363151,0.5899041699992309,-1.5413641214479836
4391,8132.0,11828.0,40.649270772650596,686.5442493578157,0.40875574880359167,-1.5755015013344082
4392,24867.0,4451.0,38.84571781315029,220.56885071536124,1.128291326311894,1.563077620128004
4393,5005.0,5036.0,12.30482488408879,55.931301377601216,1.0740198459746855,1.5624811348840764
4395,35817.0,9866.0,77.48295089976848,133.4350671073287,0.9491730436949165,-1.5470534123027888
4396,21234.0,765.0,204.13402077125838,1013.5602804056223,1.1065470238844237,-1.5314291143295957
4397,21575.0,8399.0,13.64323688187084,174.08404177457376,1.6354454882760654,1.5803152135244363
4398,26602.0,10578.0,6.983736129259019,463.21266582232545,1.8117218670148447,1.5961050457347656
4400,19943.0,14713.0,263.0661676935257,606.0611961885228,1.0254317339124168,1.5732268937044243
4402,12038.0,12021.0,94.88652751237179,7378.287109886252,0.40311266748182717,-1.5631629721212918
4403,18186.0,15187.0,63781360.91367162,63781360.913671695,1.8345749519476047,1.4750863117281598
4405,12537.0,7107.0,15.703573815315787,73.56700971062129,1.2112180249657296,-1.5829161849520277
4406,14868.0,13865.0,182.75791640793517,1342.2046019576762,0.9546852377046816,-1.4985209826963757
4407,25861.0,15208.0,63781363.00000006,63781363.00000006,1.6044024141576885,1.5099228024795004
4408,1688.0,14975.0,43.423498393098065,180.66612340091396,1.2675417269353946,1.543633010662963
4412,8151.0,12561.0,60.901182198621235,1141.5367400397236,1.2541174778041142,1.5027130980702894
4413,892.0,15028.0,137.46461412583383,1732.4527021664646,0.21359142046278173,2.0927185479464065
4414,9984.0,14786.0,26.11331269405059,113.59279057616547,1.0759164562394627,1.5798460528075267
4416,21063.0,12702.0,33.91481680068433,207.52522818168708,0.9461983547502836,-1.561973855069494
4417,25551.0,6675.0,26.17364774336675,393.37986269543427,1.2740413812194233,-1.567143324636897
4418,24747.0,13495.0,55.41234081037179,186.7670177614374,0.9562434994619358,-1.5367416723693486
4420,12275.0,10169.0,16.469982790204423,398.43272600159133,1.0382069751396648,-1.6033456789250986
4424,12774.0,8464.0,130.30497305698867,3694.2286586021505,1.2273224813034136,1.5692187205053696
4426,16485.0,14416.0,36.48721345919536,68.91529705756922,1.297027389712732,-1.6070296898295235
4427,35254.0,14841.0,1303.2277746198909,7828.895337615684,1.9297433661148358,1.5453189542171542
4428,12256.0,6487.0,41.15644796395394,269.6763476927319,1.1976706820938252,1.5854800917547285
4429,16997.0,15263.0,133.44397819386603,324.10177120808316,0.8940367724379448,-1.537522452847257
4430,11497.0,14264.0,38.807018416547066,259.2977705264991,0.9698766209322873,1.4890519759353669
4431,6624.0,15022.0,21.173169958581486,41.528830851250184,0.9236441541130329,-1.5666138007736659
4439,9144.0,12843.0,36.045800237048965,580.5050877374445,0.9423870244206942,-1.5702577835470757
4444,7876.0,2343.0,8.206625054237767,65.47959655792036,1.0254119976504767,-1.5798335079308445
4445,14399.0,13985.0,38.52043053053418,575.3439634478143,1.1307142355993036,1.5732352472432567
4446,20978.0,9220.0,114.2193906915478,852.0615040584252,0.42590760080344714,-1.5880642979479644
4447,971.0,7726.0,93.1231554125394,4173.317997916047,0.15122260299352397,-1.4962476203773303
4450,17494.0,12447.0,596.5788372302904,31885.155085564616,0.4284724758569455,-1.56152925705274
4451,2506.0,14258.0,12.295362549786592,44.62631528540097,0.48489025199166524,-1.5907130262037776
4453,6761.0,8853.0,26.82207064788841,92.23018287525957,0.4608890411123776,-1.5261102916528384
4456,39223.0,12290.0,63781363.00000248,63781363.00188606,1.8655195203876156,-1.5247344707653447
4457,3430.0,9701.0,7.025342356523701,66.50519378314105,0.39349611364108605,1.4871790210722267
4458,8862.0,2537.0,32.365510075999275,169.81111478407868,1.0752148372736634,-1.6152217204199983
4460,22535.0,2150.0,11.943252638999583,51.30558116199771,0.3736670936814872,-1.575419527783598
4461,3012.0,8225.0,21.246957872234155,152.5702770491539,2.3468001986862825,1.4930808767966146
4463,48054.0,12590.0,615.5380848076288,837.801563708536,1.5350787459501627,0.010046683134545103
4464,8111.0,14731.0,72.619357734182,1211.767388346233,0.41497476204587797,1.5211549901292158
4465,3898.0,3702.0,25.38189740300563,184.29700843651992,0.99857202736101,-1.947254082701522
4467,25877.0,14539.0,150.3704230366176,7813.618768901981,0.4173639470202723,1.5779758091977578
4468,2868.0,17017.0,186.11064089892355,386.86824282059615,1.3811483371822992,0.766529734528946
4469,6298.0,8946.0,16.632699210571666,72.30022315575016,0.43718037778492447,-1.5198928586195484
4471,28120.0,12067.0,129.34648838826553,249.4163483796936,0.4406253479759167,1.5662833717727997
4473,4157.0,15084.0,6.507121205121241,8.207804906921025,1.3746875246123738,0.11036219342256257
4474,2972.0,14873.0,732.4659686437367,1295.3102634551208,0.9511630001238126,-2.983515077618612
4476,26736.0,14172.0,17.904400113612233,179.49388833780444,1.3598687823419355,1.5851501231533944
4477,23491.0,12792.0,41.426589599454715,382.66949461801477,0.4281468822555565,-1.587909940233646
4478,3230.0,14455.0,11.570211812897785,92.92181079045328,1.0108547702364912,-1.5574551044323326
4479,6152.0,6192.0,41.92244046983409,468.9962417242103,1.085112222086767,-1.644560783243831
4481,12238.0,7631.0,24.156106454695912,3367.19427270628,1.2121166374526096,-1.5875377641916297
4482,33092.0,10353.0,231.42544875386727,18450.7209425555,0.4321143844922613,1.5568313781847192
4483,27963.0,12375.0,90.44471919691343,4706.402095428051,0.40545276648064194,1.5614090805963823
4485,831.0,14119.0,69.56206448004326,4251.620567386735,0.3205843156606155,2.073474145980456
4489,495.0,11852.0,54.97206560590608,5287.633566145232,0.18694908107244612,2.6499445316316343
4491,9992.0,11922.0,28.101135183246782,252.13750664153426,1.0957499059055527,-1.6634954116187863
4493,41359.0,15070.0,5.1359227803445355,6.794875450398643,1.0499331492661697,-1.5567849553818034
4494,5275.0,14602.0,158.35914058605115,303.32711713083086,0.9575127689563538,1.466827378215955
4495,12286.0,14646.0,9.972819003348274,24.281375886179823,1.244397411787429,1.5785618301043076
4498,8938.0,12911.0,169.11194551451493,189922.47924788474,0.41874220716699406,1.529820642568208
4499,6656.0,13580.0,7.724698232055515,18.52950618570991,1.4150069141248174,-1.592269567889615
4500,44226.0,14970.0,24.248470387811903,75.33593149672211,0.9816118284311011,1.587174893230382
4502,4158.0,15053.0,63.661272951469165,145.13320006138204,0.4138160932366186,1.620889973966246
4503,17145.0,14438.0,55.7667008705116,75.22043526733528,1.2140016381703467,-1.570728134583683
4504,27284.0,10397.0,14.935267017342703,69.36444311966096,0.40947486290303325,1.5834850331678636
4505,4559.0,9468.0,240.07255271885563,26734.93661714678,0.9315841390152317,1.5535259606098295
4506,23753.0,6124.0,125.75328037363448,200.90377762825008,1.3049590501858914,1.5619685608368514
4508,12666.0,8301.0,442.2891849162509,39993.2055365137,1.4237261574126012,-1.5637250504864442
4509,39400.0,14190.0,8.198505336239142,54.73641511347452,2.187246649582839,-1.5078744079717268
4510,50432.0,14457.0,267.3037401702453,21770.339283261957,0.9633831651895345,1.5676181147319561
4512,7282.0,13268.0,29.03117841587854,56.26955345019356,1.2980023095324542,-1.6187936659673916
4514,52766.0,12053.0,17.976872229223517,366.1716407115664,0.9544216085968861,1.563516325310706
4515,773.0,11665.0,80.1843180678892,2118.4983123468146,0.30111766961910635,2.2141658723544118
4516,6206.0,9468.0,2859.6618337332166,55720.18338784204,0.671945825805438,-1.4746163257860028
4519,21937.0,549.0,16.85139426178724,137.70677053668075,0.42908018631037537,-1.5735187090530667
4521,42966.0,193.0,16.49452511607336,1917.536500154416,1.7353817713345605,-1.570585651884497
4522,5180.0,14282.0,17.49754931293087,56.53532178551911,2.2276936329270063,1.4694912732092487
4524,8129.0,1534.0,9.725723231505523,35.51498747254651,0.4134394806731392,-1.5637916724516527
4525,39839.0,3464.0,177.96683656787488,25429.161707932843,1.0903359861666257,-1.5840706951715393
4526,2475.0,14677.0,13.658957250216126,46.68501152384519,0.9511630001238126,1.7990635211779655
4527,26749.0,15010.0,3.409207916339652,3.5346879747217526,2.2176740443123775,-2.8755547649474495
4528,31022.0,15268.0,43.259106733887464,61.5831923650719,0.9576067149043864,-2.872968929131425
4529,4268.0,13111.0,186.02315776122114,834.5388878342519,1.0707575251082075,1.641724748372172
4532,6959.0,14094.0,11.468682820440739,21.86314369503013,0.4823713267996894,-1.5717978739108664
4533,689.0,9803.0,9.920299797648774,134.54654699461034,1.0688431694576737,-1.8497125636482996
4535,3874.0,14503.0,79.98603678212848,192.14231323570118,1.3397012210879382,2.0478931256326796
4536,26335.0,13026.0,258.2218179887702,55310.94207470747,0.9220455028598636,-1.6253729218984414
4537,130.0,15202.0,12.70771525769359,20.647306832608972,1.0258978369239447,-1.90370849392383
4538,2686.0,12850.0,60.98200554166544,68.94634366794183,0.9572637851112148,-3.094992038412119
4539,3728.0,14801.0,253.0097119582447,433.291791014996,0.9597355511072073,3.1305936830238283
4541,1680.0,14585.0,32.2781493608,35.11959601536391,1.0683557804974064,-1.6131399621327027
4542,5247.0,15140.0,25.61708502794357,28.539743909142324,0.9821858438406069,1.5034784318819103
4543,158.0,3686.0,14.953142948881531,71.68594522778878,0.40645959502370255,1.2620226164657746
4544,5621.0,12504.0,7.262426415303229,17.095679808804356,1.3137989544600657,1.599302000378955
4545,20970.0,12470.0,15.825461570397657,107.41103365247154,1.1243547351726462,-1.5704056673114557
4547,13214.0,3505.0,43.60521883307881,863.8992882440741,0.4091011298625861,1.5557058761733529
4548,16010.0,11849.0,12.617536701265623,104.58211312045542,0.42430223061300365,-1.55664303954154
4549,5106.0,14874.0,49.03265321130975,121.43386789665894,1.004004926824199,-0.03236284877651647
4550,50124.0,13686.0,219.2177598297092,8627.387160256552,1.267362294519238,-1.5649888900862208
4551,52781.0,12539.0,152.1039395633203,1115.5688468073972,0.9858249900705673,-1.5787420103748389
4553,38107.0,10351.0,19.642516928492373,877.893703784809,2.1094914308684087,-1.5671145829211148
4554,9702.0,729.0,19.13380744678865,152.89004953255997,1.0727375859718202,1.5683814041319089
4555,58159.0,12608.0,1446.3830538871969,63372.524446095726,0.9486693070897609,-1.5748224291762492
4556,21270.0,13911.0,50.189098517742906,267.144031088137,0.43132136619159767,-1.5850855030827515
4559,6170.0,11844.0,16174.625369731608,152111.33750966357,1.9243765729300235,1.72694289019759
4561,1132.0,11495.0,5.112027135734037,25.24745081159073,1.0584827873382345,-1.5230979917340746
4563,6844.0,14133.0,10.938734845197958,11.853010277306979,1.2057589374685678,-1.5752100230173949
4564,34173.0,3171.0,87.70488496576434,1087.9906998899573,1.1082824170750099,-1.577285796639513
4567,36789.0,13268.0,63781363.000000305,63781363.000146054,1.0136044120342464,1.5771371520252973
4569,2568.0,14823.0,27.99265291234295,31.26384940951326,0.4264629990461015,-1.5759300971062509
4570,61907.0,10751.0,93.92474449082333,9042.250342793193,1.256866150182248,1.5568532008528577
4574,13458.0,14884.0,89.79295759994535,918.9668188854132,1.6381104445385049,1.5970785551358297
4575,12433.0,14971.0,146.697036615979,318.3677438420499,0.9662135493670484,3.132061923365824
4577,8565.0,14856.0,13.209069299050043,33.36323530630985,1.025942384476257,1.5636382469257752
4578,28985.0,8631.0,87.52538616279332,246.4175211801275,1.187976742205224,1.5404943423731725
4579,42899.0,192.0,14.592847413544256,1437.1860448604828,1.7353817713345605,1.5716223430139085
4580,19324.0,15028.0,3.4092695528503536,3.651042782334378,2.2176740443123775,-2.989803678720679
4582,23137.0,12231.0,137.12578818678705,4065.8900130231013,0.4325017854238586,-1.5781120168640228
4585,40607.0,15025.0,268.0285089947909,24777.871613956795,0.9771297151391107,-1.5524401067678042
4586,1283.0,5722.0,6.040708079706952,21.31681514549384,1.2471140707671522,1.521842574805232
4588,13013.0,9323.0,2165.396819813119,109510.81140446225,0.9716596401371372,1.7044961355723143
4589,2112.0,3758.0,81.81274701207236,2372.4732338739664,1.1035806457702848,-1.7986340264303113
4590,26620.0,5961.0,140.51289479591946,5331.0419378930355,0.4011278153276411,-1.5681228690272873
4592,30448.0,11748.0,189.83367703690055,2046.0453924307208,1.2410461785502929,1.4943631104754176
4593,14227.0,12542.0,20.95225101020523,200.14217622599892,1.2710388239810864,-1.5655103773661767
4595,49506.0,6929.0,19.822520069067163,1017.8934518190923,1.2553610659764727,1.573386450279765
4596,10297.0,14721.0,48.94135514710716,191.30019629218864,0.41387006388732384,1.5590644907024263
4597,3932.0,7169.0,171.8746258765332,1354.4844297009497,1.3369343070430058,-1.6022441841872774
4599,13665.0,15122.0,25.239915524347648,42.09878003544959,0.9514460543864751,1.6033613852137547
4600,2109.0,6600.0,8.659085705205337,51.3115916502944,1.26626809434703,1.5614446837416591
4602,15212.0,12183.0,4045.27027254451,29064.17147286299,0.818292564145038,1.6553191765594648
4604,24584.0,6660.0,26.25600962281585,108.8069519850864,1.0912737359835056,-1.5496964226604824
4605,17379.0,10225.0,21.745179109516673,47.295861361335064,1.598810630028481,-1.579921292464219
4607,19520.0,12230.0,5.292185559981456,24.950938940050168,0.46812707108689217,-1.583013841734693
4609,239.0,13379.0,12.85820816863627,381.84052338764207,1.3887855605085022,-0.7258931941708955
4610,952.0,1080.0,13.977198379180187,81.88069135140421,1.400457799010269,1.6654274889365355
4612,50084.0,7947.0,1.7981936729926555,34.737891997720865,2.211248035255201,-1.602548251420213
4613,18417.0,13549.0,192.93319091085357,17195.005433825823,1.6337180081905356,-1.5912991217994643
4615,26360.0,14906.0,63781360.91367135,63781360.91367136,2.2176881135501327,1.535918904605883
4616,27567.0,3690.0,54.8477058454387,152.3612208924965,0.9785474700046787,-1.5751792886995513
4617,41290.0,14424.0,63781363.00152844,63781364.615151204,1.8922506632392606,1.5458181137566316
4618,7629.0,12603.0,19.425794701574798,130.6955352340738,0.41665392660175404,-1.586878232492557
4619,588.0,8231.0,2.8945303520052588,14.662502107574719,0.9611646402143577,1.7515108806147457
4620,18630.0,13175.0,864.7043123732499,54636.48449217846,0.9284125837576573,1.5836934366048128
4626,944.0,15201.0,30.999941287567648,75.37145352911767,0.9375668922524374,-1.115134530974212
4627,9834.0,13686.0,46.865129936790744,77.49151834113586,0.3928949589159972,1.5397840037178452
4628,6395.0,14924.0,1536.1368310100024,2287.1402433893877,1.3422544142896016,-0.7137427780148022
4630,27524.0,5380.0,42.704953501807466,64.74499325478274,0.41105048725004745,-1.5703398701805362
4633,10671.0,14343.0,203.99681246974419,235.22946358179968,0.41216881053988463,1.5243729928059273
4634,2371.0,14971.0,147.21056047786877,318.07915399966174,0.9662135493670484,-3.113591858115646
4637,22865.0,7585.0,16.78521371477819,65.53615293820263,1.8172039387726768,-1.5712559420426013
4638,11639.0,2744.0,48.23532872562553,817.8903152199998,1.3881584206038382,1.5906270085843266
4639,41862.0,13744.0,1650.8709117493884,19517.087924591364,1.254743329789187,1.6243304937568075
4640,14878.0,14992.0,187.60121202624265,8619.089751035192,0.40629998815903323,-1.5483943062532268
4641,19751.0,7462.0,134.17192418568905,11532.65704983432,0.41518000504879293,-1.5742574021228384
4642,22071.0,15063.0,21.349852514067912,96.9527514914545,0.4631116881808715,-1.5611277950690794
4644,13260.0,14790.0,510.09511049212443,24456.244354105635,1.7598339321311742,-1.5861150399444799
4645,7378.0,13009.0,22.924473812005328,74.34333293643735,0.41885091044325884,-1.5731487209659332
4648,30970.0,10805.0,2.951784427087378,16.82798146172599,1.2389563786187434,-1.5914928499883656
4649,38224.0,2169.0,332.81454321844495,1350.4894312424065,0.9787198288449098,1.599439501295378
4650,12555.0,13905.0,142.6368933817093,279.8504626606437,0.9585101550974894,-1.6876556082053138
4651,44819.0,10905.0,75.69065727613265,10227.677132211977,1.1210761705307666,-1.5717177295670832
4652,43639.0,13790.0,204.75717775260225,4725.078989408001,0.9999953541966016,1.5537458734803884
4653,11709.0,12994.0,24.688553536749573,2130.470017749163,0.4503130445079776,1.565510616615753
4654,647.0,12819.0,7.405792632130455,14.068578490546335,2.0277775817226917,1.7465597305245653
4655,1849.0,14725.0,10.299650521807695,15.23976761604008,0.5310927201501616,-3.000394830826556
4657,26404.0,11117.0,18.617102662245024,145.4451564492662,1.4106736460131184,1.5703050351774146
4658,59805.0,12090.0,17.662113045433546,11640.16224170414,0.975310545384844,1.5642043909695624
4661,44152.0,4205.0,156.15311869602826,800.2078114916395,0.8960951064081129,1.5876021228910149
4662,18310.0,4467.0,40.71170087060925,279.08300085204127,0.9649433723605163,1.558637647493792
4665,12709.0,4983.0,12.683034384860806,61.40928463517575,1.1511146353488226,1.571290952938136
4667,13312.0,539.0,21.821505759742053,432.05800162784186,1.153636352292645,-1.5697986429889388
4668,6339.0,14938.0,18.74539580316514,20.981277365662468,0.4446485786924887,1.5963290850759897
4669,58265.0,12456.0,193.562876073859,19758.52986137782,0.9308305138538726,-1.5588804336101625
4670,10920.0,12180.0,34.16090635341779,1537.0498480906585,0.41480149012098705,-1.54650323355796
4671,45380.0,5763.0,213.9897552720791,202461.91444900818,0.9684105024875627,1.5282733699308921
4672,4964.0,9835.0,23.513946206831893,376.5768979211697,1.2297793664563372,1.6318601507461505
4673,9183.0,14530.0,179.6937558887699,1284.0812982721452,1.2508325402880656,1.5375098449054097
4674,10256.0,4396.0,7.3562392012853834,31.122213253772287,0.4817681614051461,-1.5602157370180658
4675,13605.0,14280.0,15.41956284200863,245.4800411272448,1.1197522101342252,-1.6006908509633109
4677,5175.0,14786.0,11.904924353120993,18.229979360292194,0.4209098059485586,1.5484463074790178
4678,22784.0,3688.0,921.3417082088974,3226.50396795178,1.0837720440446355,-1.5430019430905801
4680,30618.0,12427.0,65.30282302475763,246.2923215864783,0.39770944954502196,-1.562953445075761
4681,38073.0,8256.0,167.6137983367876,20781.337962957718,1.581654289615989,1.592725351614045
4682,46378.0,7000.0,5.579238822608056,127.20498565573318,1.0582400586184777,1.5612616134708284
4684,32376.0,15207.0,3941.876486742105,45222.025993642215,0.9467445195942571,-1.5917783234646992
4687,6503.0,9324.0,54.87940326541115,1612.83641446611,0.4196531718247739,1.5996332013130048
4688,2370.0,10302.0,9.777265718987161,48.96796881439386,0.40875777266131524,-1.472910731035422
4693,43349.0,14836.0,17.41320070455772,33.36194110908183,0.9561769987370881,1.5697035097853844
4695,24725.0,14034.0,13.912137401681452,55.980949652138534,1.8834027288866562,1.6207257168986011
4696,2573.0,14873.0,454.69708294277547,6252.492645105338,1.006734774746754,1.7873139513948721
4697,46750.0,10628.0,6.39904736567254,380.239057717268,1.8117218670148447,-1.587675304364766
4699,273.0,13291.0,18.869508254679577,78.71351303210042,1.852180595661645,0.7937872887784431
4700,9769.0,12087.0,149.2196722111694,1921.4774479182422,1.0245225347200007,-1.5826639802455467
4701,979.0,14454.0,13.07504318136499,29.869250411654853,0.9465034348412275,1.7238473939030257
4702,15958.0,9373.0,6081.162848479037,1587702.464274398,0.9737405325849499,1.5172939762701898
4703,7423.0,13770.0,50.749690369359,1334.670209590295,1.0968791739018864,1.4970986079984319
4704,17696.0,6093.0,52.04544531007198,184.10629533334034,1.3869683554716874,-1.5955792311351038
4707,47216.0,193.0,12.12301890865656,775.0382352169588,1.7340000719230995,1.5713810826617454
4708,6975.0,14865.0,41.168042034060065,124.0698794853105,0.9690756336565483,-1.5044073784432053
4709,15727.0,7343.0,27.974488195864048,906.9543387315877,1.4072357924216317,1.6043635700939312
4710,29525.0,15068.0,5.294408666400582,7.730623764979594,1.0499331492661697,-1.5554273801855387
4713,40975.0,11502.0,22.290013848116615,634.8862487125056,1.0640564717144734,1.5817510825490178
4714,5708.0,3854.0,42.14892874889705,335.01100257118924,0.3929528691441875,-1.5434053595117954
4716,62510.0,11703.0,2560.803521973366,3096226.598417334,0.9559052394475975,1.5863612337773136
4717,13938.0,14409.0,11.643132687442062,23.788837785645264,0.5804166251845412,-1.5774881220136845
4718,43101.0,14966.0,17374.419482438174,72597.01701904752,1.3032703913166515,1.4339042956721675
4719,37250.0,4491.0,177.55781599652337,1731.275170095499,0.9835174408351879,1.5975241435104486
4721,9943.0,14231.0,13.551703132919444,42.07756588037318,0.4151404129206342,-1.567383921435893
4722,60391.0,198.0,63781360.913671404,63781360.91368708,1.7362497559147712,1.570258268596129
4726,10671.0,14377.0,559.8562967367338,1143.2749356620977,1.1043500238606043,1.6840053614454458
4728,23453.0,12561.0,632.1597691626561,92484.16897935754,0.3956159667334057,1.5557544255089084
4729,9677.0,14182.0,63781360.91367137,63781360.913672544,1.7918961002517837,-1.3655714367041534
4730,49381.0,1367.0,38.53275614069475,324.1179388368823,0.9293213780889287,1.5764917307875739
4731,1161.0,235.0,11.294077346057401,48.90503184658748,0.41144782140035696,-1.6333511915139185
4732,42025.0,5792.0,30.940135820081075,282.34424714727714,0.9823896871316509,1.6181519252921726
4733,24565.0,2912.0,310.0263999083431,46614.260332502745,1.323585672512662,-1.5640840724115848
4734,41302.0,14685.0,63781360.91367136,63781360.91367166,1.8444033205084782,1.6101564015876364
4736,12519.0,7312.0,32.05917668467211,128.2110387276647,1.1006237201229496,1.5810902364976667
4737,19435.0,14796.0,107.7642490972505,135.656359768184,0.41482661827471995,1.4974857576685854
4738,43949.0,193.0,7.795967940415248,341.9267851607168,1.7340000719230995,-1.5710965089596993
4739,29492.0,7073.0,639.2744783971925,133550.71764500893,0.989799065922324,1.5539087147383421
4741,20241.0,14757.0,19.408777944783477,121.06310296418611,1.4162229359789285,-1.579862454913759
4742,11732.0,14082.0,41.682228570029345,139.04418050779114,1.4014605248807317,-1.5597542695469495
4743,6828.0,13747.0,13.611278737655603,51.30239598133484,1.2777960585644128,1.5821671983748362
4744,27492.0,4473.0,6.126424197494223,68.49372288326941,1.0712072111907762,1.5413801677956374
4746,11228.0,8489.0,551.3399538345069,27947.365348117422,1.2711994086951217,-1.6024641377746016
4747,1179.0,7441.0,37.95524413140995,670.4365602995806,0.3718784723394094,-2.047180499223099
4749,1638.0,14468.0,23.31878429953362,34.33292351778802,1.3116000557696335,1.432393701287445
4750,12407.0,5343.0,61.15921530931385,5766.637523694949,1.2190741361294097,1.5516328474375916
4752,9087.0,12537.0,37.76009365999216,779.4100623968428,0.42437533877384503,1.5735300688348277
4754,4881.0,12767.0,14.37758957423599,581.1930366631354,1.5060318064292064,-1.5590555727620503
4755,27852.0,14627.0,29.404845847748106,96.49942836816591,1.3056722220130794,-1.5450457843088352
4756,8494.0,14632.0,63781363.000000015,63781363.00000011,1.8968296012309318,1.6085599960412622
4760,11660.0,14124.0,27.334919486690776,98.41356750667155,0.4262672199426376,1.535374667831051
4762,41969.0,8047.0,56.78221912562044,2584.472126710348,1.8136219224962458,1.572824671238572
4763,1039.0,14656.0,147.9486202542858,4163.086230482713,0.39624383663057644,2.496202439886786
4765,9729.0,2885.0,17.67874528874348,195.77686405057523,0.4333263069968263,-1.5722918609120433
4766,26600.0,1691.0,12.099344487789178,142.9949769902422,0.3896305934508396,1.5725791312501225
4767,10526.0,12101.0,44.58352908146743,1698.2530612956177,0.42347008277174514,-1.5895585783577644
4768,21555.0,8222.0,23.569833183360878,48.00652791262436,1.3882118686584954,1.5635186749745607
4769,33792.0,15249.0,117.89280543126729,642.583229441805,0.9170414112933145,1.555477195535236
4770,29555.0,2865.0,121.2802998413822,2347.573382898538,1.888522083628522,1.5489862436105077
4771,7948.0,14821.0,43.79063455680325,48.42643684011717,1.277073542258449,3.129769152267638
4773,974.0,14737.0,52.03287787199234,62.46617633896034,1.3414357454288703,2.779324673887095
4774,45738.0,14807.0,78.25992447127352,104.4341805117977,1.3076799932279828,1.5654853408555953
4777,3042.0,11656.0,20.699662249861024,25.466690244881057,0.9408715645989112,-1.7686558629693117
4779,862.0,10744.0,19.207145202266194,41.11873192151118,0.44392287220388305,-1.3320469671479587
4780,5350.0,13847.0,2214.5986758867184,278706.53297961527,0.4124159825886421,-1.5878036017282269
4783,19161.0,4574.0,7.192445531924362,89.1712245798971,1.050882913644173,-1.479198478772513
4784,4636.0,14608.0,13.96373688046599,36.903310292930854,0.963740608654703,1.601778035437369
4785,22713.0,317.0,150.9671344389211,6869.923102907636,1.737525798036982,-1.5788339110359755
4786,37475.0,9208.0,63781360.9136714,63781360.91381482,1.6947218566711881,1.5285178086905127
4787,16414.0,12004.0,1940.5169187586232,7586.0765926512,3.8766442395107155,-1.6358207206754867
4788,269.0,14976.0,9.048270201668897,58.97135471829626,0.43819283683707444,1.884147876859946
4789,2100.0,14806.0,535.2805344157377,902.574732943722,0.9108009705713542,-1.5242269645925806
4791,9104.0,12965.0,154.10562692892339,721.7946187835348,1.3081158544483427,1.5899220828634502
4793,4224.0,9867.0,18.243316125352386,193.24846055118738,1.0256018260683137,1.5515772262293648
4794,9080.0,14586.0,17.63638342230553,59.45512112718516,0.9885169426243231,1.541241457355706
4795,11097.0,5606.0,10.86288212266935,61.524959549238105,1.071133221235096,-1.563047146273092
4796,44432.0,6829.0,3.537552963057994,31.56932514726368,1.798728984609837,-1.6099892446648203
4797,83.0,13912.0,9.165174127093449,57.80173887078183,1.100560095298751,2.620552070879079
4798,902.0,5531.0,11.628474751839452,79.38032393524786,1.1224799598633228,-1.4576291828632584
4800,15143.0,11959.0,65.22389362087969,7135.8064456492,1.531694168711947,1.541700960124855
4804,52250.0,6960.0,35.07021359764013,4923.9159886587095,1.496761675457732,1.5675835504197497
4812,21101.0,13577.0,34.50636906200189,435.1318936008216,1.8317067364439426,-1.6225885802361442
4813,63162.0,11501.0,77.59182689522098,1840.613515178311,0.9736538761675966,1.5655234646385523
4814,4067.0,15188.0,772.9594429174052,44107.783448515576,0.9307573194055733,1.4792637321703945
4816,2497.0,6478.0,7.479621891230771,26.343036717153456,0.4952887416908822,-1.5721600563442881
4819,6770.0,4633.0,13.720034184795406,39.52611835535359,1.6123079345766609,-1.5422248305545556
4820,48912.0,6568.0,325.4944888753187,1047.2007050079321,1.4142833909884585,1.5717428363401875
4822,17963.0,14877.0,43.153278249406206,213.47588014067085,1.0118005722672976,1.590611549263465
4823,38915.0,8127.0,1.6663314841926822,19.066184940927247,2.211248035255201,1.6020030442948934
4825,3835.0,3096.0,2508.390937335687,56408.75202501477,1.3464183746045624,-1.7038609470286559
4826,6458.0,5601.0,1265.0575110265165,27084.620942005295,1.1704165117876937,-1.2439010785786888
4827,4004.0,14299.0,15.868529907791414,46.26801552385893,1.1180207179211314,-1.60051921732812
4828,1587.0,4173.0,41.73343455303969,132.881466840618,1.1042747085604958,1.8189564173321073
4829,11942.0,15955.0,803.3038038757194,2856.9264132098624,3.0740949367576618,1.5634119237553339
4831,9750.0,14984.0,46.85927581284155,51.279610052909206,0.40209561044414927,-1.4944276224556847
4833,36569.0,4830.0,939.2232756254352,4534.482791939911,0.9635114219908433,-1.571776563841764
4834,43486.0,11888.0,162.67550871702477,482.20783802103506,1.4880308714926564,1.5811844714949568
4835,10329.0,15019.0,6.125925381154962,6.474945076722252,1.5229420054852139,0.044327835877181705
4836,23343.0,2712.0,18.539729745779578,686.4149465528806,1.3756633104363662,-1.5722622795697379
4838,323.0,13293.0,4.710394870770384,22.649926839339955,1.053709804224492,-1.6660906651665126
4839,13722.0,11005.0,553.2558094791215,2285.4519566153635,1.1196190193983944,-1.7735827823602444
4840,2230.0,14970.0,7.550728916553549,9.491239353325303,0.4589968330567543,-3.132092569833291
4842,13045.0,12850.0,63781363.00000009,63781363.00000199,1.06830579800463,-1.629956185805668
4843,22786.0,14420.0,69.74043235794274,90.12531075411667,0.4066339065354262,1.5549212480882155
4844,1184.0,5009.0,417.5203544189579,1636.4527547755793,1.3749649527250263,-1.870456042731932
4845,8967.0,13288.0,10.44190883661942,64.21994734852386,1.3764424838228304,1.5386356165574622
4846,31737.0,12535.0,30.822355722850475,103.9702829892059,0.4201626950094799,1.5723246851323103
4847,4126.0,14136.0,27.491305436694486,69.55198550684639,1.287659086466912,1.5437090337883401
4848,33275.0,13795.0,57.93731435463142,246.30020602371013,1.0956176464939351,1.5659278426439525
4849,46239.0,5006.0,148.7541092706859,17259.44579595261,0.9477063687562657,-1.5555684659965465
4850,34357.0,9748.0,30.46743668103868,393.78692429472073,1.3742267615038701,-1.5754592485407513
4852,40245.0,12594.0,63781363.000000045,63781363.000005715,1.3011821772737133,1.585989531345561
4853,127.0,15014.0,3.4939947699001697,5.80097764014526,1.2175703008985206,2.7767390777266803
4855,36143.0,13965.0,319.3148712017512,5855.550887864541,1.3565987190278685,-1.573782763834906
4856,3082.0,13404.0,11.178540238955263,50.06825785626788,1.2421267051703362,1.6233535090253537
4859,41619.0,6691.0,255.4589624315663,56150.704724577154,0.9709375963640761,1.5621486490224068
4860,16949.0,2722.0,18.241614150299846,632.1294819395697,1.3756633104363662,1.5839124539000218
4861,6922.0,432.0,43.38040601301833,88.7676591514369,0.39398961151734446,-1.5584749272729328
4865,7953.0,4491.0,8.860470706526414,31.042256820154762,0.5596207015120815,1.6083460433952654
4867,5810.0,14866.0,48.487759969544065,628.8103859516139,0.4149173284964064,-1.6466931745119069
4868,652.0,14639.0,86.910419730323,138.41363662103683,1.4321101952670015,-2.2286307257874376
4870,8917.0,13061.0,11.747440424685673,56.343537465174876,1.050748286986244,-1.575910021861813
4872,18381.0,11668.0,38.251777604966904,169.67592808459557,1.153787974530104,1.6583338151356863
4873,27931.0,7814.0,63781363.00006288,63781374.962902,0.9310496935251913,1.509705858642732
4874,2823.0,14746.0,50.615131782960866,83.99268286477842,1.080225588937243,1.8076169024474233
4876,5615.0,8536.0,29.127771295454284,203.40754229530168,1.271310335119004,-1.5504912902712205
4877,17508.0,6617.0,3.6782101694962277,36.08812580637692,2.1178663970120875,1.5661145531496399
4878,2411.0,14677.0,15.587336392707234,16.993357243070495,1.243447334239886,1.5361261698471846
4880,14209.0,9852.0,8.720067755512144,89.27498639164801,0.5183447610183349,-1.5664847681462808
4881,16487.0,3808.0,7.965816495992266,206.17430686657997,1.8087532333352487,1.622689270295741
4883,6905.0,14437.0,18.446285840541712,111.23206337290256,2.6398912448426257,1.5204185658633738
4885,24695.0,2366.0,24.718978992817043,40.99498218172299,1.306530000568904,1.5731271916819225
4886,38776.0,12032.0,284.8082329836514,74312.79555165581,1.3342731663055338,-1.5569483171851184
4887,6165.0,2659.0,44.6426341845068,113.89734093404454,1.321271177693459,1.555266083162068
4888,16186.0,14229.0,97.86852603006125,844.1367850960738,1.2298737209008357,1.5391907297585214
4889,16521.0,13003.0,50.01600338998466,5168.58458205192,0.9407266135372335,-1.553345054447145
4891,57529.0,10357.0,180.0000099350131,574.4726653949037,0.9635114219908433,1.5991298710163286
4892,30304.0,10335.0,13.223597663290391,32.83358222092907,1.0357013602816394,1.5716069576534366
4893,414.0,14645.0,9.920579537173824,19.210776947311786,1.304357734569208,-1.8697731896242924
4894,60344.0,198.0,63781360.91367141,63781360.91368383,1.7362497559147712,1.5702262848134556
4896,22369.0,13955.0,35.23777322553926,99.91405570032859,1.3039487879513836,1.5701847753793632
4897,15930.0,6161.0,211.54658603904795,10656.255560907344,0.40506337915753865,-1.5991660669362195
4899,47860.0,9239.0,7.159082309654805,42.36010219763093,1.0656823770889579,1.544180350535293
4900,976.0,13418.0,11.671532127188279,37.34798268335374,0.94229384315852,-1.74929217563415
4901,24630.0,6292.0,3.6229158647846362,19.006751468622124,1.0597531310490274,-1.4940762118981938
4902,5691.0,9293.0,549.1892494341145,3880.6638028328825,0.43144498023970657,1.5814458264789601
4903,5678.0,14814.0,53.98665494203127,124.96827834743536,0.9552090794486059,-1.6683313869823932
4905,10731.0,14563.0,14.683618497065776,48.27217796259458,0.9968123508189688,-1.5816442279837957
4907,877.0,14696.0,143.5962540887953,1993.4455775288416,0.3231487052632469,-1.2746839529860468
4909,5296.0,14927.0,12.134172396472474,25.38208021226975,0.48001915257655314,-1.5944447967205846
4910,9953.0,14163.0,26.54330460565641,112.51264256044297,1.62259196017066,1.5335551697644187
4912,52061.0,196.0,5.706850290140362,182.11142668599325,1.7407562824327738,-1.5705799487042018
4913,36699.0,10752.0,70.66077644082017,1447.1847242854026,0.9682811321644884,1.5924351923222726
4914,34612.0,9642.0,21.95343106653192,95.46834927877987,1.2090727795841367,1.5528446573080377
4916,35034.0,14261.0,16.641507617268303,220.0015847834921,2.195869585014636,1.5675499891686266
4919,19141.0,13663.0,5.453535498489709,29.032538722268356,0.4549910782187015,1.5712241141173546
4921,45955.0,193.0,26.621625105778048,5143.344752592963,1.7340000719230995,1.5702571502867348
4922,21448.0,14920.0,66.20707872868803,89.42114442094247,0.3932267263295406,-1.584328154271269
4923,2926.0,9955.0,61.71257597771875,202.06042266887627,0.4208182550891399,-1.5635202955730028
4924,12675.0,13712.0,587.9942646369238,62349.17427884523,1.578553413136928,-1.543236877169896
4925,8885.0,2947.0,35.273773351142765,192.10471125209452,1.3385169159858914,1.569390255426299
4926,43458.0,4154.0,22.588644480608274,2332.766061997722,1.0634926189675664,-1.5769389213947933
4929,64130.0,11096.0,7.748886623164286,34.664488084977435,2.1708819946835,1.5927398886715598
4930,7017.0,9688.0,59.3913250488166,301.0051306041642,0.4116331864788695,-1.5360321961227226
4931,6828.0,13647.0,19.67761215153362,72.60451724258057,1.0959605782107735,-1.578500284001491
4932,14344.0,12566.0,3.4318939342183397,20.46862403228324,1.5055146844072453,1.5927325299338753
4933,23510.0,11625.0,31.18277851410654,809.5361685878128,0.9531088678380715,1.5101787360663894
4934,21928.0,10307.0,15.781610100806633,72.74346358320214,1.3040825329794241,-1.5709318578196545
4935,8681.0,14473.0,138.84415724516603,216.8411884661553,2.312593896373946,1.6226910908541057
4937,29746.0,15000.0,3.305381914635033,3.543046378122506,2.2176740443123775,1.481134548225254
4941,25504.0,12565.0,36.56131188336994,7087.054444565366,0.42482618586641874,-1.580214010512682
4944,12554.0,14825.0,159.4292267335445,3180.812886272946,1.2800397264157037,-1.5686476256612656
4945,790.0,12874.0,127.09784698360124,8529.098302335631,0.39308485976667207,-0.833504440094093
4946,13197.0,14251.0,82.09982783780538,2345.2509505283297,0.4295269919630825,-1.609260850420719
4948,2567.0,2981.0,15.142431944556241,213.4087731405062,1.277449662443318,1.607126605683621
4949,27922.0,7750.0,43.6205892242153,200.10514749154933,0.9557284627216694,1.5810175510947786
4950,9604.0,14127.0,166.2478816851089,4781.090624171943,2.366530287217634,-1.617066269970877
4952,19900.0,1095.0,148.16258133731367,26086.913597357907,0.3994984931867235,1.552877983651762
4953,1026.0,13345.0,21.80496547979354,76.00778407238539,1.2361558991510129,1.312128176055512
4955,10162.0,7624.0,36.13977882122635,660.5933847749454,0.38014315430688356,1.6062919941398175
4957,20125.0,3544.0,55.250689195659064,816.9901047992206,1.1050983972648225,1.5612749891299493
4960,30913.0,4176.0,47.293762157437065,811.9914392515145,0.9517189191891985,1.5615604308836946
4963,47781.0,15814.0,55.31874634440992,255.0294058496069,1.019156442736783,1.6252254296088338
4964,41085.0,1755.0,26.089848296215166,550.5755770557962,1.8200149018251526,1.574969643176052
4965,40273.0,13953.0,148.90904084353957,1928.1362987140947,1.2456344408742863,1.5306019771724315
4966,43760.0,192.0,6.9254847170066585,321.0867015925359,1.7336328859840298,1.5701734719842315
4967,3183.0,14268.0,41.01376581819228,75.05960162220525,1.1012284582083018,-1.5827259935889915
4968,8079.0,3095.0,32.958600785768596,183.64564875771572,0.413814140167172,1.597499552798338
4969,425.0,14127.0,14.251310485264113,31.966955890780437,0.40600973082421354,2.4520421788838123
4970,17545.0,14900.0,75.19584649817655,103.43309659252924,1.5439623656007124,1.5884069804702743
4971,14102.0,12068.0,11.964316817153712,127.54690668515025,0.4441284164819339,1.5724529274952388
4972,15739.0,4786.0,99.28843120582395,30116.95496215824,0.967170148243468,1.565088860600781
4973,815.0,14853.0,53.48196798731943,253.9018534954689,1.07867629287263,-1.3974089129906935
4974,27632.0,15145.0,26.093731966460524,139.5105926899241,0.987344738192989,1.5918095328937678
4975,48274.0,7898.0,74.17402129861176,165.47510703421477,0.9445151812587784,-1.546602344784927
4976,9342.0,3955.0,17.76063187322288,41.73068261808834,1.2978964237146038,-1.5607926448388407
4977,13865.0,7262.0,10.765996273952263,39.96430407757877,1.3919997658326144,1.5537129300425172
4978,7651.0,14001.0,31.03392777238213,83.02895719008526,0.9546852377046816,1.6004627643468416
4979,30020.0,8962.0,23.111335979972825,125.51182099825351,1.362145045370901,1.575373964344311
4980,566.0,13499.0,7.409198749167514,25.189328682944428,0.4371090360344225,1.7457602067600322
4981,2583.0,637.0,14.24069301751474,103.58127648005792,1.2381528114824853,1.4657799661853899
4982,18680.0,11754.0,162.5838531272525,766.7355982465907,1.3012358428236843,1.6267855626884495
4983,31720.0,11159.0,188.53017510980746,160247.66719321223,0.9863394411460737,-1.5803106568525398
4984,50580.0,11889.0,470.64436031127747,686.2805558513888,0.9868538082475906,3.110001037760091
4985,30041.0,12042.0,32.746885481484284,59.91368639948611,0.9825736669227217,-1.5252369775550871
4987,24686.0,5128.0,20.10417570156635,209.45345254142015,1.004319426615002,-1.570873257978859
4988,36696.0,2828.0,478.8214919964647,6195.569287283444,1.1152724146156956,1.6027747801294365
4989,32058.0,13717.0,21.984046624125508,42.969014410521474,1.2162294367524857,-1.5652772182826353
4990,3283.0,4954.0,52.760854206018536,824.4719063179163,1.5491336914024116,-1.6631248802590812
4991,635.0,13139.0,11.733814261254226,34.43447380624841,1.1431168522841828,1.5071268596497422
4993,4871.0,14637.0,32.629496559608555,80.26009668441553,1.0739415135042998,-1.5197503201789149
4994,3206.0,14248.0,20.957915357437262,86.49178396934789,0.42681460288433787,1.5753299314567604
4997,2450.0,13601.0,34.765018874639914,70.60792424817267,1.3181059522387724,-1.7143898855728135
4998,31630.0,11881.0,75.7642911464632,6459.375352287074,0.4186400906649353,-1.5702754571651278
4999,19356.0,13790.0,9.82386398260591,127.665926735006,1.9096164005468261,-1.5353020583176276
5001,815.0,14470.0,24.474241693622066,34.824400841962735,0.4196531718247739,1.679477356972768
5002,799.0,11083.0,344.38915866814403,130580.87308929472,0.4232315760121936,-1.9437175376656712
5003,32576.0,4646.0,103.85871566417151,2711.5109623854746,1.1124371034973266,1.5675546069338793
5004,12030.0,11825.0,91.17465641024125,97.89893857088828,1.395300841481498,1.543071805886587
5005,8541.0,10472.0,365.2168063341056,19578.10318386716,0.9930962118475434,-1.5349977813214482
5007,59526.0,11233.0,29.370477932772328,58.081118714764926,1.3137127163276792,1.5673560699560378
5009,26536.0,12355.0,111.70171643598884,517.9193600815368,1.213448460089952,1.6136645840772048
5010,6045.0,13348.0,27.752104655862098,33.943754199751915,1.2980023095324542,1.6226024727939476
5011,34607.0,13555.0,63781363.000000104,63781363.00000616,1.1333506755308855,1.6200115434329674
5012,23697.0,14860.0,11.931706894002051,14.712700145428338,0.47260524733886455,-1.562766801211231
5013,2807.0,4480.0,17.37486097208702,140.71910398483496,1.4026675364657548,1.5504185481002137
5014,20917.0,12713.0,11.876689538679416,30.828871971411996,0.522522927944453,-1.5671213078558257
5015,49386.0,7067.0,635.3876150859486,130550.17478814803,0.989799065922324,1.561655179968653
5016,8033.0,3236.0,101.88828841766026,285.82415504185633,1.1022845943144817,1.7288347248285207
5017,9062.0,10196.0,529.2499621838812,2692.064210777173,1.342883804720558,1.6032285407429319
5019,42009.0,12000.0,134.10197826064208,40899.337230322344,1.056169342203821,1.5675922892616427
5022,9283.0,9971.0,10.09713983692562,41.90550925860536,1.0810584308725866,-1.5812238213846306
5024,12987.0,4134.0,15.430508631005335,89.04922092066452,2.2705120159392123,1.5781566775450877
5025,586.0,8067.0,1.6072511698099952,9.129867892140581,2.211248035255201,0.09489929440581446
5028,174.0,13272.0,5.992234065094117,9.701491690964625,0.5417707233433494,-2.3349787704455163
5030,6266.0,14362.0,8.955366826801303,17.2021257724188,0.4874092560198264,1.5360101888979232
5031,4124.0,2479.0,29.203384893731982,212.7873220237808,1.362606950299488,1.626349932567089
5032,17816.0,1947.0,17.785505516509033,128.592888025281,1.0784502643631357,-1.567540949071442
5033,52057.0,14068.0,67.9962543990346,2151.8679491025596,1.0175941955724919,-1.5895937474647757
5036,24906.0,13660.0,17.303333815223034,104.10008767877031,0.460007774477856,1.5788051173000082
5040,4743.0,4753.0,76.10866636986998,707.2393811286853,0.4228876345324355,1.6280275918166653
5041,37956.0,5396.0,172.36031440656205,12325.795201930378,0.9705538843461159,-1.5764736085218862
5042,48930.0,14063.0,25721.48742494133,680146.9810993699,0.9006342855154048,-1.6058433554123557
5043,29767.0,8377.0,217.67616920468146,6488.567069613036,0.4915527802485712,-1.5792087212587689
5045,24919.0,14942.0,12.813759542338161,90.62917230879678,2.128394659133949,1.5880092395492962
5046,24103.0,12023.0,13.720986826229568,116.86176996533038,1.2904930071861385,1.5779589156261153
5047,41425.0,13153.0,1019.9380190818284,18489.29859338407,0.9843920156005087,-1.5874727488355471
5048,29889.0,7386.0,197.3028648923105,792.6932167559214,0.9309797869774928,1.561174260105046
5049,7373.0,10218.0,7.601674662301127,67.78684976579946,0.9080024112505359,1.6168874952470589
5050,431.0,14470.0,23.477817611922198,40.80548581986119,1.2924889560116295,2.5203350865710545
5051,20711.0,13802.0,65.93597502384085,78.10059317382097,0.4007113566833861,1.57724249633339
5055,7828.0,14842.0,60.993615567003125,102.27331538277421,0.40400572713679744,-1.5856499931227408
5058,61081.0,199.0,63781360.91367141,63781360.91367898,1.7362497559147712,-1.5703855826562538
5060,35727.0,5799.0,14.573713704377868,202.6877808625469,0.9314804531171684,1.5679947237237035
5061,28086.0,14464.0,33.43262846833809,302.05325120292224,1.0268521863594455,-1.5548205416395573
5062,45773.0,12584.0,27.61300211058294,973.8995081652575,1.146210383260517,-1.5748987350484909
5063,34761.0,1368.0,63781360.91367163,63781360.913678065,0.9293213780889287,-1.5669587398388956
5065,378.0,11802.0,23.51962909308425,310.8612084945092,1.5188942381408996,-3.091099198838198
5066,968.0,14304.0,65.63671387974371,1469.2975820276522,0.9497108594961171,2.24835861094944
5067,838.0,13763.0,3.5156998872754546,9.20532258120526,2.3174354385832214,1.5958754916797224
5068,48495.0,194.0,7.034168193879503,144.24187361798388,1.7342210097777397,1.5712402319636636
5069,26688.0,2858.0,224.27489505266115,38925.37987192794,1.774823200764399,-1.5616293603694829
5070,49983.0,12901.0,1552.7258105976352,93407.61647797782,1.7710844331707802,-1.5746600772494033
5071,21949.0,10889.0,182.62344490214113,1712.6667741140357,1.1148220724481595,1.6049019186492215
5072,25950.0,14834.0,63781360.9136716,63781360.91367861,1.3822423259674606,-1.5850777255404964
5073,17919.0,8207.0,11.607562161326893,63.32646319890395,0.9829758968132414,1.577761401240116
5074,60063.0,11461.0,9.756093086271507,45.640283360118936,1.3134470496653352,1.5669083423401726
5075,15856.0,9807.0,63781363.00000005,63781363.00018349,2.0641988238313385,-1.463249738038961
5076,36813.0,15185.0,6.570730417386924,8.085894860013324,1.6931280516007214,-3.09686545821778
5077,21166.0,9374.0,10.15252646685786,221.69792504208155,3.2243145928447143,1.5617636104564003
5078,35694.0,11984.0,2003.9496344531099,12555.085560930971,2.937360170138349,1.6213560005114884
5080,16121.0,3804.0,15.0199381488894,234.25575176158435,1.7668950854967327,1.6081986827531898
5083,42636.0,10674.0,11.795464406081273,30.866438464714413,1.3092120757770613,-1.5733920328114093
5085,42966.0,193.0,16.494525158209555,1917.536495332701,1.7353817713345605,-1.5710179527360395
5086,47134.0,193.0,24.69249501772298,7511.293688184371,1.7336328859840298,1.5715836620640395
5088,29321.0,14823.0,34.846047728633366,103.90367651181978,0.9491490130216318,-1.5906821707926406
5089,4410.0,11573.0,9.230546113656407,42.84729468118043,1.0013383684596744,-1.56617215873847
5090,9133.0,5004.0,281.47500972744405,1463.9933973978264,1.0872456789517144,1.652198839509649
5091,3364.0,15255.0,14.171217358864414,20.725836562612173,2.3941255840195965,2.5527628168233316
5092,6009.0,2861.0,39.914829660589014,1305.6736771693095,0.9126653122485313,1.5775904687615325
5095,38501.0,14855.0,205.02374054420235,14310.585894731908,0.9792344653399797,1.6001919035790204
5096,3426.0,13137.0,18.381578247710202,251.36628334644212,0.4205733217488513,1.6828214081729111
5097,56751.0,12232.0,31.249135018763184,157.09877509356687,0.9208910008856679,-1.5706466161134733
5098,30967.0,10246.0,27.391866425918387,215.18122462987887,1.3710552027011342,1.569424902829415
5099,2976.0,14976.0,22.074409244626892,25.395013038253417,1.2894991846338129,1.5717228867911388
5100,26989.0,9642.0,1022.6640210453118,260339.61261086373,0.9367853611497468,1.574338610367226
5101,978.0,12055.0,19.44042784982276,888.0630981120285,0.5004418390433213,1.6692004811357775
5102,13834.0,7651.0,85.85940045150141,3282.048010058104,0.9461983547502836,-1.5840562873270416
5103,24760.0,15017.0,3.270685555018515,3.5296947426707095,2.2176740443123775,-2.981137425631571
5104,2539.0,14594.0,3.775841339231239,24.318830303073717,1.0369199189501517,-1.5487612414204868
5105,27079.0,12602.0,13.409054726926824,37.45021360344704,1.053984399549558,-1.5752611570763277
5107,36554.0,6422.0,6.2570668930396325,124.27272432070659,1.0456437571551624,1.5678852136655925
5108,19558.0,11010.0,39.51454324266334,185.2311383589512,0.41045248332690437,-1.5744285186389197
5109,1217.0,9618.0,24.627196519221407,75.2492634462283,1.5585935455647304,-1.386188326757556
5110,42438.0,3790.0,20.673115119050287,950.4838038369346,1.095937463288444,-1.574893047044737
5111,6290.0,12202.0,15.031180955278284,109.59211031847987,1.0204429223791343,-1.612388940640152
5112,44917.0,7781.0,12.152185584160073,77.17611466041902,1.1965101329055818,-1.5679564088496467
5113,6584.0,5017.0,15.02021999854257,49.45946286195578,1.4392231457268652,1.583718593907982
5114,15831.0,15268.0,39.758608782732544,56.336090573095994,0.9283615737217773,-1.5797862868600048
5116,28981.0,1194.0,97.41588396579411,25058.66046087048,0.9514416343274897,-1.575629638723347
5118,3803.0,15006.0,40.988073709438375,96.76112463290434,0.4101962501221298,-1.560532994378233
5119,7186.0,7846.0,35.84181002102358,45.096217414120424,1.3406673349096574,1.552698769166277
5121,34373.0,14978.0,63781360.91367137,63781360.913671374,2.2176740443123775,1.5490417803209053
5124,33633.0,12747.0,73.45799892852564,368.4021903750418,1.3879119766083896,-1.5711562143937132
5127,4755.0,12673.0,22.346635400730545,181.28419746188746,1.2272482293886038,-1.4953841688815022
5129,21334.0,6403.0,5.247431003458973,35.883087180355496,1.0337926534066155,-1.4941341066866998
5130,59474.0,11759.0,289.233929132001,15578.396585255055,1.253147072287684,1.571734457291293
5131,4714.0,14650.0,78.49079186185867,1060.0646357690723,0.3941968425850982,-1.49260842505915
5132,38479.0,14970.0,1762.1907390270594,13594.901823803548,1.0143960756060013,1.506444893755755
5133,4625.0,1405.0,15.100307911319636,239.0849896448921,1.0731702883722782,1.5614883788150677
5134,19561.0,4600.0,15.129619160263243,110.28970598642493,1.3838053191660213,-1.5725977485378642
5135,4747.0,5222.0,208.36453331349705,1259.7719630065833,0.938115124341662,-1.634823657820091
5136,13007.0,14126.0,17.307965059677212,471.51491982425455,1.5334792753308955,-1.5602573399023953
5137,7330.0,15064.0,3.056349872338778,3.4256579555624667,2.2176740443123775,-1.7572125856950531
5138,999.0,7265.0,62.03719827471086,504.11806710486604,0.43470737239086615,-1.7426682640841804
5140,7035.0,9865.0,27.668735520951905,126.63280059768246,0.44420000356343275,1.5594331708560767
5141,1327.0,14949.0,14.794986120515048,29.513630037741088,0.4018844770315195,-1.5270987825017048
5142,22366.0,15021.0,3.7350538835351093,3.8052264162516782,2.2176740443123775,0.8919098279819719
5146,213.0,14005.0,28.352869384960428,132.43437259231786,1.0074429137386378,0.5812553615586884
5150,994.0,10693.0,46.38605342143568,54.06376584062478,1.2250850442782832,-2.056928459857652
5151,22906.0,2550.0,20.210871886669917,139.66401325397473,1.2380532152079327,-1.5644727115972317
5152,3873.0,14154.0,8.773384573890388,23.379610690143938,0.42637721311653115,-1.6220554292142801
5153,9756.0,3961.0,63781360.91367364,63781361.21766362,1.8087532333352487,-1.6683868897133756
5155,48591.0,6920.0,123.85613701179025,657.5567825581109,1.2838882013459412,1.6009953341616523
5158,25213.0,11814.0,28.31025569615401,572.7212848526334,1.0167092332988066,1.5740478059723868
5159,31238.0,14928.0,63781360.91367139,63781360.91367143,2.2176881135501327,1.5429264646532448
5162,38146.0,7528.0,17.79659856625547,113.46889244153861,1.0804160895912538,1.55707440058552
5163,49099.0,14917.0,91.48574675677548,109.70059394426934,0.9770544792645769,-1.6330251218088179
5164,4072.0,10869.0,44.90082767606251,328.8114833256894,1.2230718818946524,1.5815052652053416
5165,47001.0,193.0,23.14637640827556,6655.556413150131,1.7336328859840298,1.5715484652155207
5167,51298.0,12458.0,158.21073189121296,308.9236294839376,0.9655795542898564,1.5773296147717193
5168,32436.0,1834.0,105.8682847684904,124.98567995747503,1.4125932670804946,1.5838405374043683
5169,2545.0,11755.0,65.38547208828184,111.76696232201473,0.5067367764318044,-1.4594152543696102
5172,47573.0,6697.0,339.82640859672705,121919.72197749678,0.9709375963640761,1.5630696356147928
5173,821.0,456.0,9.732032580613932,438.06874342742134,0.5440727721740309,-1.656959302001497
5175,4765.0,6520.0,10.19280675096063,39.18349016787053,2.2971664651716206,1.5426933207185904
5177,21776.0,8403.0,651.3536166948304,39554.97092806765,1.4327583845729737,1.6254863889459839
5178,41365.0,14867.0,3.932647400234714,5.037035284260962,1.760468787891655,-1.5569639429270046
5179,16876.0,7940.0,11.421145101895942,67.55496700436136,1.2468565750520273,-1.5722379793824528
5180,24164.0,7117.0,25.295336014851028,571.5742213401096,1.9991695083547794,1.5607014071038907
5181,13370.0,9681.0,427.4202585543332,1061.2463330738453,1.2537306330813125,1.7093870761617953
5182,2681.0,1829.0,12.281407891213208,63.23992618655505,1.273214372808876,-1.6129645215388224
5183,51944.0,14523.0,4576.897367426131,61339.02686691728,1.0278134224710638,1.5643747634077638
5185,352.0,14983.0,34.066235891882734,1524.6802703865865,1.4464423040460521,-1.5598831141220595
5186,17080.0,14154.0,20.851930071629877,265.1709986726547,1.2455279766652803,-1.5505849427661589
5187,751.0,14886.0,10.833107434020144,11.46802951463613,0.6920422090749716,1.558616417099098
5188,8439.0,7863.0,35.130016040245586,2309.1361926296586,0.41841926501588245,1.5867710707271092
5189,61020.0,199.0,63781360.91367143,63781360.91374597,1.7362497559147712,1.5704413501573464
5192,55182.0,10827.0,138.58709097190305,16297.942291607595,0.9944687482643344,-1.564644173964179
5195,5856.0,6603.0,3.297782082767634,23.93886316156293,1.0503319955258816,-1.342096036587124
5196,1792.0,14669.0,16.493750686556233,23.39152494859887,0.43039052453100607,1.5917996037458717
5197,21488.0,3872.0,35.8122703739078,698.2539464804349,0.4309014469539658,-1.571553519767653
5198,5013.0,14924.0,14.514913507797658,15.035383397907987,1.2926724931085618,0.14114296948870486
5200,5951.0,14752.0,35.29118665563682,145.20824395025974,0.41575815102729635,-1.5992894413236018
5201,935.0,3443.0,85.95665468910349,8380.201548334504,0.3298403414792215,1.7573828714511794
5202,2034.0,15034.0,29.08401751151934,48.69996657962727,0.4254864802901157,1.4432538025045956
5203,46094.0,9340.0,177.25607973848687,13447.803076735909,1.1082505387751933,-1.5635821313638902
5205,4771.0,7388.0,9.06153565799001,51.33960289281997,1.6330349712267265,1.562426618112928
5206,24482.0,771.0,142.31520787345823,544.6535465970137,1.3746747639003636,-1.5592905297762631
5208,6911.0,14189.0,137.62653808541793,11015.718251379854,0.4090410096896149,-1.5477286716175225
5209,29789.0,14069.0,17.99525489175604,195.18053302893426,0.4104844558785693,1.5754650958037264
5210,48953.0,194.0,8.21046071208681,350.77826455219974,1.7342210097777397,1.5701419859753751
5212,5328.0,10920.0,29.624542920810352,55.04063412508109,1.3316278055519,-1.5697384341913967
5213,2081.0,14851.0,33.51351735051526,53.85611092196143,1.3137454135369204,-1.6870061861092027
5215,18551.0,12862.0,63781363.00000009,63781363.00000166,1.06830579800463,1.5087407614356017
5216,47713.0,7943.0,267.2317868740841,14902.93130199703,1.0618300608683315,-1.5701761512484786
5217,3080.0,11547.0,32.88599629304767,1077.1952668617682,1.3109397063182542,-1.6016291439618988
5218,6233.0,13449.0,15.57723033164717,32.51017271499421,1.077919253861916,1.6224484260660308
5220,1191.0,14170.0,8.766590295731286,23.89389592091335,1.0236324083477901,-1.5388100186832387
5222,24559.0,6809.0,3.6807097568847755,34.94495130337187,1.798728984609837,1.6306202488742798
5223,28520.0,11556.0,98.8330173846129,258.61484820672285,1.3782513346889254,1.573285172445102
5224,8835.0,13114.0,9.527199400914647,38.833873498819436,1.3364279052360764,1.564364077728733
5225,10166.0,12511.0,1018.1992056894233,12281.22584367025,1.0702745583918192,1.5093435186279778
5226,552.0,15006.0,44.40950757490805,68.28046144227379,0.433548734438725,1.026150248212169
5228,1425.0,14858.0,37.22511222713089,1606.855465053758,1.3810587084362147,-1.4453752081895574
5229,28921.0,4443.0,51.38047533090561,5874.693825136385,0.9982576863779482,1.5652872155735367
5231,27252.0,3463.0,58.1141465564663,185.4879396664098,1.1125100901870428,-1.6155545678501895
5232,31079.0,11842.0,203.28368631870612,3725.119415708518,0.9964409352175454,1.5544302943568868
5234,33644.0,15180.0,58.37602064373535,161.44109614618577,0.9652985732572895,-1.5857331089325448
5235,5498.0,14914.0,16.693806835461576,546.6941134177204,1.233710359091783,1.6528037620311131
5236,14107.0,10135.0,75.63574887781635,1561.2196315007288,1.2522955869390646,1.5790293028757105
5237,30568.0,7895.0,170.99407735527376,40692.37870703217,0.9446914044789791,-1.5334631572002912
5238,507.0,3614.0,155.6457159208222,9122.37496292864,0.3808697931932264,-2.433373608825095
5239,23946.0,14934.0,63781363.00000009,63781363.00000021,2.283344680163845,3.136297543696936
5240,14321.0,13790.0,31.34647048811799,93.94512119269083,1.7753727858672843,-1.5794878797473015
5241,16225.0,3162.0,49.738929416711926,377.7762189878425,1.2374859129427875,1.5725472743935627
5242,32575.0,6486.0,110.22833889619541,1853.8402033730804,0.9744541139881491,-1.5587775821043226
5243,25480.0,5164.0,250.6541493806305,44422.43496634412,1.75179384556761,-1.5680029377242368
5244,27042.0,5355.0,74.28334130665239,19002.200640005376,0.4863796400918594,1.5652394228976843
5245,43498.0,192.0,9.665608729041807,511.6632499649415,1.7353817713345605,1.5702113026658684
5246,9389.0,14096.0,142.11800791565548,268.55800401507065,1.2283823509863092,-1.6627931390556314
5248,2088.0,2697.0,63781360.913671464,63781360.913678,1.8427412658688578,1.9658153280611932
5250,43498.0,192.0,10.091542508602503,584.5493278055669,1.7353817713345605,1.5703443522857428
5251,18081.0,13186.0,8.578354567806224,23.80258359639889,1.3786060903102029,-1.5682278625394042
5253,1256.0,14647.0,739.5246955488611,776.2651431477989,1.0736658278570224,-1.295234556366298
5255,7194.0,12345.0,1365.9199735970099,56694.36328057606,0.9261461742920105,1.6043695258122168
5258,22492.0,7538.0,66.60358034179738,406.20696243054556,1.4814011501080053,1.5831848177697576
5260,26062.0,13654.0,14.339082471249244,30.029451473599426,1.117493604218887,-1.5658448192516001
5261,41816.0,4298.0,20.956581316971732,74.51072220631188,0.9687400313582137,1.5795786933242124
5262,40165.0,15168.0,210.03830025835074,1018.5531045648787,0.9493360374380684,1.5745528856985267
5263,13948.0,11075.0,34.36774873353019,2275.0003557106156,0.967404492966719,1.5787487979799453
5264,1285.0,15003.0,54.754539461784745,670.5184805043342,0.43140598750037723,-1.9525840536074552
5265,4470.0,777.0,90.62433513391667,744.788978530478,1.0648360810721358,-1.5456498396518061
5266,47992.0,14001.0,52.8539315224694,417.6704506280998,0.9693706628443453,1.5478489280804004
5268,11427.0,14934.0,84.29388473654286,144.51350372024976,0.42248792658353235,-1.6065324144817177
5271,1833.0,14494.0,20.9405779911803,39.516467881451746,1.2976802861257535,-1.4274342474003145
5273,7808.0,14971.0,147.7424008695796,317.7938431177505,0.9662135493670484,-0.026350283174737702
5274,4454.0,15028.0,8.793716277146386,10.657283417246452,0.4932790378252432,0.08595072448004766
5275,19589.0,6947.0,72.7687663790742,1402.5377344063475,0.9633119993646586,1.5903160709163588
5278,154.0,14967.0,9.560334096556469,12.03271439441792,0.4312806009342905,0.4939153246516116
5280,5369.0,14549.0,83.1887383444138,151.26513182110529,0.9415608510733486,1.5068981044306446
5281,19475.0,14521.0,8.142691719597702,17.692019056429256,0.40529070285051116,1.5692156091519303
5282,9215.0,14986.0,9.318136075731324,12.115107036580529,0.484473851166593,-1.5922128542439036
5283,53295.0,14579.0,175.55380221961195,8085.427955623064,1.913978589230169,-1.5667945236373804
5284,706.0,5043.0,40.2700212127687,123.13500221764797,1.3202997807690686,1.7726397503250402
5285,8536.0,5418.0,23.759697525048615,228.7521562075457,1.049471171337691,-1.5571587238131688
5286,14906.0,9767.0,31.165736523844085,182.8071435072302,1.3742267615038701,-1.5880731384434754
5288,687.0,13887.0,25.786987555474614,517.8901552123376,0.7179704201131032,1.5028238874945279
5289,4799.0,14436.0,18.692712418865135,43.87784146145891,1.0668712006593943,1.4963632404173324
5290,17643.0,11069.0,40.06433667056991,1007.4263039408693,1.027307396013937,1.534696541682487
5291,2020.0,14436.0,690.7749550095388,49558.21293474239,0.4350375615095053,-1.5982697743100414
5292,43517.0,192.0,6.322944529988699,210.7040538415445,1.7336328859840298,1.5705041023012258
5294,9097.0,14952.0,34.80524560968527,91.9408034098884,1.2783169707997177,1.5836447836272773
5295,36550.0,11601.0,215.05736289129715,8722.929787492529,0.4153142413167169,-1.580486310374682
5297,14170.0,13639.0,42.02414513834187,92.06102952727414,0.9522695180877344,-1.564934500887941
5298,23777.0,15590.0,10.714852399443364,12.474951316127472,4.143175590983092,0.08997636606449219
5299,450.0,12079.0,25.992087087808716,103.8510990062576,0.4007557962166246,1.2578359430488217
5300,29846.0,14445.0,121.64117591212035,231.42520536880247,0.9506016036264582,-0.03065492277385945
5301,6522.0,7088.0,31.824701195396592,584.756555806959,0.9590882068315727,-1.5243990329085273
5302,6673.0,14844.0,7.850611246170628,9.460768998560955,0.4701309979532109,-1.5435601992553736
5303,889.0,12245.0,168.0326152219019,89432.91735340029,0.13943774851273724,-0.9630007433661607
5304,14249.0,15206.0,3.7154057040371775,6.181651616254437,1.6044024141576885,-0.04261883619227784
5305,41628.0,14897.0,228.66075474764295,15246.484055829835,0.9792344653399797,-1.56945718183793
5306,20619.0,11548.0,55.35556087731418,169.3918865598441,1.2999529735048956,-1.5653016458026268
5307,32413.0,14990.0,63781360.91367135,63781360.91367136,2.2176740443123775,0.02452703522024753
5308,12894.0,12996.0,26.746374738719556,415.4760817239625,0.9702959813472022,-1.5625534157683618
5309,7920.0,14712.0,28.550904989229196,132.57231610844897,0.4379142555127033,1.563283495552985
5310,28728.0,14856.0,3.996444638801605,5.0432262045166665,1.760468787891655,1.4980681797835125
5311,20232.0,14479.0,134.6902553504856,3705.792491724659,0.420820931015234,1.5888742775352145
5312,48844.0,7127.0,474.80891996639554,84028.82320166394,0.989799065922324,1.5877423361844334
5316,36671.0,14197.0,53.41972493841495,2301.2570591126237,0.9785591985989927,-1.5819723388279303
5319,2030.0,15208.0,19.589941546353412,21.8505805570515,1.0971493594658757,-1.6451389324370014
5320,31062.0,8398.0,42.140184249197134,291.0561814325365,0.421296710027316,-1.5847748461067361
5321,16790.0,1366.0,319.1054521962523,77188.46997237258,0.967266779559291,1.552940378324804
5322,37231.0,14264.0,63781363.000002995,63781363.00016684,0.9816250797894535,1.5582418155111155
5323,18670.0,13399.0,785.5485473554421,28334.325820145077,1.3941821080344114,1.5475286395566412
5324,24328.0,2666.0,54.74716925876679,2335.6980912613303,0.41591921263737813,-1.5707425553624281
5326,3562.0,14962.0,253.97653847096086,257.0025116881683,1.3126280412781208,-0.2817677993920206
5327,38144.0,14617.0,45.51466758072228,264.92989166110505,1.08213447719621,-1.5649414730748064
5328,10194.0,10142.0,17.517254563301567,321.32907337627796,0.4145216221491615,1.5338952654391682
5329,3812.0,4308.0,3.468034668622442,41.71054714438672,2.5165730481519097,1.5583936916796821
5330,1071.0,12886.0,63781363.00000016,63781363.00000822,1.0614331826118257,1.1950746654743827
5332,19818.0,14601.0,24.327986711855868,79.27746429207582,0.4345314518456461,1.5421299807243354
5333,1474.0,10511.0,369.1917925295836,11784.297732669405,1.4077114114752964,1.356630037483515
5334,3478.0,4597.0,18.324009598002824,80.14481585980522,1.3136286205162493,-1.6604381586331767
5335,15239.0,14016.0,784.63619881333,2985.6887619182007,0.9788212065251309,-1.5269365440802314
5336,9777.0,9318.0,9.943813827066679,48.62005805649491,1.1767399394183082,-1.5967719728504175
5338,39019.0,3843.0,42.507327071911384,987.3528781390521,2.1363507316554644,1.5523998293613717
5340,28212.0,10078.0,17.591736579283932,49.147769592762735,0.4370331351299406,-1.5782280988273716
5341,2108.0,14884.0,41.6666192650266,78.27801907312785,0.43556642670913254,-1.7317769411028423
5342,27699.0,14885.0,43.62936027492115,55.042801303084566,0.43165217977377124,1.5524620006526115
5345,14771.0,12664.0,4.244426214860377,11.639007279208274,1.048835302040386,1.52668884353281
5346,19203.0,9796.0,31.963352853304176,202.8230754138663,1.3742267615038701,1.568309641273105
5347,5821.0,3654.0,183.63814425348573,145454.7431496902,0.885355982138416,1.623918074334173
5350,24595.0,4921.0,867.0685658285398,3361.2346984581354,0.9706407559830076,-1.591444457826023
5351,33412.0,3211.0,48.03688197321809,247.9448827108903,1.001992328783223,1.5626851714775605
5352,13104.0,14815.0,42.578036852228664,50.36034444305514,0.9432119018943609,1.5673707805238644
5353,32739.0,13858.0,33.89348165425741,77.08439448611907,0.9519948741244937,1.5690639240616429
5354,19842.0,15026.0,3.2817756522229447,3.5726499536821694,2.2176740443123775,-3.0263127246988124
5355,20676.0,3123.0,32.312471298441004,1423.1369399345924,0.9574398290002588,1.5622698988497772
5357,6758.0,12441.0,65.13006053671654,244.52751757500954,0.39770944954502196,1.5296228058738048
5358,17284.0,5779.0,8.366914533322763,77.14083415605627,0.9532391218530943,1.5744096832895085
5359,2106.0,15105.0,33.67890856695813,33.94309570911364,2.4079468324980398,1.8692895251507522
5360,7436.0,8740.0,30.927002621936925,136.0580757854717,1.3159044620569753,1.5840981883744094
5361,17299.0,12347.0,581.7072800726028,3704.051519800688,1.3873629450559668,-1.5825724428318768
5362,32333.0,14993.0,3.2267334261673803,3.534415644617714,2.2176740443123775,1.5228926653607149
5364,660.0,14794.0,62.020552806856756,87.6511317158969,0.9985626653932087,-2.2547876803720106
5365,4440.0,10615.0,63781360.91367152,63781360.914185986,1.7685224180924148,-2.000779391752907
5366,20921.0,8492.0,26.893098755523752,161.32417734685282,1.0804779025289892,-1.5624510913370393
5367,2338.0,7062.0,13.426935247942007,68.79813445751786,0.9643659993386502,1.4837924372865872
5368,43851.0,13006.0,67.31274280210835,1632.434951553349,0.9298508069889646,-1.5752176717023707
5369,11711.0,14514.0,21.269145652449545,31.452005556953804,0.9756826623469368,-1.5468219337497828
5370,29502.0,14882.0,24.24574746687656,97.21958528804005,0.9336759161200255,-1.602947101685494
5373,24603.0,14908.0,704.0813158445666,916.0500606867528,1.2515765943977166,3.0779683833574034
5374,18479.0,7118.0,3.559360904673858,42.27519010278083,1.0461047482406205,1.557437053587337
5375,12485.0,12137.0,9.2395765494365,48.235387177174395,1.4662884159848646,-1.5125555616397752
5376,3264.0,14792.0,32.89278773600081,116.35371475002512,0.9644896969497502,-0.5640077199910944
5379,2962.0,14599.0,49.075937438603816,66.40181855012607,1.0237593808396839,1.4656738840824746
5382,6378.0,14730.0,144.98400319852888,556.7404598796103,1.2525842837880645,1.3501185161500835
5383,30080.0,8358.0,8.33287818292856,59.32518340392834,1.237266748768837,1.5756901998259625
5384,31008.0,9433.0,152.76436376395307,1596.6909841099673,1.3214728949961678,1.543523173527146
5386,8824.0,14570.0,22.563693310701108,161.64225608399528,1.247668509689847,-1.5278986732553501
5387,4940.0,14389.0,32.30781817889424,146.7517087720323,0.3871433833546928,1.6532604386965393
5389,4451.0,6704.0,36.60673183854511,1142.1338962461089,1.228672126882328,-1.6250959875903002
5390,25332.0,14205.0,622.9489666849291,4232.107514490549,1.0132629466858776,-1.501766052349791
5391,26835.0,332.0,108.3059707845495,13358.235516674591,0.41031870993400105,1.5458510701042079
5392,1683.0,14561.0,150.37696947796195,5373.207731195019,0.40121856381993587,1.825709987833073
5394,1867.0,8370.0,36.588669895304506,448.14326684012383,1.3138166700790457,-1.5092082458183185
5395,28354.0,3169.0,9.961513355377763,37.32051444837063,0.4346194107598675,-1.5702913493013864
5396,23679.0,3910.0,40.37218857525798,244.84660222235158,0.3929528691441875,-1.5661026908146816
5397,31855.0,8711.0,18.365621520613455,198.64411920449106,0.4112829961567005,-1.580350245165217
5398,853.0,4362.0,85.9380378735643,762.0514131609377,0.5278374352390004,0.9733699183712643
5400,7565.0,9973.0,18.79704941042038,29.8831345070462,1.0795091008019366,-1.551296211899024
5401,45419.0,14858.0,203.65666992339612,13914.151705536662,0.9792344653399797,1.5950646257619778
5402,43610.0,192.0,6.511589977422936,244.29366977540016,1.7336328859840298,1.5704494607462276
5404,4468.0,14032.0,26.031220902562207,30.71140527370364,1.1196071513290857,1.283170131796117
5406,22669.0,14425.0,54.2835240285641,95.7903018655738,0.4286143387940513,1.5559342814966355
5407,45645.0,13951.0,54.325422355886595,412.37941804350777,1.10686392239125,-1.5677980175798865
5408,5322.0,14000.0,8.922060333330247,103.42184991439655,1.258338814896082,1.579252814112108
5409,5834.0,6434.0,112.70383117234464,2024.8688018049006,1.1010177179321856,-1.5284359674495533
5413,29092.0,15209.0,3.8180394608385155,4.374719733631552,1.8386299442869083,-3.1118171050146266
5414,9536.0,5765.0,570.9065355577345,71865.10643733633,1.326880080366559,1.5723668288282022
5415,19222.0,8674.0,14.630829946400734,290.8719731274856,0.4000665759627272,-1.5765904602405092
5416,61169.0,199.0,63781360.91367141,63781360.91368338,1.7362497559147712,-1.5705225322028453
5417,37984.0,9639.0,50.00669979337688,1455.7053050506834,0.9367853611497468,-1.5818358928898693
5418,14684.0,14882.0,23.675987378502874,96.3874780312583,0.9336759161200255,-1.646901239952299
5419,46087.0,6775.0,105.49932667906991,807.8420022488579,1.0934506829858894,-1.5351205438102482
5420,1755.0,12867.0,105.59272952283838,376.63586380114924,1.2237631752865814,-1.1914050436788917
5423,20456.0,12178.0,105.27509785843677,61163.1730518086,0.9564903266902669,1.5080455115525306
5425,1546.0,10707.0,14.385923701748643,40.995338125238554,2.073888311352696,1.3308487513454266
5426,25356.0,2620.0,25.899396016133384,6314.17918176461,0.47312757000309347,-1.5632284640915612
5427,28733.0,1946.0,76.85352852978782,489.86706633657525,1.0883786998729588,-1.5783862876576773
5428,42421.0,15211.0,4.3892861933253,5.877161555080833,2.208101841751349,-3.090893150703061
5429,51805.0,13155.0,815.7293162248176,10323.295597872842,0.9770544792645769,-1.5831696231272907
5430,16024.0,11074.0,11.235483883998365,59.024432402813154,0.47894211693212374,-1.5702181374581903
5434,742.0,7466.0,77.80035328764204,5754.008582119337,0.2855634787856416,1.4684935806637174
5436,5218.0,15005.0,259.337119935862,816.9538909163343,1.3975947059212,-0.19187864513260672
5438,49562.0,9693.0,39.17587198048541,64.18557870279822,1.458211308531219,1.5793406201628695
5441,19974.0,13498.0,279.6043766432326,2468.3950107120727,0.3936317962256499,-1.601007164377123
5442,6146.0,12308.0,25.99616417566326,112.0560767757176,1.275653184731337,-1.5405843224086824
5443,27863.0,9976.0,30.600901092650975,12196.565129976318,0.38720954239179467,-1.5687507399368217
5444,42808.0,7385.0,11.334207889201636,23.61309988457533,1.0244640750030412,1.5776500341983413
5446,1492.0,14695.0,9.697223188230208,18.784754064250645,1.304357734569208,1.5319373754441679
5447,23778.0,6054.0,19.79634727273175,188.1719834822555,0.4174239862044893,-1.564304713433946
5448,45356.0,14185.0,136.9149322903958,1006.6641503508256,1.9449738386071123,1.5867594604743558
5449,21447.0,13320.0,22.10558769188161,83.21536030288085,1.2361558991510129,-1.557333962097159
5450,18632.0,10842.0,89.57620967465843,2239.9991644008423,1.0944644446129006,1.5508079719082444
5451,351.0,11063.0,63.463607644962536,16655.28396819795,0.3112143762605321,-2.957269484545258
5453,8393.0,3216.0,37.885824474006725,789.6958904124452,1.3953953098792025,1.3755174413695803
5454,54236.0,13834.0,1217.6846238950814,12479.570008691486,1.4746604598818047,-1.6183353396763644
5456,24047.0,12600.0,69.61094271319558,89.43413757317747,0.4631565698537238,1.5572027440833425
5457,36873.0,1058.0,275.3633250861712,367.82915555822717,1.125621515376548,-1.5833521062454223
5458,1900.0,5986.0,17.752786188879075,168.61987473615125,1.0695014166251806,-1.3976474675598296
5459,8756.0,7855.0,51.329242860877635,1511.2228392450127,0.9537745777219206,1.6977981416627823
5463,2216.0,14711.0,16.759877028831394,435.0163254916549,0.40042131270497294,1.6287750366918563
5464,43427.0,12810.0,8.492104797308933,83.53703670782038,1.0027157988460906,1.5710814928441212
5465,19149.0,13343.0,63781363.00000537,63781363.00136279,1.8023836660257164,1.4928406331977633
5467,4672.0,12968.0,736.8637290454137,6830.616625357003,1.0988520885742596,1.2453469570521993
5468,503.0,12712.0,13.937993488559004,26.299300848283174,1.4839596080767017,0.8160727420293747
5469,32695.0,12697.0,60.68103594463812,178.90710664637362,0.44324290007534123,1.559427656997401
5470,60748.0,12901.0,1129.0626723679673,52647.73518165454,1.7710844331707802,1.5834771738171987
5474,21095.0,5618.0,50.74449786864866,5415.871540861311,0.9628628288173492,-1.5804012963887175
5475,29085.0,11792.0,7.986452903589086,66.2434589089272,1.0013383684596744,-1.5636311026306666
5477,1047.0,14918.0,235.51897898818228,1112.570832541349,0.4019006931368084,2.7281595942393273
5478,29725.0,14709.0,25.05693687107153,121.51100873463922,1.9048500848472796,-1.6246800127172722
5483,27876.0,10551.0,47.27661547078843,6083.501292087787,0.42418824911307296,1.5837742286198386
5486,58350.0,12588.0,9.623336701373532,45.11783328554161,1.0027157988460906,-1.5661622485704452
5487,31667.0,10533.0,46.427473081870154,5889.969213084559,0.42418824911307296,-1.5755674669808992
5488,10528.0,2355.0,55.35084643078543,1408.6916227865906,1.1539196940578824,-1.5327616360647596
5489,7280.0,2042.0,33.06982700583247,416.4922733532452,1.0796021616414937,-1.5235708369137229
5490,47078.0,15091.0,127.1108885427044,8921.59881165823,0.9094952232147919,1.5859215142583507
5492,1169.0,14909.0,206.60626995508315,226.21997777388617,0.9839523395472681,-0.9100254360255344
5494,21791.0,13226.0,31.649580584843644,86.70716636833913,1.2231256243263113,1.578886322422716
5496,30368.0,10492.0,5.566153321627814,58.82996602137399,1.8085049593855291,1.599173118341532
5497,38507.0,14109.0,34.60616832909213,1130.2046357365007,1.2614980292634606,-1.5795256832145608
5501,9022.0,15071.0,7.145291606601062,7.2689667710353465,3.220486783048706,0.07497956663138387
5502,39952.0,2042.0,22.19392554547649,117.5295110503541,1.1051872198292856,1.570897381626599
5503,37138.0,7964.0,63781363.001367785,63781395.38088926,0.9310496935251913,1.6161939805225882
5504,38729.0,13717.0,35.41785910422759,83.83000964357234,1.2161469802671057,1.5625885800559887
5505,6881.0,4890.0,13.602877158445105,48.324651432623526,1.4016383162192438,-1.5701070598867413
5509,12648.0,12706.0,47.28900058231581,333.59123951933367,0.9466025164995705,-1.5849670546847565
5512,40157.0,11459.0,15.695096160242157,95.26078918808486,1.0013383684596744,1.5746633802664096
5514,719.0,7831.0,43.36543205139916,139.57174660777085,0.9645387842149724,1.5337968103195836
5515,34485.0,3255.0,42.31404141627039,4763.768826372954,0.9695133918982761,1.5847051171706745
5517,27467.0,13218.0,8.268174421238287,13.085082379028906,2.0308531463492843,1.5441826392304017
5519,28257.0,14924.0,690.4557406469557,963.6281339928175,1.2515765943977166,0.058382395519977315
5521,1248.0,12058.0,16.821833493972065,40.306545972011925,2.2363576314399616,1.6479658503757506
5522,611.0,5972.0,18.983755668287344,104.14731325249703,0.4288497881656707,-1.7475672369419997
5523,4904.0,13769.0,122.10128423623229,459.72550664325286,0.9593982420150973,-1.6726864028758763
5524,22252.0,14653.0,69.45312767289187,87.5001887605563,0.39183079054022735,-1.5645958825862312
5527,3984.0,14833.0,5.783848036251485,9.072476839016302,1.0969750858984382,-1.6018586589631894
5528,20348.0,814.0,118.41869787622355,57202.283874688284,0.4066482461009697,1.5484696836746108
5529,495.0,15265.0,87.19446907814978,90.35221868777175,0.9106358489174877,0.25964808592421934
5530,29837.0,13117.0,26.056570120667534,197.0859530241905,1.538888137618975,-1.5689005875444402
5531,24345.0,14754.0,66.07329882200669,197.26043810669657,1.092249234936991,-1.636457532258278
5532,9565.0,11303.0,72.56864045964011,618.6309628481112,1.0910642312720031,1.5086977755614992
5533,27502.0,12710.0,11.55842812279337,82.17060176589402,1.1069503877825526,1.5682051335820628
5534,1430.0,10446.0,44.15639666934983,71.28439010951642,0.3861824558661424,-1.7907987777735275
5535,16965.0,7720.0,6.607056652141203,211.08931399119112,1.281522735636357,1.5509377091695213
5536,35650.0,9760.0,56.92651084305956,8400.134677110425,0.39473476060038903,-1.576426373035107
5537,13778.0,12861.0,112.59498685158826,4475.091382200369,1.2756684643881115,1.5273209819564304
5538,8631.0,14364.0,530.536022021933,800.565511684027,0.4194026532394964,3.1186119660980984
5539,37344.0,12441.0,45.128428892034954,81.53765815693951,1.2335163466713435,-1.592915585123338
5540,15876.0,12895.0,101.26670210945704,210.83789896590736,1.237337580155142,-1.6213408178282762
5542,12928.0,10712.0,13.214345016029865,209.70211443239762,0.41299276093796367,1.5894016280877432
5543,29519.0,15002.0,3.3841134612930857,3.7224772054082815,2.2176740443123775,1.5079340278696574
5547,45893.0,9356.0,10.41665588905517,27.975733322769397,1.1124555727961978,1.5677021231764403
5548,2455.0,14938.0,21.235595815663114,33.256861407988076,1.396425875594168,-0.04604676965526834
5550,10103.0,14462.0,32.84052119184931,283.1788524152839,1.0268521863594455,1.5111471020753067
5552,37404.0,10554.0,449.4259095204834,61037.070426877144,0.9217533789607563,1.5722303926862269
5553,3808.0,610.0,653.6746960016183,226294.59183649026,0.38790065355558406,-1.4658657968904314
5554,27576.0,4814.0,30.538269360153294,219.6781768540541,1.4867713495764694,-1.5259245488331954
5555,21615.0,12309.0,3.0263084414868473,16.962184539254842,1.0635418903576488,-1.6053577288718788
5558,32964.0,12466.0,41.51472755394132,384.30446787112345,1.1034558635249558,1.5925345643643103
5560,14563.0,10604.0,31.740549929686917,30934.315735263615,0.9754795364694597,1.583038594836699
5561,44606.0,11162.0,119.73701137808726,13421.672573800128,0.9865640551660286,1.5828743522926902
5562,8200.0,1638.0,3.3950285583740776,19.554125160371456,1.2132400846624876,-1.5762465168492306
5563,1044.0,13981.0,23.35918516365321,347.8178834276832,0.9666720186278006,1.376558377224371
5565,2417.0,14181.0,49.46057324783867,909.0833157243096,1.4673294090313647,1.626263293733272
5567,47999.0,14104.0,384.86824901089165,11943.033343279596,1.0015556316205205,-1.5811416283838498
5568,61081.0,199.0,63781360.91367141,63781360.91367898,1.7362497559147712,-1.5712260995198815
5571,19397.0,8410.0,14.17714625954093,206.21144405245394,1.6354454882760654,-1.587355110943292
5572,47102.0,193.0,24.396741039620238,7292.808730218453,1.7336328859840298,1.5715663799286932
5575,695.0,9073.0,3.7535695040511072,30.765327420485747,1.3474271660856565,1.5245611120684055
5576,7054.0,10548.0,7.908483647004425,770.727005160894,1.8117218670148447,1.6569656630001373
5577,10287.0,13618.0,38.47077817172194,43.19320026890945,0.4108911655456271,1.5110501192436006
5579,1549.0,3941.0,63781360.913673595,63781361.191613555,1.8087532333352487,2.3862890574812874
5580,12254.0,15201.0,63781360.91367138,63781360.91367141,1.8497199417784422,3.007373921630504
5581,3243.0,8180.0,747.6387924839992,5754.251567904066,1.3509516253349072,1.7141124773237955
5584,34959.0,2515.0,63781360.913671605,63781360.913677275,2.3156935902014304,1.5469025016164295
5585,33075.0,12881.0,79.4166852099323,9505.768353301428,0.4177877606614545,1.5700654954189528
5587,18145.0,14063.0,16840.019673944116,115888.15170756924,0.9740705136983319,1.5527081364317363
5588,1231.0,14441.0,16.12952828092669,37.222154838226245,1.079194209105415,1.5631786135070698
5589,1817.0,13326.0,63781363.00000097,63781363.00016697,2.623280843960212,1.471734580325267
5590,12594.0,14917.0,56.602051704376635,81.65466987600257,0.9770544792645769,-2.990727459396676
5592,2145.0,14795.0,26.075948954418514,46.785790979543734,0.9519948741244937,-1.7961107287163758
5595,19160.0,5884.0,33.12525419232805,391.1765391887209,0.9566986356111276,-1.6095178296370258
5597,6980.0,14681.0,15.443029171615246,36.862856691312714,1.112296178410016,-1.535696197745349
5598,25934.0,13906.0,49.779039795163946,239.32646621921714,0.43132136619159767,-1.5867437269354752
5601,1517.0,13775.0,43.04943193095699,203.38126681811562,0.38553447278422387,-1.277324344001373
5602,38569.0,8100.0,63781363.0008687,63781382.934751704,0.9310496935251913,-1.6124678160981438
5603,15814.0,3852.0,1566.375091881736,39646.27720186696,1.0373038329260624,1.6466142164454758
5604,6433.0,14877.0,897.9782968349714,3620.596388580556,0.39520123587937595,-1.6288772499980624
5605,24968.0,14878.0,155.6263857435473,311.13857011635577,0.4138725729489318,1.5553899827882074
5606,48411.0,15207.0,3836.2203531218515,43730.56821274547,0.9467445195942571,-1.5804532698699654
5608,44899.0,15198.0,63781360.91367139,63781360.91367142,1.8497199417784422,0.024901810659591534
5611,54475.0,14015.0,159.8678932286719,12332.157930870622,0.9670566006066273,1.5668796946635706
5612,4354.0,14772.0,228.55731387903245,553.8636862947387,0.41271940943842056,-1.6804603636325974
5614,8007.0,14802.0,52.395747130387015,71.84605453653013,0.407685971436667,-1.609136321827387
5615,12826.0,11360.0,3.7723911153771184,34.30315565717651,1.0404327699429468,-1.4612423388912132
5617,52053.0,196.0,5.784876563567181,208.11029240093004,1.7407562824327738,-1.5706307496476524
5620,36831.0,7170.0,12.025906437548082,100.5898808367841,0.9533553479987146,-1.5661499074960379
5621,39817.0,9002.0,238.3843906562077,2799.279412913558,1.9298717115230648,1.5742090159258721
5623,8075.0,14669.0,142.70848286503306,1197.9382209312612,1.2118216538294129,1.5117494400231393
5625,6313.0,14315.0,364.1994782788192,1312.38353803101,0.4341639536735925,1.5952474211319916
5627,902.0,12811.0,34.76136939326015,231.51692192136582,0.42312526159963143,1.8710461384624186
5628,4552.0,13183.0,34.79158838835955,57.917231681556956,1.2513643356936208,1.6010455889097233
5629,3320.0,15238.0,34.975098065335324,37.6525358829554,0.9906856212146489,1.5586592340292043
5630,5384.0,13933.0,8.502668654864884,28.008553973127267,1.2219289749877482,-1.5715961782516843
5631,23136.0,14264.0,19.238292282169215,121.69129736542654,1.1163170928006274,-1.5961911934987156
5634,27808.0,1542.0,229.9051169347313,5363.576647172777,1.7765484638469442,1.5748051081649905
5635,29727.0,5304.0,428.3670887716517,20716.96576880261,1.0243218844865596,1.590092656938952
5636,33307.0,11918.0,48.10621730586801,86.66117857829518,0.40480341546884974,1.571673275465364
5637,33561.0,9065.0,3.6730303227872843,80.22434368511954,0.9738071842572782,-1.5689054340929027
5638,10964.0,2223.0,36.349938423225005,137.3989466976929,1.0698322878873134,-1.57850441853306
5640,15734.0,11813.0,22.888920993280106,310.955984522138,1.45152197016572,-1.5421455794727785
5641,1303.0,2517.0,21.38653658576745,149.63400869806577,1.1664083743101674,-1.5322719862400476
5643,2856.0,14697.0,10.074824077413231,15.932353815342042,1.3840718175360804,-1.5649206364898385
5648,19609.0,2558.0,53.648798222997755,502.8819721787164,1.0793483874074374,-1.5824616804806046
5649,8594.0,12811.0,8.217546856554987,44.561795913080566,0.40994999923208786,-1.5908169890174146
5650,35475.0,5626.0,63781363.000000015,63781363.00000188,0.9400990302203239,-1.537238008530024
5652,6647.0,6736.0,36.44043260939541,906.6541168068492,0.9537433581424251,1.493183167972776
5655,31063.0,637.0,54.322859332889955,506.6676911524216,1.8037757705692699,1.5662304743581352
5656,10544.0,10340.0,68.40370995708517,321.71483926565304,0.4321143844922613,1.6156088633232952
5657,36408.0,15248.0,700.6439540640976,13468.23509702538,0.9231671042731677,1.5757628401489894
5658,20180.0,10711.0,2.989130799326366,22.856361451725473,1.2389563786187434,-1.5738455301347087
5659,57525.0,13149.0,1110.3794971050384,52052.23034052647,0.9839870071117379,-1.5653991151222322
5660,2716.0,6996.0,268.31227425999526,482.3887181558747,1.0869188374234355,-1.1174306606774063
5662,20755.0,14833.0,796.1108688762167,3129.7697405636086,1.3851601746561046,-1.6137415373175956
5663,928.0,14940.0,14.958802066460281,18.5347842355166,0.93640272772813,-1.4622608370914716
5664,8595.0,2739.0,261.1478945441514,81292.00165795273,1.3018834738537726,-1.5423997002919834
5665,16233.0,4455.0,34.12428631809877,533.1062264228276,0.4039153805089627,1.5842473213115442
5666,28086.0,14737.0,295.3928934873349,326.8879867483307,0.958521708002626,-0.07157989317675796
5667,45906.0,11475.0,13.406780766679274,50.85707995078854,1.0068787775767765,-1.6147785117541125
5668,51350.0,11419.0,16.38385505981361,137.2293535076273,1.0013383684596744,1.5748081620034657
5669,9207.0,14869.0,58.11246509191501,433.6551490952236,0.9920804607127099,1.761450060269374
5670,13246.0,14976.0,125.09440502090762,3699.3718877122024,0.4024981234607622,-1.6176654793575986
5671,50882.0,14211.0,288.6500895987226,12737.490113471751,1.109859069560233,1.5781845211149668
5672,2324.0,14918.0,5.068478722490386,5.308437581518048,1.045570596592892,1.5493716204093377
5673,22110.0,13069.0,86.1903460319942,574.1806065429915,1.0888325617821384,-1.6067964771514105
5675,19911.0,6793.0,749.8186568854181,2631.7282355270218,1.4924173946786914,-1.6397121200883782
5677,36285.0,11816.0,335.1969884810567,941.1127827297786,1.2843542856877028,-1.557518859896052
5678,30927.0,4005.0,110.50712463795244,11351.541501379414,1.116663967695117,1.5562750357927078
5679,31846.0,9739.0,29.439432194514133,7001.3234532060615,1.3687510185525922,-1.5708094951223808
5680,13986.0,14624.0,21.884225977235676,225.04017465270252,1.9042847976253054,-1.585933413210212
5681,21887.0,10939.0,13.199044296572882,212.18464965188787,1.4039054193334493,1.5840828642069957
5683,7964.0,10184.0,11.151473861882701,76.04255646378472,2.2498259326273113,-1.5566386248797706
5684,6839.0,14932.0,255.73338349648483,7083.13756967957,1.2875299472924704,1.7612733855815725
5685,5881.0,11741.0,12.585896808073056,81.4162506614491,1.3263981629484298,-1.5926041589147875
5686,31669.0,11703.0,75.02428509705246,145.74600401607614,1.2812500360878338,1.5783847167639933
5687,14508.0,12558.0,36.843441793875414,7318.4062917782785,0.42482618586641874,-1.5776432687850053
5689,61047.0,12269.0,2172.0467170145575,340706.00841052475,1.5403673783674159,-1.5751369308135836
5690,9600.0,2724.0,126.68500724413077,10825.024659818202,1.0782497494828487,1.53966756365907
5691,20695.0,5956.0,388.15107943827707,2438.6343494915527,1.100059380069068,-1.5794380287097554
5693,2968.0,814.0,467.2505221849605,1675.8965297082354,0.9639690426469018,-1.4433673368811386
5694,1664.0,6259.0,15.077456417973286,259.08320904136644,1.203955744180282,1.4117456656566627
5695,40312.0,4939.0,40.891356389271614,452.42785373714275,1.468828203209786,-1.5627150901380324
5698,16354.0,84.0,43.10323727614424,136.13868510926312,1.108932832099105,1.4524506765810739
5699,11654.0,6493.0,92.90559853130485,5562.042095221856,1.3131936864332183,-1.5841703630666406
5703,4048.0,14782.0,51.83132619649893,155.26833419257628,1.303270540356048,-1.5234065266992352
5704,28640.0,5437.0,197.80989333098947,13715.676133983234,0.4200275020950217,1.5553223843683317
5705,2602.0,14937.0,31.92576296560577,83.38505985716573,1.330175739902126,-1.8260013376116508
5706,30442.0,11643.0,91.12959154292834,4339.292838076039,0.4124447654751798,1.5710810062948761
5707,895.0,853.0,15.579630870757164,483.30122578002954,0.3482842166119069,-1.5566794021002215
5708,624.0,14269.0,16.853726545082885,258.0713147021937,1.3174945496708055,1.428413085366883
5709,25086.0,12329.0,427.673275163016,9084.304655996155,1.1083861706009894,-1.6068361494695829
5710,1094.0,10234.0,335.30028032269087,27519.341331931446,0.3351703593222688,1.5110792906709605
5711,41812.0,14866.0,205.2996890825601,15814.149001513371,0.9792344653399797,1.5914834867121006
5712,21759.0,9333.0,2035.839074530515,10479.309016144769,1.6851443573081166,-1.571413588977689
5713,7776.0,14313.0,30.623471046545873,310.39968922027975,0.9679600066621716,-1.4830025864337755
5714,60549.0,198.0,63781360.91367142,63781360.91369954,1.7362497559147712,1.5712269982625153
5715,418.0,6093.0,43.216406250143436,5143.488720554629,0.3710884109282705,-1.4190108516774012
5717,7435.0,11245.0,266.827111080085,4119.0723885752695,0.4055684593583647,1.5031399300509065
5718,875.0,10080.0,11.782004911692962,167.12455897743232,0.4010548318398125,-1.8238211477481439
5719,2577.0,11104.0,183.99556921452066,1816.0261615190855,0.49628855129670857,1.3968460029937906
5721,17518.0,13100.0,9.750676138533285,50.825369139913825,1.3117390490097958,-1.589982857701883
5722,15133.0,7161.0,521.3894769347315,96801.0535559302,0.989799065922324,-1.6358209290240058
5724,29124.0,12401.0,197.80121513159574,19003.192158754668,0.9754381254129194,1.556774898491901
5726,90.0,11860.0,14.300483244550716,274.06077999522347,1.290980432761919,0.2211598361578387
5727,12873.0,10367.0,16.60794238788701,318.53437507004935,1.0960916533043048,-1.5759058442332936
5729,13917.0,10400.0,12.299063967006491,24.01260209816944,1.2867227021951047,1.57403974412401
5732,20113.0,14228.0,25.478853567632754,49.74991010135068,0.403484128919253,-1.558852896451538
5733,15656.0,14075.0,53.58815413568525,559.6103016846998,0.4258870597483779,1.5802180861537631
5735,4088.0,14370.0,42.31844475807711,256.82635028233165,1.39826307601932,-1.5901763261673003
5737,18783.0,8602.0,28202.510567480407,210376.23417824783,1.3470015140231655,1.590973858167033
5738,978.0,14398.0,104.59283413968791,1194.2896843957856,0.3885540295641634,0.6255480783173978
5739,4188.0,236.0,22.646449590313736,94.56133706748608,0.41613204985543795,-1.5540600218327068
5740,17924.0,14971.0,148.28334795172228,317.49348323617363,0.9662135493670484,-0.016434942890332052
5741,56891.0,12708.0,34.91236040536934,302.0289714217807,1.1074008263009973,1.545750072069796
5742,13304.0,5451.0,3.856681900892504,35.34393882931426,1.055528315530308,-1.5723490538702547
5745,16373.0,11736.0,7.657294258870818,18.224209010010835,1.113526431325147,1.490189050012395
5748,56302.0,11187.0,32.360949459412645,199.55891520773935,1.1060881583616011,1.553370010719981
5749,21911.0,13073.0,95.97204105063358,3324.1667046599428,0.42750325562337316,1.5787852870600687
5750,2334.0,14444.0,19.991844631117885,20.940918755602503,1.3249879667465403,1.4122619345516012
5751,26251.0,10547.0,43.02714340607435,989.0122891609825,1.860732203170391,-1.5312599563158558
5752,868.0,12839.0,7.151684239612678,12.379412735954375,2.3597169827724223,-1.6182388543089319
5754,43808.0,192.0,6.690687817347235,186.39216411551138,1.7336328859840298,1.5709657286458178
5755,51551.0,11741.0,41.12283399520969,417.9488075283427,1.1044567651714734,1.5566959581291924
5756,9550.0,14962.0,39.35743760506236,95.82110586370734,0.9807569174429709,-1.6229172543842019
5757,1927.0,13425.0,28.25240998012236,109.89257816215988,0.9639690426469018,-1.2983742813954573
5759,19105.0,14957.0,1518.2965502727686,10277.717764627661,2.467900454643236,1.5911107319939304
5760,8305.0,12631.0,243.35099449349912,329.4443910803657,0.4413509559471202,1.5333897440649422
5761,16931.0,2370.0,236.3417412326648,1270.6437192160206,1.1162298977778677,-1.5757335883112278
5762,38674.0,7581.0,193.2046672399951,1806.9691561103118,0.9309797869774928,-1.5597803152214527
5763,371.0,11902.0,56.850331574337694,469.99341490494965,1.7391991248601455,1.003893436784521
5766,6502.0,9758.0,22.745575299124962,411.21943987011,1.082376954895914,-1.578266841027275
5768,29597.0,12370.0,63781360.91367817,63781360.91806486,0.41674827865283737,1.5769232731241911
5769,18981.0,14176.0,5565.110446538275,17207.592097767007,1.0423831248481048,-1.5977543295305368
5770,6505.0,14496.0,14.710023777566123,17.314921473958265,0.4114649461342187,1.622723592788346
5771,11473.0,8952.0,464.32053833072047,51270.65844634826,0.4295290036980394,1.6025582475480933
5772,10151.0,13905.0,8.638227226386869,35.802187348627356,1.4023382963018018,-1.5839728693957829
5773,1102.0,212.0,114.19748150946533,534.1164957813106,2.2808559071636276,1.3856404452908044
5774,772.0,3906.0,13.47924671198927,541.2999046372627,0.23681105118515022,1.6901250795868583
5776,5940.0,13915.0,197.46721548145788,2788.3165768547165,0.43253983480801345,-1.5811082931993052
5778,41094.0,2921.0,278.76301717904136,48784.15687463623,1.3581492940532205,1.573940677479033
5779,2442.0,14702.0,26.58974146761115,77.38644810299006,2.230697336301346,-1.547066121785282
5780,8532.0,12805.0,24.707644937505833,211.4350253847855,0.9639690426469018,1.4287593932055718
5781,8104.0,4338.0,22.936806771644616,59.23908000699522,1.2811294450356585,-1.6162395977939445
5782,5295.0,14490.0,28.106875526134125,180.36200261474656,0.43127709479116705,1.6606842356755773
5784,1501.0,13712.0,12.74417076710128,56.555247583299405,0.3751292751939309,-1.2591539484965697
5785,14126.0,8080.0,1.627456212061831,19.65534092666358,2.211248035255201,1.675558157153763
5787,12828.0,3896.0,6.22961918264515,91.86476024308908,1.055498017056849,-1.577252929088271
5788,30282.0,13741.0,130.54741867545565,7032.843672473946,0.38847218128255206,1.561878402870764
5789,7505.0,8263.0,16.14052898354597,196.96106341568878,1.122433292842146,1.5891917059261484
5794,13053.0,15093.0,27.59685158191517,30.907086535569924,1.0532416203292,-1.517999376391796
5795,1746.0,6896.0,22.433635035171807,109.98586988539616,1.0991241873231297,-1.6357145570595988
5796,474.0,2081.0,45.17198297625279,234.02979083059137,0.9598624873882599,-0.701553618269896
5797,12042.0,14545.0,34.84376960507261,278.29371491810974,0.4253853293463387,-1.596923740293222
5798,4237.0,14784.0,10.358539263953118,13.785232501366467,1.3219660297941749,1.5860104923687321
5799,51341.0,11224.0,29.218438048482636,185.639955819591,1.2752415431357622,-1.5762664262323225
5802,11872.0,12509.0,18.67670205948546,50.91093628170301,1.01778065023883,-1.6608651493829762
5805,2017.0,13152.0,18.981608606041778,58.52676291098181,0.9773387147860196,1.8691667530761773
5806,58051.0,11126.0,24954.324697525186,3956439.492461355,0.9226325371098385,-1.5701216160830003
5808,4872.0,14484.0,94.05765454493955,2152.2785368303935,1.759740439597824,-1.6476523025523575
5809,44142.0,2117.0,1163.701236505683,442663.15379081893,0.9805125224421012,1.5797901584552858
5810,31220.0,8231.0,9.562696430024095,128.87284575741177,0.3809842504084171,1.5667151519768645
5811,3976.0,10201.0,454.0742506722814,21633.221786145274,1.086048871297622,1.6570339694888339
5812,35135.0,14968.0,63781360.91367135,63781360.91367135,2.2176881135501327,0.030864569962176028
5813,42196.0,11120.0,3.906271617748788,56.688825315708286,1.0565710523973049,1.5414211048231043
5814,22854.0,12134.0,187.0695729799349,57873.67408827341,1.0283340858718037,1.5720492212341595
5815,1040.0,13986.0,18.204052792351593,107.85335014901763,0.42494672110037063,1.561995620675544
5816,6708.0,8403.0,25.83935318478917,762.0298268123726,1.3033578279804394,1.52555433370506
5818,4431.0,14772.0,18.893121097062345,30.663849339858725,0.9931234010729634,1.6432073884614733
5819,848.0,11129.0,44.46160773752047,1954.2203945132028,0.3923349498138052,0.6605815752680239
5821,3958.0,15014.0,1162.8227451307193,1487.7836558542858,1.3141952742009786,-1.1895387223244198
5824,15141.0,9352.0,33.61999623473947,947.8450979419607,1.30993498220819,-1.5563786678911065
5826,9423.0,15210.0,4.2095671263867285,5.6561198508972055,2.208101841751349,-2.94950987180918
5827,16514.0,14116.0,90.63537218557799,620.0318703664784,0.42887129968179616,-1.5612025007253523
5829,4432.0,1540.0,477.19377018741443,18772.518181040305,1.2521600695586936,-1.974091941371298
5831,13085.0,10594.0,13.475084868536593,35.281571481329564,1.393493911226471,1.575221595265915
5833,46788.0,193.0,20.90793735103167,5275.429956643036,1.7336328859840298,1.5701309083836525
5834,27735.0,4126.0,130.28209028280642,28238.864851540515,1.0390440585707883,-1.5566275485132657
5836,9325.0,3971.0,63781360.91367141,63781360.91370011,2.546328421028351,-1.5777280112349215
5837,9317.0,4815.0,110.35802645830789,4805.739650550767,0.9274675748065788,1.6107909631034603
5838,5263.0,10855.0,28.092653045769648,359.85134643965756,0.39266452577872907,1.5942439285516776
5841,18593.0,13410.0,844.9524271719349,1934.9529967117596,0.9708314295094573,-1.6407320941126433
5842,1016.0,13648.0,15.082704902729219,39.75672451060718,1.2801511230126688,-1.4350214819723048
5843,16711.0,15008.0,39.879472129735575,282.08629388103435,0.9374360539318736,-1.5070337573493617
5844,30049.0,11775.0,234.8600493943735,487.5553165679116,1.2059317403320873,-1.6080474475684645
5846,31021.0,6759.0,66.46528452332181,484.52915279210396,1.1006006012608474,-1.5564503293578822
5851,4312.0,13771.0,13.698257596344655,32.045518031130584,1.0717292029180705,1.5173161675943807
5853,16933.0,14356.0,827.1168351730363,90741.58453240896,0.9815750886999071,-1.5633337859543428
5854,39881.0,3886.0,19.544965949064515,498.4394355436577,1.7668950854967327,-1.587611698336357
5856,50304.0,14895.0,233.04640900458577,15395.889706745922,0.9792344653399797,-1.5757490215246979
5857,46106.0,12669.0,8.471370563119173,32.16882353403396,1.0027157988460906,-1.5663078917934343
5858,12985.0,13765.0,50.87200014992032,82.3019150268974,1.0163479817403023,-1.5661337450858734
5860,804.0,7997.0,12.511452889487195,221.18628079073144,0.20060964144218082,-1.0833943835395534
5861,23653.0,11549.0,79.08097658354545,443.32047937014164,1.1037134720336508,1.6016234417070114
5862,50594.0,9640.0,190.8128894722562,14180.26222302482,0.9367853611497468,1.5793158561741671
5863,121.0,14913.0,21.08198764271498,34.47453161660999,1.316201761981959,-2.210506687531889
5864,19002.0,15331.0,1417.598060646885,25154.001900414587,0.5169835049427822,-1.6380393058556242
5865,13294.0,1186.0,20.603994225607835,1285.8191758900407,0.4252809920308672,1.5548791720559507
5869,33782.0,12868.0,63781363.00000012,63781363.00000589,1.06830579800463,1.5325755217325505
5870,26492.0,2286.0,7.566317348109971,65.43441961710612,1.335142851680011,-1.5713659082857405
5874,34124.0,8656.0,41.89379250418412,713.394904674701,0.40731678195154986,1.5601404082272372
5875,24533.0,13601.0,14.86695657684298,15.526443059969909,1.1217496831170015,-1.8168768774311364
5876,2288.0,14919.0,138.4014666495912,316.1849000695685,0.4302357548730822,1.7741529283846604
5878,10366.0,7757.0,16.04218112204632,98.43104574109097,0.42391251494152765,1.5536752658344384
5879,2414.0,14818.0,71.09331508115204,74.0790597932261,0.9850655306486789,-1.4838614379569957
5881,37619.0,14461.0,68.64786889815777,71.16502684897814,0.9916899078301749,1.6403622538229405
5883,37928.0,4183.0,74.85120711651639,6460.01789435666,1.8819734819370324,1.5768053759488587
5884,40434.0,4785.0,11.504738413293179,47.780012069411654,1.2830442456210789,1.5683853664485163
5885,962.0,14839.0,17.174664153798677,912.8963536358871,0.3334279560419248,-1.6499678158504456
5886,44827.0,7273.0,55.43776114560323,11579.47322083806,0.9323341782174441,-1.5506260448845908
5889,5819.0,12896.0,56.47872199126431,968.0930651040709,0.913176741951961,1.6127328198983768
5890,51579.0,14372.0,63781363.00001146,63781363.00133816,1.913978589230169,1.5908947316610493
5892,11014.0,12927.0,16.248341659293132,49.99556738074787,1.0169729851431257,1.2855986672014788
5893,21349.0,5652.0,15.0865460807165,34.827100251728716,1.0773477885703966,-1.5779593057109718
5894,18074.0,10893.0,32.03724905299243,224.87055364102943,1.4120679220833374,1.487956605874523
5895,29273.0,10423.0,120.00596681055711,1258.634380354416,1.2933452458928683,-1.5713642031168675
5896,6394.0,14878.0,95.70325834465666,164.11577163909755,1.106718372826884,-1.4313391531638766
5898,15113.0,10640.0,15.043735141523968,70.23122615703305,1.1180135774854867,-1.5860686406410052
5899,31314.0,15029.0,3.934312125288154,6.145815577495771,1.2759349657503145,1.4896094028902893
5900,5542.0,8474.0,56.87674191371923,250.21507303667985,2.25913090975077,1.6092370811969154
5902,5994.0,492.0,63781363.00000005,63781363.000000514,1.5682924577387198,1.53149795485611
5904,3973.0,3649.0,14.331255307346286,35.14178187558302,1.3889679598936613,-1.5343322751229782
5907,42845.0,192.0,15.58825432091966,1694.2362306372222,1.7353817713345605,1.5714701476637287
5908,7937.0,14082.0,11.185865048811891,81.55455696486578,1.0723890935164162,-1.6189115157906013
5909,13490.0,11815.0,327.5728707532557,747.2507947195007,1.2843542856877028,1.554973560871128
5911,16779.0,7126.0,373.81855693809115,3971.8836730017842,1.0908810154649489,-1.4949567255526088
5912,19736.0,11722.0,150.81443028227773,241.35040620405718,0.4118309367881309,-1.5428699497311906
5913,6410.0,14430.0,19.48574656791556,46.69051918665097,0.4363526700676328,-1.575873693311205
5915,4185.0,14592.0,332.593674769599,424.4778178194014,0.3988447062090077,3.1252773298602747
5916,15070.0,11170.0,70.06690218420714,105190.14415109597,0.4235087042303499,-1.56360517833161
5917,31173.0,11943.0,653.4669893749018,7763.001442723906,1.2392248827304773,1.606322917086075
5919,10436.0,2315.0,37.97192463969009,581.561004321182,1.1846133366942262,-1.5823834278679674
5920,8798.0,14901.0,13.52483316630493,16.467174950563056,0.4646582094622618,1.5715228119703493
5921,42510.0,12477.0,159.22421315158195,259.03306369007043,0.9655795542898564,-1.571678115962182
5922,19577.0,5662.0,19.811220117531484,158.29618405847546,0.9646499016711418,1.5456976916940153
5924,18167.0,2469.0,695.9404475354156,6261.920152428778,1.1150662215869218,1.47364197496253
5925,5070.0,14939.0,45.21607818716851,94.21481974625841,0.9985582453787902,-1.5692289840883273
5926,1915.0,14143.0,15.416102046174466,51.23206447678271,1.1693088641129064,1.4949294615076822
5927,42218.0,192.0,36.53878377406699,13552.941730358572,1.7353817713345605,1.571363932338119
5928,6856.0,14704.0,25.591877230062014,45.971053275280156,1.1073745703418507,-1.5690514686617445
5932,27568.0,8079.0,22.029122418304926,657.451826218736,0.38480036248027444,1.5798495746556738
5934,19897.0,12602.0,106.39760554392033,174.7063214449482,0.4125820692178753,1.551858982002223
5935,19781.0,14915.0,130.49464437149902,166.07282832374952,0.9352562669378334,-1.5927315131950968
5936,1172.0,13243.0,2.1042771384636394,14.880263915128648,1.5662363947579512,1.5873186157669548
5937,7360.0,14919.0,11.760534260445915,21.665039407919036,1.4682604920950155,-1.5933556648813725
5938,42981.0,2014.0,63781360.913671374,63781360.913673505,1.8492132429289918,-1.5380282591896601
5941,17981.0,15071.0,7.115721718841691,7.176191032351556,3.220486783048706,0.19694467033094495
5943,26702.0,6734.0,13.240568619248307,58.39303617073832,0.4257266988327436,1.573592600846245
5944,7433.0,13095.0,31.964738846616754,133.68590612890526,1.2320685671927256,-1.5756208566889827
5945,9516.0,11421.0,80.0399550431026,776.930267720824,0.4280810714732517,-1.5798221719661831
5946,45013.0,9018.0,1694.0704631899039,44631.963242903934,0.9559865175953929,1.5586031962352687
5949,326.0,15058.0,64.27784255501469,300.4034076451935,1.8283050272371857,0.6462069909449565
5951,50527.0,10292.0,103.90354613466114,547.7181331207612,1.1070577163852942,-1.6071026000029034
5953,18504.0,7404.0,4.347068397152683,19.3050498779901,2.739747864311078,1.589081016839536
5954,13098.0,14592.0,34.82840801427885,158.9612932777084,0.9539161792415228,1.556168292653659
5955,1234.0,14202.0,10.393486603638262,20.419811204984832,1.3501650998221204,1.26529268298306
5956,27271.0,13686.0,23.593553341530868,194.47479040148315,1.1128320235942757,1.5905950673882767
5958,8747.0,14507.0,867.1698764947942,4679.909235795656,1.0760240223067121,0.9625045404679308
5960,37331.0,13988.0,25799.46116852754,700270.3977016662,0.8849632644611097,-1.6242479699167027
5962,44318.0,2780.0,33.360080935742936,9299.29600657399,0.956429540601792,-1.5589033568089747
5964,38471.0,15209.0,63781363.00000005,63781363.00000005,1.6044024141576885,1.5393537328997176
5965,22154.0,5622.0,9.83094484749065,50.92188638050812,0.4768165486530359,-1.57193578112352
5966,7811.0,14777.0,25.086369667266776,54.27901948320255,1.2848813711015619,1.4130793323781807
5968,52163.0,10848.0,4.811978099918893,14.814264879383025,1.646137701374287,1.578292339819326
5969,25319.0,11814.0,17.956055396480963,78.64849400337191,1.3439538279745082,-1.5674975984709627
5970,21427.0,8753.0,39.9568723769608,590.5393492681656,0.42565517799627733,1.563748592869448
5971,11613.0,12997.0,43.95446630909605,308.4732297315777,1.1070009226078863,1.546165608425208
5972,19953.0,12244.0,28.77462035406103,76.89403039518605,1.0171735180383212,1.5719686410912366
5978,3234.0,11378.0,1838.4568035756677,11957.266553138355,1.1121816439228716,1.1352828913550885
5980,16421.0,15209.0,12.448444928281086,19.213331909141594,1.0106358168891183,-1.5743364886586468
5981,5023.0,13787.0,123.42024287478358,3076.505901548115,0.4058148312677061,-1.5903125542122618
5983,8141.0,12487.0,55.862843372014844,233.03720078506046,1.3317728404713383,-1.501113742343386
5984,32528.0,5493.0,153.62465305324795,645.3773358669815,0.9465034348412275,-1.578699461695009
5988,11913.0,12257.0,29.893289130978967,1498.084130172997,1.2202388410456704,1.5767933445939273
5989,11855.0,14890.0,20.428845099150934,94.66669168688176,0.4097128522916832,-1.584843804131869
5990,23642.0,5581.0,22.829047974565704,110.05290595716241,1.1207551433699579,-1.5700297704891513
5993,20728.0,14857.0,39.55350334875539,62.70921953840195,0.9944257571396102,-1.5528879821990917
5994,27792.0,455.0,16.5719248884694,382.9091700165508,0.3975334110253298,1.561776911558545
5996,4394.0,14825.0,160.17635478381501,3233.7457903563054,1.2800397264157037,1.5517727736798932
5998,8452.0,10586.0,21.088996705882384,80.389659398951,1.4793739882147185,1.5794094512231747
5999,15744.0,12584.0,98.69174518336108,384.39837623167386,0.9840294183845437,1.613231494447891
6000,844.0,11478.0,72.46994514547427,135.24899349524117,0.37214967846352753,1.5777399104645269
6001,26499.0,4400.0,495.2005240175923,21874.241583316034,0.9869800682191621,1.5224751531847038
6002,50309.0,15150.0,144.58815237689342,1916.0357843171644,0.987344738192989,1.567778686259408
6003,16171.0,14673.0,102940.00552838946,748941.5864803663,2.348414597725827,-1.5936020793248344
6004,473.0,12644.0,37.671527466488946,162.31630814609218,1.290546897323619,-1.6611974070988407
6006,6041.0,14029.0,13.751931473221285,26.50100054834134,0.39096343479340406,-1.6130992274363622
6008,3475.0,14637.0,150.91709360670507,357.0888836477675,1.0723890935164162,1.496323022329077
6009,15621.0,4786.0,590.1402557504666,4225.295863282543,0.9593950645600211,1.4639022205925336
6010,113.0,13022.0,112.99946141340078,2231.5184505858338,0.3978380329467326,2.8139788885300088
6011,7670.0,11108.0,183.70153873441254,1788.526913617061,0.49628855129670857,1.516908097816268
6012,2955.0,9610.0,7.876145179407304,37.670571478241854,1.0336728025208815,1.5873409035517583
6013,5043.0,6683.0,2179.078365793125,1128612.1365463529,0.9401019847810578,1.7057491220648402
6014,12927.0,14775.0,5201.428982906655,52449.48854533937,2.156611138892242,-1.644394185734329
6016,22816.0,7413.0,32.76201103895508,225.10054683475408,1.0722832556163593,-1.6553355201381965
6017,42548.0,15214.0,1205.4944119121797,178195.7940236079,0.9380574928515423,1.5984942967036704
6018,2320.0,11535.0,10.019588766401181,26.816039831300184,0.428105049545976,-1.573776018773195
6019,10537.0,15026.0,206.91307419262736,603.0798954094048,0.4060543311397719,1.5407388950949468
6020,4925.0,13084.0,66.514219934308,595.6486495011211,0.4186400906649353,-1.6338980844627113
6021,17223.0,6911.0,110.16573193683294,7116.200406784107,1.3164781024342984,-1.5967175900800366
6022,61007.0,10356.0,391.86044561652307,33558.33166086023,0.9503188000493259,1.539326269426549
6024,929.0,4252.0,6.42208103267989,213.89586348271496,1.9661079932414074,-1.551365830826947
6026,815.0,9131.0,12.67892838485035,1484.0211456874626,1.2611759903925808,-1.4870110353301993
6027,62091.0,199.0,63781360.91367148,63781360.91413422,1.7362497559147712,-1.5706657469479472
6028,10162.0,15053.0,45.70792135679646,398.01443865777173,0.9670566006066273,-1.5371622923760901
6029,9969.0,14836.0,3327.5561957054674,10318.35411510737,1.1088772381250704,-1.560090057637948
6030,21268.0,6786.0,15.664461969811347,87.18506063433547,1.1198459700294494,-1.571253541562742
6031,23300.0,14410.0,165.27106330086283,9539.157362602327,0.44135848462598837,1.5558098411371823
6032,2649.0,14753.0,583.9487437813056,835.5542500912692,2.342807302276989,-0.12954508880706586
6034,18153.0,14877.0,199.82680916985456,230.13440653799364,0.9678662964772194,-1.5147819935513729
6035,17075.0,15016.0,928.2424779797357,75595.467835849,0.9647990137206776,1.6770741481986993
6036,4764.0,13770.0,73.66932634675969,195.25980656165476,1.3897022205295482,-1.5440395609615931
6038,6977.0,13526.0,54.37506040186695,165.17231365711513,1.1399784707841247,1.643673496026545
6039,52051.0,196.0,5.956775133408064,266.2027911860252,1.7407562824327738,-1.5708318594016044
6041,35893.0,3114.0,37.81004185731391,9802.226810759912,1.0743138776976213,1.5758755879264663
6042,24166.0,10326.0,199.18469138106877,1046.6608054949586,0.4321143844922613,-1.5793009856068319
6043,44082.0,14580.0,324.962787752069,36676.16331413922,0.9820307253267664,1.5790017718494271
6045,42621.0,14594.0,86.69921031723315,2709.5881356441787,0.8989108650312722,1.5934356732325643
6046,2808.0,1576.0,18.709838480130845,111.37303555226715,1.0295672656516766,-1.5516137602804583
6047,28677.0,12674.0,22.325342123667433,160.9144314595609,1.2272482293886038,-1.5684523230875056
6048,807.0,14853.0,7.731670598906818,8.020934598449402,1.793839288366612,0.14285766736392583
6050,56891.0,10837.0,2.4852686871499157,14.501846605140459,1.2389563786187434,1.5762851060486598
6051,29984.0,12006.0,17.26797361789675,162.52673260409952,1.421191913762444,-1.5523928308733903
6052,35306.0,10484.0,5.627188617426628,68.65658126483008,1.8085049593855291,1.587220740322623
6054,9919.0,12783.0,15.789135353499331,37.957958375571316,0.39755505351943204,1.5967186759299024
6055,3330.0,13340.0,4.9499064723095625,13.732224215939768,2.529126606619876,-1.566722687270967
6056,482.0,14167.0,175.1548747035203,3355.3474346736734,0.3321632421893646,2.973909987746208
6058,46831.0,13895.0,95.8871317556765,5825.6859235235615,0.9729250730151112,-1.5468834873557984
6059,1267.0,11707.0,17.967703615440325,100.88677021806731,0.35474405349551474,-1.625999691096737
6060,4617.0,13337.0,27.931100249790976,36.06293564982307,1.2980023095324542,1.64351293657409
6062,24880.0,4481.0,164.48001113215486,841.461423726872,0.5100299799850269,1.5442424421235545
6063,2224.0,3672.0,26.35428541156459,315.1728839657493,1.1954826563391951,1.5590205128681776
6064,8404.0,3269.0,41.1405438942121,80.67570556794794,0.3967386782706047,-1.6105489095169856
6065,10354.0,14765.0,48.03923321551409,140.75362842096905,1.2403990076019404,-1.5210280189203749
6066,2216.0,7360.0,6.6570260740344365,177.13758558397822,1.3706903447543042,1.467428361307141
6068,12231.0,2939.0,41.931143814149266,205.57925014660609,0.4076470261500686,1.55880468229978
6069,23696.0,14900.0,63781360.91367135,63781360.91367137,2.2176881135501327,1.5309302270633975
6070,35979.0,9339.0,21.149818398802086,674.3740136454835,1.2799801395876838,-1.578113162798379
6071,6281.0,13505.0,15.563107887999957,97.83236009243396,1.8317067364439426,-1.6632871967861431
6073,23093.0,13562.0,21.891433864646583,101.40551979454906,1.2299492849359566,1.576411621390914
6074,53205.0,13030.0,1095.896764004888,238871.53240645176,0.9276674775482067,-1.589363145425718
6077,34294.0,9629.0,39.722940032637716,123.19778413433546,1.279528644607513,-1.5670923934889605
6079,16348.0,14664.0,169.47799194962823,620.1474563308356,0.39452676466251196,-1.6027609834233363
6080,45812.0,5393.0,8.320661669502249,53.95539879726919,1.0311660354046082,1.5694203681831147
6081,37011.0,3544.0,107.10748982537629,86146.9478352173,0.9203379817246058,1.5755400480539574
6082,9429.0,4788.0,4.884584183223162,14.154465285538128,1.1712633364651328,-1.5720921331831994
6083,20923.0,15165.0,14.578204762130179,20.76583078310105,2.544419202934734,3.14032188458024
6085,47675.0,8431.0,202.08585566591873,41404.35900826358,0.9719243182668611,-1.5649404407355574
6086,2606.0,13733.0,2.6458432492547663,8.695717758332071,3.1224999179568793,1.554948458436978
6087,35124.0,6036.0,406.74255183689513,33236.07600878325,0.9414972960607864,-1.5274358096266651
6088,11029.0,13156.0,129.45264998330143,38868.27081977722,3.2518277013581116,-1.5727178434697038
6090,61811.0,199.0,63781360.91367143,63781360.913746424,1.7362497559147712,1.5710878722634034
6093,3440.0,6890.0,83.79793024604459,164.86479816889016,1.2257460480413038,1.6472827237062249
6094,808.0,13664.0,19.662003274114543,49.51458551500412,1.1961163406668294,1.5975479414700209
6095,35364.0,14572.0,101.5702477613094,420.49484236383546,0.9794780558647364,1.5942336332461673
6097,23385.0,11753.0,26.785065392606416,320.20167323650634,1.0765948060903752,-1.5653796325669063
6098,3615.0,14748.0,50.55444955706588,100.42397481599046,1.36403916942233,1.6072300975714742
6100,736.0,14626.0,56.20564387358784,70.63976285107579,1.3582397535884212,-0.04963199724474227
6102,580.0,14297.0,15.572514319408633,19.897784536331567,0.5837269866589913,-1.6929018873722204
6103,19225.0,3859.0,8.464479604041214,367.72808984772854,1.8087532333352487,-1.608139606218847
6104,21207.0,8419.0,776.1334258378788,23174.166656116973,0.9591897432294724,1.4722253185637424
6105,22447.0,9317.0,111.68086915873722,552.6802628363904,0.42590760080344714,1.5623004375252476
6106,26246.0,15047.0,59.47615822085122,609.2349234341892,0.9670566006066273,-1.5698621900765737
6107,36608.0,15188.0,63781360.91367157,63781360.9136716,1.8345749519476047,-3.118695216009629
6108,8572.0,13674.0,88.94768979712593,516.8096070575345,0.9869978064331717,-1.6225269219741434
6109,2410.0,14975.0,18.403805133006372,19.094104740991604,1.2338233116997694,0.10923829180859673
6111,31843.0,14195.0,526.5069809964107,576.5898202482856,0.9655621123286773,-0.008094565327293584
6116,5610.0,14770.0,44.80276376525113,75.05534861936285,1.0229759298131038,-1.5669815528512994
6117,43709.0,192.0,7.3852031239246605,410.52428546754453,1.7336328859840298,1.571121493467972
6122,3009.0,10887.0,142.10090565219306,3607.348107054631,0.43095297690459167,-1.7172567987828353
6124,16909.0,14538.0,887.8749739766777,1167.5012994559468,1.3008502495630745,3.1101116261603226
6127,27109.0,808.0,6.600182503037607,41.79497738029929,1.6121280995427485,1.579643805248064
6128,1773.0,13900.0,119.78718653529937,934.2901404328729,1.1072928294904179,2.758794159817916
6131,4717.0,6306.0,14.941198542125681,109.22570896797593,1.0973965056127326,-1.1360608389593716
6132,2204.0,13876.0,18.444303938485508,93.7473007083228,1.0803416246247115,1.5315048281513297
6133,1676.0,10210.0,96.99488357898059,356.0759181999004,0.41058878970524465,1.729115998546136
6135,3521.0,9259.0,113.1227286285143,723.3557638484432,0.42590760080344714,-1.6570677122623392
6136,42460.0,11192.0,50.43838939490187,699.4583356088923,0.9041349845282255,-1.5867961382076938
6137,40910.0,11030.0,24.725303352276452,75.87116246556593,1.2715951198773312,-1.5790882951932137
6138,2928.0,7353.0,48.78751051001804,656.3541633701008,1.0611024924749601,1.4686903113248007
6139,13601.0,4845.0,37.80366825450142,63.67676349893512,1.199420188797111,1.549142075529018
6140,47253.0,12248.0,204.0576861321211,50692.4336210461,1.0089165146708354,1.5747030921996257
6141,1356.0,13201.0,7.469959513839755,21.877596608057413,0.5609384393990279,1.5719028310899363
6143,9561.0,14698.0,37.26123533087628,122.00814449523675,1.2523977330941387,1.6510114877340822
6145,16817.0,15016.0,53.02364893743752,340.97684043352655,0.9682976234176764,1.498194427645949
6148,7713.0,8086.0,1.6142992414929822,11.639407154139247,2.211248035255201,-1.485516413065727
6150,12383.0,1830.0,9.215284766006615,36.55462194202116,0.577740703549494,-1.5614527346652942
6151,1123.0,14918.0,6.078048862795893,6.3696854221650385,1.5162774537480492,1.1783791265577044
6153,43991.0,192.0,7.034131398079548,248.06551176088854,1.7336328859840298,1.5711764785335538
6155,44004.0,193.0,7.133774489683121,245.38436491122582,1.7340000719230995,-1.570638773994568
6156,12490.0,9239.0,113.66278291462442,785.9282928491311,0.42590760080344714,-1.5956881141895998
6157,20547.0,5435.0,325.6277497288039,362.5101238104125,1.0910549031325174,-1.555511004082587
6159,706.0,14918.0,6.487738503640014,8.53188393589793,0.4845042883976157,-1.4296716168541628
6160,42250.0,192.0,35.011201188749645,11920.302593801209,1.7353817713345605,1.5699615045003923
6161,46428.0,193.0,21.24605122207927,3144.664884099577,1.7340000719230995,1.5710295029599226
6162,51896.0,14718.0,63781360.91367219,63781360.91412807,1.8441431382985745,-1.5347191847048298
6164,16339.0,12528.0,22.688763509061296,108.38302352987601,0.4099570971356469,-1.566589891956513
6165,13070.0,1930.0,55.6844706558544,203.20514952446734,1.009407264531903,1.5872209411452447
6169,11469.0,2225.0,37.12972054076154,274.91792401328354,0.432696217074604,1.5830827690040064
6172,14874.0,11579.0,9.033745480762313,50.248594317489804,1.0013383684596744,1.572555974872993
6173,19277.0,8065.0,12.642303154693307,43.08269477469714,0.4372359931785867,-1.5711518752092308
6178,36582.0,15280.0,7.413223002062607,17.15260259001428,2.4139911146714548,1.4924179076521822
6179,6471.0,14897.0,61.94323664370752,106.70004389858815,1.1476375156693677,-1.4387489520642909
6182,7795.0,6578.0,12.786394350136929,148.4833929250888,0.47597348272497575,1.5901397378411826
6183,7414.0,13939.0,52.63426523406039,466.5121609697543,0.43132136619159767,1.5103723273909828
6184,1603.0,4506.0,200.03881442535283,1173.1592826839437,1.1024440226781633,0.6336467148449173
6185,30303.0,14998.0,3.4868564550882666,4.54732233070621,2.2176740443123775,1.5693730311291276
6186,20154.0,14586.0,523.0934820240518,11604.469764804884,0.41279225542331627,1.5671270345111257
6190,16266.0,7860.0,42.48469469323335,3091.2892430639645,0.37454843602637433,1.5762799691844707
6192,3490.0,11068.0,171.09542822838813,2226.1974469159954,1.4007126349806944,-1.658710454787779
6193,22337.0,14510.0,81.6815357103909,194.53212386239653,1.3397012210879382,-1.652384047947792
6194,3769.0,561.0,218.74433012301463,104097.31772419852,0.39534315215733046,-1.6635921063057038
6196,38781.0,7407.0,63781363.00000707,63781363.024278164,0.960932298059092,1.6099756054769905
6198,45250.0,4649.0,63781360.913672194,63781360.93150192,1.0522917463596786,-1.5314552199471032
6199,4305.0,3835.0,16.73328549342465,315.6791111104354,1.7668950854967327,-1.7019996606364753
6200,3912.0,13733.0,149.62043376831437,301.19433178092476,1.2367706002161432,-1.6315758732808685
6201,2428.0,3658.0,6.602187760793398,15.984061500107412,1.8673169281114002,1.555362759809617
6203,2230.0,11986.0,56.98523345610518,82.41975895841696,1.318369574805675,-1.6238924625034237
6205,3281.0,11245.0,11.66929153071342,54.21261067907971,1.0801608194228638,-1.5667198618187625
6206,3195.0,10531.0,8.058302840523654,700.7943546374113,1.8117218670148447,-1.9214902584306424
6208,19824.0,13191.0,34.73738157925965,122.13286334793071,0.9446452957120858,1.5637587099401562
6210,25608.0,15248.0,133.44685378965607,827.8293937405582,0.9170414112933145,1.5609251684572758
6211,2738.0,8411.0,30.82347628851142,3758.591799873092,2.3590331780248666,-1.62549759883728
6212,18369.0,11817.0,75.6311965966891,1133.552622453009,1.2251771121164765,-1.6233658435122322
6213,49982.0,14602.0,148.83614678408784,1536.5692955774339,0.8989108650312722,1.6011640126144928
6214,25545.0,13214.0,20.317494904918412,91.48976410909415,0.43977444678414457,1.5700621791004286
6216,17555.0,11070.0,28.97267235998437,118.1362547158293,1.1162735264747305,-1.5880069296916057
6217,700.0,11710.0,42.4303213131841,240.35856265667542,1.067617773447956,2.049569597257899
6218,39588.0,4903.0,71.5321729882084,833.2218719068526,0.9535478340417893,-1.57419106462973
6220,2407.0,14665.0,39.173773924199395,58.97634690261723,1.3385407015548891,-1.6944344874702955
6221,2572.0,9280.0,29.42593997653209,472.20255266346925,0.9513464396172167,2.1868200359860808
6222,33840.0,14875.0,75.16339838857799,118.81669846186978,1.087734712333142,-1.5750565281964164
6223,4657.0,13607.0,34.869610170102206,73.68318132682066,1.3181059522387724,1.6348256582236727
6226,29149.0,13532.0,7.892594130337768,28.69555138514992,0.4147963909671294,1.5513155457059307
6230,29425.0,13832.0,83.95631226729466,14471.374862067752,0.4190024490050802,-1.5811713659218927
6232,31987.0,9636.0,88.21954483896818,14251.324391277481,0.9367853611497468,-1.5721886281863906
6233,12696.0,4475.0,19.584035130435453,66.10952233546006,0.43454282576789577,-1.5670197340474266
6235,14169.0,8553.0,98.02228384618338,447.9616284441053,0.9681442778562734,1.5582851358193464
6236,36382.0,14322.0,6163.6907249078,30369.145102013023,1.0438563908282434,1.740479068228088
6237,991.0,13341.0,30.066959133220685,49.903914746447974,1.0331443702293583,1.3694606890106813
6238,3098.0,14755.0,22.64274155969181,193.34119845110283,0.9646150089917551,-1.7921574965703146
6239,219.0,14597.0,6.5980930862515486,8.166895232969146,1.415144319917442,-0.5899981602407717
6240,47300.0,8260.0,182.33525394837037,6258.302444610863,1.538157090554409,1.5850047798630227
6242,25030.0,1638.0,51.61223104297882,14495.86444345561,0.49002995870010146,1.581543837932348
6244,35434.0,7791.0,3.4395861620412567,32.3605542597369,1.2620240461588503,-1.556337697130686
6246,42310.0,192.0,34.54603107843111,11604.862944624232,1.7353817713345605,1.5717750267704995
6247,29619.0,15249.0,125.53883124053817,731.8757815316154,0.9170414112933145,1.5594557676221965
6248,8020.0,12581.0,63781363.00000005,63781363.0000032,1.3011821772737133,1.503826075415185
6250,45084.0,4699.0,20.232810629090217,209.95489245035995,0.9500107278766703,1.5702913589323086
6251,32780.0,3799.0,5.7046900720346905,70.77929812494567,1.078267674529604,-1.5678456767163764
6252,1512.0,14880.0,94.40707243309863,165.67053450454486,1.106718372826884,-1.0367426113002005
6253,20104.0,13566.0,567.9378617035114,34503.920724427546,0.3778378027622759,1.5894128390422448
6255,12354.0,8797.0,12.00945370064746,21.418703060618313,0.7028760568112271,-1.551284931850665
6256,10262.0,14457.0,43.29284763744428,801.5686791703524,1.3174068118042503,-1.5974017306114503
6257,38342.0,4039.0,158.36887047669143,799.3376366439245,0.9226395370846414,-1.5863870812052598
6259,12380.0,11585.0,22.917988508552185,440.8533931023214,1.2791301248751752,1.5767538115480493
6260,2906.0,14068.0,27.563616393468727,401.1718661610721,1.8855475312807841,1.6406149653651287
6261,12702.0,12321.0,4.701345271577876,26.25810995014536,1.0635418903576488,1.616959186732737
6262,807.0,14358.0,128.25197045123184,145.39900513077708,1.2165569752132195,-2.871291144317711
6263,829.0,12625.0,542.5029555207675,20649.819482183124,0.3919824150901745,-1.0618779601508095
6264,31488.0,14192.0,136.14297446355934,16174.45288626261,1.8151420053432379,1.5499833855362934
6266,11745.0,7888.0,76.27591487998251,385.02752964287214,0.9473573757260807,-1.5872941798365683
6267,5898.0,14624.0,59.07978304143478,122.12493346070676,0.9594923112857022,1.5348664677845314
6268,6688.0,15002.0,69.0004721419671,135.50428704388437,0.4316756948400404,0.06273962572939448
6269,1111.0,14984.0,17.549734886582318,19.81293928999425,1.3138169828260955,1.5414901512608343
6271,4913.0,14805.0,19.806699813977612,23.230143905950793,0.445143624700135,-1.5675024182964157
6272,453.0,4710.0,19.54245783814241,421.6372783196753,0.39454691134863756,1.315861411843099
6273,39253.0,13756.0,1872.3857235072248,4236.520598429296,1.308642563018727,-1.569751705813757
6274,2038.0,15019.0,127.36609221125939,553.8271902325786,0.40189175384882,-1.6814439665577605
6275,16334.0,14178.0,9.357891529678266,91.05069179271044,0.4251830344761294,1.5763242009521858
6277,5090.0,10960.0,8.941159625714844,29.446773584646,0.966049356211623,1.550902317798563
6278,7287.0,14572.0,16.056454841420553,116.95787045001278,1.4129102276499037,-1.5387371188574313
6279,9170.0,2644.0,11.715876314291943,73.70010301869772,1.4183955768863161,1.5924553158738615
6280,24707.0,8594.0,450.2817430770336,4732.825266440584,1.2505485662557612,-1.5503893148885275
6281,35478.0,15279.0,9.1716896012054,48.49060794312099,2.4331727432180172,1.5078123253194553
6284,2461.0,15016.0,22.13037718159177,27.388037009917376,0.4016771804419582,0.13336181576620393
6288,26110.0,11004.0,285.7621532496243,1377.6650881347973,0.5119539817390886,-1.5805686838696127
6289,21319.0,13491.0,41.202418620059476,105.81096982455738,0.9785389188201463,-1.5510845731885143
6290,4170.0,8916.0,30.31206794297979,3756.4670473365913,2.3357099628985716,1.5479721590004363
6291,377.0,11012.0,5.629404477842039,22.651661927641353,0.4448938495070904,-1.5260159141441885
6292,15123.0,14921.0,199.5003163400794,1869.3398663564976,1.0350772858634645,1.5818630593223744
6293,8890.0,9409.0,373.58938423096964,1417.340483436143,1.0919028738448584,1.7787417033203838
6294,3203.0,14717.0,28.173255187273224,38.0190346053871,0.4347842991608817,1.59456438898863
6296,7571.0,3365.0,368.161945860662,564.9592538174452,1.066368576672653,-1.545430715060348
6297,44487.0,15204.0,5.821826857166738,8.095054789968431,1.6931280516007214,-0.023548794996774418
6298,26582.0,15278.0,6.694237075927201,9.539059312848952,2.4139911146714548,-1.5236231301385297
6304,11488.0,14691.0,41.06195927917897,67.08854976034684,0.9990085114947117,-1.5730708471385404
6305,19902.0,4519.0,737.2670327735135,7207.003378824429,0.9588193594356552,-1.5853584606654234
6306,22968.0,5551.0,18.14429688993032,1133.2918190018995,0.4467440984452441,-1.5689581016306984
6307,61020.0,199.0,63781360.91367143,63781360.91374597,1.7362497559147712,1.5711440937528622
6309,14208.0,7438.0,17.48069794217076,46.40075224124015,0.4002414671024188,1.593163436613422
6312,2702.0,1391.0,23.36614273399939,301.40858564243166,1.1515646296096265,-1.6308798260597168
6313,48374.0,194.0,6.620205259131934,88.75131270994638,1.7342210097777397,1.5703510630015958
6314,13272.0,15106.0,35.1380997640331,40.60844994195669,2.4079468324980398,1.583961320748473
6316,3563.0,14833.0,105.50064491090727,142.4073359995272,1.2220219547148228,2.0005723105081348
6318,3488.0,11935.0,27.03969087100583,792.5832729977333,1.314062934737193,-1.5382093255848257
6319,3016.0,14690.0,46.13746186775613,157.71058757440107,0.4360983539021984,1.4050663016966904
6321,50051.0,8329.0,54.83743954276635,5693.010343298218,0.9204279286157092,-1.5743072573116033
6322,18345.0,12184.0,39.82554394307972,2913.684765266654,0.4123466369852276,-1.5870576847404367
6323,31031.0,7727.0,68.30904551545339,1596.9489357050604,0.4126716428059196,1.565661766153265
6324,46967.0,10016.0,35.690918835551436,913.2320177170831,1.102982094433826,-1.5702319341038757
6326,34285.0,14974.0,63781360.91367136,63781360.91367137,2.2176740443123775,1.5538857523198921
6329,13132.0,14418.0,58.419076503719296,449.3537021015131,0.9500345645278832,-1.6351461845766997
6330,390.0,6819.0,27.436668277690977,132.91233120035244,0.42403666741288026,2.1183040868810323
6332,12914.0,4584.0,9.044578403765504,76.11618918710644,1.1648169061158111,1.5723764797090851
6334,4995.0,15293.0,25.936203378244482,70.25868749182145,0.9357950818654069,1.6144833257718043
6337,57566.0,12944.0,1080.3366356730596,244033.39764707634,0.9119749222966486,-1.5827696184985278
6342,22806.0,13734.0,148.86226880333393,297.89754915921833,1.2367706002161432,-1.5719608292493017
6345,43483.0,192.0,8.146967357430967,272.132268647172,1.7353817713345605,1.570297751361485
6347,19759.0,13794.0,15.184856300667867,149.87660470336013,0.41013168670308797,1.587365749554312
6349,33953.0,10797.0,2.5566236392672255,14.929104368399724,1.2389563786187434,1.5903921045396785
6350,3949.0,14157.0,20.519053061599433,761.6762506838261,1.2558252197351587,1.905010446843139
6352,48951.0,11345.0,3.90739296254545,45.561086428113676,1.0404327699429468,-1.5413995443107775
6353,23367.0,3819.0,570.8882624323996,2291.5342937474725,0.9592481621469401,1.5651049902983551
6354,635.0,14565.0,14.943017052076588,52.837063990675404,0.9968123508189688,1.8268474160765733
6355,22090.0,13131.0,65.37591897525127,161.1989479169759,0.4322182971921538,1.5544856814220729
6356,27442.0,6327.0,24.723239819143302,104.86372082565867,1.1015084697056128,-1.5671769295752762
6357,14497.0,13946.0,35.053999108838724,98.15775119473622,1.3039487879513836,1.5748170892172044
6358,53749.0,13715.0,33.73594328490523,55.77457237805076,1.0114215472165569,1.5796318730376204
6362,1975.0,14881.0,24.8989975965459,31.75866978208747,1.2274392137472239,1.7971826706086227
6363,11553.0,10727.0,2.7587468260449057,18.909367977219613,1.2389563786187434,-1.5996519214401863
6364,4962.0,14964.0,16.57268406520291,18.05978208824124,1.3271917369619304,3.109261300878106
6365,35116.0,13486.0,94.71210895222647,444.8574052892132,1.0961660352125455,-1.5681507179461152
6366,32431.0,15211.0,13.517141122411504,18.31825114104894,0.9762463301290243,-0.0069153599752687575
6369,23205.0,14601.0,31.707542217945434,43.666840439089526,1.1106115213739582,1.4571276497696004
6371,15227.0,9507.0,152.52978435452076,627.0732322168232,1.0978938854374227,-1.5469767998034758
6372,19384.0,15179.0,58.868120333147665,171.30086806255989,0.9652985732572895,-1.591961155565672
6373,294.0,3852.0,15.608443784514343,327.3151884366913,0.40080592393783987,1.9089514670592955
6374,1550.0,11598.0,13.511177212793289,23.514380490754778,1.054690380891718,1.7292873622527583
6375,27602.0,11442.0,2932.8319913617156,25273.45115886589,1.0682665078563993,-1.6051004695074826
6376,18482.0,8014.0,1.6392660249873827,18.154180170229925,2.211248035255201,-1.653023236721718
6377,3786.0,12519.0,14.226793726605054,55.23963113983267,1.1842497469609647,1.6537569286533849
6380,9102.0,14664.0,22.41255125052968,229.93901116320686,1.9686939289010843,-1.582394437997307
6382,25228.0,3616.0,150.13660370137504,11864.10666873796,0.3621238065825405,1.5729111409812662
6383,2092.0,14079.0,38.89714390951355,66.71020827640892,0.943690080305374,1.6658109721945218
6384,8262.0,2676.0,39.91531340179206,309.47494701621775,1.0645037977636376,-1.5263843894866806
6386,246.0,533.0,23.24226231459803,180.55084473302128,1.1228889342747759,-2.0043684082767723
6388,880.0,14842.0,24.102118070566366,52.65979153816155,1.2802318808357382,1.9464587329360554
6389,7624.0,7447.0,6.5392496982000825,37.50638827877989,1.3090140704753037,-1.5807159056379572
6392,61440.0,199.0,63781360.91367146,63781360.91391217,1.7362497559147712,1.5700996634854447
6393,10005.0,12358.0,58.25312977018448,164.90545259785503,0.9269519685886505,1.5771030297361437
6394,11792.0,7874.0,10767.463166516824,64236.37334903426,1.9429592474485566,-1.596637180745907
6396,8861.0,11817.0,139.83991096611865,887.7725006575741,1.0052747497037737,-1.6012772462112708
6397,46076.0,14069.0,23.018329085713596,124.67894725548672,2.184671348498037,1.611389151306132
6398,640.0,10507.0,94.39702298555046,264.1809730129117,0.4397485416837548,-0.9745950218180157
6399,21641.0,14375.0,30.382776884567797,115.2370423045297,0.9820401741121427,-1.5568457296524807
6401,35480.0,14967.0,63781360.91367135,63781360.91367136,2.2176881135501327,1.5390537859067352
6403,59218.0,10648.0,3.176491792927335,21.58513585069571,1.2394112690615444,-1.5755741431835337
6406,1942.0,12748.0,10.710330214665543,22.64988371106902,1.393555934658571,1.584670609862378
6408,3398.0,14672.0,32.148195381812705,40.10757644378565,1.1207272290242578,-2.9646597938648305
6409,1512.0,8682.0,85.31031901598018,149.7821267085971,1.061650487937744,1.5764439972443087
6411,25060.0,13277.0,12.938362702795322,43.97692869210402,0.39384153295928864,1.5553663528363242
6412,22250.0,5539.0,351.5045994595161,473.94719899451525,1.1039383602678037,1.5446098722874588
6414,11228.0,4211.0,15.832516151579076,312.1190707356592,0.413161821665962,-1.5849722510846544
6415,8604.0,10669.0,207.16665923351545,8539.411501621014,0.9752245225652503,-1.6039491937400159
6416,49359.0,6733.0,68.54793102874018,2077.2804908909507,1.1082824170750099,-1.5669994659597424
6417,11985.0,9631.0,121.68144892579959,14671.889569458011,0.41971590601186365,1.5739999794016282
6420,28864.0,6194.0,41.439205704673654,9838.68018153551,0.44348347171972746,-1.5742472416925246
6422,2241.0,14570.0,6420.415790576732,37598.2632732325,1.2950398172504125,-1.453942433999203
6423,2327.0,14611.0,10.311654204752243,12.388686879909754,1.30869958253051,1.2809520543060238
6424,4533.0,15209.0,4.717656966707882,6.37831535401711,2.208101841751349,-0.3683807418161339
6426,15836.0,14993.0,23.52618122066111,25.0147387467842,0.39379703818046236,-3.099968689943647
6427,27893.0,2406.0,9.962138565453147,151.70262291969095,1.3706641793043726,1.560826092533369
6431,19842.0,14868.0,8.483532079907592,9.561307694355568,2.5206382936769365,1.4805939872876677
6434,12345.0,5237.0,12.535000623924935,95.2256117630607,1.0358369965736793,1.5804989623217072
6435,4404.0,14985.0,69.88917145538976,175.00139855545206,0.9352562669378334,1.6016480361077285
6437,4211.0,13407.0,17.430092978451754,83.75064304072701,1.2903255560319644,-1.6098512134093172
6439,13074.0,14670.0,64.20306766134298,282.16503265979236,0.9591162048489945,-1.567093788806645
6440,9428.0,85.0,46.094259932131564,216.65210221627538,1.0554328161713078,-1.6063211989102903
6441,2242.0,13122.0,12.259850228292033,35.80171174066249,0.9564994215958976,1.4917662039831308
6442,23307.0,14423.0,72.2439219782929,894.0658966849097,1.8028767900652825,-1.5443606099661447
6446,43169.0,12687.0,155.1645204675947,43398.48717564167,1.8430034503420547,1.5721516273547658
6447,4593.0,11497.0,8.752884371914472,31.73768828695937,0.4878606516482308,-1.6388099658162916
6448,3108.0,11722.0,1.7876641389501102,8.803876434055606,2.1536277522031337,1.5565932434860554
6450,16710.0,4232.0,14.411451127091778,103.9315697534109,1.3773388503271609,-1.5414950929467297
6451,37117.0,1864.0,19.049061536503192,280.7907699509985,0.9041579645586999,1.560901744455245
6452,57971.0,12455.0,123.84238996755717,1629.8539172582175,0.9103877334179074,1.5606413249342328
6455,7152.0,7892.0,63781363.00006847,63781376.98781637,0.9310496935251913,1.3513102083342212
6456,12734.0,5675.0,42.92971128538717,1359.0618737392847,0.42228446947017506,1.6050506987030255
6457,39657.0,3957.0,7.611724157028056,152.5650301609987,2.1761547577018225,-1.5776063044991924
6458,15543.0,11064.0,17.070836133026447,34.14379431070171,1.115688364391064,-1.5875795872476532
6460,8753.0,12476.0,748.2741828492354,32726.143960013807,0.4346719933856185,-1.5343590042630781
6461,12740.0,11214.0,58.38030213416654,6979.032076824997,1.0119177365914438,1.558068975279223
6462,895.0,1273.0,69.49476870130607,1573.9420633678578,0.39073637902330144,1.382333725034138
6466,544.0,7773.0,35.22494513276312,227.1371219549948,0.9982576863779482,-2.1935582749547633
6467,16343.0,14844.0,1291.8626905810129,7032.112360986535,1.9297433661148358,-1.5191472443551262
6468,7578.0,13403.0,6.765602936038241,14.001575389600555,0.9614204802417442,-1.586394123025983
6469,39703.0,3027.0,416.8949818880751,11365.572672731616,0.9720449205634379,1.548531317413898
6470,36458.0,13905.0,16.32189661356103,150.28089329697377,0.991341497423844,-1.6295640888662297
6471,42857.0,8080.0,63781363.00084139,63781382.24643617,0.9310496935251913,-1.6083843210130067
6472,630.0,14932.0,197.84410057656984,2055.6824251771327,0.40649808143517074,-2.3762738046356424
6474,5942.0,13973.0,29.42921917459112,109.60735530428977,1.107453322807307,1.5558546146795056
6475,869.0,11602.0,17.714370782194965,68.22933029974651,0.34560576294094136,-1.8776958526797853
6478,7226.0,13573.0,5606.490071745495,21416.352959045464,0.46103211756253354,1.4387466299510685
6479,52104.0,14598.0,53.892806248878195,953.9183146521855,0.8989108650312722,1.5934936891823612
6481,13803.0,9130.0,36.68444932127602,2696.098761320847,1.105257277353819,-1.562140899391274
6482,23782.0,10700.0,17284.144026597456,143307.9460054137,1.049652908008383,1.5449618651300991
6484,3962.0,14636.0,95.05793748325782,198.171985597733,1.4147260434496092,1.5177637302608713
6485,3649.0,908.0,56.35764052610977,874.0522934938001,2.353108478612257,-1.4331117404600415
6489,2818.0,13411.0,7.913916322063612,16.785834589641237,2.072044460545404,1.4937155968135059
6490,1030.0,14855.0,488.4986892450898,3807.482117157598,0.1948153646658018,-1.3436415022249688
6491,33545.0,15160.0,701.1654383284338,14123.673976046131,0.9950455819641761,-1.5662848830531515
6492,31965.0,14932.0,63781360.91367135,63781360.91367136,2.2176881135501327,1.5455146015626362
6493,3990.0,13626.0,89.72197070373356,127.08843055638965,0.969407664123936,-0.37195086560707497
6495,22729.0,8799.0,16.085760520455644,917.3950568153354,0.4015066831719735,-1.5680509281662827
6497,2623.0,12341.0,16.064511889512332,95.4989395697347,1.0761719364838371,-1.605077061053855
6498,11452.0,12305.0,12.378687825676735,39.922166782961824,0.4281385346107038,-1.5636433031356418
6500,31475.0,8887.0,18.53340789608283,107.46096110889496,0.4118178810160551,-1.5665660381387596
6501,985.0,15023.0,11.882967895532667,14.06394627237832,0.41247943239704304,-0.713357187235773
6502,19548.0,12718.0,45.388884289220925,188.00407916483206,0.40887592721295823,-1.5810311776583574
6503,28715.0,5343.0,106.7514474708239,24206.59447250712,0.39427005658851716,1.55965209205756
6504,46395.0,193.0,20.07704898220852,2764.3564687036837,1.7340000719230995,1.5708843617120072
6505,452.0,14800.0,8.231489837228306,17.188940070517777,1.4053155831494508,-2.0784059281401817
6506,3188.0,7451.0,13.58705361809326,75.3156315589495,1.387827818278377,1.4742051292807332
6507,61324.0,199.0,63781360.91367145,63781360.913854726,1.7362497559147712,1.5701746545472695
6509,19700.0,13299.0,49.77242557785158,437.7795694883407,4.5389635204387755,-1.5750011514219189
6510,8551.0,9136.0,4.828764174450048,11.911033672120523,1.1607588005865765,-1.5694905775962142
6511,41503.0,10335.0,197.38569769230307,7599.814551114496,0.9836280533910731,1.560715324224142
6512,3106.0,9334.0,54.38905853170893,151.81102936427052,1.2493831242573932,-1.5323058326641008
6513,1100.0,2538.0,69.18525892035996,2381.3417256350276,1.0669814868126184,2.025697744422064
6514,7128.0,8088.0,165.9345012182642,647.7264412639697,0.4217453921361666,-1.5221159424969095
6520,10506.0,7304.0,25.73972327909458,616.5355771660134,1.2076886869684402,1.5795537203605312
6521,59720.0,10970.0,25163.356811598544,4027418.0048490493,0.9022145678993225,1.5686844836148413
6522,55061.0,13614.0,49.37492538233479,198.56293450451366,0.9449597077909806,-1.5493095676197857
6523,23953.0,7792.0,15.89947470188588,759.5834899753187,0.9499325603044738,1.55979686273843
6524,4622.0,12665.0,46.59419021072165,1368.8271148838937,1.0837209958458638,-1.6102265583618898
6525,33609.0,14940.0,63781360.91367136,63781360.91367136,2.2176881135501327,0.03021112663514499
6526,17556.0,4270.0,61.5390871651401,177.68882686932196,1.111082734704377,1.5635298428636302
6527,11683.0,15074.0,40.12026917961991,42.41112986001086,1.0532416203292,-1.5131787243130244
6531,11520.0,14577.0,53.64326273587381,77.5659347115433,0.9922846650841121,1.6338805726960428
6532,62841.0,11317.0,34.79893213035117,8720.769704894283,1.0027157988460906,1.5742529874711235
6533,37377.0,7620.0,63781363.000478335,63781369.750328705,0.9310496935251913,-1.5436956682946743
6534,12887.0,7103.0,25.960398470014294,648.9014069819679,1.9991695083547794,-1.555762783067899
6535,6682.0,14718.0,91.13611103098752,1713.635046289609,0.4389414658114276,-1.6432773388642097
6536,28068.0,15204.0,6.327042831399513,7.728474773224368,1.6931280516007214,-0.040919211707612806
6541,32502.0,14992.0,63781360.91367135,63781360.91367136,2.2176740443123775,0.024647590725372728
6542,3394.0,14816.0,42.3866128108117,47.96532004137194,0.3891859582702321,-1.473095571111637
6543,2975.0,12972.0,550.9706401794048,57144.56356634356,0.9680742833890637,1.6211386948716946
6544,10329.0,14096.0,17.96780899701866,40.91201941426271,1.8054047148704424,1.5938729047666855
6545,14670.0,14479.0,163.69994180529335,2257.3473746207555,1.0949012609493158,1.683821906142681
6548,2844.0,13581.0,126.72369186409423,814.7366805793806,1.2364446878410147,-1.5654317041322026
6550,7334.0,9297.0,412.7564505169124,10017.24442282739,0.40911589025963996,1.5520117957966661
6552,168.0,14930.0,65.65974976844811,87.72886462642859,0.4635273309560482,-0.24887128892444024
6553,1039.0,11656.0,28.965939763740405,259.8049196585725,0.21051725590063733,0.9387506621797737
6555,29168.0,251.0,30.66826423097014,183.8882286041506,1.1024290935777397,1.5641412445043226
6556,31746.0,13296.0,323.39544543540546,2639.876910093819,0.4265393935051778,-1.5645432496441953
6557,20667.0,12544.0,38.13026036882026,844.943824278569,0.42437533877384503,1.563278433668576
6558,10738.0,2624.0,15.025791266243223,59.27834586421125,0.9554023413508187,-1.5153498604306321
6560,35713.0,7264.0,14.552619718847247,75.54751752760394,1.1667826807587962,-1.5799473618694697
6563,16498.0,7788.0,45.65869298570079,10255.644603145183,0.38861770915192595,-1.5540794615096813
6566,21830.0,7141.0,491.8835503093136,89044.87452566935,0.989799065922324,1.612663793698466
6567,18916.0,2078.0,432.7652520536206,802.0797608343781,0.40183602381649985,1.565743725170802
6568,12097.0,8096.0,1.6195517289540666,13.229975455100712,2.211248035255201,-1.5288280158637706
6572,52252.0,13045.0,64.47958248278783,358.355680428675,1.1020903950616006,-1.575977124310165
6575,10058.0,4003.0,63.55545080199116,6811.597375260046,1.2484755819686366,-1.5446472667965683
6576,12153.0,4385.0,453.6734682488617,180453.8256961251,0.9862795087488389,-1.5976281140882167
6577,15226.0,1126.0,16.722202524013756,92.07099591495869,0.41331891293796386,1.5633711467896503
6579,9213.0,14466.0,98.30075442216678,337.28980808064904,0.42095418349493463,0.014057382265422693
6581,52551.0,11918.0,44.05071691688429,1085.7686086416288,1.2293168510730834,1.5635303507405098
6584,33685.0,6511.0,2015.4497121661861,1125609.5438223146,0.9306561545079786,1.5708781630977802
6585,24379.0,9377.0,27.26700487360694,88.93613073020907,1.1110139538863704,1.581895298522356
6587,47389.0,193.0,26.326428490657978,8650.914994332385,1.7336328859840298,1.5710424899355602
6588,25088.0,14632.0,29.533654525625057,99.99951055965845,1.3056722220130794,-1.551220387069566
6589,43947.0,192.0,7.439888306500646,322.51095587099326,1.7336328859840298,1.5707482495404075
6590,1856.0,9231.0,82.85418603285281,647.3241338651004,0.39145827643343234,-1.5112879043430691
6591,43851.0,13111.0,167.94724542512503,16786.517563330166,1.2327439444843538,-1.5742591173951261
6592,19126.0,2563.0,15.053315516693363,198.17684902315645,0.4327956832757486,1.5841756594742935
6595,3287.0,14951.0,13.374942594731438,16.125915169417993,1.387632525969267,-1.5492342888702657
6599,14310.0,14284.0,21.349054021327078,159.08237727538682,0.4259069886304446,-1.581018177319465
6600,30014.0,14804.0,21.62724774581689,28.786309718054635,0.9940344920755331,-1.5839035541022721
6604,32145.0,15208.0,63781363.000000045,63781363.00000005,1.6044024141576885,0.041811103491798535
6605,307.0,12442.0,234.64982217375027,30468.509164853138,1.133456036640979,1.3255762574690113
6606,12162.0,13868.0,9.99579206254245,125.60068721626129,1.9023990508933337,-1.513115494981139
6607,1102.0,10191.0,154.5152316814696,7684.142853687275,0.39340160442031574,1.5451282237515405
6608,8018.0,3638.0,99.32292941083548,334.245880818324,1.3295618450137645,1.5352928579970384
6609,23211.0,15200.0,63781360.913671404,63781360.913671434,1.8497199417784422,0.07288617663318075
6610,10953.0,14022.0,212.8047792901473,3196.0448966608847,1.2323911532047587,-1.67269976455349
6612,3863.0,2552.0,29.01661412626445,378.0110728577239,1.110148358752855,-1.5179918189635262
6613,19657.0,2722.0,73.54427955482942,3107.1620191923253,1.3813854975262474,-1.58569886293097
6614,24696.0,14250.0,93.53736455905768,3843.322818549313,0.9913053294318758,1.5657878397206322
6615,1056.0,12775.0,205.4929825848863,231.08801744655554,1.1217913818536558,1.5973478470432732
6616,6180.0,14805.0,11.87779300597105,31.340039023963502,0.9662739604887266,-1.548883058466766
6617,3236.0,3506.0,10.993811358656744,44.248255375942804,1.4249503460268704,1.6319210659193317
6618,45655.0,7278.0,361.9030540314523,48526.525509561136,1.0349412675034784,-1.5642492043979233
6619,16623.0,12349.0,31.703528152120306,196.41280431323986,1.242933308277184,1.6293506696549653
6620,9087.0,8392.0,32.61478235283029,146.00461149816798,1.2206014227629036,-1.6179701208765551
6623,11221.0,3498.0,147.1792951145285,8503.308588949296,1.767780817859241,-1.5558462237791073
6624,8379.0,9982.0,239.8917725003496,312.00618782971696,1.1856843902718814,-1.528442453896314
6626,27605.0,6484.0,13.270100319983426,35.37059849538738,0.4825197476663028,1.5682897269602165
6627,26376.0,14733.0,15.933289746508217,30.033913103687286,0.4719554566973333,-1.5575018111816836
6628,25970.0,3992.0,63781360.91367384,63781361.259964176,1.8087532333352487,-1.6082815645850037
6629,4618.0,12882.0,6.026078046575919,16.37501061171762,1.014549560823431,-1.5644028474331007
6631,457.0,12745.0,7.276011127003725,14.242223271878862,0.5334316201975087,1.4880433349897575
6632,12193.0,10499.0,5.205205713099143,41.286759141483024,1.8085049593855291,-1.6306771646502667
6633,2660.0,14582.0,103.79893157556678,251.86083363602376,2.3413518587340487,1.7493227899324502
6634,22744.0,14763.0,387.4204393143411,12996.775466642981,1.3032020357617968,1.5125840845722238
6635,7724.0,4112.0,102.54174816679298,431.2581103724817,1.5158492092446607,-1.4663307173200628
6637,40254.0,7162.0,261.03649957262115,420.1608882003228,0.9909889573835955,-1.558866325613676
6639,46613.0,5724.0,115.92241940655023,9054.63283005953,0.9900034210273534,-1.5713154415112394
6642,34165.0,11153.0,73.88747724509639,7308.217975078078,0.4008523596878154,-1.5658811575366824
6643,26288.0,14723.0,352.17509565299315,5062.906306103294,1.7521887008569237,1.5689360832023587
6644,48700.0,9787.0,949.7637836233307,236267.5314752138,0.9167870618468028,1.5670427008893613
6645,21266.0,5234.0,53.84425193701784,2668.6267251946447,0.38517124945389436,1.5747995276197273
6646,27251.0,15248.0,43.864585223683044,432.6606506608139,2.137621825628394,1.6680104559413493
6648,19209.0,10113.0,41.29762842512268,101.46388150456882,1.2655432521767176,1.5653257214130676
6649,30333.0,7678.0,63781363.000066966,63781382.32025071,0.9310496935251913,-1.5387618173976259
6650,415.0,8536.0,4.460616186712809,27.544047062503722,0.5020798368558932,1.6768237041900977
6651,2668.0,14425.0,1593.6739882299498,45302.75354970705,1.3534876829350075,1.7332048984084159
6652,8837.0,14135.0,34.17195822451056,158.7166218622526,1.8750476548184407,-1.6275846320710465
6653,17185.0,12357.0,36.2605023682516,9217.821917379768,1.6911337811327136,1.5742139543990148
6654,27913.0,6576.0,236.00518019551956,25162.11160748022,1.5398855237601106,1.580645971145494
6655,28607.0,13245.0,49.65915695791443,148.30698272061906,0.9525527791926998,1.5228235784034598
6657,7734.0,10557.0,801.00636209315,61120.42603017724,1.543674983411431,-1.3832622454794723
6659,42289.0,7020.0,5.035557706087675,76.09628060442925,1.0582400586184777,-1.5619845748081818
6661,9055.0,13225.0,11.201978559967632,27.007655000092058,1.120303665865063,-1.5563389383785526
6662,56126.0,12290.0,2257.1663090911775,366954.2616129203,1.5403673783674159,-1.5825199009674664
6663,1789.0,14446.0,80.86444754277497,149.47468558546,0.9897398708317743,2.190322264067259
6664,17879.0,11405.0,55.34553885664723,247.95660299666352,1.4239750517150958,-1.5608997399124864
6665,12138.0,14766.0,50.41992125339178,59.18283284021022,0.3787264516945449,1.54438497515688
6666,33338.0,12746.0,15690.163727528947,53760.347130926144,3.0028497877056672,1.5967953797154244
6668,13567.0,15206.0,6.592263288352298,7.4753380761411625,1.6931280516007214,-3.094598857851589
6669,15683.0,15208.0,3.926456545570923,4.409480491513506,1.8386299442869083,0.033500526480922416
6670,9026.0,15200.0,4.753755194371628,5.673786648432669,1.9204581963001401,-0.07292002267276432
6672,15911.0,5553.0,69.90855779575774,374.5813136192848,1.1091025561456087,-1.6897223084080601
6676,57476.0,198.0,8.246783619346738,1757.514310495066,1.7338156410824932,-1.5702385804481587
6677,6000.0,13997.0,40.97846033756398,284.1731249985056,1.807540636814277,-1.5399543086041132
6678,36123.0,15071.0,6.984850873563926,7.064396657505269,3.220486783048706,-1.7400359986862632
6680,1530.0,2722.0,20.400028119197817,828.0305256625153,1.3213800407043306,-1.4461637561962017
6681,2692.0,15219.0,5.2318471313221675,5.689516911359226,1.0417434539229011,2.4811941588961473
6682,18501.0,14019.0,16.008019222444773,90.07958048050213,1.8834027288866562,1.642555522346728
6684,44739.0,13839.0,1587.8248683680843,84765.07585368675,1.9055344342126623,1.5819747018125858
6686,1116.0,13442.0,185.49961363554263,2206.923791103199,1.7797171190491081,1.912289356730047
6687,10195.0,14900.0,95.78945355760825,1049.8167647075577,1.6381104445385049,-1.5050505313619187
6688,3074.0,13685.0,24.26851026350433,162.18221920617268,1.2924619182052448,-1.53102571853747
6690,8324.0,12828.0,27.865842232346576,1143.290285408947,0.42595236844491374,1.55775105023423
6691,26527.0,359.0,92.58760927695748,569.2518091489939,1.0924663041302565,1.5655162157059006
6692,15207.0,14370.0,11.52246848786217,19.21134863664818,1.3197255428862573,1.5815432427675897
6693,340.0,14951.0,21.148961907759016,30.355864265780113,0.46746837732839597,1.512603235864335
6694,531.0,14986.0,5.722125712393236,7.16201798935228,1.2753532926799769,1.5187723536236986
6695,10307.0,12695.0,73.9870563991218,1888.2768267162235,0.9079333339969615,-1.5401734205806328
6696,11292.0,11428.0,24.25213509805357,3253.3684031207254,0.4028888566559615,-1.5838328704768017
6697,14163.0,11961.0,30.10258182639845,108.7738768285835,0.4321052575174912,1.5816047242160998
6700,16859.0,10726.0,2.9281364604492754,11.554063944605865,1.2389563786187434,1.6245561540661733
6701,57166.0,10426.0,28.96376453841393,8444.702912626559,0.9947200055412475,-1.5606937776403567
6703,5651.0,10553.0,672.3820377819104,12536.691374111353,0.4042377634852026,1.5398076745873919
6705,215.0,14725.0,39.99575010368851,120.29642799835655,1.5234310875824755,-2.4078327098015024
6706,52619.0,11178.0,120.13058572790737,9884.291877349518,1.102431489892787,-1.5810019104993556
6711,25172.0,14873.0,755.2387301402422,14449.075606008584,1.006734774746754,1.5778013544033747
6712,1224.0,15003.0,21.027436761698645,39.21905513529142,1.2851013925749013,-1.3743974615314245
6715,7990.0,11748.0,38.1594039618647,162.0617264216994,1.2197573490662421,1.57385571689729
6716,2934.0,14376.0,37.02378035969267,63.75333822249528,0.4167919655696288,-1.6305657758692778
6717,3680.0,3163.0,11.48312904331171,192.5515693872998,0.4293923787318866,1.6574087732064273
6718,13376.0,13295.0,6.2318196168499185,14.692830543405066,1.4036573930206322,1.5695850259469781
6720,43130.0,1101.0,124.60293398058064,6728.222461220279,1.4564404582469124,1.5488179172103915
6721,37229.0,14744.0,52.14710848269531,84.16880164762048,1.5550552169723806,-1.5430148946552575
6723,2091.0,13790.0,344.784833601205,2627.8643270866546,1.0833532358872637,-1.8053377697996014
6724,25370.0,4615.0,954.5343016870673,50046.8143744275,1.1073248685674593,-1.5971945364097535
6725,23485.0,9623.0,20.249733675132195,616.3657346898298,0.9790302433534103,-1.5628958583403925
6729,17449.0,14123.0,23.58690607025721,107.11538096956005,1.602586376667828,1.5742536456704725
6730,10342.0,1864.0,18.878899705778103,103.82573578922178,1.2627088905369936,1.563944173577715
6731,29895.0,5892.0,55.86008431035801,1057.3211665837878,0.4274298347831791,-1.5741432397100499
6733,1151.0,11910.0,27.574088904111363,725.3449873025407,1.2500509543222431,1.5916366974480007
6737,43800.0,192.0,6.273377839845603,117.7943914940637,1.7336328859840298,1.5707254100691612
6738,17051.0,13389.0,15.191417029473165,39.33861807724105,1.3607297113805643,1.5922037302758203
6739,45489.0,10896.0,49.43336114076373,442.5913359066654,0.9496711557517648,1.5659294054318824
6740,37251.0,6280.0,74.52220225128362,1452.6869610697963,0.997931997980063,1.5616246209663545
6741,43782.0,10589.0,63.4344363880455,466.70098894971113,1.110072429640243,-1.571918850517227
6742,32242.0,14202.0,63781360.913671345,63781360.91367323,1.831773943212838,1.560562592630291
6744,26285.0,12200.0,15236.180215241497,67796.92630395408,3.666585870480585,1.507609843683649
6745,19164.0,2346.0,21.057416367716037,222.16090304601224,1.0193341035014698,-1.5766027183746227
6746,5174.0,5809.0,22.359215791476068,88.99887434299593,1.3785326926116492,-1.637102839469382
6748,40262.0,15229.0,2127.892528246471,41247.86804708755,0.8877323637860799,-1.5520498944986592
6750,16384.0,5124.0,18.71230639440218,379.0977158396592,0.950882996685552,-1.5916330033398127
6752,33929.0,14616.0,3518.2396678482787,16197.725882543513,1.0437566919661232,1.3740232051002526
6753,5675.0,12656.0,3196.8584212413243,9696.65253227177,3.336241938054032,1.3590377636558593
6754,43929.0,192.0,7.700084515138244,364.9854476517745,1.7336328859840298,1.5706703046716082
6758,26666.0,12322.0,68.12548844546457,83.90591494115,0.4113254258988743,1.5637982130663202
6759,45596.0,7327.0,63781363.00032182,63781363.095563784,0.9310496935251913,1.562651595745546
6760,3574.0,14028.0,22.88220960994942,51.01731748549591,1.0668712006593943,-1.5462547812677265
6761,37173.0,4253.0,37.244830548615724,191.69568786235126,0.9535542318661715,-1.5549489479925154
6762,21960.0,14075.0,24.78315099217915,33.46287354320328,0.4258870597483779,-1.596412663168158
6763,15141.0,11028.0,838.4863496793764,5312.242268760234,1.1437723370101618,-1.487822622337621
6764,28868.0,11937.0,2054.3119901457094,72984.96098263196,2.2501180567641956,1.5837233233011156
6765,45087.0,5969.0,8.311092220128694,57.61127245334131,1.0257731381212734,1.5700904594217189
6766,14879.0,14743.0,23.236278177746183,34.163779943017644,1.9048500848472796,-1.6176511273277379
6767,34843.0,12551.0,353.0714664716526,3756.6057571482675,1.2569591892433631,-1.5799223958406587
6768,489.0,12465.0,142.4924234829099,502.1601809031631,0.40553864264687617,2.818693761181328
6769,9130.0,13854.0,78.33391838332327,2852.604962372014,0.41480344377824696,-1.5919781749373751
6771,20255.0,14715.0,45.311430947175936,581.9990952459505,0.3983905018875595,-1.5926347340598686
6772,8445.0,7091.0,20.21422558741411,83.35613428587712,1.217970567769762,-1.588477000361409
6773,47001.0,193.0,23.14637641457497,6655.5129682259985,1.7336328859840298,1.5700348828706867
6774,968.0,14917.0,24.643427137480238,78.51305462965338,1.3671229429477112,-1.6431103926422528
6777,30196.0,13960.0,217.59091559356986,2978.1104610191796,0.9754271237422333,-1.5168259056164606
6778,48075.0,13121.0,1019.8935467412709,13540.073627652378,1.0971964830436494,-1.6249159418259451
6779,6491.0,8648.0,149.71672502133688,3222.3026568465357,1.3735096088837158,1.6041032632837002
6780,361.0,13216.0,28.867689795637315,1266.63162950356,0.4366963306697261,-2.2355390478772517
6782,17350.0,12664.0,22.170239863200862,246.22864466688745,0.48552792405590983,1.5724793109471629
6785,49108.0,14617.0,1205.3957244388796,10164.060266352002,1.5387414717101198,1.5515181191620648
6786,2589.0,8077.0,12.866555471973545,443.32213615993317,0.9752169349398173,1.69596051600482
6787,2487.0,8546.0,18166.443751276736,97149.29072317488,1.8964548207098448,-1.897126654205147
6788,9952.0,1716.0,24.89025152395385,215.16399796172217,0.8680052327312009,-1.53291142567794
6789,8266.0,13210.0,51.236162751118975,493.9991334812138,0.43405017921181144,-1.599048578144757
6790,549.0,14016.0,19.465644412291603,64.79758630660338,1.297524689078263,1.6812976316534425
6792,1090.0,1803.0,222.15001987952758,2525.643457181121,1.0779958818912627,1.5255324768233014
6793,47176.0,13873.0,61.164376258317546,6021.620576617193,1.9023065828841055,-1.5590112539469778
6794,19805.0,9441.0,30.467103929886427,154.570857972686,1.3073323749934869,-1.587034925153853
6795,30203.0,9270.0,63781360.91367135,63781360.91367358,1.6953234243460904,-1.5155559171075192
6796,4200.0,5077.0,92.24354716953877,242.86819932775748,1.2414309539292658,1.609778880244566
6800,57262.0,10548.0,45.571589125095834,1223.1071515642186,1.860732203170391,-1.5549858707182476
6802,4574.0,4588.0,30.653420961154296,85.2266281703233,1.2303085727958685,-1.6385038475942053
6804,28527.0,14731.0,76.48223999403479,5550.045910550239,1.534999074966557,-1.5748175585328763
6805,17914.0,5787.0,57.95049898023985,231.89233584086935,1.1056155935735235,1.621234126309699
6806,49766.0,14682.0,63781360.91367137,63781360.91367169,1.8444033205084782,1.6013528016709269
6808,8553.0,7444.0,195.8652047293898,886.7348363351774,0.9309797869774928,1.5334270730615005
6809,1289.0,14920.0,338.2928346080829,1202.880477325207,0.40400572713679744,-0.16861081978776463
6810,9637.0,5840.0,26.16855044764328,597.0549839741125,1.0992231209563963,1.5765814715629596
6812,10695.0,13955.0,22.784797058850643,70.71519654614325,1.1171143631000644,-1.5779629996263653
6813,47437.0,6786.0,69.54471981462423,984.2153205932035,0.97856604904957,1.5402495282688322
6814,8990.0,12575.0,63781363.00000004,63781363.00000247,1.3011821772737133,-1.63806213932757
6816,9156.0,7086.0,653.1636057543722,139642.3327796829,0.989799065922324,-1.5368700948719591
6817,4945.0,12450.0,6.592458922002559,24.69388422650763,0.43609549487875293,-1.5631914403931808
6818,920.0,14858.0,26.6316552471253,28.091979374227382,0.4079526277357341,-3.121343365581053
6819,20580.0,14514.0,6.774231327747973,13.457143950825046,3.4127643217551973,-1.618541393685685
6820,8703.0,14344.0,35.593305587223504,38.831447143493754,1.3189078491089616,-1.5768908038835527
6821,18373.0,14626.0,13.53913423461889,21.175872796883702,1.0306000235727548,-1.5589689860895775
6826,37274.0,3897.0,49.4273019288932,807.8551536367602,1.5415947116161073,-1.5866482318622293
6827,1977.0,13753.0,12.442396767698776,62.43192694546163,1.0015539984602084,-1.5381318585628405
6828,43049.0,9193.0,7.371438841303862,162.29979165397106,0.9680354935680197,-1.5739932787616389
6832,31418.0,10611.0,32.56454596613622,1821.980139294186,0.42924896117575667,1.5569406625854092
6833,23331.0,8004.0,1.8445964466413065,33.08201593749446,2.211248035255201,-1.6280505434302228
6834,129.0,15209.0,12.262657989996434,21.437845145496187,0.9681312515508919,0.9638569287304952
6836,3442.0,14844.0,1294.6614440261826,7229.809146753051,1.9297433661148358,-1.3114871966831239
6837,2007.0,13885.0,11.866071391313522,35.4213982551638,1.168135851441853,-1.6860529013088992
6839,320.0,14889.0,53.656044829602045,115.09894518018635,1.3379977521566908,2.6114385519574266
6841,56184.0,11208.0,72.28859690811032,12029.43516502757,0.9516169591686585,1.5727888522644786
6842,40120.0,13417.0,5333.755591833838,44292.843839530884,1.1183568885608244,-1.5891964529597744
6845,5392.0,14398.0,227.7939653121279,532.8790252047136,0.9504609600518429,1.5123862555359746
6846,2643.0,14591.0,13.965314031630408,23.47137905004659,1.1540705239090847,-1.5324059706809299
6848,17499.0,13172.0,35.67254363687231,179.76848577158714,1.1073877043495144,1.5508331258061017
6849,54339.0,9809.0,74.80832564417048,13425.552795709498,0.9368770441633502,1.5700271664815109
6851,46356.0,193.0,21.889996672236865,3343.5413749555623,1.7340000719230995,1.5708503004221417
6854,26044.0,15279.0,7.292733963318403,15.65559796312099,2.4139911146714548,1.476691621417729
6857,3809.0,14916.0,1315.8924090124453,3395.6347118666376,0.4246528010033418,1.5935227704333665
6858,47413.0,193.0,27.200250637449106,9130.266826128696,1.7336328859840298,1.571115079992323
6859,62951.0,11074.0,6.4006317719719465,423.5281654081031,1.0565710523973049,-1.5534374874837669
6860,23472.0,14854.0,17.056656221123035,27.31581740774655,0.4283252206120139,1.5606189959961585
6861,6061.0,15094.0,8.673602990820488,15.470988513146171,1.0549131381523407,-1.5932246150957219
6862,39673.0,12676.0,4.395306767885414,18.402982127081515,1.048835302040386,-1.553819264525291
6864,27865.0,448.0,24.989302828498506,535.6907492840841,1.1086146417398548,1.5797404572589189
6865,6611.0,6277.0,342.39002232999036,3071.777853653319,2.314248212230425,1.529857887532207
6866,769.0,14314.0,25.538831315457305,36.37698912883223,0.42342789014234816,1.728490640468104
6869,7637.0,5321.0,12.22927374672549,108.31819905050075,0.9646499016711418,1.5874773830725255
6873,40129.0,6848.0,5.902843004440309,31.894052166754133,1.3285025489594715,1.58653134018111
6874,14036.0,9298.0,112.22790733880669,604.5360908364956,0.42590760080344714,1.5737230580133048
6875,17903.0,3642.0,54.23784609651891,966.3780589193731,0.4268714070948363,-1.578521670932711
6876,8026.0,11939.0,516.9006719362493,22206.459309810984,0.40631142947483184,-1.5280087482231361
6877,3814.0,10264.0,46.822592672817365,227.79334107447863,0.4139487615823756,-1.4536307382118148
6878,2491.0,2679.0,164.6950890546929,50645.218322868335,0.9917787471374215,1.9042948195585347
6880,16905.0,14568.0,101.70437580691268,464.34006007064,0.9794780558647364,1.6119903309297898
6881,29197.0,14845.0,1289.1797201240545,6835.549488440792,1.9297433661148358,-1.5377184470155094
6882,1981.0,10586.0,5.7772743800529796,39.196539879441865,1.2837978865223962,1.5345677564138496
6884,15558.0,15051.0,53.644738832925306,480.0756860059463,0.9670566006066273,-1.5420329124322116
6886,51091.0,8156.0,1.6319453028276596,17.992362025712442,2.211248035255201,1.5986238438566296
6887,1097.0,8861.0,311.3052702278752,46376.69344553319,1.2740881150200911,0.5924897436078512
6889,19863.0,15226.0,2580.8206279827805,57728.02767346439,0.8877323637860799,-1.5473615956611453
6890,1879.0,13578.0,12.850853752408426,57.73312776622484,2.3483898344380627,-1.4293185677981302
6892,19715.0,13098.0,34.82291741937884,199.98117195417402,1.2320685671927256,-1.5789404729081418
6896,21314.0,5992.0,606.9025027613756,22328.529791560817,1.0054146796263792,1.5707503028186143
6897,2429.0,14759.0,27.7161113590493,40.30142502388375,1.0956269638769955,1.5541268316881292
6900,28888.0,11532.0,7.469863327692114,43.03728458408425,0.481812595425137,1.5665679347768808
6901,4117.0,14046.0,889.1277450024567,2761.2574468438925,1.0206632539719935,-1.7644168428921154
6903,24223.0,4598.0,121.1751631272222,431.0996861374155,0.4065552041299403,-1.5711200333826845
6905,13498.0,8514.0,24.27430442367411,171.9739414480146,0.9265693736338125,-1.6373477708667794
6906,47894.0,14268.0,127.67942712819196,16002.838851269922,0.9661830019789395,1.599940661297614
6909,29243.0,15208.0,4.787239926359458,6.247063729116006,2.208101841751349,-0.050334538633006784
6910,3049.0,15265.0,9127.40173988833,23103.677250558147,0.9599486901497354,1.3814194737292482
6911,2446.0,13795.0,655.3782172715913,6063.742004789937,1.3274016464691318,-1.5904263049838219
6914,130.0,13066.0,63781363.00000016,63781363.00003505,1.0324923256343141,-1.3577577401333816
6915,665.0,11770.0,5.687572178399744,10.35130808670746,1.493495324308156,-1.7541745055177977
6916,63602.0,11984.0,24.036482670370233,136.74581978858123,0.9538370660673576,1.5836467120280535
6917,21384.0,6413.0,3.9059565181562257,19.132129713632263,1.0434218802597597,-1.4874077887191586
6919,48279.0,194.0,6.511683561658549,77.20345864045424,1.7342210097777397,1.5699241129816517
6920,38421.0,6166.0,61.5657242645637,3775.5812141939655,1.2450652156028785,-1.5414157768277637
6921,750.0,6558.0,578.0385928373042,18765.308732137397,0.33368577948425654,-0.08146844253465611
6922,15120.0,10766.0,24.83534125476051,264.13629044186524,1.8224369436428487,-1.5890333203782327
6923,42575.0,192.0,25.459096682566777,5590.759250264746,1.7353817713345605,1.5701558179025585
6924,565.0,13805.0,138.27201980207505,4103.242295111545,0.1768593988006254,0.098827530719471
6927,4277.0,6757.0,33.383704865301546,245.34911738208433,0.3974192607203593,1.6296421219842143
6928,94.0,1211.0,99.08579571621023,7072.716045517386,0.20790869279084076,-2.637141220658689
6929,29588.0,1467.0,12.414748791311034,70.41221644996816,1.0474784838719324,-1.58165967678512
6932,37247.0,5681.0,473.6248619715917,198311.5640020164,0.9856042244832306,-1.566663044738737
6933,43612.0,3836.0,813.2022021829089,311287.81122597004,0.9347539650395521,1.5717409765418857
6934,6585.0,9802.0,24.38433760638607,54.25006202455322,0.9564994215958976,-1.65539967031166
6936,298.0,7974.0,11.288968632386865,40.98695482449597,0.7526196104804173,0.890361935681661
6937,23190.0,12407.0,55.2155054611372,703.2767815711954,1.0229719099879642,-1.5992225017003818
6938,7894.0,11011.0,196.03465534504622,1983.1006893409433,1.084575116164406,1.6144660059580798
6939,5005.0,14150.0,56.08056680510928,117.69644242123233,1.288233008095455,1.6473976631251244
6940,31958.0,13542.0,72.98532945149681,9731.578357402967,1.4423918469983747,1.569261118987943
6942,3168.0,7006.0,17.057281630472012,81.84944381583338,0.9623539320299898,-1.5334440972916568
6944,44635.0,12910.0,1748.0461146688808,1236871.133564467,0.9874750514820765,1.5304439589509702
6947,276.0,14671.0,15.00341487219059,22.82349331649128,1.0385238918218787,0.7503489808323589
6948,4336.0,15071.0,4115.726227350512,615259.6353421865,0.889199979859543,1.5665162536149124
6949,14994.0,11694.0,178.1341299515376,2908.8892185676755,0.9148894032115458,-1.550819554588588
6952,34113.0,13024.0,63781363.00000028,63781363.000442065,1.4116557818880704,1.6070902634920952
6953,23541.0,1880.0,32.95478084812362,347.1904052272218,0.40654981598601725,1.582543140264747
6954,22890.0,7405.0,196.8015647248947,810.0052600683055,0.9309797869774928,1.5597778218731677
6956,58093.0,11780.0,727.2483296777087,102660.44401771878,0.9371461528687609,-1.532764116731531
6957,43483.0,192.0,8.14696706062147,272.1340864279248,1.7353817713345605,1.5712944961224564
6958,28727.0,11872.0,689.7898853647755,2768.9880251535296,0.9868538082475906,-1.523127512808503
6959,16869.0,13252.0,42.8783549188771,513.603927670884,1.270610080641597,-1.5173274605456117
6960,8680.0,14440.0,29.878142759321378,47.31351724364018,2.311872171896913,-1.5367329461459671
6962,14671.0,14625.0,38607.95858490536,1547908.0307104865,0.8880564504400116,1.5149008310163
6964,18703.0,6462.0,61.03593954534939,536.7032877060511,1.331106526250843,-1.543072182299361
6967,25563.0,5030.0,189.36790588177223,1140.0709330116915,1.8000944914055437,1.5783501084095417
6969,3912.0,324.0,37.21182589384511,199.0238005757278,1.1223573582280226,1.6560365747681474
6971,19114.0,12192.0,52.839228309444366,2179.0091649789942,1.0159074988825751,1.584497370661991
6972,18014.0,5069.0,56.8256163510974,4412.75635373168,0.41800595302122817,-1.5798884113741023
6973,9923.0,14429.0,63781363.00144807,63781364.50066907,1.8922506632392606,-1.453488685173147
6974,37134.0,3806.0,132.51651984450598,32045.786643206768,1.2959929624798348,1.5845702419718677
6975,11029.0,14901.0,818.8902240585853,941.8012955319413,1.663630216096836,-1.5940205453577478
6976,16046.0,10823.0,4.434333309629349,25.16060509071454,2.2413282434220845,-1.5714666829404675
6978,2180.0,13281.0,22.96074406982411,96.13856897346388,1.8210192441189021,1.3550620698283564
6979,45375.0,14834.0,120.57616095591267,6410.867750311848,0.9561769987370881,1.5703695601030063
6980,694.0,14898.0,78.64256570781947,2971.3239474709676,0.33409723293869287,-1.5578826588386152
6983,10648.0,15066.0,3.1050116945059054,3.2300551206872905,2.2176740443123775,-1.9903727048057427
6984,33671.0,14983.0,63781360.913671345,63781360.913671345,2.2176740443123775,1.545576951456141
6985,8934.0,4165.0,3.680828242309166,26.383206970801933,1.0597531310490274,1.5777236562917283
6988,3145.0,8810.0,11.49918039019479,70.2735384758936,0.9485021192598426,-1.647114344034514
6989,379.0,11813.0,7.979147789903096,19.07933045794544,1.1340443852875433,-1.7853007858530974
6991,19624.0,12245.0,21.459979875092955,117.65426250528037,1.3158761790536535,-1.556545192844449
6992,25900.0,14312.0,17.604237295544827,68.36148637652205,0.9668733882218749,1.5842940639548135
6993,48416.0,14926.0,8.495377777345217,14.875237302328713,0.9703458554662702,1.5209856796039096
6995,21676.0,2100.0,25.864147014670504,232.93175172693805,0.9745589778510105,-1.5895929197878025
6997,8622.0,15207.0,3.7097181847049523,6.038763322502431,1.6044024141576885,-0.08003346411100301
7000,11549.0,15031.0,14.901184087708634,17.35427055479227,0.42904993768593647,1.4906514547043317
7001,349.0,12451.0,19.784498117479217,82.23211274226439,0.4203412088558931,-0.9552437628810394
7004,46817.0,13617.0,9.497991103652716,35.835821708310206,0.9884335081186761,-1.5614487772683607
7005,31693.0,13759.0,63781363.00000153,63781363.00001622,0.4860403757994365,-1.5727086373646502
7006,10819.0,14761.0,1215.9815562395713,2736.5883480418415,0.9840714969883746,-1.3855831963437872
7007,16928.0,12250.0,211.862800431907,47057.190110601645,1.0089165146708354,-1.5685218390377778
7010,23789.0,14857.0,36.341751512766145,313.06634095926375,0.44679012521324113,1.5739886345734444
7011,7937.0,3323.0,23.41173649608144,348.81526265857764,0.9589206952760293,-1.55051537615017
7012,22625.0,10790.0,6.065420808674106,61.09723738086881,1.2775702143664096,-1.5729251086435259
7013,17840.0,4276.0,16.473114296329758,68.2771786491373,0.43679991838977333,1.57849288257739
7016,33990.0,10558.0,28.8364254289661,454.13620441369994,0.42530921050746645,-1.5752790690277698
7020,44128.0,4546.0,219.2678788433323,6907.537439169935,0.9936614670950421,-1.5514371885744833
7022,5075.0,9105.0,6.872598392531266,13.38589043677236,0.47337135519708007,-1.5832482686238938
7024,1270.0,8685.0,55.135901723453415,5962.036516421527,0.4515216045544317,-1.259314257836079
7025,781.0,6760.0,325.525527895217,3504.7466977410445,1.3279772402825982,-1.5289259012556036
7026,5665.0,14693.0,18.804979494749457,34.586179023636234,1.227172557924957,1.4902922997160573
7027,5111.0,14641.0,14.551249284836386,60.40921880260693,0.41541940581353265,-1.6035490526685094
7028,18640.0,9791.0,1184.6177074670807,332684.0748083834,0.9176687964838058,-1.5792721223786077
7029,11428.0,15444.0,11.985158362861373,29.88275699756377,1.8141177627204925,-1.5457777871272733
7030,31534.0,5008.0,112.49064653579663,7940.834356305545,1.243271800578597,-1.5862421770261999
7031,13593.0,8992.0,10.307521374048763,43.74264543381917,1.0072329963256998,1.5750961928815688
7035,45306.0,14605.0,141.41990454008504,723.45501144052,0.9482978090697427,-1.6001110432098138
7039,9053.0,5122.0,24.43393365888564,122.13448705826865,1.338664965082402,1.5780569954765966
7040,27639.0,14576.0,21.62353626661615,144.86137461494155,1.247668509689847,1.5660370200549796
7042,47355.0,193.0,25.828641306976845,8416.466156844495,1.7336328859840298,1.5702705578268619
7044,24941.0,15015.0,3.768546965752521,4.094051936334444,2.2176740443123775,1.5071878334570838
7045,1937.0,1301.0,21.42473407584442,108.14415818077478,1.232709927160023,-1.551245215596912
7046,3902.0,6873.0,26.823401484507173,213.3465688629128,1.3039496099917953,-1.7940295553407952
7047,27650.0,14229.0,45.548777059011584,570.2028237629277,0.9988660779348897,-1.5688376328056102
7048,12067.0,11535.0,31.68944176117449,559.148111242952,0.9497930549624745,1.5323357667896107
7050,19588.0,4660.0,12.907689674069701,113.61124116101233,0.44840424121149075,-1.5705367015631833
7051,57428.0,11548.0,36.19307081500462,573.824641556862,0.9738655272833646,1.5646634382770541
7053,15214.0,13392.0,29.32666185970588,336.2507993376645,0.42565319529666823,1.5698751687078112
7054,62016.0,199.0,63781360.91367147,63781360.91417577,1.7362497559147712,1.5714607097958648
7055,388.0,12395.0,92.63227183046743,4918.396939944395,0.40545276648064194,-1.1018464601427012
7056,873.0,14881.0,117.31633546440823,493.3109473292302,0.41212392886703236,-1.0590999175259594
7057,168.0,739.0,17.905028673479855,1155.6104635027732,0.6731255164182887,2.3120586699465044
7058,6425.0,3281.0,40.32721749051453,296.6567942071382,0.9770544792645769,-1.547322387979936
7059,2797.0,14452.0,100.72722064434616,989.0695415918801,2.3453277022255996,-1.7397211136829096
7060,40109.0,14840.0,112.21096688097403,190.13082366387258,1.4723200324850452,-1.5739766690855184
7063,8941.0,13780.0,7.939550806848787,12.621269977023605,2.567520346981338,1.4068762862757211
7065,9575.0,11536.0,25.654948272258,475.32886840448936,1.1093781347204543,1.5915401365162636
7068,1163.0,14814.0,64.80440405846292,412.22581064760175,0.4086000197890207,0.5453434076107709
7069,6349.0,14807.0,24.07921938650585,29.682205478889863,1.1989625681410527,3.130389232357479
7070,2229.0,14151.0,9.029566721856702,23.035889855123106,1.4302831178568836,1.5928566095333618
7071,1038.0,14912.0,1888.134425062778,4880.58449082704,0.39473476060038903,-1.0725934395843955
7072,2243.0,14537.0,104.24119373724116,356.0864723753919,1.7583231366315386,-1.4237889182334553
7073,30740.0,11260.0,3.1611611800841906,47.13270393091628,0.9869422190340418,1.575952287540777
7075,22706.0,8115.0,1.621859466662571,8.441224398455237,2.211248035255201,-1.5602100817604851
7076,58178.0,10363.0,67.9294571994947,8524.99252061461,1.006895147232507,1.5676244942083217
7077,27010.0,14305.0,57.53173523123262,169.40866619697192,1.2248605570165714,-1.6146747371989112
7078,61573.0,199.0,63781360.91367145,63781360.913886294,1.7362497559147712,-1.5706245873390206
7079,35910.0,5395.0,61.108339609897186,385.7099104280448,0.9580134101359118,1.5713609432359232
7081,1761.0,14761.0,22.013399153650862,44.315275458428175,1.6111274260628219,-1.4743349555576049
7082,10945.0,2018.0,54.955461878299424,157.71857299203538,1.1086321693940988,-1.6309627969179914
7083,21458.0,13596.0,14.103031665201076,72.77937618862447,1.4955496036580598,-1.5340774704616418
7086,26294.0,15064.0,63781363.00000007,63781363.00000007,1.2759349657503145,-1.6401847400285137
7087,60933.0,198.0,63781360.913671404,63781360.91368154,1.7362497559147712,1.5710370365150381
7089,4080.0,15320.0,26.666263740281636,27.205917605592393,1.0432847228325883,1.597073021513725
7094,9636.0,512.0,75.57298339991978,10955.847847680237,0.4254707766987818,1.619744400841373
7095,61173.0,11128.0,3.823415076070235,48.566414518940164,1.0565710523973049,1.5514995324155645
7097,5965.0,6094.0,10.569697048208015,84.25865776419899,1.2113619531411242,-1.5750980282833484
7098,2610.0,15207.0,11.873018551333791,22.31723413252128,1.0106358168891183,1.6279287385853
7099,8097.0,4895.0,9.558209181747179,90.0140358454418,1.1250972478993069,1.5467409693261416
7100,2561.0,3802.0,10.019702673312283,21.694486541850534,1.1442723185946022,-1.5187554107550494
7102,7035.0,15208.0,12.030863240654782,19.1004568472226,0.9681312515508919,1.513775881717411
7105,4376.0,15007.0,70.74689336789184,824.0344785026521,1.3136678963709107,1.7070773898206277
7106,10600.0,5201.0,13.005623853042584,80.5611981889032,1.2161242049341936,1.554719561707232
7107,51464.0,14891.0,203.62119382219768,12968.300159995026,0.9792344653399797,-1.5803136740051988
7108,6461.0,3911.0,7.740733964792618,36.56599118256854,0.428568460433519,-1.554082391399098
7109,9877.0,14987.0,270.77787555729185,885.095380395432,1.3051556852397561,1.6504094018318056
7111,16766.0,5137.0,21.981348978871605,964.9105552201395,1.083592447140862,1.5821478516474756
7112,18828.0,3283.0,12.473371016265249,164.6343703182619,0.406154234855908,1.5928499042578368
7113,60399.0,199.0,63781360.91367142,63781360.91367432,1.7362497559147712,-1.5723051657834908
7114,37165.0,6571.0,545.8925562181402,22219.321456690715,1.0294361536417946,-1.5735311890678196
7115,10301.0,10310.0,18.78662604619009,68.07865595155029,1.248645801103321,-1.5478981517875705
7118,38716.0,10594.0,6.631551642990959,395.4490768966819,1.8117218670148447,1.5920822602424283
7119,13742.0,15057.0,28.249723065228697,47.68670232077302,1.2759349657503145,-1.4463154198169381
7120,10691.0,5534.0,16.089413652823126,37.129468616429385,0.9470448984241802,1.552714483487968
7121,7983.0,5373.0,51.098456542252414,261.3635364959388,1.3932583633271511,-1.5980476828078995
7122,56649.0,11510.0,100.72516588786638,1731.2850551374756,0.9518453066992136,1.5448149542246525
7123,3214.0,11251.0,18.783694941474373,50.11005498172737,1.1714648107224648,1.5553516784021297
7124,35250.0,10517.0,29.108404192141304,414.44820266834375,1.1124304264785851,1.5857284515626828
7125,6688.0,14814.0,48.493932611072765,90.52156726316757,1.0036462923735325,-1.555226738005624
7127,16433.0,2420.0,23.78005974561214,68.0512168249838,1.2979651471003584,1.566231141037722
7129,2433.0,3159.0,25.362489185030533,114.20717610416037,0.4314470202993011,1.592099132625937
7130,8924.0,3927.0,63781360.91367358,63781361.179261446,1.7668950854967327,-1.6633852750493465
7131,54622.0,14360.0,63781363.00001317,63781363.002014205,1.913978589230169,1.5902758378511057
7133,2036.0,9958.0,31.30129095766512,89.45269596473489,0.40994999923208786,-1.5168160444446768
7136,29611.0,2220.0,16.413001645944462,130.56053558885833,0.9679600066621716,1.5820467844292165
7137,2790.0,6935.0,33.28674263491258,1015.9409289327122,0.3996461653077104,-1.7098484986139577
7138,9240.0,14482.0,14.741951886335315,30.123994190456713,1.6174626036440716,1.5724991603105054
7140,29699.0,13064.0,27.240747372433194,105.22187560641926,1.2771030583688643,1.561520360468659
7141,14528.0,15156.0,37.45563766359445,423.5211163569914,0.9731304728905855,-1.5351901983825105
7142,453.0,10743.0,2.8235780793522554,20.29351574295801,1.2389563786187434,2.898635778842994
7145,691.0,9882.0,178.40627450155458,710.9927469787082,0.3906249491140108,2.3260517542984793
7149,1778.0,7296.0,20.949975259875945,220.5379423042553,1.2474582976541502,-1.5466426717299795
7150,5420.0,14562.0,22.47678363354845,74.7678056377554,0.953890858486101,-1.5119151222064782
7151,174.0,13616.0,17.591905342132083,60.82102179960145,1.2967617763765187,-2.859402363979933
7154,26253.0,3587.0,7.853622272505298,52.24180498879737,0.9871826914322519,1.5680549940919943
7155,22713.0,6130.0,50.16800441664354,138.37720933237924,0.40080592393783987,-1.5673323629674045
7158,46108.0,13449.0,56.10884322650136,936.3370616973318,0.9337631825193531,-1.5540308110699574
7159,930.0,82.0,3.6210300542132763,12.624306263700095,1.3665173131857848,-1.5279329703176774
7160,14939.0,4836.0,968.7919625908306,197632.96825645948,0.921491979350483,-1.6028119090898942
7161,33906.0,10534.0,32.54197344801501,171.2450366089944,1.2221446500128428,1.5747390392464864
7162,39167.0,3091.0,39.986063996997885,143.2823872314067,1.092109555203316,-1.540942871792323
7163,8560.0,14724.0,15.127134379238882,24.81900322370184,0.4288541342719632,-1.587252871830844
7164,33190.0,14710.0,63781360.91367148,63781360.91367165,1.8444033205084782,-1.6203533851930723
7166,465.0,15126.0,4.228714951069988,4.371172607638667,1.5180938506957835,1.493869854648111
7168,2892.0,7154.0,511.0132463243039,94182.72221336054,0.989799065922324,-1.8871865162798938
7170,61191.0,199.0,63781360.91367144,63781360.91380907,1.7362497559147712,1.5713881126969156
7171,34089.0,3134.0,61.0971278056945,1941.946639766729,0.9466316650368156,1.5774724893963519
7173,38595.0,10551.0,63781363.00047326,63781381.98522871,1.860732203170391,-1.5359509093332464
7174,561.0,12882.0,89.19000080410112,2157.1833019484284,0.3713926050562727,2.820693531803496
7175,21278.0,3556.0,70.3497268064887,450.7459530645723,0.4114371161360653,-1.5674747034442882
7176,26087.0,5270.0,154.56289942191978,18970.604492992607,0.40351769845003194,1.5626658093242254
7177,6921.0,14697.0,39.7484265797477,83.01917907422859,1.2410644979908902,-1.608294763075407
7178,367.0,14919.0,16.015014524106366,22.64943923443008,0.42617528773311275,1.547709010767773
7181,7876.0,14899.0,131.81759304975148,1258.44212640003,1.010569486725154,-1.5632485980530546
7182,16243.0,3355.0,15.634655923912392,44.069216672794965,0.4592822816852215,-1.5663183478997889
7183,35201.0,9236.0,19.938616703994693,31.3340817011574,1.3704372047421953,1.5840802574219952
7184,18178.0,14495.0,12.224192648875395,329.6299124203477,2.856223027855301,1.6470549334289502
7189,44189.0,14623.0,63781363.00000002,63781363.00000026,1.8968296012309318,-1.5694282814368634
7190,61364.0,11635.0,31.40012507770524,875.000267062311,0.9531088678380715,-1.5486929021812044
7192,19580.0,13478.0,16.158292261970093,25.159326209234035,1.256106437499649,1.5755147302789123
7193,683.0,13378.0,66.32739096715486,90.92939018535152,0.9597355511072073,-0.0643757306986975
7194,14839.0,13780.0,9.418873186718963,62.37652916259025,1.319732780727103,-1.6001538248852636
7198,3733.0,4607.0,116.96836671467445,1755.8170969246748,1.067364421725281,-1.4538752886017214
7199,19177.0,15154.0,17.1663351775351,29.45134210432628,1.0084275511377443,-1.6118719863018642
7200,6931.0,8399.0,21.374428510332518,73.89443590122977,1.3258921258132246,-1.5687494957872616
7202,4840.0,14408.0,7.103869453257865,24.945491309127082,1.0411372514524515,1.5521961788040741
7206,25392.0,6413.0,31.82892653839479,567.2489797036434,0.4265393935051778,-1.5649740553138023
7208,12049.0,15205.0,6.17530490168864,7.5175167334091295,1.6931280516007214,-0.10620982692206112
7211,11278.0,12161.0,10.954722123503428,34.59400377382975,0.46668444998908054,1.5960604806839518
7212,38007.0,10112.0,15.282906769110935,416.9158665518706,0.45319807762277653,1.575243825173952
7215,19995.0,14521.0,29.93187619960476,237.6237532867838,1.0178343592693377,-1.595612099282139
7216,9776.0,14270.0,25.768394332563137,156.0721454445679,0.4282957420930405,-1.5939351812195817
7217,960.0,5720.0,7.078032660214346,872.9472828794063,1.4986115290412245,1.6098729647145218
7218,485.0,14927.0,138.57481422758406,870.7953515955934,0.42467577577968896,-1.25060698291265
7220,10874.0,10174.0,30.63098693136505,166.28264682198738,1.3938060824361682,-1.5777898711640097
7221,2906.0,15174.0,165.17432720414888,224.53420945825656,0.9493360374380684,-1.562695552232637
7223,38096.0,11002.0,49.27587786296481,328.4693847095385,1.2272500128271473,-1.5644589594515954
7224,922.0,13263.0,25.319140062128636,153.10944973031604,0.4701309979532109,1.652697288875728
7225,1731.0,14886.0,36.56309729095424,76.29289847000491,0.9999529889596462,1.44680755589779
7226,43808.0,192.0,6.6906880523406524,186.3921449167351,1.7336328859840298,1.570621897520204
7227,60313.0,198.0,63781360.913671404,63781360.91368179,1.7362497559147712,1.5700874116621661
7228,29179.0,7070.0,3.6247849972124935,26.760397352709347,1.0495175500344807,-1.5495190857644499
7231,9828.0,2425.0,315.3136060994714,5518.998884208536,1.0799644813523226,1.5991731689788273
7232,42973.0,192.0,12.587860084798413,987.9500003124309,1.7353817713345605,1.5698894092222584
7233,334.0,11625.0,49.84793819659598,6062.781919932332,0.41380523934940067,-2.170388654326567
7234,26765.0,13510.0,63781360.91376081,63781362.53827975,0.9779310643299527,-1.5555479738390854
7238,14449.0,14847.0,66.42212316582498,224.0276593572733,1.5365534369071034,1.604883018605795
7239,3477.0,8696.0,8.805652352499079,32.402005926937846,1.4520861668019462,-1.427259146806011
7241,5392.0,14015.0,16.355656405567515,71.31666247790297,0.42438073726948367,1.6132207189500456
7244,5617.0,11071.0,13.441416657442655,36.47421849426837,1.3009852266335076,-1.5628840153562662
7245,24245.0,13061.0,2.9318814071366535,13.606377078116147,2.5489552101450785,1.5519121233488495
7246,8014.0,4478.0,9.714382786455149,46.11610384967272,1.0605471080079707,-1.5954702121483664
7247,34405.0,14950.0,87.49086360940294,895.4351365664556,1.3156790452290124,1.6363161981166214
7248,653.0,13632.0,4.701871081166579,28.632791946114814,0.9974485770915145,1.605605263983016
7249,42084.0,11741.0,122.62782943327248,185.49115418452436,1.2410461785502929,1.5089614309823793
7250,22968.0,14263.0,27699.921545927133,241390.770723557,1.2064809845754225,-1.6012419383519225
7251,2825.0,13652.0,140.46833424517382,864.8863441946372,0.930305421169167,-1.3547133994737144
7252,27893.0,7167.0,530.0923728928014,99452.90632853005,0.989799065922324,-1.6151882028081792
7253,45757.0,15201.0,4.68000801799306,5.621047864632217,1.9204581963001401,0.0051123834885959795
7254,385.0,13526.0,5.469085075897641,8.797272831114126,0.5695687737993925,1.5528751685970512
7255,7623.0,14978.0,185.38903629288686,2568.6817715663765,0.39367585590175,-1.6240403901952212
7256,530.0,14891.0,69.35645163217382,75.10785383316141,0.412882785682749,1.0648297356346728
7257,45935.0,9739.0,198.61946693080645,313.0167052396627,1.4159512201310958,0.02758505831800004
7259,7215.0,14602.0,31.93855873969062,50.28269588771499,1.1106115213739582,-1.340863185343068
7260,19514.0,2269.0,36.95061608531179,497.3785175015412,0.9857735094513194,-1.5806849113316817
7261,366.0,7513.0,19.44167263816121,3601.457536748071,0.6668212883259155,-1.756161227574419
7262,5489.0,10821.0,85.08451705826356,170.45656120646044,1.2443703700058095,-1.5481056074294222
7263,18165.0,14964.0,105.42623407521697,2655.2357820021,0.4133337468361604,-1.5524194119142385
7264,18239.0,5554.0,430.90752571217814,73383.80100473312,1.0291573230308257,1.613291167436076
7265,52071.0,196.0,6.049073015706179,298.31210289762817,1.7407562824327738,-1.570878295401806
7266,4010.0,14060.0,176.21157531880027,229.57867038313907,0.4209098059485586,1.5985830658300904
7268,26055.0,13396.0,15.433599617371314,49.483075503352026,1.3607297113805643,-1.5821914765711542
7270,1237.0,8356.0,446.6816839824431,572.2230190391625,1.1015259114706084,-2.9669896101013165
7271,48722.0,194.0,7.770137628727312,268.0316438318414,1.7342210097777397,1.5703914340546283
7272,9838.0,1669.0,19.190303452599334,48.64133643941181,1.2931018639367926,1.5718313856376906
7275,38372.0,14175.0,88.47490737859378,210.89464771375052,0.9440105201233514,-1.5865709089439923
7277,3613.0,3782.0,104.72395999390001,6099.205212046097,0.989799065922324,-2.0948530878579454
7279,5665.0,13281.0,7.607104680111483,45.182562116310585,0.9776934858273054,1.7526301333048828
7280,8544.0,1446.0,12.998707165393208,95.1656269588339,1.1213514285479844,1.5855387308342144
7281,26642.0,13199.0,33.81872818782276,999.5366595624052,1.3167750727398468,1.5794126853858803
7282,2051.0,2508.0,63781360.9136716,63781360.91367688,2.3156935902014304,-1.1612619293176125
7284,50720.0,14917.0,828.3707177456457,1447.8232636666564,0.9770544792645769,-1.596766332423604
7285,521.0,9520.0,61.16406024183539,835.4558784451845,0.3272681344079179,-2.5221199211233514
7287,25403.0,12886.0,8.033317388182278,22.90857328998184,1.0027157988460906,1.5700212472640593
7288,22381.0,3385.0,551.5684713285609,27303.27833584965,1.4479837524935744,1.4818669159412665
7290,9899.0,4798.0,37.9583531923744,372.6533713503414,0.9873502513314382,1.574054777913185
7291,43591.0,192.0,5.69919826114332,108.38017461485052,1.7336328859840298,1.5710855503125754
7292,524.0,3171.0,11.503809762891347,56.992836469030124,2.3515425244822312,-1.9406998523377714
7295,26846.0,2393.0,126.95703204984434,5784.07537715498,0.4311947333820594,1.5544205978466794
7296,25805.0,12601.0,63781363.00000007,63781363.00004725,1.073737838918738,-1.645652097880246
7297,42298.0,192.0,32.84792475885479,10679.174902592258,1.7353817713345605,1.5699279667551234
7299,46122.0,14828.0,573.1827392614749,2378.9204457798032,1.288205281248958,-1.602869323527872
7300,39387.0,14113.0,9.469293921050967,63.41276251563982,1.2266723979956737,1.585010676697761
7302,10766.0,9101.0,49.83081688998244,573.2842272202012,0.9602193429534862,-1.6604714086937964
7303,273.0,14722.0,37.48335293127421,48.545162695109696,0.42054126613321297,-0.9483781667688345
7305,39405.0,3890.0,8.91952535310136,494.27752842546516,1.8087532333352487,-1.594302949980395
7306,4871.0,11554.0,37.54387151942878,704.9264110803462,0.9636396956309998,-1.9087537735430944
7307,6403.0,14521.0,467.71869516437954,515.7864075774393,0.9585899085593679,-1.6355846959785723
7308,32311.0,15247.0,716.7122607954049,13919.686410499398,0.9231671042731677,1.579328746326033
7309,29486.0,11752.0,14.229656568656045,56.68214310932298,0.43018965193792447,1.5788562278452043
7312,37807.0,4155.0,3.607496776613455,23.57534003296381,1.0597531310490274,-1.5716756282544986
7313,38099.0,12522.0,13.785758730757777,95.16040428709579,0.973124221348491,-1.5708959891116914
7314,26915.0,12174.0,1605.5907257210952,433876.9681861696,1.8436254170637998,-1.5647159842713172
7315,17476.0,14658.0,606.440708195026,11023.7200135288,0.41026811079535597,-1.5457331007473392
7316,38506.0,10334.0,4.4015421411477345,22.212087440019378,0.6900905210495023,-1.5659196355256673
7318,46186.0,193.0,23.09683479928986,3758.878425936826,1.7340000719230995,1.5707617346424114
7320,964.0,13455.0,5.460399162096197,16.383304210671813,1.646316544746197,1.6217602023835864
7321,8069.0,3860.0,21.206838292068163,486.71203960883867,1.2382578127631731,1.5930930252893862
7322,9980.0,14269.0,22.35567634497649,29.030562400306152,0.42412268239576023,3.091947414152391
7323,13061.0,15212.0,63781360.91367376,63781360.91367521,0.9762463301290243,-3.1342401411233314
7324,42688.0,192.0,19.953812326952598,3104.215412445949,1.7353817713345605,1.5698694501381076
7325,52722.0,12914.0,4.037475820126269,7.573872901786,1.6232038449229358,1.5557339794328202
7328,447.0,10988.0,128.5722369934745,688.2872150130572,0.4168680006897996,-2.4322204363316025
7330,974.0,14933.0,37.812360222394915,52.136117921003596,0.9549477230691475,-0.5109550411244868
7331,6788.0,14616.0,35.38465351450123,135.45905554241332,1.0895889122034284,1.5563461240393015
7333,5202.0,13717.0,14.889956661648155,34.774510454742284,1.059359024289658,1.5909874352537228
7334,18747.0,5302.0,240.77731458353657,78421.73581498572,0.9274675748065788,1.6038313525300865
7335,29850.0,11351.0,28.58332920659869,36.18670960032208,0.673949456990971,1.5639161606730576
7336,38743.0,6194.0,272.0158218033718,23003.76127771013,0.9585393559973946,-1.6011609513085334
7337,803.0,14025.0,66.66057688782824,98.93350473029744,1.2898594124969478,1.7813077456542614
7339,34175.0,14981.0,63781360.91367137,63781360.91367139,2.2176740443123775,1.5497584833578026
7340,27532.0,5767.0,43.27865727008041,217.07834256185836,1.3038859509401795,-1.5701655824719578
7341,14962.0,2765.0,51.92550701215323,108.13357581274785,1.1523765546927764,1.5552320600440286
7343,1999.0,14514.0,750.4236438959745,1991.3449311006052,0.9635114219908433,-0.13017333891964064
7344,34310.0,11881.0,446.0806528601695,682.1684245349368,0.9868538082475906,3.084711820457387
7345,42310.0,10109.0,20.627849952482062,63.71603232961169,1.6157488342801067,-1.5835073173042966
7348,11028.0,14001.0,35.31778639806898,144.1263932347591,0.9403503449569675,1.6296555396794883
7349,4438.0,8147.0,204.7916451828048,1607.0592649476332,0.4156966906752414,-1.4620282338652364
7350,13639.0,9338.0,576.1682291855925,37810.35110391416,0.9600034082328283,-1.4271038222469572
7352,44281.0,7877.0,5.471439174593596,22.403517071968047,2.103090400724373,-1.5244699918209752
7356,44001.0,2502.0,17.083397687606382,377.05185308273093,1.075813025612897,1.5703728153130476
7357,2305.0,6794.0,76.52985582688106,1263.7510162797637,1.3380596868905785,-1.5055639728584187
7359,5873.0,11337.0,23.541247540541566,137.60155814054232,1.020684819957543,-1.6276114844462957
7361,51542.0,12511.0,141.83088543507878,3293.631072177418,1.531694168711947,1.5738453683585447
7362,13466.0,629.0,38.420424472734865,555.2427242391159,0.4243939397503774,1.577267501031999
7364,11587.0,4883.0,6.378691907847026,69.71432072464292,0.4460936666277296,-1.5675327652445168
7365,17970.0,14774.0,93.39376650185784,6556.953592390794,0.3950198442507027,-1.5864041966334477
7366,309.0,14744.0,17.429417157822805,25.88982722201044,0.47422545171550984,1.433153565038417
7368,7455.0,4595.0,7.065814811401108,67.70122766790804,1.050882913644173,1.360653784920585
7369,439.0,13579.0,60.0189254174383,948.1306147058301,0.4231842890165169,1.9695675005520694
7370,30995.0,7985.0,1.7810438835741371,29.811162927532926,2.211248035255201,-1.6131184401302363
7371,41028.0,14339.0,38.82638819789135,65.41316316784648,0.9550368963441386,1.56544054214013
7372,14055.0,14275.0,157.87290993894425,191.0092305555259,0.974055857396814,-1.546846585486726
7373,1349.0,14927.0,26.242135817502586,41.48456501193983,0.9239477527998057,-1.9841620961794586
7376,1914.0,11257.0,35.49686612651783,113.66132778021334,0.5585546354101626,1.8118296324228558
7381,11050.0,14671.0,27.02502484888853,144.46244546446394,0.4035507514324462,1.600131800235076
7382,48056.0,14383.0,63781363.000009984,63781363.00085775,1.913978589230169,1.590231893350873
7383,19254.0,3146.0,81.5811919488971,1856.693999775047,1.3805331537267762,1.5494572941929154
7384,27396.0,6077.0,23.588255504574104,232.155242748087,1.1095573928999767,1.5780134589868395
7385,42607.0,9100.0,8.927243008344096,47.84920252905379,1.0099270726760974,-1.572932565347256
7388,19118.0,3500.0,44.773877397930434,218.44573182448096,1.2197610784754254,1.589709242900757
7391,19103.0,7637.0,39.90850741477293,526.0917078072468,2.0442297550591464,1.6578154975864774
7392,14827.0,7910.0,13.743410614003215,156.30474214830892,0.42689433779051744,-1.5660111821355986
7393,13960.0,14815.0,25.343101535438027,52.88416273414007,0.42699956023595065,1.5508531572240336
7394,2256.0,12372.0,160.9641555635201,426.2604228429751,1.4677036844380726,1.6768934382585066
7396,2806.0,12664.0,110.92476577188711,112.93914697975812,1.340336980143665,1.579032455979297
7397,5138.0,7666.0,10.685172855541659,50.72021223016009,0.9612380453034073,1.575417155768946
7399,10095.0,3033.0,26.92214963128184,120.0660055521079,0.4324051180697508,-1.5663999639230117
7401,2982.0,3833.0,833.9496762052505,323390.18490186415,0.9347539650395521,1.6041970973223267
7403,5782.0,11846.0,6.375322876194827,23.527764398542242,1.2235532203965598,1.5812959791781782
7404,5282.0,6709.0,25.283402878450786,399.2507706048208,1.399379763129588,-1.655455370632536
7405,8370.0,6679.0,23.088042645256177,1731.829773044372,1.062874223270713,-1.53207639537621
7406,913.0,13935.0,275.22007104725645,292.016438310667,1.3167609060114307,-1.8788791575451598
7407,6028.0,14686.0,18.171053742818547,63.543955251315225,1.2237496364252198,1.5064012764853494
7408,10342.0,8067.0,21.39955628055485,53.663805934270044,0.4414777410142307,1.5688215825398315
7410,29423.0,15091.0,105.47593313008299,704.4577465466616,0.9094952232147919,1.600460620608315
7411,7499.0,13385.0,28.464510558811053,938.7783981228134,1.2870031694941684,1.586302317864586
7412,2416.0,7251.0,270.27212548324496,10674.457291585248,1.0297702911424573,-1.1408144204744939
7415,14754.0,13158.0,24.160154314385156,38.48918055278218,1.3088852045958286,1.5755720581611252
7417,6254.0,13419.0,18.6924378484642,45.098754681646454,0.48863448114289265,-1.563093093284917
7418,9176.0,14843.0,190.0714417242389,256.8935783277211,1.316068644590504,-1.497443876006416
7419,28491.0,14655.0,259.8600499261071,13353.756333436082,0.40379192104868683,-1.5700697820106477
7420,47077.0,193.0,23.57999212424628,6864.979330510347,1.7336328859840298,1.5701143239794875
7421,3653.0,13915.0,24.496135233821132,83.8378829524518,1.268959872339146,-1.5077530140114208
7422,5421.0,14096.0,18.456905400927436,47.58126279302496,1.8054047148704424,-1.6512590674645218
7423,5328.0,14494.0,12.552830010051366,27.627703808901522,0.5445718798312177,-1.5335214609591474
7424,46746.0,14548.0,40.800427342495446,53.73646644561811,0.9702070969921456,-1.562596265561661
7426,26920.0,6694.0,18.846463199267184,54.51739705885988,0.974126793483865,1.5595238417772126
7427,118.0,13853.0,9.13161202970088,48.982319773921276,1.5842512598680607,1.3360478374218534
7428,12229.0,14858.0,897.9654962550252,3067.8436282101566,1.764939728581288,-1.567884650110193
7429,4426.0,13092.0,32.61523807049027,164.35289690335517,1.2320685671927256,1.6018750141754237
7431,31567.0,7505.0,49.76577522590569,6985.424932075894,0.4362250963070653,-1.5642781031546524
7435,12644.0,14267.0,16.163649294934565,201.3736018331365,0.42519865194761153,-1.5440806305179862
7436,10373.0,14575.0,52.43969323127787,338.20083529925074,1.0079141683727615,1.5389013145493247
7437,57586.0,11829.0,669.3062237057817,2686.7895637770957,0.9868538082475906,1.562126673148509
7438,8732.0,9816.0,23.12062862093704,352.5908054570452,1.3481323672210446,-1.5365667571986696
7439,33207.0,11754.0,724.1743339012352,94900.47372992637,0.9371461528687609,-1.507266763447658
7440,23123.0,14200.0,153.45403414748762,450.7284187015889,1.099437953359122,-1.5675187696002721
7441,26095.0,13406.0,30.654064542927646,252.53385327625986,0.9769705950057813,-1.5781375080149571
7442,5805.0,3050.0,25.890667451928703,79.33774274051025,1.092925804200996,1.5587971889627714
7443,46379.0,11993.0,249.88868769583596,587.713559359084,0.9440105201233514,1.5817033162079428
7444,61272.0,199.0,63781360.91367141,63781360.91368998,1.7362497559147712,-1.5706102104420212
7446,6815.0,816.0,131.35142943852705,67710.12342753792,0.4066482461009697,-1.520968076868421
7448,8305.0,1299.0,124.73299537753167,820.550642555966,1.1066452643805769,-1.4749880556764552
7451,3562.0,12072.0,17.001808893472433,127.81508009257023,2.3553325481502085,1.506567951321952
7452,48858.0,194.0,7.983794848731917,307.7037252824588,1.7342210097777397,1.5700577530248805
7454,31783.0,11484.0,5980.761812446959,291503.317578848,1.9349306753307816,1.578768574482885
7456,930.0,14026.0,56.22052682698187,162.16959778603828,0.9335607007585212,-0.7868393161365425
7458,11737.0,12557.0,12.206917952640772,79.2506065204064,0.966373933508437,-1.6335638247236446
7459,41482.0,373.0,148.8390908596723,7376.965276862231,1.1196475594484065,1.5847787850462192
7462,9178.0,13424.0,10.099467891057442,25.523973862062068,1.0716283316039823,1.5464199887861378
7464,52517.0,10351.0,177.90842653163529,576.1477408958435,0.9635114219908433,-1.598457635699567
7465,186.0,14855.0,8.461072187797875,11.058586737409822,0.40178286827293974,-1.2745501754317166
7467,17604.0,9699.0,36.5736379674287,120.21441954464879,1.2405433067429283,1.5525376735152654
7471,61950.0,12221.0,453.89789647862045,20867.913033721656,0.9186287794953218,1.5415234101685602
7472,27684.0,3795.0,354.1897088710103,19541.62026657539,0.4335458777741642,-1.5597333126362019
7473,10890.0,4343.0,35.68327219335763,256.42132307273255,1.321040473729548,-1.5778730953654436
7475,42977.0,192.0,13.070612100084016,1092.1416247021634,1.7353817713345605,1.5715159889047334
7476,14052.0,6057.0,414.1009215175112,4389.807621020569,1.0983231351990563,-1.493870941057078
7477,559.0,13031.0,86.1185794788999,2212.6078900547054,0.4263317035160326,-1.2036430808897394
7479,19378.0,1619.0,792.8870733448026,61737.78292708224,0.4326268892269841,-1.5661572594351705
7480,16320.0,3429.0,14.895232094457949,172.06444967950503,1.263910436427347,-1.5844916414732488
7481,25784.0,14576.0,117.4932960028973,211.06166510063798,1.1086596773866337,-0.028754114161814
7482,34369.0,4628.0,6.6345146194334035,68.28961257988239,1.050882913644173,-1.5245633232568803
7485,13146.0,10288.0,38.94899816638886,120.69691353053133,2.3639661250045085,-1.595713363750806
7487,937.0,8964.0,17.027443813816703,71.21547925666603,1.004308058613029,-1.6639762453947804
7488,8056.0,8191.0,7.399590342766278,41.17122389381253,1.4303091583835013,-1.6113643397615953
7489,32963.0,10123.0,12.228809905590344,444.03765821867506,0.4097128522916832,1.5747244940398788
7490,43705.0,192.0,6.7143711175556495,281.1071647755159,1.7336328859840298,1.5715068728293458
7492,5719.0,14777.0,40.8469295906871,49.66149037036339,1.45744666957833,0.0543266707344287
7494,692.0,14923.0,77.31854991392228,90.90186822360394,1.08053691345929,1.817384817162625
7495,34216.0,8285.0,10.75219158798327,58.523497917418325,0.9213077598787973,1.591516016208911
7496,24220.0,15175.0,4.50738268643164,4.575322543918515,1.0854453911465844,-2.0931643515733764
7498,3063.0,14485.0,11.411280698676489,167.6910378685183,0.9944463560483588,1.5309892158369973
7499,25069.0,13296.0,92.43050777468778,475.05162023908997,1.2635021596882798,-1.5905286674560466
7500,18791.0,14721.0,21.719925907308582,44.111481492288846,1.9048500848472796,1.6679400192234461
7501,26177.0,7633.0,138.43543690680633,7332.484485805388,0.4055767718488539,-1.5877160940726713
7502,20960.0,13154.0,94.05474546561612,2875.5247691868503,0.43534908251596005,-1.56056506966332
7505,46929.0,15013.0,63781363.00000036,63781363.00001903,1.2759349657503145,1.534827916743011
7506,38116.0,4373.0,43.125415856274614,500.894291456335,1.5269581312038727,1.5711317022533031
7507,13659.0,15001.0,53.463809626570864,117.93065844555568,0.9610641959794248,1.5842678193849236
7509,19344.0,7338.0,15.857586352838773,128.7289197772807,1.272839798524961,-1.5542391022217377
7510,31111.0,3250.0,17.183619068031813,497.7829633855282,0.9835225307646301,-1.6377760813783846
7513,54180.0,11220.0,15.18334193546468,72.49090479928465,1.3137127163276792,-1.5623503369505594
7514,25386.0,6420.0,489.0616129912038,7452.6747133945055,1.0535467004201442,1.4909732010774506
7515,26895.0,2326.0,63781360.91367136,63781360.91367192,1.2045321659875072,1.5039613011281845
7516,3801.0,7992.0,4.135587986540204,13.726910592622644,2.3861245077160875,1.54610938033869
7517,46925.0,193.0,22.768249519355773,6449.167487584197,1.7336328859840298,1.5699879307794808
7518,13812.0,11501.0,102.05625848689732,2081.176159265823,0.9518453066992136,-1.4567579023160386
7519,35595.0,15118.0,239.1646579025632,4626.436660204277,0.9313399320501342,1.5211665183308145
7522,503.0,12272.0,9.949802891934784,496.42193283249554,0.42072872524192517,1.6177015036276696
7523,34323.0,11980.0,76.53960982000518,11490.39664985656,0.4292589109948408,-1.5667241911362169
7524,1472.0,11019.0,6.114824778769493,65.52056654333003,0.4448938495070904,-1.5897598441808705
7525,373.0,14737.0,58.064227313862474,92.09948599409074,0.3983905018875595,1.362769276231429
7527,4301.0,11985.0,2.9733401488416975,5.669704263396273,2.139470159748735,-1.5829235050270276
7528,28426.0,14740.0,103.83123618974031,135.24178456827488,0.42085192468499977,-1.585048362644474
7530,11102.0,3078.0,20.011370810160066,118.03617668543137,1.0965128733185048,-1.5804802472680897
7534,21220.0,15264.0,61.4153969861235,82.8024429952129,0.900162465417798,-1.6245649468783911
7536,15700.0,14448.0,12.426959609225136,31.446112617804474,1.0131985683037654,-1.5688008817472312
7539,12650.0,14544.0,40.88780091360506,51.23586381244527,0.9702070969921456,-1.5456294103201684
7540,34404.0,14397.0,33.705855447091494,191.52313190702102,0.9488828548702539,-1.5588818137470297
7541,7700.0,13969.0,31.659387122489143,96.55234112527016,1.2530280687295794,1.574165250924662
7542,11422.0,14872.0,24.61659612583413,71.17382023694213,1.096779303474206,1.5933142023148101
7545,29984.0,14121.0,35.73757048572559,221.40733204872893,1.8750476548184407,-1.5902741184413995
7546,1558.0,14860.0,3.695107846634175,4.698130227500468,1.760468787891655,0.6565069628204602
7547,6284.0,9028.0,18.302660223387594,646.3086310178743,0.4234557702434497,1.617243674025531
7549,4000.0,6292.0,17.56750333764352,63.758998024100066,1.1091318380485558,-1.5985272079443489
7550,17366.0,14140.0,16.963968674365336,35.04475998245049,0.42637721311653115,1.5861296993057707
7552,5415.0,14515.0,52.249705986435224,198.57508181066993,1.2545382045509519,1.603953004165247
7553,2337.0,1466.0,18.154861763844067,193.4485429536896,2.321564777631443,-1.6204055812919655
7554,5224.0,12535.0,40.83185458226829,1196.3620203399762,1.25242954988763,1.5743525278630206
7555,21224.0,2609.0,368.22467745693496,21262.513074717954,1.2312894647343688,-1.6519351976436496
7557,12036.0,14626.0,66.37074247685511,72.40301554633473,1.3582397535884212,0.03942695451510022
7559,7609.0,1349.0,29.591239542817508,499.2490789561103,1.0841379490094822,1.6780274135752833
7560,9418.0,14859.0,30.190498817512736,56.8386799673604,1.0046173375104213,1.5597345603468524
7562,7887.0,3520.0,11.557732213442083,52.258811912931215,1.2228302909406166,1.5729718967004693
7563,530.0,14951.0,35.23127508838302,64.08407097140305,0.39469371902260425,1.1359116766525408
7564,2760.0,13939.0,22.145873127768155,364.73171303213394,0.423841443630094,1.5454874926394861
7565,428.0,12812.0,11.823901392705272,61.65720761722202,1.3078355724186645,2.86627270708495
7566,17486.0,7853.0,63781363.00006575,63781375.94687234,0.9310496935251913,1.4959999384355736
7568,17856.0,14632.0,178.0238349150938,412.4730679581463,0.4085526160735303,1.5900701146237612
7569,17693.0,13687.0,10.646232271064154,111.66387596383738,2.2736844317098623,-1.519909935123179
7570,35297.0,10612.0,6.693129843991396,446.9387978641729,1.8117218670148447,-1.5961934869075964
7572,10604.0,12484.0,9.624842483738057,47.207098591795194,0.4003111524489699,1.5582899932361287
7573,33244.0,8198.0,38.83302165535762,3635.0560493973485,0.4168602812141005,-1.5706532048789628
7574,27740.0,15220.0,5.336730668377384,5.702036590132628,1.0417434539229011,-3.058598795204388
7578,757.0,10748.0,24.74134123325249,3389.770166992663,0.1922323949757086,1.486076975245205
7579,5241.0,10595.0,24.442329744566408,113.72050377603796,1.3216446254449374,-1.5691295471563869
7581,37408.0,8129.0,86.98449954121317,10908.766672617572,1.7822764959354909,1.5563218349805448
7584,19820.0,1877.0,83.73453280644023,4628.932162424443,0.909601982917826,-1.550883240751657
7585,5328.0,14961.0,77.38511785006523,161.11339667828494,1.020959293417953,-1.6243602032408522
7590,50160.0,14921.0,38.94149378188151,46.77953843202125,1.0640498134284915,-3.1334282015147155
7591,939.0,13108.0,18.671087691350262,147.5815262504259,1.0840375567070257,-1.3724845853323113
7592,34029.0,9901.0,756.5195140188032,23194.17257686143,0.41657796950552356,-1.5768983270330916
7594,6907.0,13057.0,7.130139579264467,11.384208469233055,1.3141777325423616,1.599743219639333
7597,12482.0,13687.0,27.876456705887716,546.9405994221443,1.3155590158898451,-1.5399498792707025
7598,35384.0,14670.0,63781363.00000097,63781363.00001683,1.0091117977600934,-1.570404949889872
7599,3889.0,13870.0,31.10631601678488,80.26114995358171,0.41380523934940067,-1.6472163668997977
7600,11721.0,408.0,8.715294337754084,58.746298622599596,1.3464551730970422,1.571068044327438
7603,8601.0,10126.0,107.66967844297756,411.6756120410662,1.3169132041060467,-1.5642033619503073
7605,8542.0,14882.0,91.80294667241286,168.888079341082,1.106718372826884,1.544294432403455
7607,4198.0,14676.0,17.32487637014281,26.044764389124598,1.5322471157442241,1.5352968064977095
7608,26220.0,6467.0,423.05580678618895,1885.3053372746149,1.4102212822604556,-1.5537639144854691
7609,683.0,14720.0,5.620077115555921,6.7609933653817835,1.5794342783517628,0.10086849146828729
7610,9049.0,7905.0,83.58946868706182,405.5272156127038,0.9445151812587784,-1.4286872026345334
7614,24155.0,3361.0,23.82756877126255,793.1906265351784,1.0817306494510501,1.5775935234251395
7615,29289.0,12513.0,4.020537239641745,26.486385235921794,2.4267540978948032,-1.5709035110834457
7616,3156.0,13740.0,17.400528991300863,103.41275112289283,1.2346661140663517,1.529321197176341
7617,18919.0,13469.0,51.41794075684117,537.7501024424238,1.0887228919858356,1.5919734118342568
7620,372.0,14896.0,8.716705976216632,10.504663871987557,0.520999674040656,1.8139255554334919
7626,28454.0,5506.0,159.4782881084702,1478.1832524895021,0.964610884054976,-1.5553527733718153
7627,5091.0,5515.0,21.926213554324097,533.0157672211441,0.9803974151374643,1.5604421353228621
7628,24935.0,8523.0,38.13592855745789,138.16314528910493,0.42521942327683543,-1.5669939727052857
7629,235.0,14872.0,23.679774933115837,68.45083820234838,1.096779303474206,1.376249083691187
7630,57156.0,13308.0,191.8661462851914,4912.748043320539,0.9280470090430455,1.5736227238781935
7631,27556.0,14675.0,27.127319590780164,109.49616289907907,0.9675272911328909,1.569951018372808
7632,1598.0,14523.0,6.267328317230434,7.282904079306563,1.5217995640752031,1.6192689848874124
7633,1942.0,13899.0,12.190665039070463,19.986456848599055,0.4311942003919393,-1.3668107617228524
7635,11775.0,11857.0,63.65225043398202,1747.473004527497,1.217168708864087,-1.5562937662262228
7636,8576.0,15044.0,4.5349774233580025,7.2086997270845865,1.2759349657503145,1.3422631734175852
7639,16559.0,12825.0,40.21779360955532,215.3036193855035,1.3515003224658129,-1.621327657891049
7640,11613.0,12622.0,49.923847080866096,597.2915361207034,0.9686969050659706,-1.639219706393392
7641,9729.0,12374.0,16.13229147265564,158.28633967418114,0.41710951894837894,1.5574330397317535
7642,345.0,5228.0,16.56378955372192,45.08726517001383,1.0790294019246118,-1.6516653004377175
7643,59865.0,12526.0,489.0796760417062,33791.125636952005,1.8212134098347277,-1.5896528000961845
7644,16140.0,13707.0,59.48353632671966,534.7463147449993,1.2384560454079252,1.5693676041617155
7645,366.0,8288.0,5.67759654781237,23.385491625276714,0.5417969641748543,-1.641461035419491
7646,11914.0,6753.0,8.020638760689343,75.78324695664301,0.4148607681715949,1.5736225306840494
7647,10612.0,14276.0,134.5752054525304,8370.05096946914,0.41223111829994713,-1.523014831395135
7648,625.0,9475.0,9.048788690296528,60.82724520764,1.1146814573052064,-1.3169985405105376
7650,8294.0,5111.0,17.21341870583199,117.14722733186916,1.1001032140412026,1.5720752076516589
7651,31085.0,13403.0,4.314384667699911,6.582846013716308,2.1682093100201696,1.5110094662414921
7652,1013.0,14546.0,150.64482151167365,179.13444466876177,1.2312750878555474,2.7134545196120965
7653,28735.0,3947.0,118.49989272909579,8839.420774172288,1.2758485534357236,1.5645259401643468
7656,36123.0,10865.0,61.68054482619851,621.0094040537738,1.2370000992254997,-1.574230063410672
7657,1095.0,6004.0,10.613441777641595,45.94067243876797,1.1358817996576955,-1.5305853068607558
7660,7146.0,14742.0,53.30052905091591,202.50615803600428,0.9497488750878467,1.6476804806887513
7661,27090.0,818.0,144.57861226757277,68517.03528778367,0.4066482461009697,-1.5601430867175656
7662,2679.0,12493.0,9.139749490483402,31.974237081172205,0.4495861212699361,1.6270607210816563
7663,5020.0,1560.0,15.11912950883503,122.267498745505,0.44903555521324756,1.5506039172847488
7664,724.0,1952.0,29.5243324719597,2417.886896284854,0.34440447336590524,-1.8550569759949624
7666,9408.0,8498.0,7.51931973344826,63.50386169742687,1.3018941808371685,-1.5561629576252334
7667,44563.0,13561.0,63781363.00000011,63781363.000004165,1.1333506755308855,1.6122122607546197
7671,34132.0,12780.0,316.09151149078383,9079.41275489414,1.0255549057242432,1.6116728877040993
7672,11594.0,8549.0,26.323496985196606,687.5877977909113,1.2545099833526043,-1.5200623333964236
7673,23266.0,2668.0,53.64021188906278,2109.4633036535065,0.41591921263737813,1.5715903642103004
7674,436.0,5970.0,9.474596211415754,163.10465546422174,0.5766037431597654,1.9766283669267717
7675,10096.0,3302.0,525.0098855496661,20139.64074828521,0.4025403094573917,1.5524287866370714
7676,17620.0,14220.0,104.1546111963337,105.64727492818223,0.9546852377046816,-0.12419886437718446
7678,5172.0,10757.0,904.717115466265,81820.83367679137,1.524418141879582,-1.488685133475799
7679,5216.0,13989.0,34.681091376259396,449.9630895865377,1.1307142355993036,-1.5780075671647655
7680,41905.0,4934.0,12.91543003260339,89.12219614429118,0.9792894328244282,1.5750109885288057
7681,335.0,9732.0,63.473722641673305,10219.046614317336,0.2038789664203957,1.8841371163167513
7682,10070.0,13533.0,14.071414162958783,47.710559995774595,0.44629887753638375,-1.5695069180017218
7684,4194.0,12490.0,36.068323988339216,155.33952959071743,1.097037156277483,-1.5884533097895566
7685,12972.0,12019.0,9.98223884492634,30.891461547879892,1.0760961026836033,-1.5702035425060432
7686,44126.0,15073.0,63781363.00000006,63781363.000000075,1.2759349657503145,-3.096418893366514
7687,5676.0,13974.0,59.40563515159134,156.30164959748976,0.9662741350052402,-1.5989830600064707
7688,33275.0,4955.0,134.07066087140564,1221.1136396536228,1.5439623656007124,-1.6174149943341134
7689,25790.0,1117.0,86.02327775795125,542.4007444449056,0.9704690426896798,1.5529108169980148
7690,41195.0,13348.0,19.514113627123713,289.4939723715331,0.9795008912339046,-1.571511760314875
7691,14901.0,12405.0,93.71015012516699,5025.594045319628,0.40545276648064194,-1.5616052112572956
7692,17403.0,8096.0,27.62342510568476,299.1310786908922,1.0954572975846435,-1.5930156176283212
7693,4826.0,3208.0,16.830184868502496,28.08541736397809,0.9664903309536607,1.5989433286598425
7696,26961.0,5062.0,449.24681438899245,13311.891980783956,1.407305049955596,-1.5107633457004435
7698,6357.0,7906.0,33.34623617617996,229.31267925186708,1.0040557975072064,-1.608972224517704
7699,20657.0,15185.0,6.331271058002747,7.8323401795762475,1.6931280516007214,-3.085179480783803
7700,871.0,14600.0,199.00136184182654,372.39855787926524,2.204493847091029,1.2742569924354892
7701,1778.0,1749.0,19.78378645231111,107.7765206929787,1.2479338536306004,1.4174078838229112
7702,31012.0,11089.0,3.6969655043578835,35.70797981906316,1.0565710523973049,-1.5291864454137214
7703,39350.0,13822.0,81.17328471739734,634.2302911626759,1.535769353325093,-1.5154441674847263
7704,862.0,14949.0,941.1897867513493,1964.2178541506134,0.4256853755504818,2.1352004908049618
7708,2292.0,15681.0,7352.908301772296,37127.930738366034,0.5040490344881894,-1.552307750920331
7710,43892.0,193.0,8.157480416210202,397.2613252681172,1.7340000719230995,-1.5708371590274945
7711,36668.0,14669.0,15.290074103448022,32.35660507304065,0.9618853952974133,-1.584659668228261
7713,27350.0,12017.0,51.51937319903168,145.94188849124257,0.4352670745364299,-1.5841762877894263
7716,18120.0,1566.0,68.82508129600535,146.56442717746768,1.6299430574893685,-1.5865853509101278
7717,1015.0,3694.0,599.3350701800572,6211.737620858159,2.2959048003237865,-1.3550110343035038
7718,28467.0,12567.0,3.3115745675936403,19.579196155243235,1.5055146844072453,1.5680301510074992
7719,15618.0,14707.0,196.26517360082102,1951.5100991263723,1.8831773190719727,1.5339098019933202
7720,21071.0,13419.0,61.03043792066305,81.62867673657678,0.4075437843844746,0.02031630723737563
7723,46857.0,193.0,22.520676670446953,6245.989821567126,1.7336328859840298,1.5712430407840536
7724,4083.0,7484.0,195.01709479797807,1028.4009887747316,0.9309797869774928,-1.4635585053258517
7725,3614.0,14823.0,27.867208074152245,30.764074976745952,0.4264629990461015,1.5075568510184012
7726,13782.0,13900.0,57.128638448488346,2548.2078744762207,1.102008048887884,1.585123362232081
7729,3132.0,6640.0,15.635379505708931,2195.465715693514,1.07786679656333,1.5548477376121452
7730,41031.0,10786.0,103.00551995305374,242.2026265427345,1.256866150182248,-1.5470524408575812
7731,46358.0,2058.0,12821.349704284998,1737090.9046634769,1.5159843285120411,-1.6295652822427789
7733,31313.0,8108.0,1.6493366989180198,17.40824908966816,2.211248035255201,1.6228478125091477
7735,15698.0,2988.0,28.6159903432864,80.40071334188922,1.2790109055426957,-1.5830049035135274
7736,16846.0,12946.0,58.356043589818775,813.176603698984,0.42236548624520986,-1.5777242561729
7737,34398.0,14976.0,63781360.91367137,63781360.913671374,2.2176740443123775,1.5553502840600517
7738,39466.0,5263.0,76.60950001224813,307.7764230849057,1.2485303957187817,-1.575283310373727
7741,48455.0,12294.0,52.82601075950075,496.3079335234597,1.0113133326233354,1.565257276417874
7742,6343.0,13718.0,98.86854545036914,299.368887890052,1.3120122377660481,-1.5689749208985673
7743,15332.0,11205.0,26.909732297529274,661.7030533861481,0.43328389909275716,1.5827734003642495
7744,36940.0,9331.0,5.6679005042520085,22.204833646901804,1.0949868990561757,-1.572156398629333
7746,11066.0,11421.0,343.35045235004964,637.9041765859782,0.9625918090353447,-1.6206765343410747
7747,7202.0,14050.0,48.83504527039431,1049.093702981812,0.9406411638114218,1.5509283897146786
7750,1404.0,16119.0,43.88083885998215,154.79369521016724,1.084005402379478,1.6358823264962505
7753,4877.0,14647.0,255.52740435925196,594.5613171814181,1.3128264633215767,0.022812044876388174
7756,18950.0,6741.0,6.4705663448907815,40.71434624867547,0.5922349635144395,-1.5779376551295503
7757,43468.0,8475.0,14.883478015756031,229.92413608984785,0.9963715238287002,1.5679877334265921
7759,639.0,8059.0,12.42336268500383,40.872544793736026,0.48094612743473675,1.4411750123449627
7760,24254.0,3270.0,27.977602791488454,253.49123819823075,1.4862851535446142,-1.5749466474726737
7763,6059.0,1436.0,55.00002854142892,199.45126991733173,1.1009001174977973,1.6694355630730393
7764,1888.0,15177.0,842.2814220841074,54420.39625069574,0.9368099057437007,-1.8013218964111013
7765,9524.0,6010.0,32.70518291833937,292.02642393050456,1.2714608102787928,-1.550034418252254
7766,12103.0,13956.0,16.799130557297563,87.45692107699571,1.8834027288866562,-1.6993600151905428
7767,39375.0,3103.0,17.38907482873312,224.92204587481703,1.0790432301244919,1.5687216668767585
7768,13001.0,6318.0,14.052089458681126,98.32201877203258,1.1006284398011144,-1.5801839819749661
7770,2199.0,3755.0,48.54687461649669,728.5642143018541,1.1035018706520305,0.9755158775294634
7772,3418.0,3259.0,5.570987136536631,26.315683478218716,2.232730425886939,1.4501770956851725
7774,15315.0,14583.0,81.01911265742243,285.23929143260216,0.38557934877764904,1.570970305020952
7777,2216.0,15001.0,245.85758521883707,3690.614403858955,0.42909383584760175,-1.6106611860151905
7782,29393.0,14542.0,62.91393347086115,1172.5929506704117,0.4586410738708772,1.5691029973529793
7783,1165.0,11634.0,3.7868596675868735,7.44474004046814,1.610413718863928,1.5332263200973768
7784,37856.0,2090.0,102.15956299721728,11514.167519766366,0.9285381662132739,1.5735110562571544
7786,44454.0,13460.0,248.0254304557863,1671.8775882474029,1.1113068730519047,-1.6057576824165725
7790,20239.0,14531.0,30.948487469456623,33.79391644522551,0.43358951778658394,-1.5905629188755677
7791,48870.0,15143.0,588.4305997846977,11466.970662764365,0.9749555996476288,-1.5594619008099666
7792,15181.0,14775.0,38.77656803357263,370.89718660470896,1.1072587783589343,-1.591228450145629
7793,7370.0,10174.0,22.510243743702347,90.53919008816396,0.4142998775258793,-1.5595535084943815
7794,26726.0,14514.0,17.042951227022016,44.300987033519945,0.9544121631346743,-1.5991516840143458
7795,5179.0,11267.0,42.44020727460781,109.75278325652157,1.2474919216322484,-1.6297918965872673
7796,6754.0,14711.0,16.92290736983429,112.87318071218851,1.2254037875406938,-1.5873758305490362
7798,1814.0,11318.0,168.40908156608685,6408.25593569252,1.1001707212220593,-1.7467707612827015
7799,33803.0,15146.0,24.91576015876228,123.10824059566173,0.987344738192989,1.5848673148030603
7800,517.0,14508.0,7.889165764057252,8.468783554759604,1.5413765674925433,-1.476965704704777
7801,35805.0,10574.0,19.01704389713367,404.352047247749,0.4241135692365469,1.565382387796264
7802,28598.0,4092.0,11.836012557791719,103.66516383069894,1.0634926189675664,1.5841282783514956
7803,4700.0,13007.0,145.9322563536379,272.5075641233127,1.483931999851169,-1.4693371957665662
7804,10325.0,3741.0,35.09360903805796,92.98956117277169,0.973936722127308,-1.4975044608770982
7805,10716.0,6230.0,81.10954587702534,634.0160383937447,0.4248735733163751,1.528067308579146
7806,19610.0,1876.0,47.362242540444626,112.05365882713267,0.4200275020950217,1.581521497684704
7807,23087.0,14963.0,56.50046731734573,285.59527007524724,0.9891107074310568,-1.586722861395102
7808,37889.0,14214.0,140.24729042951927,884.9023413665512,1.1336135006654313,1.5618563586694356
7811,57597.0,12310.0,2317.7730452352307,394136.31479886273,1.5403673783674159,-1.5921088567676607
7812,27212.0,12055.0,268.36914639995507,13953.463773941121,0.41606369698299633,-1.5571172845493353
7813,5435.0,11909.0,59.89172255870291,172.00442456450142,0.399040911169695,-1.6179968122242205
7814,15569.0,15224.0,25.85997157803668,332.5388301069441,0.8749796752915109,-1.5709143287371166
7815,3792.0,15047.0,5.772607620293026,14.870884045288431,1.2759349657503145,1.0377760342314275
7817,16960.0,9253.0,63781360.913671345,63781360.91367387,1.6953234243460904,1.4770541840076445
7821,7006.0,5142.0,8.278292172516942,75.87213514738221,1.0265523960805554,-1.5770860235700819
7822,2978.0,10639.0,63781360.913671516,63781360.91424169,1.7685224180924148,1.4279787399798676
7823,33379.0,6367.0,11.550680609321391,373.6803450609584,0.9702225858017757,1.583514005523583
7824,11885.0,10785.0,138.20409051085568,2611.160771472512,1.217999090024328,-1.5401662807581027
7825,7253.0,14921.0,58.65882097732612,1392.8621885643804,0.40188237500819207,1.5793223087809924
7827,5971.0,14781.0,327.27713967945255,19712.08919441122,1.3032020357617968,-1.7217726376664828
7828,11722.0,8064.0,32.64251386809741,219.7824773826407,0.4089105603602448,-1.5389817527966345
7829,11798.0,11001.0,286.8694980415781,1400.6812471280573,0.5119539817390886,-1.5928219767954308
7831,50290.0,9963.0,12.479514083656246,26.66744994088522,1.019289347570575,-1.6200229300813285
7834,15243.0,15251.0,55.584355124040414,149.74772811850372,0.9651099864230536,3.0900167566255483
7835,8964.0,15265.0,88.07028600066094,100.88002744730537,0.9106358489174877,-1.5793447858475924
7836,41171.0,14137.0,63781363.00008953,63781363.14089555,1.913978589230169,1.6031774568632782
7838,36308.0,9477.0,16396.72553777037,915251.5245530513,1.7457115294893772,-1.5911258984939425
7839,41956.0,7981.0,1.7098409033700774,9.237540154709222,2.211248035255201,1.552313437186391
7841,5785.0,12484.0,19803.124214274885,228187.19175156302,1.1221761720950365,1.7684035199689074
7843,11614.0,2037.0,74.79734379137288,8160.01174349227,1.3855441930599075,1.5932865553004116
7844,42350.0,9039.0,564.3221960967505,414408.0306404745,0.9592195521344836,1.585596964737704
7846,15634.0,4075.0,38.0448941479044,1058.90784142677,1.8944148977767474,1.5864352130590624
7847,24068.0,918.0,14.612975128308404,88.6778592579621,1.380739632099257,-1.5742318250563234
7848,327.0,13851.0,12.863146644801672,39.01887997288463,1.1367511241290316,-2.7405297387951135
7849,3317.0,15004.0,17.99189427670376,21.38272260564938,1.3117877193374445,-0.14689950428144113
7850,2859.0,13049.0,27.705331367020907,84.60478593552561,0.4251485166744965,-1.5755631177069849
7851,4245.0,13970.0,7.245386024988177,15.0565753560502,2.649316418473134,-1.549465617913534
7852,46460.0,14005.0,15.980599372177316,100.68342253192975,0.9666720186278006,1.5648370209458338
7853,989.0,11953.0,15.118773417598284,222.5494610003274,0.3928702885149582,-1.7134228454955613
7854,11273.0,14785.0,11.21067114663132,13.950179369261216,0.4811671197618647,-1.534885178038518
7856,46857.0,193.0,22.520676677362637,6245.949027283094,1.7336328859840298,1.5703478626196823
7859,13174.0,4379.0,462.03062819451077,1173.231205214972,1.2707563326153857,1.5152499400139114
7860,30130.0,7286.0,237.64966357937604,10496.463801512922,0.3990480003324297,1.5579682015777099
7861,422.0,15026.0,350.08990337601796,409.52808643856014,0.429603951658621,-2.808617736597353
7862,6315.0,14718.0,59.68739704772404,194.59708282369104,1.3738574518140074,1.5297531446224644
7863,913.0,13732.0,13.662525429244841,27.344119640901937,0.9648753974679687,1.7278131982292033
7864,20898.0,6818.0,55.88323339036614,720.5998639137231,0.3874073206524916,-1.5758313249998908
7865,10453.0,15205.0,20.667037610567593,26.581633155104793,1.04792590064876,1.5614048053580474
7867,43671.0,1232.0,103.51038155700957,10031.262637146492,1.0064916719063466,1.5663882366317998
7868,45616.0,7601.0,192.8260947876115,2006.7107771741448,0.9309797869774928,-1.5566119226282182
7869,11172.0,4356.0,61.453614379844446,8684.57614254659,1.3411298971228611,1.5520796109642099
7870,6530.0,2391.0,13.583194186747459,71.25999462692515,1.1737060695099977,-1.5729438336892754
7871,4009.0,15190.0,13.052704400369228,16.430107233889366,1.0248714105207224,-3.074327694987431
7872,53819.0,14177.0,127.04930543625872,8834.016316086165,1.8750476548184407,1.5747434113464298
7874,14793.0,8729.0,359.39226393545044,2230.5778512888287,1.1111975923902861,1.6798195160186262
7875,598.0,7478.0,47.15641627193871,459.6738449994,1.418251104600321,-2.8214661352532633
7876,46943.0,9133.0,229.13815999316165,19090.776402994605,1.1286601112744814,1.580457857394733
7878,13562.0,13710.0,13.011406191516839,25.038531074572184,1.059359024289658,1.5735509796035883
7879,28993.0,5460.0,87.30596412371058,7389.508973496282,1.535796977259507,-1.5620468469254996
7881,2300.0,14501.0,45.842982946412164,1130.4527485575177,1.011531839137853,-1.475765288760287
7883,1975.0,8075.0,7.837116443383953,23.71279784735961,1.4372781831277865,1.5806987266564554
7884,12194.0,8842.0,10.036882208216067,36.91548858290548,0.41158312382907686,-1.5672785467792525
7887,17084.0,8461.0,203.24029597452437,254.23676497890847,0.4234249573438375,0.006491882066341108
7888,1264.0,14488.0,124.55479940136244,611.0560395428384,0.9618457421930453,1.7265461423787076
7889,13961.0,7379.0,6.680467406290503,21.63178554832609,3.1224998782363134,1.5481231379692686
7890,30844.0,14925.0,63781360.913671374,63781360.913671404,2.2176881135501327,1.5474770808998826
7892,16625.0,11366.0,11.39923153357141,38.25721146976531,1.2807697005370269,1.5437116085680065
7893,42164.0,192.0,35.87623260089127,12889.115776451443,1.7353817713345605,1.5702546491544171
7894,6503.0,14702.0,121.49255936005503,180.4568481777712,1.2417620404505954,-1.585422652358857
7897,30273.0,12623.0,15.989132150384417,49.79083220631937,1.0068787775767765,-1.4940691169633789
7898,34011.0,4371.0,125.4287186265611,2648.6247154120106,1.104045703328552,1.5278070841564797
7901,16049.0,13821.0,174.56855611209164,1500.2760250915005,0.4258410477411364,-1.5424140469922125
7902,10784.0,13175.0,128.28255481314744,38005.412347706595,3.2518277013581116,1.583415859841355
7903,1442.0,14929.0,10.966440557833122,12.335861649067853,0.46632877917964544,-1.5780165432571096
7904,26959.0,13530.0,305.56700013897023,1854.3370731454395,0.4057220763218716,-1.5794288847887041
7906,57296.0,11492.0,55.75408214673146,70916.29402537535,0.9493360374380684,-1.5412641837467853
7907,6493.0,14664.0,21.843800477581024,76.79171646921844,1.284255373083286,-1.5504644021341416
7908,5195.0,12157.0,14.538304288666822,115.05582614705311,0.48427658789345424,-1.5427655265993687
7910,52750.0,196.0,6.2464384186331845,223.36339253582605,1.7407562824327738,-1.5706660459199515
7914,30842.0,4441.0,113.25031740450792,11338.90005798416,1.0145121252948717,-1.5647380818881016
7915,10219.0,14682.0,57.39288369336275,117.82180562181551,0.9407069101884954,-1.4676468108566478
7916,29282.0,14645.0,66.17916187285536,131.17769267397418,0.9508522188246971,-1.5544758367704725
7918,2677.0,13943.0,7.834233882194892,19.096287445227993,0.4677045339766072,-1.4918523467173148
7919,17460.0,9486.0,1841.5874977313333,10698.536921402392,1.1708422160168022,-1.4953739391772944
7920,11720.0,14835.0,79.34878543890927,1256.4983547543936,1.0116430926282032,-1.5391046894583755
7923,17993.0,8409.0,164.38020442183213,2724.102350135429,1.0945991467782386,-1.664992634300137
7925,6468.0,11855.0,681.7175263023196,2734.7338628252396,0.9868538082475906,1.4182617538653506
7926,5947.0,14686.0,26.53905987752238,42.08416605940709,0.9673885321988647,1.607753469044145
7927,3736.0,14858.0,213.8319376183032,304.1079074530639,0.39059212476995997,-1.6401925269300934
7928,1676.0,14437.0,10.2329704115244,25.997542608186304,1.2355236615196412,1.418317455274538
7929,11361.0,14816.0,73.9960660970328,76.71544422782415,0.9850655306486789,1.676107729794501
7930,41732.0,2664.0,72.13647326279674,3572.6491686671334,0.9670920074912858,1.5736201855958873
7931,10284.0,3320.0,27.926082105300903,77.15779803234064,0.9590030934159683,-1.5696965806825944
7932,6174.0,6644.0,31.24775360652525,342.5473539530537,2.257472877706034,1.615218597790572
7935,7856.0,11761.0,65.45376590007005,111.02820376621857,0.5067367764318044,1.5646578049042255
7936,44631.0,11881.0,693.690175750313,2787.4191081299214,0.9868538082475906,-1.5367621705996377
7940,12291.0,7847.0,36.31314104861309,47.42502298015353,1.3406673349096574,1.5773538360125476
7941,11348.0,14221.0,50.91922154005321,253.60389409491597,1.104354599190642,-1.592902927063647
7942,27431.0,2350.0,44.59490294367921,866.5472110975435,1.108189898889593,-1.5646379909551371
7943,2292.0,14747.0,3694.77316902852,43696.14272185568,1.02949111070103,-1.6379863585980052
7944,5697.0,9948.0,1226.5649316859874,40841.81892538922,0.4321050618188613,1.517045706605227
7948,20293.0,3776.0,12.157043093787118,59.88119142688112,1.0927239541428175,1.548884556658865
7950,12073.0,13596.0,62.82729774744337,103.92320148905948,1.535769353325093,-1.5568543107087494
7951,641.0,14393.0,9.335512823713648,13.648115650528782,0.4082622442924547,-1.9194181514643314
7952,24734.0,6137.0,66.6070667543689,632.3193060924818,0.9666418047330424,1.6076375620905081
7953,6644.0,3081.0,233.56067833065754,1498.0955495502546,1.2356484002750667,-1.50905389006952
7955,5208.0,14779.0,96.04011072557358,1755.2793614173513,0.40881259974283035,-1.6219709374355167
7957,2809.0,11951.0,14.246188331107122,105.57484830929769,1.3454844329603393,-1.5963992242565028
7961,14155.0,9551.0,47.07676330636217,192.9831336975812,1.0608265375396648,-1.5954613200285013
7962,558.0,13548.0,13.379773071500965,184.15848545270515,1.0768771132832735,-1.9680584459492738
7964,33065.0,8133.0,1.6246898829042846,10.498520860505861,2.211248035255201,-1.554709216047989
7968,7758.0,12109.0,38.78941413495223,141.84434219390613,0.39031501894542414,-1.5949811783528385
7969,36151.0,15169.0,204.8665401261722,912.106820686227,0.9493360374380684,1.5747006201172762
7970,33154.0,4510.0,46.91244279335236,15696.736189794707,2.118776919806921,-1.5772852766188732
7972,35537.0,12774.0,1697.5858111291652,81166.51785310241,1.769937243118975,-1.5659184503372263
7973,14655.0,2309.0,102.48846164252406,5779.436934324624,0.9358729198132211,-1.6008342326649565
7974,1855.0,10623.0,63781360.91367151,63781360.91410201,1.7685224180924148,2.888709630862519
7975,11476.0,14610.0,108.30859086647686,6320.859213898255,0.4215209094479029,-1.5681883336225635
7977,46724.0,7427.0,136.22526186310301,55134.95915076907,0.9709348565681497,1.576134344790305
7978,40274.0,7890.0,173.7537814919859,40365.2306322696,0.9446914044789791,-1.5419567934057632
7979,47389.0,193.0,26.326428495247047,8650.914993216542,1.7336328859840298,1.570544431278004
7980,38939.0,5850.0,54.27742384782622,1041.3600038206264,1.0795516965026435,1.5628096691791844
7981,8582.0,15244.0,45924.860202695716,126767.89627179276,1.2952180793187917,1.5286088673263791
7982,8867.0,14207.0,32.52573463757337,1761.8997784837727,1.0105305334958983,-1.624296605530042
7984,6663.0,14913.0,63.135804263280455,75.41806217307985,1.2246809067449467,-1.639983551261304
7985,2347.0,13997.0,41.23519779595393,192.40369859049818,1.4077812217298749,-1.7298936847104638
7986,4611.0,11880.0,23.905306312620727,99.42185635898518,0.9174447777300889,1.5421233284570661
7987,805.0,14879.0,32.1638634814277,75.67735559504158,1.2711096163911426,1.1339908244950123
7988,8846.0,14884.0,26.405406960099025,97.59012699823737,0.4432724472543201,-1.6078822013895744
7989,55135.0,9494.0,419.02268207695903,6172.99853491596,1.3187406365738112,-1.5771185853587137
7990,2451.0,14782.0,25.312288384680805,49.611600521765155,1.2919394661656987,-1.5877992622411714
7991,39566.0,14672.0,162.31619367177183,219.3614366937775,0.949736795755107,-1.5448030300805524
7993,16667.0,12939.0,156.43473460386912,1394.1509270331262,1.0187322468812638,1.5808869885526484
7994,46485.0,14974.0,354.0531353772542,1738.3310003636768,0.9191464852016409,-1.5744976607823986
7996,23647.0,12190.0,458.98842196139987,2537.8833012596297,1.5311186801482946,-1.572890217053866
7998,21066.0,12512.0,13.974298534979965,33.94200162238178,1.0777670581889691,-1.5886244337046824
8000,4586.0,14439.0,41.876822145529154,63.11010363829667,1.375999282556629,-1.6326946529074735
8002,40976.0,2830.0,109.77620280345785,1777.3887222419046,0.9742756927418468,-1.5646059854590348
8003,14063.0,8296.0,25.768426543483645,172.1486238292768,1.3855274601373169,-1.573213238989572
8004,29370.0,7451.0,508.23220608315165,562.0733423158513,0.9682815272674176,3.083793263561325
8005,29735.0,3384.0,8.58524284627467,58.468776163820365,1.0550566937241084,-1.566012351643241
8006,1892.0,9725.0,31.68867826058018,368.02802878179745,1.2591917703859952,-1.3507906142913015
8007,25470.0,6653.0,456.84245030575244,153864.83521660086,0.9540285488217751,-1.5860211051722661
8010,17138.0,12657.0,13.816965205727243,1236.2648096554324,0.9336395787182137,-1.5711485581499336
8013,24642.0,12639.0,19.050725929062185,78.36569709001273,1.1142888447761798,1.5174922338775996
8014,3185.0,5921.0,45.805477952819345,140.5716684217744,1.2732611722212583,-1.4285035049186103
8016,5886.0,11308.0,4.952249596419993,24.59177918672432,1.4425945102883815,1.563594586484221
8018,5626.0,14071.0,23.69578410023856,181.92647932456046,0.9687704557746447,-1.8310533134636489
8019,18342.0,6577.0,35.60583046670091,2262.478556783137,0.42121652716572877,1.5972785778014498
8021,6991.0,9261.0,63781360.91367136,63781360.91367373,1.6953234243460904,-1.322903862396302
8022,21477.0,14540.0,40.98737856730529,49.806134741619985,0.9702070969921456,1.558719234655638
8023,5379.0,13279.0,28.87867109680241,53.26196557984997,1.2980023095324542,-1.6145620603776913
8025,4202.0,7045.0,22.55104708073864,391.8316014707022,0.9731950023738851,1.6015026987375436
8028,39210.0,7347.0,63781363.00032106,63781363.114011824,0.9310496935251913,1.5577284163108842
8029,17992.0,14578.0,1085.0293312881977,3775.1022414022573,1.0060027631455686,-1.6002709644861826
8030,31293.0,2622.0,2854.527643516924,15464.533043487409,1.0990367951831095,1.582984097772325
8031,28638.0,15185.0,6.433804894216377,7.956345930199369,1.6931280516007214,-3.0946971488803707
8033,2179.0,11023.0,6.0881934395602375,59.997791021472366,0.4448938495070904,-1.5846102749411954
8035,48356.0,6563.0,346.78302482955246,64917.72534876761,1.000243130996898,-1.5692800981168153
8036,4148.0,13972.0,24.338288156786952,266.8553218453079,1.8834027288866562,-1.9385632872361742
8038,47285.0,7972.0,1.7028387544767207,8.348476561363938,2.211248035255201,1.5587160023366742
8041,39151.0,4535.0,6.3387004436433845,58.26866820733839,1.0712072111907762,-1.5451483989596524
8042,12185.0,13733.0,94.28406004787044,1078.3696997861819,0.40283691577138037,-1.5618355626257123
8043,55886.0,11368.0,666.233721735738,13278.139333137731,1.1132477822713498,-1.5861776152450329
8044,27122.0,6628.0,7.778181525394706,31.44128495906578,0.3913895641464721,-1.557269590042647
8045,935.0,13138.0,14.476909770319287,280.52678496747654,0.49694941422374583,1.5464643478503957
8049,37892.0,12407.0,2.883308028016756,8.344418637265008,1.8817565318650389,1.5425280994408246
8050,503.0,14278.0,18.587631846786767,41.46837093178244,0.5837269866589913,1.761357096498252
8051,32050.0,13473.0,217.82453050268697,20818.465112620404,0.3917907323805411,-1.558489517033105
8052,300.0,7341.0,145.6081344694961,56008.4835907937,0.1927346383440724,-2.185265061730543
8053,1446.0,9062.0,623.4729706159393,36021.17875919562,0.3294488195643471,0.8711062964113114
8056,29190.0,13562.0,43.122128731190934,156.80430580189105,0.4068498699163799,1.5625069058761016
8058,3332.0,14991.0,11.435607407302081,15.023531245212883,0.479873623133832,3.042917700144055
8059,14527.0,10404.0,357.23968370669127,380.7929280271282,1.1090808586409038,0.09639143358646302
8061,766.0,14891.0,28.286425902690556,48.56348894236952,2.3335216266622423,1.8732978334426513
8062,837.0,14936.0,121.28723098548957,2963.204078275884,0.4471058508712638,1.5331101015039084
8065,19551.0,9326.0,18.113163002765166,70.84229930394127,0.43161467546078375,1.5799881320194864
8066,20727.0,12758.0,230.0340442832387,705.2210087689338,1.0237982086134985,1.5862783413195989
8067,43591.0,192.0,5.699198148309419,108.38017056910567,1.7336328859840298,1.5705128330300375
8068,17431.0,13144.0,20.672246310770152,162.65098059549155,1.1033199514651597,-1.5610946321832215
8071,1701.0,14735.0,16.396457772289132,18.590138889851257,1.2755122924117401,-1.659709740743365
8072,3697.0,15051.0,3.050046294167777,3.171563887401165,2.2176740443123775,1.4089414656658645
8074,28118.0,9236.0,3.3202165642254764,49.3761781914067,0.9893536949737409,-1.5701288775911781
8076,22264.0,14479.0,280.915442570069,1212.4862690885873,1.117020800183946,-1.5280135143829565
8077,35012.0,10591.0,63781360.91367157,63781360.915111095,1.7685224180924148,1.558101338333855
8078,12779.0,14788.0,2064.809373473574,2238.735139263669,1.503931736455542,1.4165150677916027
8079,38438.0,14840.0,111.89605292720829,192.0823586523007,1.4723200324850452,-1.5691233412829668
8080,4911.0,6900.0,5.12941763555832,23.319876880196908,1.4186411599967546,-1.576927153268306
8082,19729.0,13587.0,43.1650901753035,5117.6194717509525,0.3996020842336605,-1.5758867218512427
8083,19103.0,3968.0,3.389744059137671,26.011726326580273,1.0434218802597597,1.5693561493980968
8084,26288.0,14928.0,51.27975475686267,140.58361137173716,0.9491730436949165,3.0683774651548514
8085,18717.0,13058.0,76.48525087606454,98.6170463092021,0.39792387915611255,-1.5873877273732382
8086,26296.0,7886.0,8.71738630966881,155.37698393056678,1.3728841554751399,1.5745333988088415
8088,21601.0,15222.0,15.454172716871545,27.739708313334905,1.1039255643885169,-1.5107364536576413
8089,21150.0,10679.0,63781360.91367148,63781360.91389078,1.7685224180924148,-1.550302551938587
8090,3560.0,15171.0,4.856472130136313,5.001240475752978,1.0854453911465844,1.9135269264674732
8091,40810.0,10596.0,89.32247219787672,6981.260496764546,1.0188912238523842,-1.5677503494569436
8092,8346.0,14604.0,22.34694679846663,51.667705679126804,0.41714076851394416,-1.541825363205355
8093,2351.0,12627.0,7.714892580861084,26.261049167481968,0.47162124683153483,-1.5608185656924451
8094,26598.0,14815.0,321.4032777401127,406.3721733119383,0.964822983531755,0.018687273535906795
8095,42318.0,192.0,33.3434750298412,10984.108022259119,1.7353817713345605,1.5716102406510413
8097,37958.0,7630.0,597.0531357601012,16252.94295015239,1.0086819660660309,-1.566273986408654
8098,52237.0,196.0,4.795840789079934,111.19152711680186,1.7407562824327738,-1.570837219744173
8099,30936.0,11485.0,196.49720584693577,1599.8132392893203,1.0955205507080772,1.6216699318265215
8100,315.0,11840.0,20.374254997864,46.63842487945064,1.1581204389526374,2.4047928939929477
8101,20608.0,13733.0,5.644882967386974,15.645140328632998,2.0616239424158533,-1.512362027186599
8102,12595.0,7116.0,267.38269050412123,5415.817070383282,1.0798542356644443,1.578732351162235
8103,2096.0,14822.0,22.167290147066765,43.23809814421574,0.44412455435600356,-1.6178228118326818
8108,13611.0,12991.0,170.20579660727128,16098.435973932897,0.42238016264152467,-1.5538602367267633
8109,48511.0,15235.0,3980.5348991935207,11443.697371317103,1.0288430721638375,-1.6722986319715074
8110,47966.0,14434.0,63781360.913671374,63781360.91367141,1.700231461810553,-1.5990458843386264
8111,1753.0,707.0,9.597841710153729,66.12260756441685,1.289716654091168,-1.4268765483897876
8112,5900.0,2349.0,16.447161741256462,50.954461810997245,0.9982140642288846,-1.5154822907669716
8113,1460.0,11523.0,6.934826553815083,43.160778686491824,1.110614482191983,-1.6075792954359214
8115,7122.0,12731.0,35.077751610757446,89.59553886001721,0.42860631966310675,-1.6023873773954906
8116,30981.0,15214.0,1230.2188851881688,179909.6290489754,0.9380574928515423,1.6112038413669012
8119,1526.0,14643.0,737.9138056058081,771.9347976947587,1.0736658278570224,1.295330844003149
8120,60549.0,198.0,63781360.91367142,63781360.91369954,1.7362497559147712,1.5703562040579289
8121,37347.0,10782.0,26.743691396193235,184.37606512305476,1.097870296209232,1.5670596682109021
8123,10771.0,14412.0,44.11345548155683,286.5561438342791,0.41914576976809514,-1.554581133298865
8124,2014.0,14451.0,3.816319220276931,5.06600542313152,1.700231461810553,0.6880685082309409
8125,32226.0,13631.0,49.343373166450576,881.1089529830439,1.8317067364439426,-1.6052326730510924
8126,67206.0,11273.0,44.520491987425565,2830.732213415132,1.4432588890362485,1.5535430122462655
8128,46287.0,6703.0,789.7188619883316,6737.231862300198,1.1033674485648814,1.5472830038698449
8129,3038.0,15058.0,2.811439169738203,2.9513467539940343,2.2176740443123775,-1.993290390313848
8130,641.0,4967.0,46.95839680734704,65.47249736601854,0.43057964233099677,2.244233204646824
8132,5949.0,11806.0,18046.00556019688,79609.52644742344,2.747122869836688,1.5630317574769168
8137,60949.0,12346.0,82.96492430031711,2689.21056413552,0.9074279969531412,-1.561056822131287
8138,35803.0,14479.0,26.30227895686834,2320.2337433927046,2.0947681855242877,1.5576530678890534
8140,49648.0,14165.0,63781363.0000759,63781363.09954861,1.913978589230169,1.5990197058374378
8143,21034.0,3398.0,222.02877772407942,3411.5375124501616,1.0779921593047606,1.5412024592352929
8144,24715.0,6007.0,16.846287590545305,113.12801025371593,0.48714902805758564,-1.5632164532565018
8145,2796.0,15153.0,24.239462589341223,49.856369236898104,0.9524811258558201,1.4768421810809533
8146,2124.0,14989.0,27.34828849875393,97.64969005756281,0.4296865937421738,1.3761480813011795
8147,24323.0,14763.0,1235.9449082423307,2789.0311435943368,0.9840714969883746,1.501079329557515
8148,31040.0,12620.0,66.27878840407308,3728.8181881388596,0.4336251607483132,1.5808736705534197
8149,33210.0,12743.0,41.78985048839127,430.34994796524296,0.9751995321863096,-1.5954914961837334
8151,10389.0,14908.0,56.78393273493398,164.5998343135907,0.9651001762615858,1.605044089899508
8152,6269.0,15066.0,4.065002416428728,4.412434807269144,1.0499331492661697,-1.4631127264893327
8154,18578.0,2706.0,63781360.913671464,63781360.91367932,1.8427412658688578,-1.520936891478886
8155,2095.0,7494.0,25.916516381058397,564.0725555229455,1.2170091398079081,1.6402271741402303
8156,43702.0,192.0,7.926038418573896,513.6505179749154,1.7336328859840298,1.5706073077326217
8157,50931.0,14861.0,13.751732810911298,23.912930482235907,1.0761136773776498,-1.554983001460586
8158,9853.0,13233.0,161.4823367305926,2405.543614733324,0.40579502415880153,1.5408104926909192
8160,4121.0,14534.0,429.8041387406609,725.9511815101325,0.967627874607143,-1.604740807014193
8161,15087.0,13970.0,110.47869297364682,148.18412159527486,0.9662135493670484,-1.467505440972011
8163,31412.0,8325.0,154.51183353161312,18845.432388885292,0.42567332283403725,1.5576592952793042
8165,485.0,14950.0,114.81175890982801,537.6946916307912,0.40401763486565045,1.1144716106115817
8166,4151.0,14803.0,41.478346966727344,194.14721913839446,0.4184891133935429,1.6811322079820308
8167,31579.0,11907.0,92.0431823470554,144.23680766519925,0.4118178810160551,3.1230848607975488
8168,21774.0,5059.0,8.752299415221671,66.00292983485222,1.2996688246154777,1.5539080553701026
8170,2143.0,4027.0,65.57738100910217,754.2091338528332,1.1042745553446933,-1.7215179240695697
8171,13171.0,14850.0,54.15655412004902,294.6171725405777,0.4070984506897863,1.5749204017985616
8172,22383.0,14766.0,49.8669411980894,52.94869962052117,0.3787264516945449,1.4965684661154133
8173,829.0,14474.0,118.07545745344565,751.2667674468489,0.1600677662231848,-0.15435421503564695
8174,726.0,14391.0,23.364326294114193,55.37660245085338,0.3677692868679333,-1.789188344452493
8175,9843.0,10310.0,9.468630689460735,33.31996767263196,0.47686577867522206,1.5814053403627317
8176,11328.0,10587.0,53.647934177130175,126.7417237726467,1.2967236558264363,1.5636637247478602
8177,15307.0,6813.0,3.0115091244285064,29.231315641841945,1.047991168157587,-1.517250207788622
8179,10135.0,8178.0,19.680550011944273,71.76986190228632,1.2654044140518026,1.5445752539716997
8183,32268.0,12095.0,183.86243862008607,4886.066200267292,0.4356918463034256,1.5763876910728858
8186,7840.0,7654.0,58.245952713645714,824.9431594033391,1.2855510112930157,-1.5353811587847854
8187,19689.0,11871.0,11.086299384658211,43.72595613018477,1.1365401235925645,1.570421484497342
8188,3812.0,15011.0,32.13562190412862,133.4918740234525,0.9733386025614966,1.3726655124881986
8189,1170.0,14920.0,26.73974542442137,29.71832045225953,0.9519948741244937,1.4693434354056525
8190,4445.0,14453.0,47.18565469675086,316.09155465361573,1.2518538091635831,1.5409472325946447
8191,57555.0,11820.0,643.890575948698,4161.051338061173,0.9868538082475906,1.5646550275391051
8192,8455.0,1552.0,20.26937696676878,68.82642406783916,1.3730680037925818,-1.5517988858292924
8193,44803.0,8479.0,385.7784096244956,8691.432658711465,1.4568637611943316,1.5551112043763635
8195,45187.0,14007.0,402.8273003947389,47730.656139284976,0.9699435181851321,1.5622215636945467
8196,44288.0,14395.0,63781363.000008695,63781363.000527605,1.913978589230169,1.5889494385444258
8197,18208.0,11746.0,723.9612885099488,93165.98807889372,0.9371461528687609,-1.4580545075160858
8199,4792.0,14498.0,13.368801142375522,26.750799535536608,2.288297007928565,-1.583545862884177
8200,19236.0,15273.0,13.218998809719553,15.571217484088637,0.9932642925876313,-3.1331674596817396
8201,506.0,14378.0,40.53728008341859,130.0677756367739,0.4193825973239536,-1.1461290217388413
8202,9226.0,4476.0,61.7428878358294,538.8294277903005,1.2163313314677207,-1.5827000285141568
8203,575.0,14808.0,1176.3202118664374,7388.761928628074,1.9447401129836035,-1.876536717125041
8204,33328.0,9450.0,94.15667355026221,749.6102537843076,0.9616530985150191,-1.587282523762963
8205,21592.0,5127.0,34.234321891693654,439.3954406493459,1.2811254818077535,-1.5795176614616566
8206,1933.0,14960.0,13.123153796876608,18.443591355696647,1.3381556309637899,2.92892333340629
8209,701.0,12599.0,5.031388456366677,8.07345037698204,1.4571535949297971,1.6863199495888017
8210,21624.0,12917.0,5077.023392652227,28658.52757020242,3.557745027230842,-1.5547787372068185
8212,4333.0,7538.0,20.047668514089676,127.34675174880796,0.42302543900409045,-1.5452096780898599
8213,21494.0,10864.0,20511.485076788187,466356.8637579326,0.9921600331781882,1.548419162350433
8215,21125.0,14458.0,3.2857014865915644,3.7305684668117807,1.700231461810553,1.5568434632907888
8216,2540.0,11422.0,27.612782292404777,75.73214582386522,0.963236850978657,-1.409651313217855
8219,28562.0,4427.0,29.885479700472924,2226.5401543786757,1.4062817552216893,1.576739121168613
8220,1298.0,14568.0,8.37277178514774,16.190449075427296,1.2706739307897301,-1.556812141448025
8221,16852.0,8332.0,24.202715009586502,332.2493600257593,0.4000018361171455,1.551381472650881
8224,6571.0,13936.0,34.8604261198517,95.64735438107536,1.3039487879513836,1.5873153312992867
8225,12677.0,9355.0,130.22019183429623,2111.806211108501,1.3950225292283396,1.62892555008462
8226,10416.0,12154.0,12.583913193632732,49.23998153165851,1.0762305256114888,1.5851931294846218
8231,56490.0,12568.0,10060.911497825131,250920.4861069,1.7583125428306579,1.5666418593177576
8232,23815.0,12061.0,24.51126872051577,65.70606822441258,0.40579502415880153,-1.56761184860318
8233,26611.0,10797.0,2.9125218568820626,14.673652777903277,1.2389563786187434,-1.5932889922254503
8235,5444.0,15279.0,6.933680349492844,11.68038113867674,2.4139911146714548,-1.3059817211282998
8236,9111.0,15063.0,21.47147504052286,106.80694172684272,0.4631116881808715,1.5604653391351866
8237,4114.0,15186.0,6.919527806509808,7.785918533466896,1.6931280516007214,-0.3603993561895407
8238,37402.0,13962.0,23.462580415358197,205.8452349698222,0.9666720186278006,-1.574301993114199
8239,21884.0,7805.0,142.2942978821095,4844.535793840371,0.4138345447809516,-1.577707111530976
8242,34162.0,205.0,874.2517979921599,1174.6857779510765,1.4033736116002054,-1.6166148355437449
8243,61927.0,199.0,63781360.913671434,63781360.91377417,1.7362497559147712,1.5712714563941699
8244,36842.0,11759.0,34.27754604974674,1099.626390204581,0.4207765025064395,1.5695229593560862
8248,7680.0,14128.0,17.58826162382406,45.391807600484974,1.287659086466912,-1.5975611977628066
8250,530.0,2295.0,7.69168819121916,81.64492257506807,1.335142851680011,1.4940078772955463
8251,562.0,13123.0,63.63126560994674,233.60277571024042,0.3761874692603204,2.9863548460633327
8252,35160.0,7867.0,63781363.001160815,63781376.177024946,0.9310496935251913,1.6164784346812007
8253,6163.0,12761.0,10.831707692901439,30.91791047167454,1.347986005129171,-1.5577046325772927
8254,49846.0,2975.0,799.2970544928374,78157.1531220222,0.9835225307646301,1.5710547277262887
8255,9319.0,14526.0,37.69035837439737,906.679676993587,0.4209138763463009,1.604258160273205
8259,4675.0,11904.0,4.2608697006662615,25.732815975541527,1.5974378659988542,-1.5512198227165288
8260,20760.0,7769.0,83.30668298726961,494.5957844497827,0.9309797869774928,1.6419625695691462
8263,32292.0,7940.0,91.28385748182684,7253.638025212685,0.40080592393783987,1.5730266047796644
8264,3325.0,3585.0,25.879968816631227,143.25050691613367,1.2051051220682223,1.391374504245548
8265,29693.0,4127.0,43.29930540501046,111.00903073514813,1.109406148427111,-1.573045514130361
8266,31956.0,13101.0,33.59684957109107,146.7072362719095,1.2320685671927256,-1.5801631711766142
8267,550.0,13736.0,20.60369291873477,102.4688555819353,1.2998440972041063,1.9613464517271344
8268,22130.0,4719.0,28.741455506623108,571.4369792778402,0.40234290452631866,-1.587384312105443
8270,13044.0,5060.0,299.30263258150404,10239.531962900744,1.2997274847480158,1.5789207064722661
8271,8358.0,6830.0,359.71520146166995,51616.077707451914,0.3770373637096765,-1.6146092440265079
8273,1110.0,6816.0,192.64195466629783,1752.240429128835,0.199900282280028,-2.2488058975958647
8275,1022.0,14007.0,36.842376891970524,63.23216069169893,0.35329761411402616,0.9059120481340214
8278,14956.0,9042.0,16.871002240651976,44.16680638869411,1.527501827801176,1.5720221049279561
8280,32459.0,14988.0,63781360.913671345,63781360.91367135,2.2176740443123775,1.5416760491288197
8282,36524.0,3774.0,13.30834600574625,173.13963413965092,1.7668950854967327,1.5905835381740892
8284,18441.0,12500.0,22.311609217687792,93.77262214432474,0.4099570971356469,1.554083477578066
8287,3327.0,7734.0,19.73612925529708,135.78058766913054,1.1023403356472434,1.5435473049049562
8288,8746.0,14523.0,37.92502666308258,52.060260562183075,1.0236601862645236,-1.517662660618623
8289,45046.0,8439.0,552.1334039835104,18274.194894736866,1.2476899778235102,1.5741185454093836
8290,16852.0,11674.0,27.098863735913667,124.17242243374933,0.40869941770692647,-1.5678987192429932
8291,55836.0,13599.0,14.073213051755623,56.72419462496969,1.4955496036580598,1.573897123141946
8292,45957.0,11985.0,63781363.000000484,63781363.00000496,1.0620955001207597,1.523954067246835
8293,7398.0,14968.0,1072.490904900466,22249.214344918353,1.7382520906606258,1.617942939601896
8296,10408.0,4065.0,89.70091912423248,349.6701775248345,1.783581075459578,1.5102765337687032
8297,29128.0,14866.0,24.203097819625842,44.51084753189892,1.0048857110070182,1.5570450781876057
8298,20325.0,14734.0,20.2791069088627,103.17046016639202,0.4288541342719632,1.5807959229188682
8299,33569.0,7433.0,44.065867711570036,868.5189162459752,1.418251104600321,1.5862914580588114
8300,4421.0,13411.0,20.65537308240204,136.94485746006055,1.016060979646285,-1.32969716354896
8302,2872.0,6111.0,10.38804453657673,54.18141389186618,0.45226745704866794,-1.520463788559254
8303,51131.0,9457.0,564.4927189046658,128447.88334280768,0.9313997869575614,-1.5667455443224483
8306,5187.0,8337.0,24.76416478828374,754.4901220548294,0.892924650130147,1.4979999170295561
8308,11241.0,12490.0,243.94113276914018,541.9344511575009,1.3245536365641206,-1.6072472431521834
8309,34373.0,10888.0,33.39769198521256,123.1818457494937,1.2997871648149097,-1.6072798967113826
8310,1153.0,14590.0,100.71387617846122,147.31867208858404,1.1115152341481904,0.35203716479152075
8312,21777.0,4643.0,197.33411012718602,832.5811739221533,0.9719508125221201,1.5737347470153777
8313,21931.0,11776.0,227.4491013253783,8043.6514824396745,0.4175250863065887,1.5607861326559422
8314,33013.0,167.0,34.94741007289547,163.11030909188958,1.0677902392528387,1.5786111538009422
8316,12877.0,10370.0,45.33733639199816,899.7507370433067,0.41591921263737813,-1.5890648242096395
8321,19785.0,14291.0,87.1927519608642,223.73256992540541,0.9525428695872775,-1.5442057404552296
8323,16447.0,14773.0,12151.901520610661,46598.15075347322,1.1052322022244467,-1.7269482360236037
8324,4484.0,14833.0,74.23212703064821,96.73960965598678,1.0859344923929042,1.387264288084551
8325,24973.0,12774.0,33.883617445260334,101.43589651254555,0.9585101550974894,-1.5916979406220615
8326,16065.0,11567.0,11.247226644246346,49.23226534554554,0.40540959914166674,1.557844885521167
8327,33806.0,1227.0,9.474078889117001,460.12818811981214,1.1471039816662079,-1.5736426654376672
8328,25947.0,2773.0,5.801044153759244,102.22563618531767,1.4141089626909509,1.5756420024007978
8330,23522.0,10704.0,33472.348416945555,114713.50296704232,2.0423355783866812,-1.4731218692522183
8331,28991.0,3890.0,145.20454471397545,1606.642202535352,1.2310740239062261,1.6149501766986716
8334,4703.0,14558.0,38.0377850025703,604.0704269879325,0.39517912907388586,1.5498672195514733
8335,7158.0,12630.0,839.4396653084698,2862.811769909976,1.0030688152578564,-1.4722542163008487
8337,8292.0,11550.0,342.7537959862393,36377.52131276031,0.9631356306189257,1.3986288542634748
8338,29030.0,13873.0,15.375355286280424,46.36503072774636,1.0115184354276585,1.5644345695440764
8340,33993.0,10266.0,138.33659301361615,17945.175550452917,0.42470957415996596,-1.5585163588393844
8341,542.0,6080.0,186.0671352236484,27406.852680937493,0.3844580214918816,1.2307663566345384
8342,5992.0,14330.0,8.253416451415479,20.515258017237695,1.0081714285818772,1.5766193942776887
8343,5446.0,14387.0,823.4474424528338,1857.1015195216135,1.0804604527607116,1.615613258013706
8345,4863.0,14633.0,180.02688734366038,439.1534883641827,0.4085526160735303,-1.6312867218095346
8348,61733.0,199.0,63781360.913671464,63781360.91395299,1.7362497559147712,-1.570915766948219
8349,60977.0,11992.0,63781363.0000005,63781363.00000589,1.0620955001207597,1.5343331343874487
8350,3440.0,14597.0,30.304212907134897,95.19436339623005,1.3008265182678065,1.6277569900834117
8351,2176.0,4598.0,6.955304149702253,65.17296921099316,1.050882913644173,0.889913381324382
8352,34799.0,14860.0,1404.6479654497014,34275.48919646286,1.3906187422869745,1.606464411609451
8354,974.0,14493.0,347.14367588680153,721.9947699227805,0.44791423435315053,-1.067542637472537
8355,3349.0,4151.0,72.12282859834765,5612.819605315927,1.8819734819370324,-1.7438034351939833
8356,1291.0,14813.0,47.53520508280263,98.18916195306691,1.5112404962573591,-2.0386653102684535
8357,9583.0,14737.0,25.401470481501587,61.88714867776024,1.9048500848472796,1.680080351723823
8358,6812.0,13805.0,57.05897538229054,123.7892611234014,1.29078014405922,-1.5658184678141158
8359,2807.0,14700.0,26.79299217300196,186.63205217820558,1.1146704502107003,-1.4850076942903692
8361,6652.0,14466.0,129.4852372072927,722.6999289673798,1.3298645428579334,1.5680982541582542
8362,19731.0,9784.0,27.076217782729643,150.27983976705053,0.40176142238569607,1.5683523849737868
8363,32699.0,14934.0,63781360.91367135,63781360.91367135,2.2176881135501327,1.5484233439561823
8364,30304.0,14755.0,491.5737088545528,605.3162499154367,0.959421782560049,1.5881142080623338
8365,957.0,4271.0,111.35342522314595,112.3320441745193,0.39639466212954605,-1.9174296885603093
8367,36895.0,10496.0,63781360.91367173,63781360.91369666,0.9204989985573329,-1.6250238021666665
8369,1702.0,14991.0,12.718264364866023,38.05368084506032,0.9778490531300187,-1.488119682433362
8370,16959.0,14201.0,32.863569833542456,1824.9369924064663,1.0105305334958983,1.599381411453958
8371,60697.0,198.0,63781360.91367141,63781360.9137103,1.7362497559147712,1.5713938187206078
8373,5755.0,14787.0,10.518471860709761,14.31803697829178,1.3219660297941749,-1.5768697699957017
8376,16914.0,14454.0,26.935967541055263,84.7712918847574,0.4263456782826655,1.5766930401992085
8377,54713.0,13566.0,63781363.00000011,63781363.00000736,1.1333506755308855,1.602723135454686
8378,6835.0,2792.0,66.3323006902405,992.664447288683,1.8828731043860731,-1.5196464702411148
8380,37232.0,12008.0,49.35182051153877,732.8424968405649,0.9805125224421012,1.5661923611952246
8382,2337.0,13000.0,63781363.00000007,63781363.000000656,1.4137163542887774,-1.5749460385085257
8383,36009.0,15176.0,4.7832336422372554,5.005691037254421,1.0854453911465844,-1.71508659179819
8384,8927.0,4432.0,42.76691209696852,1324.9637825835848,0.926769350586908,-1.5440686472695682
8386,35410.0,9789.0,21.499428861045853,32.01000392336568,1.3021885539447167,1.5748439785421635
8388,543.0,5471.0,136.0372527610367,409.07775294324387,0.39307590800219294,1.0907400696635345
8389,40013.0,15224.0,2670.2415632218153,61669.06818259435,0.8877323637860799,-1.5698291047204684
8390,14906.0,507.0,45.18904899188944,428.8655194492401,1.1099502909593557,-1.5119472490504353
8393,47122.0,10718.0,63781360.91367146,63781360.91373723,1.7685224180924148,-1.5619940457065526
8394,2915.0,14700.0,52.195937840159125,113.56987564541137,1.343385400029255,-1.4996482078455629
8397,11794.0,9359.0,12.389416035830966,93.01366476021165,0.4093288872335912,-1.6074506440210683
8399,14714.0,12534.0,31.215822248912527,110.02544958723628,0.4201626950094799,-1.5844650420121689
8400,215.0,14251.0,8.86845259264012,20.596931516584785,0.4537379047948007,2.6247847061377634
8402,26325.0,14897.0,126.21318116158764,187.17894529470342,0.41380618724344986,1.5537362432180606
8404,27279.0,14110.0,171.52459561052646,25985.26965914517,1.956728470188546,-1.6282769684733562
8407,10086.0,13661.0,14.389166552845314,31.79059030567786,1.117493604218887,1.5657099784693398
8409,34849.0,13124.0,59.4503853732282,492.2799262943169,1.1832675559491745,1.5727036795197036
8410,14770.0,14743.0,13.909233060321242,25.10656086095155,1.5107185800288783,-1.5795633840581218
8412,8909.0,9705.0,11.76868450017481,44.4103199627615,1.122964892008314,-1.5358378450616832
8413,32642.0,11037.0,15.756411016713008,85.96401108226821,0.9651416962969821,-1.573881951112764
8415,14749.0,14775.0,73.67756150050835,252.90598152218726,1.0989321417784996,1.5520807166589639
8418,3976.0,14230.0,4.562098897167776,10.854598414674722,1.0864932971890229,-1.5713472282311214
8419,1640.0,14741.0,27.02057859847667,157.95880879110788,0.7394017240353048,1.5722972401046178
8420,17849.0,10392.0,12.11892803922333,54.8685897462129,0.440439553502372,1.571246257744169
8422,8455.0,2681.0,26.369340228315128,108.25351697701745,0.9996070611630488,1.3469589750177446
8423,21549.0,7934.0,72.47481329957695,174.05268094591855,0.9585456117408718,1.6006612480677687
8424,11234.0,11412.0,9.234910642013384,161.24909592138494,0.8959219750355569,-1.576485889693725
8425,698.0,8325.0,40.644439610592606,202.72838124996483,0.11048527573371653,2.034138380887771
8426,3581.0,11484.0,47.42880221815829,228.2806887853589,1.1152178219278914,-1.333553714456646
8427,11468.0,14003.0,9.180472306877856,13.873777992381255,1.0326451193596486,1.8683144872640505
8428,50091.0,10317.0,24.06972053016623,168.60847960669648,0.9436290192836287,1.5709152830579558
8430,6196.0,6257.0,45.9916712209662,786.6502783462332,1.5338990623204443,1.4936134187950831
8433,15158.0,11375.0,31.35688226642138,525.8453416983198,0.4738624066402298,1.5712418026861625
8434,48953.0,194.0,8.210460497454267,350.778280257447,1.7342210097777397,1.5714494327164574
8439,875.0,3350.0,41.791365771130394,1873.8428075906966,0.4156140891264397,1.8936085295408918
8441,24075.0,13760.0,2.8971374583905853,4.652731961880134,1.8073522310079468,1.5344879389624657
8442,1926.0,11900.0,17.414341234074023,68.76585550760207,0.42778122457676815,1.3774316335241712
8443,49213.0,14583.0,31.393877649421984,267.70025030909403,0.9799153407108538,1.5815055480567541
8445,1447.0,9953.0,6.235101975380696,33.75567521137793,0.4222902223412473,1.6862129630709906
8448,25484.0,8233.0,995.3716753882748,4842.395849735047,0.4149705710602237,-1.5752365869914045
8449,6525.0,1322.0,49.86199757717607,2472.400525042587,1.1013037730158042,1.5619443560759663
8450,33604.0,11977.0,138.78397802950852,10386.521507842397,1.2974062652168525,-1.551931485189585
8451,8984.0,11849.0,126.54115492964567,397.7258372665585,0.9646499016711418,-1.576223651124292
8452,26961.0,14795.0,61.789718109915206,86.75807310991875,0.9985626653932087,1.5881230677802347
8453,52051.0,196.0,5.956775083170599,266.2028133163378,1.7407562824327738,-1.5707763572376807
8457,52053.0,196.0,5.784876593016601,208.1102674697691,1.7407562824327738,-1.570977596767106
8458,16878.0,4926.0,35.872554621887105,74.42624293977514,1.3075788433438913,-1.5650999121759486
8460,30729.0,14102.0,67.89079746594354,3960.312453781559,0.45588091913830947,-1.5622695066508803
8461,38630.0,4012.0,63781360.9136739,63781361.290450975,1.8087532333352487,-1.5940561283438412
8462,21612.0,15240.0,1381.7830469721407,17738.658496524364,0.9104319873933854,-1.518670504407551
8463,8226.0,10683.0,11.947793515287646,34.86009909849032,1.3092120757770613,-1.5689512450900704
8464,362.0,9191.0,48.286033481236245,7881.195932958466,0.33406658863006145,-1.207752898831811
8471,5129.0,14865.0,17.163019521992258,18.980103929532728,1.1152653880314427,0.06773338039970675
8472,12534.0,12408.0,32578.41590576974,182975.4865463175,0.9846619080469461,1.3736358138659104
8474,8976.0,15065.0,3.016029294215026,3.099038390097661,2.2176740443123775,-2.342303530628811
8476,39722.0,10659.0,111.97460455827905,2654.8133754221963,0.48500273506771296,1.5592594426920343
8477,8833.0,13406.0,20.792728974736395,349.68154474839,0.4215405875670131,1.5437718729441614
8478,25873.0,13145.0,87.99699979382237,1686.6606047556782,0.4269778230182841,-1.5659081871894813
8481,50717.0,15034.0,8.388609339944699,46.33901903113441,2.0194644741807766,-1.6186053615352363
8482,19272.0,8186.0,284.06810134006236,539.230071175741,1.1131647319702094,-1.6145520784818357
8483,22694.0,7178.0,3.4357259412397885,16.898961201810742,1.043781933065281,1.5613978868244534
8484,14736.0,13026.0,16958.833969243107,48864.41185240774,2.7434855996733263,1.3400097188586648
8485,5709.0,6439.0,2.6912984842951375,9.752059742157618,1.473303047947034,1.567728692424295
8486,10346.0,2425.0,63781360.91367227,63781360.92186136,1.355112237032675,-1.7545320284225563
8488,5461.0,9279.0,112.59053901232541,664.2814486750857,0.42590760080344714,1.612654643523376
8489,2381.0,11123.0,12.118204351240138,19.92824776513603,1.0799248184881316,1.5526668825338452
8491,44499.0,14394.0,1494.6623594715325,121586.34054790018,1.9253544843183812,1.5865897671771265
8492,15633.0,1389.0,41.196483754613624,113.53591360004091,1.527587550461639,-1.6449241172420206
8493,6826.0,11667.0,387.4498073311153,16744.36795207363,0.4304863528101032,-1.6408738406549552
8494,48434.0,14823.0,274.9287642735261,22782.861482550863,0.9561769987370881,1.572662778517234
8496,22541.0,10789.0,2.874980211176361,12.840128477546887,1.2389563786187434,-1.606277500795768
8498,26173.0,9788.0,1020.6142740468956,257718.5899340849,0.9167870618468028,-1.5732112216344687
8499,20759.0,11863.0,29.77543156194077,727.9127359252693,0.4122735912222135,-1.5419250987150732
8500,1691.0,14503.0,10.178292292551301,18.9367679485995,0.9465034348412275,1.5135136539702416
8501,1814.0,1261.0,35.92803719410721,254.5953948721081,0.414200010898402,1.7137042975963899
8502,20987.0,9727.0,6308.1238693629,40454.274957863505,1.3416096997481135,1.5627821325104638
8504,12653.0,11138.0,7.314903862188279,18.423032415083092,1.2576433564718101,1.5708301508328653
8509,28600.0,15226.0,63781360.913673125,63781360.91370718,0.9578935564478287,-1.529419915999543
8510,2610.0,8146.0,2.978737914137358,16.827452296529703,1.9020661283449347,-1.0586385531493845
8511,4621.0,9879.0,135.82142482369113,6125.803062342975,1.0099670185530354,-1.4882761365048898
8512,56008.0,13519.0,63781360.913726814,63781362.24498879,0.9669445387052285,-1.5520331561771892
8513,25001.0,6872.0,260.64160678219173,16212.47721008755,0.416693471958832,1.5611548601346583
8514,592.0,13828.0,173.9612584190676,1449.28278636798,0.4258410477411364,-0.5694357351004002
8515,12003.0,3804.0,39.7325322306649,3677.068517920473,0.442321563419768,1.5401692356816141
8517,15805.0,5502.0,215.46754269894868,2359.3490787080123,1.1002564304054114,-1.495218585323672
8520,6530.0,10132.0,61.563388768951384,575.0487939202985,0.44511964743743715,1.6444484189751174
8525,27253.0,9174.0,67.73894154498343,2464.343519358703,0.4208717021695085,1.5776154354626908
8526,428.0,6930.0,118.29307124639806,10137.142937332206,1.8279617808473785,-2.9526856821394354
8527,28361.0,14204.0,60.82748551039013,98.71160216821458,0.44556049177886103,1.583097459340634
8530,497.0,15120.0,25.865710421417617,88.09313442010613,0.9372203342544162,-1.899719889874275
8531,43685.0,192.0,7.650015736691084,460.2758107539934,1.7336328859840298,1.570524838846126
8535,14776.0,6966.0,35.85840774755221,777.8716413400851,1.717770647003537,-1.5600023448962017
8536,7021.0,14498.0,53.62908468410824,54.616179922510945,1.446840077226417,-1.2613654444461082
8538,16046.0,5860.0,113.94591729907467,998.6086883851012,1.0986305571594956,1.5517456930414604
8540,53196.0,10829.0,2.691478589493801,17.199371309545384,1.2389563786187434,1.5758756619895744
8541,1340.0,5640.0,14.076904351007943,298.0155878521369,1.1150839168390994,1.755192190103453
8543,4509.0,15036.0,5.546874183823286,8.201273415425394,2.6469392382743635,1.5713078345538176
8544,11021.0,11466.0,15.307352810183675,72.96591919031012,1.856256048800009,1.5831529619852032
8545,21783.0,14048.0,50.62652451301511,1121.1591290681642,0.9406411638114218,1.569041914454564
8547,15533.0,15071.0,4106.022451441339,607201.5606942979,0.889199979859543,1.5655178230995008
8548,21127.0,6908.0,10.813670647291813,172.42857704236158,0.9587970153594503,-1.4862614018594367
8549,1186.0,15049.0,874.9450986619191,25888.21502585516,0.19172055043107616,1.0964853635541676
8552,16656.0,6282.0,3.5733592130950287,16.114039012914013,1.0597531310490274,1.449983258336982
8553,29414.0,6973.0,30.991540070519914,495.87550449223244,0.9741328546763806,1.6161243084214554
8554,2637.0,14738.0,23.33013373985597,46.08926153191262,1.724744116285323,-1.4612566021525877
8556,6508.0,15098.0,32.88252890000339,58.73143102856045,2.2303879793194956,1.3809691284485321
8557,27553.0,14912.0,63781360.91367136,63781360.91367138,2.2176881135501327,1.540084773230939
8558,3810.0,14764.0,90.63040414251255,1159.760853507056,1.2301160642731843,1.6686433865228008
8559,7683.0,9346.0,33.55984705205879,1418.6779281438096,1.2163996194050608,-1.5397703551579909
8560,8589.0,11651.0,54.99613721175789,1034.2566762884192,1.6860650338961847,-1.625780601107024
8561,1494.0,8077.0,235.88787599474705,19077.19084418472,1.87836605483378,1.3867055115981883
8562,43075.0,14828.0,210.55272575527277,15207.726249955836,0.9561769987370881,1.5664012066141868
8563,16505.0,13336.0,214.01419750413191,5717.008231613469,0.985624841920783,1.528949123576854
8564,1062.0,14980.0,49.648403105145746,210.56221239880463,1.449958244391522,-1.428869025253817
8566,18578.0,14960.0,10.648489894609215,73.41778136705194,2.6776323069309136,-1.5880797753208862
8568,19196.0,14523.0,255.14091646895145,1406.0754866796274,0.41690213034834833,1.5472168320746955
8571,14235.0,11851.0,679.7939033222445,2726.426010114081,0.9868538082475906,1.505839778706529
8572,18343.0,14819.0,17.76292362757537,30.45645429044488,1.3024360920188254,1.6090454795852878
8573,23834.0,10044.0,20.618884389345553,60.68376714831314,1.2590718603231892,1.5517117857287719
8574,2902.0,2263.0,1296.05100961031,53398.18777193377,1.2250081308452343,1.4701751388392497
8576,900.0,14917.0,3877.2231808321994,8040.02829097408,0.3207375523107938,-2.8331493028991437
8578,13343.0,14956.0,323.92955952062084,407.64792096712114,1.1223559924419932,-0.20173589296805752
8580,11551.0,14118.0,123.71975476613284,203.14189834994102,1.2406785689023971,-3.0760523228076058
8581,1650.0,15113.0,17.9776171549549,29.1027060510075,0.38531443058068715,1.7104812503345321
8582,17477.0,7053.0,10.716677659091244,34.05095613465841,1.2550957904501054,1.5684551024384974
8583,1165.0,13770.0,40.07122464573108,1045.43179910216,0.9582622639641413,-1.639681479428313
8586,61488.0,12556.0,63781363.000000045,63781363.000001475,1.3011821772737133,-1.5807739731383976
8587,45656.0,4434.0,166.07830032071672,24290.34575627554,1.112479807642595,-1.5756796811702545
8588,271.0,14679.0,28.477841063916358,32.63038289475622,0.42115033637318555,1.1946547861850783
8589,553.0,8600.0,10.031953601462394,27.011546670304835,1.036793280679171,-1.3654692986581987
8590,42378.0,4480.0,59.14957306147889,825.9668786809758,1.1009846374517602,1.5663702059602738
8591,13309.0,6475.0,271.4856604753777,16805.654555631616,2.351672533433185,1.5434204116938617
8592,56475.0,10636.0,113.74735922515015,5987.655859442514,1.0050930470635353,1.5685673628110361
8593,16692.0,9811.0,576.3009406169513,167142.3715408835,0.9368770441633502,-1.532394581173997
8596,1703.0,14824.0,13.488644243502305,18.182387941864157,1.0806480419010995,1.5034066528073513
8597,194.0,14419.0,6.2250810204765425,12.644378099147797,1.2081642600648608,-1.7773226158181081
8604,1737.0,10690.0,10.299554217580122,31.514364844881403,1.2341988979503327,1.516942880587737
8607,824.0,2494.0,11.725689387829277,36.76760620144834,0.47405984383549826,-1.6539635104372266
8608,2468.0,13900.0,56.423018598229056,2471.1496764735316,1.102008048887884,-1.686096331480572
8609,25150.0,14609.0,31.761118346035364,312.1061581808228,1.796324148872962,-1.5694797523784343
8610,5717.0,11398.0,15.62847357747892,32.62729465278621,1.5345030786834866,-1.5375992025153786
8611,21663.0,1447.0,4.5293522679789024,8.242156130086858,1.5282002294676493,1.584941742480566
8612,26961.0,10474.0,5.34458343828694,54.774016451145044,1.8085049593855291,-1.5992986239603364
8614,4290.0,5536.0,22.407644619990922,165.9104277567345,1.120633970171447,1.6733184734027426
8615,48544.0,7573.0,63781363.00037675,63781363.552419454,0.9310496935251913,-1.5873590930371488
8616,6680.0,10974.0,296.5322074295854,2113.3737411624265,1.2399242310812686,1.5895994037394752
8617,34815.0,12684.0,1469.8953337131054,47773.89855713738,1.757549632677067,1.5880647862403974
8619,61606.0,199.0,63781360.91367141,63781360.91371329,1.7362497559147712,-1.5705611819385006
8620,2622.0,15015.0,297.90943731580705,786.8751561810583,0.40972160859597473,1.3745865470970933
8621,26531.0,11280.0,22.854689521417395,53.0151476163992,1.0930708075196869,-1.588867776971519
8622,9975.0,14741.0,29.626590946418073,34.47026409791543,0.4319503518884644,-3.1401332189584945
8623,19695.0,15214.0,1244.6998001395025,181641.77086089412,0.9380574928515423,1.6398309930221975
8625,4860.0,8483.0,15.485287022599794,2348.352627246679,0.4044041569543278,-1.5674466852840754
8626,59042.0,10942.0,56.99431849491632,808.9940081837506,1.2870609967776356,-1.5595123715720716
8627,18754.0,9699.0,14.218056009921604,141.34857230208397,1.1159681119322997,1.5652242863209131
8629,19132.0,11952.0,22.227258308939344,1191.0131816596459,0.4254023580889155,-1.5863918378834148
8632,17629.0,14312.0,44.672031116665984,548.2425519986309,0.9801148484513108,-1.5469232440527907
8633,12193.0,15068.0,3.186325270499133,3.418859825355065,2.2176740443123775,-1.7936590951460165
8634,43594.0,192.0,5.573587045314151,90.98303444972632,1.7336328859840298,1.5710690095990911
8635,45715.0,15279.0,9.30146162473847,51.00065288862429,2.4331727432180172,1.5135282424118839
8636,2330.0,14857.0,50.69860194213393,80.23824041209109,0.9465034348412275,1.5659125797137705
8637,606.0,13116.0,56.575414764781705,121.95702850813878,0.40687679635284923,-1.4953326654954902
8638,8712.0,14824.0,12.351364169382906,19.16634690424598,0.42278128986532826,1.5546150259619247
8639,9343.0,5679.0,135.26885389110794,1111.021016065688,0.9519948741244937,1.5009431776438726
8641,644.0,7497.0,33.27301123706206,3679.724351404402,0.561559286318453,-1.7282780711249104
8642,31480.0,13025.0,115.70952511395332,2121.4748088171086,0.42128826796056207,-1.5698000139339163
8644,9040.0,3217.0,223.25477868513286,4435.480010424741,0.9990512282544327,-1.612362920187649
8648,4590.0,6177.0,27.192338255369968,538.9964070280964,1.1101360184627838,1.5721929390347404
8650,29760.0,12844.0,63781363.00000009,63781363.00000223,1.06830579800463,-1.5906764204610342
8651,2996.0,13799.0,205.2750606200565,630.0925829409196,1.2265156649796354,1.952973238403961
8652,31742.0,2830.0,2828.0485417707,86337.33197182695,1.0418451902977983,-1.5163020799563203
8654,1238.0,11377.0,71.24466549078949,116.54776873313372,1.2157542262043382,-1.7610539349012244
8655,30655.0,8233.0,12.634550059284436,437.43102102847735,0.9829261241167739,1.5811229634731028
8658,48116.0,10679.0,3.1588262551854736,9.912835811109604,1.2394112690615444,1.5811229570815457
8660,19482.0,6090.0,32.04756945682736,114.62365883828672,0.42982442302265234,-1.585294694242522
8661,791.0,15096.0,265.9820415468477,899.5912509398505,0.349953096347017,-0.940545480468746
8666,11526.0,14242.0,17.34662550075808,83.43325283190043,1.2599602235402156,1.567410832080924
8667,50490.0,14856.0,375.3325921619394,4522.258629510601,0.9944257571396102,1.54851301504576
8671,22151.0,12141.0,449.0501202328252,1814.4192225150941,0.43670339114254864,-1.5797187052800719
8672,1696.0,11657.0,26.362255630713705,452.3363734806829,0.4237875467399459,1.6364014615683191
8673,10511.0,14084.0,28.27479431090574,42.60383944370455,1.1991004256993187,-1.5931527431502042
8674,6498.0,14902.0,87.88391043795671,96.65364967686631,1.30804699326973,1.468313825451667
8675,8812.0,199.0,16.991013472105006,193.62256236019053,1.0780251586459648,-1.584321812048982
8676,61095.0,199.0,63781360.91367144,63781360.913732305,1.7362497559147712,-1.5707891344514018
8677,34373.0,11833.0,15.5161221467075,121.15394036792749,1.5403322777673514,1.5724602077766627
8678,34921.0,10805.0,4.710127516734092,12.376870782570238,1.646137701374287,1.5811715856605089
8679,40303.0,7397.0,147.58632339538747,26371.137252528904,0.994218886885593,-1.5630374692237368
8680,40875.0,2833.0,321.42733998924774,20683.224950525328,1.11870376322971,-1.5389528547254707
8682,576.0,6717.0,129.55993091899663,630.6550582023219,0.9918178740720118,-3.0417735391715564
8683,9463.0,15208.0,3.9206185755258107,4.390263096030454,1.8386299442869083,-3.0775806144833457
8684,1138.0,14940.0,12.53799108218974,38.34645108205027,0.4143716296251139,1.6381154239016007
8685,16594.0,12918.0,1418.053091386923,1212315.7699834988,0.9874750514820765,1.6571061017689568
8686,52072.0,11455.0,54.37481972361369,419.7203861607786,1.3196541617503907,-1.5741305993841388
8689,20045.0,3926.0,17.694474001284053,54.9029179984991,1.2978964237146038,-1.5696125380554677
8690,13409.0,14644.0,125.89139602432031,399.2718159300471,0.952814946700033,-1.6083431199921583
8691,46916.0,9464.0,55.3953957342588,297.29160238675684,1.090075181238406,1.5510763646520977
8692,29642.0,10631.0,74.88685421559788,1688.947979657925,0.4235110194148662,-1.57026602611228
8696,1824.0,4463.0,131.02847714457448,636.9581720571628,0.9397541456383881,1.2845674372212639
8697,3598.0,14848.0,9.804335302161823,9.857474161117473,1.5949494450125237,-0.0362060309852254
8698,22391.0,15035.0,4.866157892417143,7.337663048989805,1.2759349657503145,1.4775726705530692
8699,7387.0,6680.0,48.627695384796134,111.67256122608887,1.098269303981945,-1.5707682668984426
8701,11073.0,4128.0,9.155537018181967,33.11434753602828,0.4087886093858213,-1.5749513642928052
8704,2634.0,14813.0,609.9741015421822,945.6113081101385,1.5368446899493131,-2.207628070077911
8706,2447.0,4130.0,20.191691597911664,158.54836673205477,1.1187802567588878,1.342258681259462
8708,56039.0,11401.0,63781363.000000045,63781363.00001252,2.5108064845060714,1.5795439083293237
8710,10477.0,5960.0,55.83425199627844,181.49397563021563,1.4267458704361768,-1.6420081528722674
8711,28031.0,12600.0,20.538726271612816,650.866060224571,0.9889561656360797,1.5723662455429046
8713,6034.0,14523.0,109.9820175352718,3036.646994556461,0.40121856381993587,-1.6117760041383649
8714,942.0,14872.0,8.765393582270129,10.435461527134589,1.1037611113618593,1.6441502344187586
8715,51326.0,14884.0,14.901034077172056,20.96551151447093,0.9760783752103934,-3.111028928983071
8716,8415.0,14870.0,52.126203023278855,116.30728137219992,1.005229246004753,-1.550996666680495
8718,11592.0,15041.0,2.91708397787567,3.0695181924724637,2.2176740443123775,1.4267018426932934
8719,23839.0,13527.0,18.461100889227975,59.60461674492321,0.38756668768175895,-1.576264649420116
8720,25639.0,14380.0,32.5027255700592,76.4394693597871,0.42862767315718475,-1.5840522816773661
8721,1428.0,12903.0,53.42372204362975,2610.0261690970938,1.7822685748359555,1.753338451858325
8722,41931.0,1712.0,16.456370839513575,5242.883221049204,1.039866714520755,1.566654822431914
8725,2877.0,3029.0,87.1471695488187,7603.130463667072,0.8998236452892859,-1.7360994888311085
8726,11026.0,4505.0,15.21911909297192,88.72479351648707,1.7792882739866756,1.5611620561273936
8727,62543.0,10919.0,72.52311899707514,14956.989559093725,1.1000544229818396,-1.5718547962038476
8728,2369.0,12245.0,834.2342067022779,9584.15001654557,0.9220941680555659,-2.1386749069694937
8729,3899.0,10842.0,32.161809164155564,120.39062530066813,0.9432296776635088,1.6564419977231646
8730,23120.0,8021.0,20.83880552599973,72.10481236880625,1.0896394994478795,-1.572640637704413
8732,829.0,14428.0,5.042670186957082,6.535028650755031,3.0601922783519484,2.0159175444937083
8733,23091.0,10659.0,16.09300411809204,387.57114642584526,0.4341644977293696,-1.5695309403030138
8735,3499.0,2786.0,11.669415489164976,99.04218085479394,1.3782490519187878,-1.6707038660805176
8739,29898.0,13410.0,56.74059224062712,879.2344302093535,0.4021238697244788,1.5826608982318695
8743,14318.0,10623.0,63781360.91367154,63781360.914465584,1.7685224180924148,1.5671435069122792
8744,10556.0,10321.0,142.51770076045153,8332.337466177823,1.3085840599607736,1.5812915327882031
8745,2840.0,14202.0,20.015851350651886,184.3084408447535,1.2455279766652803,-1.3919665766977911
8746,5280.0,14470.0,18.128306128783652,19.83961566534779,0.9396690636863548,-1.528531627097254
8747,2477.0,14992.0,11.107197033368966,12.320849376269377,0.4169941889400089,0.16070829977851625
8749,4799.0,5151.0,39.719350291420476,606.3689304970599,0.38275287055455515,1.6135088134824362
8750,18387.0,12914.0,3.973502810151548,7.1904774072196025,1.6232038449229358,1.540673834317336
8751,27270.0,14930.0,11472.047671330383,18258.169710143913,1.1227726932883093,-2.9902191298198475
8752,5747.0,8436.0,8.851877151964123,41.72202746135788,1.1025510103183782,1.5703235631632722
8756,76.0,14813.0,6.786335928844454,10.645344374147813,1.3238536312948788,0.7967130193434103
8757,3623.0,12677.0,24.873176142008344,277.76161954438777,1.2585458129037141,1.460837167322585
8760,3467.0,13079.0,15.008282601615898,53.62391558926586,0.42273397244453825,1.5536672928915725
8761,31813.0,15223.0,58.68854588184992,198.8702403355879,1.997857750818567,1.5050721796586262
8762,50752.0,10231.0,1064.7624159224065,128742.54908086939,1.0905528995776725,-1.5617966523803284
8765,10924.0,8449.0,146.43507243993318,1380.6525519225256,0.43388641758148233,1.5315781080886994
8766,50809.0,14215.0,463.88539217855526,8534.862040188711,1.1040356137078164,-1.5763963378329962
8767,38.0,14940.0,36.60888893332002,65.71447147250012,0.9985582453787902,-2.049318905229062
8768,1224.0,13844.0,77.67157090597546,2793.3077576910255,0.41480344377824696,1.87904291530122
8769,36892.0,15276.0,8.150116228468393,31.69712436192552,2.4331727432180172,-1.5439446789845157
8770,36331.0,12371.0,57.424989974823816,142.1752015041474,0.9269519685886505,-1.5765929656309154
8771,10632.0,1636.0,59.6520942349516,153.89082575186916,0.9480992018536818,1.728878127532534
8774,45595.0,14962.0,58.81806811602784,327.9147325574279,0.9891107074310568,-1.5716422541923196
8775,35614.0,657.0,53.07980014406197,621.2649747210666,1.4094415416880608,-1.5950849319976896
8776,4102.0,14695.0,191.5749698563768,1230.1178104358862,1.4042379976619188,-1.489384673666108
8777,36141.0,3965.0,63781360.9136714,63781360.91367831,2.546328421028351,1.566793310135729
8778,37469.0,14059.0,23.107021940913928,130.3763637779634,2.184671348498037,1.622483978806092
8779,23372.0,5254.0,73.3988518178787,786.2243558230577,1.23581528338778,-1.5020051210003862
8781,813.0,14699.0,22.99069590419313,24.000766392310027,1.066368576672653,-1.2400150486274433
8782,37966.0,14166.0,166.91934871781208,23029.879222778683,1.956728470188546,1.6080457753812216
8785,9910.0,5417.0,69.27254113988408,573.1929065238361,1.2707011286205128,-1.5231132619538077
8786,5737.0,5393.0,32.864757432390604,181.46028944665522,1.0724312843342254,-1.5036790049950255
8787,5166.0,14960.0,58.82528583767043,1112.0505767821307,0.4194262848499851,-1.5582524193506355
8791,15610.0,6233.0,131.04438745143005,1427.5517108293466,0.42617528773311275,-1.5547173118061552
8792,18727.0,13683.0,124.89250548032967,3271.4778466343632,1.221981084714585,-1.5877277273807506
8795,20278.0,3327.0,710.4244239361838,42306.03748764261,1.541423683090661,-1.5799008317711492
8796,14713.0,15222.0,8.580641704064218,13.09630462018904,1.5780308482827299,-0.04759890441799128
8798,50192.0,9213.0,17.90168766887822,78.61359348782483,1.260901588209215,1.5686456007415022
8799,1383.0,14745.0,15.243260653499792,411.9169986361292,0.4012807538846233,1.6788682392765555
8802,18613.0,14716.0,63.25778803962391,149.80344452759257,1.7803292052647506,1.579825484639356
8803,57951.0,13109.0,145.72782544044324,12705.93808582486,1.2327439444843538,-1.57504311698006
8804,45478.0,9529.0,135.32065130906892,180.69295907898206,1.5256877693651885,1.58676716482366
8805,13971.0,13545.0,63781363.00000012,63781363.00001264,1.1333506755308855,1.6846860137377417
8806,31951.0,14597.0,90.37044864056533,31215.55059190033,0.9737806603585107,-1.564509485116463
8807,595.0,14909.0,20.911672936208276,335.5534626739941,0.41862296606178667,1.9594150498541731
8808,22788.0,8822.0,632.4745516689086,4953.524086392436,1.2121151537481036,-1.6800640913349545
8810,5902.0,10735.0,2.790421443111228,19.524963463836386,1.2389563786187434,-1.6411222378148442
8812,34776.0,12927.0,28.663211615674673,245.3008019034068,0.9723883119772664,1.5591061867844211
8815,46470.0,193.0,19.544463198491165,2583.127393270508,1.7340000719230995,1.5709113790158054
8817,49610.0,7659.0,63781363.00047121,63781370.65691493,0.9310496935251913,-1.5469599251435104
8818,35345.0,7809.0,83.53659012190117,758.9900484359965,0.9309797869774928,1.613093014761886
8819,45670.0,11439.0,16.019079416780464,113.44134583166606,1.0013383684596744,1.5750512170149706
8821,3015.0,4377.0,54.30859709829867,312.6808363089072,0.9693339318657461,-1.3615024917094938
8822,23752.0,4057.0,71.327041888136,1372.3014391840961,0.4321050618188613,1.5849009851161937
8823,57006.0,197.0,6.77670195179977,862.2179878741697,1.7366145241302433,-1.5706396469812636
8825,2306.0,14705.0,11.826277601472148,13.495646316606408,1.332953602161911,1.5480556073471252
8826,32702.0,2413.0,32.06120957750716,92.08349101196366,1.2477279702821054,1.5824513973320518
8827,15835.0,14724.0,12910.491579117874,53227.95297589762,1.6001277860229879,1.7849883291055428
8832,11464.0,14915.0,128.2023363416061,160.22397611392654,0.9352562669378334,1.639586103557011
8833,3381.0,15030.0,2709.1130128823156,10279.687342451847,1.1331764598392255,-1.5815360557907217
8834,27763.0,10171.0,52.701313122253545,189.41182672777083,1.1048642396423611,-1.5757478225722983
8836,20751.0,6256.0,53.298278655840925,567.4576738901466,1.4762418967406066,1.5859064132612233
8837,9161.0,14921.0,65.02976365033727,88.13899028263455,0.3932267263295406,1.5941074417678558
8838,29110.0,14622.0,20.99146199366955,236.39933431979932,1.5390975257563233,-1.5483204658804546
8841,2083.0,7768.0,14.69485801400153,140.69466272722732,1.0709178629385727,1.5520351208229666
8845,6917.0,14679.0,49.25427715814195,299.0859133008755,1.374309555862287,1.5843998145550575
8846,4486.0,14085.0,194.8355408353676,3511.684229880323,0.9793719846035218,1.6593876657776607
8847,26728.0,14623.0,73.63471994906425,245.962388432179,1.0246373546938363,-1.5851082251642103
8848,7738.0,15575.0,11.509588700306752,18.577152606818792,4.143175590983092,-1.5647603609613803
8849,9621.0,15067.0,363.7446390160945,515.8940569495804,0.4200802480396893,0.02292844132193092
8850,23695.0,12231.0,191.6649580717755,1545.5275466568223,0.4674865596517104,1.5736164221482605
8851,789.0,12872.0,117.69339048611681,228.93250097084018,1.076124661469548,-1.6273840141188387
8854,21777.0,5539.0,30.45247742374492,196.99655028427583,1.254003328870109,-1.606423270932929
8855,2783.0,5139.0,29.54899954354026,279.88667444695295,2.204765204905963,-1.5452684180109593
8856,15463.0,9641.0,1032.2570414045613,267172.0656150128,0.9367853611497468,-1.5783604816686496
8857,245.0,15037.0,23.742740821899385,32.17307600810755,0.1241121691581516,0.9303924617900455
8858,6503.0,13689.0,13188.423270574063,203352.370666167,1.9500569663825458,-1.5230718361798592
8860,5971.0,14794.0,324.77601585386753,654.5801415056577,1.0974476152282657,-1.4949656710337254
8861,33058.0,4564.0,6.0567135358079085,35.15563763784106,1.050882913644173,-1.5132027678839826
8862,10189.0,14365.0,73.11189529606104,92.63452255837669,1.2422977886444566,-1.585802229449865
8866,6398.0,14518.0,46.262690735011915,331.32228889323943,0.4215209094479029,-1.4891050775936465
8867,9171.0,12093.0,20.79288210261617,73.18854931543885,1.4255447795462977,1.5441665630428008
8868,21981.0,9483.0,60.60494747330418,608.8951126723905,1.2379286820108455,-1.5793251706941145
8869,5029.0,3121.0,27.164377779576185,185.81983311881365,1.2767996806230033,-1.572147161368094
8870,446.0,14994.0,6.712639753075863,10.449679956884621,1.0799934113362366,-1.4993018540853402
8876,46931.0,7593.0,200.33052583152855,1635.8064969666184,0.9309797869774928,-1.5822217333516337
8877,7854.0,5631.0,21.115602217477452,71.82160650549176,0.949689063770957,1.5353812807320497
8878,2829.0,6849.0,20.68463248747291,711.964389377456,1.3838990059397034,-1.503982283004188
8879,51927.0,14305.0,315.08560658790054,36774.47491459179,1.2450516930438704,-1.553509002475939
8880,24985.0,14707.0,63781360.91367149,63781360.91367167,1.8444033205084782,-1.6332012676419165
8882,32472.0,14455.0,13.954418843805609,90.17473965842298,1.5268881680245387,1.5811806496370848
8883,7264.0,7574.0,87.01187711286157,547.5826162475524,0.9573331609900774,1.6591848329755026
8884,17542.0,14851.0,153.66322350312012,1526.4981801390218,0.9142577213417991,1.5697275896242313
8885,54092.0,10991.0,24747.46748598516,3981051.718860189,0.9022145678993225,-1.5656309890579876
8889,28225.0,14864.0,225.11941123671653,5247.620072206938,1.757707544422507,-1.53312738340371
8890,6281.0,13218.0,10.25140918853471,192.86459949498328,1.0067260506531224,-1.5545341425988848
8891,29404.0,10987.0,160.5659173692141,38034.90267414915,0.3751292751939309,-1.5848326197774711
8892,46705.0,12795.0,8.614476715216533,102.6318976203083,1.0027157988460906,1.5709509628244562
8894,9718.0,7436.0,95.78271856594873,1051.812413473164,0.973132984896178,1.563071208207915
8895,27429.0,6886.0,39.515918296523346,1435.1933727232984,1.521044432348976,-1.5499884509130644
8896,11160.0,12471.0,158.87577637331066,274.112179473523,0.9655795542898564,-1.5872865971628551
8898,2885.0,14977.0,9.522807074455937,11.027931067727593,1.3273292129731293,-3.1220323941301062
8899,529.0,199.0,147.54818607670774,696.3138697507624,1.0816264200526446,-0.582309779286292
8900,709.0,8644.0,38.48907432662595,6465.975586909829,0.42735246946150535,0.7975159131192111
8902,7736.0,11557.0,44.69014620271959,439.59686474491554,1.3876944017137751,1.5921840393376507
8903,27619.0,4183.0,351.2233925030417,6849.992481577043,1.4109677060992516,-1.5879898784762858
8904,2678.0,12197.0,5.889053288937207,21.944668640878113,0.4368362251765353,-1.5300954063489398
8908,1991.0,14429.0,925.4044280834677,3050.974603226478,0.9565999521304718,2.795749169567836
8910,21049.0,13222.0,47.31477296199485,257.48462163165635,1.0829729770885461,1.5933586530635035
8911,33449.0,4092.0,30.693025712366634,453.00553588013247,0.9366075674115285,-1.6183679289478634
8913,1942.0,7054.0,7.67704045748649,22.370597935086497,0.47231912821433286,1.5793643678199827
8915,22338.0,12544.0,71.24675237381649,1958.4128546918141,0.44028451544404157,-1.5791799509566382
8916,27543.0,14546.0,60.4820711099899,487.8191020908385,0.9809367600068286,-1.585907340154052
8917,60746.0,10787.0,33.74366273582012,1111.2923845199805,1.0006381405670215,-1.601563867065346
8921,9087.0,9179.0,51.59391435002468,513.774070336325,1.0541353472870563,1.5085400562415765
8922,47186.0,193.0,25.174638275202394,7957.364941884935,1.7336328859840298,1.5712973991186072
8924,11898.0,14278.0,39.7530677612293,135.22396200257657,0.9661830019789395,1.6838242775091454
8925,1661.0,14927.0,140.5117487423907,710.4040252588467,0.9832244832759417,0.7020736467845128
8926,10984.0,11540.0,27.827488333804084,3672.780347299287,0.3958283947376564,1.5604118495858894
8927,6236.0,3851.0,10.02826445421861,30.025977403210298,1.2878174502853266,-1.5880710058309977
8929,815.0,4123.0,13.442736915076607,47.22557010895879,0.4110274150995159,1.3953951019600845
8930,24263.0,9085.0,150.97031966461688,2444.501865139078,1.5002624900935608,1.5957188579250838
8931,20563.0,11724.0,39.49179131430599,225.77754412517197,0.9518546642376641,1.5193354538368629
8932,10591.0,14915.0,326.0824594093221,7366.033352509979,0.3932665440889917,-1.6254621459308052
8933,19250.0,14007.0,7.496446348148572,18.151208414219465,0.4262493632164346,1.5649607264487506
8934,34156.0,9791.0,55.365911062423024,220.0946449762975,1.380709459871324,-1.5633806854129377
8935,27061.0,14383.0,58.16188422408327,700.8118616622698,1.2627836276678024,1.5483767246308002
8938,5688.0,8118.0,632.1421970133862,3756.773315136981,1.0806750888325338,1.489445659235401
8940,9613.0,14941.0,75.96647890965083,1796.5499706932005,0.41010333663593407,-1.5237793014843395
8942,57641.0,9884.0,158.573183164349,649.2369921664134,1.1175690024188518,1.5698993816447213
8945,27203.0,3922.0,39.934748913277716,229.3792377051459,0.3929528691441875,-1.5732272229702744
8947,1253.0,14701.0,102.19619449615084,545.919512286573,1.3055977691111187,1.3126286668729197
8948,61572.0,199.0,63781360.91367147,63781360.91398338,1.7362497559147712,1.571408966574461
8949,515.0,14958.0,20.80871740257693,36.84219161812329,1.3935482713629581,-1.3846512973437317
8950,785.0,4438.0,5.5687256454728695,467.11655665779625,1.4656043095076934,1.5434892406344873
8951,1831.0,11654.0,43.221130375284844,701.2704173297656,1.5379316314453895,1.5103332419739866
8953,1476.0,14198.0,37.84129671835566,757.0718284514403,0.9811114189357646,1.3968337903611587
8955,886.0,14568.0,11.377239126738262,11.912750618947447,0.4336251607483132,-1.4923974507703026
8956,6322.0,14820.0,38.49471297003001,55.18831417528646,1.0317325819818675,1.582917083959469
8957,11289.0,3345.0,362.09837540633544,3540.1428133040663,1.2348721807261558,1.5937054979799479
8959,26498.0,3331.0,67.91507353271476,9569.980115577222,0.41046823689749434,-1.579406115517007
8960,15454.0,10580.0,7.29955946635424,597.6414739324538,1.8117218670148447,-1.6102773911480357
8961,1006.0,972.0,25.9732109019616,1563.5288302170163,0.9581376007574269,1.3846369851802338
8962,26156.0,560.0,98.28253597961081,24130.50437977725,0.39534315215733046,-1.5803789476022239
8963,42092.0,5596.0,37.165221229247145,263.1112707581676,0.9570463215286771,1.5670154211692204
8964,6434.0,14801.0,18.755750262114162,37.03031147056168,0.9804683985035854,-1.721428313128759
8966,2144.0,10647.0,63781360.9136715,63781360.91414988,1.7685224180924148,-1.328231391525815
8967,25019.0,14010.0,70.06445438750717,9833.034432927465,0.4241777781910068,-1.5604437652317396
8969,27465.0,10927.0,52.54571054299431,5164.583334072364,0.40972450835777474,-1.560029552070367
8970,31610.0,13696.0,89.10085144336614,6428.657085219824,0.41376986635069485,-1.574596777077058
8972,179.0,13769.0,13.14469901625342,49.96635534703321,0.38192599134832783,-1.604304031071512
8973,1883.0,4561.0,42.48696460631644,304.052094105694,1.39285532846204,-1.5897185671590928
8975,1038.0,4676.0,13.9326671766293,95.8868699084772,1.4671954258603346,1.4280275181054278
8976,3035.0,5494.0,218.45078579983115,16061.429644946598,1.5898314869593964,-1.4138065986522752
8977,1243.0,14967.0,103.77616135361775,2547.2926062037245,0.4133337468361604,-1.2564204241476358
8980,12450.0,14491.0,57.61376226333144,958.1096530998791,1.000912747277851,-1.5360873390558358
8982,8825.0,14745.0,33.09938770082337,88.94786395240034,1.3999989433966438,-1.6371670335611022
8983,619.0,14330.0,39.83429037375155,150.11887313901892,0.3940626722052736,1.7193024113911868
8984,1657.0,14531.0,20.639826314513464,69.37623059459158,1.0051913338650524,-0.8908253097231851
8985,2967.0,12245.0,353.0120537236181,2184.204733117484,1.1145110503219422,-2.2221075823146945
8986,48468.0,194.0,6.744223861257408,103.69746830234888,1.7342210097777397,1.5704263086533032
8988,47106.0,193.0,24.0320921215929,7077.422570904401,1.7336328859840298,1.5698843716392172
8989,25654.0,14382.0,15.685405960781665,112.22618547748117,0.45551295583032286,1.5603276067598353
8990,27692.0,8041.0,103.36275102113272,533.4248456911532,0.9748685542066717,-1.5282299401127404
8993,50092.0,10031.0,49.9276735635778,193.18905691036073,1.4152476416671538,-1.55704785635921
8994,15955.0,13242.0,81.26760190549454,274.318802516203,0.4402927488414222,-1.5877128494627528
8995,31754.0,7229.0,73.23627628618905,20499.886644178772,0.4217495676728053,1.5581322325588272
8996,2632.0,13717.0,101.55323537877963,119.93419894430613,0.42127945819089463,-1.7312286993610608
8997,12280.0,4776.0,59.05998928389407,704.3122614128125,1.1036537343787658,1.6081374262603916
8998,6600.0,13190.0,209.24006303063825,3695.963393271143,1.3605265444797503,1.6486229353904553
8999,28438.0,9832.0,21.302226476534486,1956.3744175560016,1.2594831111079678,1.581312879438913
9001,10669.0,14377.0,62.879177376141804,978.18792319783,1.1152763295752606,-1.596227777199862
9002,28885.0,10000.0,207.6676178749374,270.5501307105651,1.1081548085635466,-3.1164573992934193
9003,21323.0,2714.0,35.31962522369669,381.1128517837642,0.9846587845529523,1.6198347378257836
9004,43582.0,10687.0,3.184591373368814,11.352968954091708,1.2394112690615444,1.5869279904800853
9005,1669.0,14894.0,62.97234993270801,116.94725589569425,1.6381104445385049,0.054174376670173004
9006,3831.0,14422.0,54.6762487887047,66.95004552433423,0.9396690636863548,-3.0143333942051953
9007,11724.0,3710.0,55.154776895785915,505.0183760043281,0.9666750705824954,1.5641753441062418
9009,32411.0,15232.0,1046.3712948129175,12339.738283076105,0.8877323637860799,-1.5371299778334568
9010,35943.0,3476.0,80.54773309088498,702.0544247150342,0.9412174938720778,1.6148378644763086
9014,292.0,4985.0,14.668658693449279,768.9236252636302,0.4547592679455198,1.7276547595171523
9017,44358.0,15159.0,729.4525044872919,15104.770267437865,0.9950455819641761,-1.5708846408838193
9019,3034.0,7184.0,34.45993204793531,5327.084418072775,1.104684206761663,-1.598911825438109
9020,2056.0,11276.0,172.22250289828403,107630.41881039568,0.9627926804375309,1.6379940114305704
9021,43483.0,192.0,5.369671878483111,65.95248162826695,1.7336328859840298,1.5716011306992708
9023,1767.0,14634.0,1276.131661863954,2757.6027724474798,0.43514501887969026,3.000588845899381
9025,4144.0,14823.0,18.839981391332362,20.18122271475482,0.4217495676728053,-3.0951018158161916
9026,47659.0,12428.0,3425.8730365137667,31190.12208096305,1.2737099222938433,-1.4981233092413617
9027,7001.0,3205.0,17.23090727676297,86.25758082772488,2.3453277022255996,-1.5597861636308945
9028,524.0,14824.0,147.83726933591586,5696.65127284365,0.12853989092652052,-0.6837125413234219
9029,12642.0,13960.0,32.20694062884046,51.04067344071922,0.41209661608482895,-1.572474151916135
9030,12110.0,2008.0,172.3115394292278,2735.165291170887,1.0882268361462235,1.5088004634303296
9031,9165.0,15085.0,7.2493549396287404,8.559616491827676,1.3746875246123738,0.05789609211688819
9033,2669.0,13934.0,52.22986818886645,427.3005981349665,0.43132136619159767,1.4258482362496299
9034,6535.0,13551.0,18.902454411695768,77.79665300939311,1.2577221615920506,-1.6160544230634606
9035,29872.0,13900.0,57.852344900365935,2626.296177262824,1.102008048887884,1.5733115252277468
9036,59787.0,12701.0,37.27910150814457,9592.475019663776,1.0022738537857416,1.5712229295923321
9037,13956.0,14569.0,16.583783025862456,212.72426127627296,0.9735985359410041,-1.5610043043799042
9038,1013.0,14845.0,22.985129834720812,353.60139145716767,0.33265453634628245,1.7194093315450614
9039,4946.0,3207.0,14.651139428217062,483.2470959669268,0.44251586840755724,1.607346521735605
9040,9266.0,14729.0,342.54722148044766,1713.7621248804014,1.3888701496338764,1.635627833300785
9041,4282.0,3548.0,136.8510424212638,14335.015952980635,1.3804622178339083,-1.5314471543835617
9043,32366.0,14897.0,63781360.91772209,63781368.51929699,0.9181867916581372,1.582659807934119
9045,22679.0,10782.0,2.9366651762804206,23.224148751469773,1.2389563786187434,1.5960815106642319
9047,21956.0,13166.0,39.56613340308799,183.92130083196525,1.2321227566870845,-1.5687328277965387
9048,32053.0,8223.0,2162.0149184088064,17179.07391239775,1.289861653166687,1.5716098647788475
9049,6561.0,12669.0,528.9838676639207,11188.081373843055,1.335097536765448,1.5011006506991416
9050,51244.0,11943.0,9.928868443317063,139.61437816816493,1.0013383684596744,-1.5657457355126287
9052,7848.0,14811.0,54.79982162920006,657.9447414455723,1.30096966986622,-1.547205772000862
9053,54200.0,6524.0,2019.5506724373877,1111915.6484161438,0.9306561545079786,1.568569773308255
9054,335.0,5033.0,11.56154339397557,46.74336736427431,0.45502991261988,-1.7050372195142136
9055,43274.0,7984.0,63781363.00139558,63781396.51932154,0.9310496935251913,1.6111660154851264
9056,16233.0,13389.0,62.820275243495644,68.07899236944144,1.1141336262548693,-1.5806456367248276
9057,38830.0,3785.0,20.580603909328754,261.06003888103567,1.0372706075518854,1.5768567586511537
9060,9198.0,13965.0,7.345595583391776,16.15912027045021,2.649316418473134,-1.5628053207985522
9061,10609.0,14909.0,25.274535491706168,79.1839388341672,1.4169971141541722,1.5672618360276978
9063,11938.0,13678.0,23.028596693410034,309.1773971323114,0.4257595344859226,1.5588123662987963
9064,1221.0,6318.0,66.18938050203677,3481.5165109805084,1.078773685396005,1.1777802816143934
9068,9666.0,10610.0,8.312570864332349,35.167494548787054,1.3745656182241066,-1.559846396437144
9069,645.0,15023.0,6.153604565070554,6.435695790689185,1.5229420054852139,0.010930690482493495
9070,22661.0,14842.0,1300.2971454437336,7628.358262112899,1.9297433661148358,1.5292099087429734
9071,15134.0,14904.0,434.2853522345993,7442.455543971861,1.3151388315934722,-1.522066103470345
9072,18905.0,14654.0,8.019139355143793,36.54634771046499,1.0795444629470743,1.5752934056912036
9074,16380.0,1075.0,1239.4649605343816,69640.62653552338,1.006546224931701,-1.6421420045435833
9076,60391.0,198.0,63781360.913671404,63781360.91368708,1.7362497559147712,1.571333109614314
9077,39860.0,14574.0,38821.31034646606,1602028.150754764,0.9135895907109979,-1.5312960371499542
9078,42747.0,4766.0,316.6174210850953,98984.44092205701,1.2243120408142056,1.5230852790052272
9080,9113.0,10546.0,7.687568161252081,616.010761012845,1.8117218670148447,1.6593622015156908
9082,27422.0,11773.0,9.129816998078484,55.31557653056165,0.9941119222279795,1.5654457346320922
9083,326.0,14845.0,254.8596959795655,2305.703664157846,0.4273127794763219,2.234648695146296
9084,12485.0,13948.0,57.020307860058054,85.90029611312339,1.4020906175725107,-1.6030508569032902
9085,55328.0,13990.0,28.033559998443593,453.31832300785345,0.9403503449569675,1.5848889254078118
9086,17079.0,13479.0,14834.207749511677,112097.3497122145,1.159762070154811,-1.616313577880194
9089,9367.0,14473.0,114.40279233569866,504.250235228561,0.9361102078226866,1.5467954549038057
9091,12916.0,14150.0,32.87592538602697,111.47709663930671,1.8750476548184407,1.5995101746687663
9092,12074.0,11222.0,116.31389498444646,2295.0735149212232,0.9465034348412275,-1.5428382073917257
9093,9200.0,15208.0,3.8129423639500604,4.319141397496125,1.8386299442869083,0.011739700249451483
9096,62077.0,199.0,63781360.91367144,63781360.913810395,1.7362497559147712,1.570269108855819
9097,57207.0,9977.0,12.300502000075198,25.286400230383894,1.019289347570575,1.6188995884686954
9099,18391.0,4312.0,20.20963223593548,449.18646216394745,0.9514749830238323,1.5822930996103566
9102,56919.0,10844.0,2.628654049638323,9.95603173812494,1.2389563786187434,-1.5892355662975688
9103,14050.0,9683.0,13.181064743973657,193.36042557369552,0.4270445497092315,-1.5635489423631712
9104,6200.0,15085.0,88.23410875359703,1017.129458200856,0.4138160932366186,1.4259870821088483
9106,18484.0,14444.0,3.630842894893001,4.180070067392459,1.700231461810553,-1.4377727985972297
9107,50577.0,5584.0,33.407085865048586,163.35568803092258,1.5427340223781525,-1.5227425555202025
9109,766.0,14573.0,11.34383234044919,11.512236081749746,0.4872907231826102,-0.4036604018948528
9113,17963.0,5687.0,53.8516255935394,37823.10414185477,0.41515627633048735,-1.5710253660972837
9114,3459.0,14444.0,10.142722475198902,12.001817633755,2.01881024222509,-1.5672918818405437
9115,7418.0,15192.0,16.030008859333634,22.876449341447938,1.1733952653252637,1.5806987676263105
9119,15958.0,12156.0,18.260995984526613,67.37472108758027,1.0108913948631166,-1.4504891055986335
9120,28248.0,15207.0,3.7982271423713034,4.35241507204582,1.8386299442869083,0.023903340268288664
9124,11599.0,12160.0,10.676423289294785,32.51841943852362,0.46668444998908054,-1.594339942716247
9125,24966.0,10271.0,12.014605067717307,50.925439813034956,0.42373074770687547,-1.5723966646902612
9128,1584.0,13958.0,23.36739956580257,66.12925817831727,1.2977704006623985,-1.6733923140274063
9133,1841.0,9137.0,21.682688452261292,442.0323763804525,1.0504937508162802,-1.6374394565659123
9134,3117.0,10021.0,192.09705342926333,267.341508119739,1.3014560471302672,-2.1387089182840326
9135,1355.0,13196.0,622.7698454427064,9192.607108927426,1.0362033382811053,-0.9592101619693318
9137,31259.0,9003.0,157.45703663776555,6579.730736914536,0.46394085547880065,1.5618490737629336
9138,9162.0,2046.0,11.649758706470395,194.01985947685907,2.162961820489112,-1.5810096582423712
9143,10208.0,3818.0,8.041342292422925,233.55986103614197,1.8087532333352487,1.6849419446692562
9144,40473.0,12229.0,313.9443100720063,81284.75948853702,1.4034737875905,1.5612229926316386
9145,15659.0,15143.0,34.492082557982,207.23411973584652,0.987344738192989,1.6101633918200888
9146,22061.0,4288.0,63781363.00000004,63781363.000000246,2.255552482767559,1.4886128731222896
9147,12746.0,10327.0,7.615260743726628,94.15565734336126,0.4141869850278267,-1.5365667535830232
9148,10945.0,14197.0,10.032618367402272,24.732552834130686,0.4067927566773321,-1.5943618444214893
9149,785.0,13845.0,74.43186107712857,116.24115955402851,1.083618123158922,3.1389905148320953
9150,6663.0,13497.0,53.28533211272306,281.8614811124919,0.4196796771581059,1.5048939486862858
9152,38504.0,11729.0,59.70398162759965,2407.2659089799595,0.9596512334363363,-1.5563971518592044
9153,996.0,14512.0,17.23772785315219,47.35292286077387,0.9544121631346743,-2.581433004063125
9154,1336.0,13212.0,123.16956176640139,240.9286754167327,0.9662690221766264,-1.9298804675954255
9156,5285.0,9956.0,29.249925136288265,103.50847974293508,1.0902892227867251,-1.7433306268367523
9159,27084.0,7979.0,54.57236598761419,1170.6839237586864,0.4163971210235039,1.5533159272220851
9160,37256.0,5610.0,14.812163606673286,138.19800066643663,1.4763171375615078,-1.574125012010654
9161,659.0,15141.0,2278.574121769631,4779.042768746792,1.3450702949922848,-1.9039228018146481
9162,30182.0,11894.0,54.87620110449599,131.9762385430085,2.480703387880655,-1.5798324859251651
9163,4244.0,3779.0,8.046188904729227,44.2739923428815,2.1918891730517402,-1.5904848463855845
9164,30855.0,7562.0,193.584514649873,1623.1571302328653,0.9309797869774928,-1.5582601324371053
9166,47186.0,193.0,25.174638280088306,7957.313028880528,1.7336328859840298,1.5702885556057549
9170,27645.0,14121.0,2347.3724476056145,12476.870990108442,0.9117651463132318,1.5143774078692407
9171,2928.0,4714.0,32.085453884933834,2032.9176100660438,1.107444429831388,-1.6505203657598257
9172,58331.0,12581.0,898.9547820813974,35880.52672647965,1.1056237784801177,1.5763293227083142
9173,5944.0,13166.0,20.368990886042816,60.113911597037415,1.3292488293415223,-1.5184829885413267
9174,46794.0,8559.0,185.29119550228415,19068.341902901513,0.9668868734640141,1.5670143880518863
9176,16395.0,11403.0,55.03958202792686,366.124833484658,1.100381995854741,1.550620530274535
9177,18767.0,7550.0,478.0647321314421,7852.087393267798,1.120996866782205,-1.4898593447960768
9178,15951.0,5283.0,20.76325276771741,119.10937657529266,1.2806321095334805,1.5847805200406742
9181,8647.0,14830.0,5.691626249519437,8.01379635379239,1.0969750858984382,1.5499830079611514
9183,25418.0,2782.0,24.527100545580286,134.22664343880393,1.0954091774406585,-1.5214294853665067
9184,2414.0,6966.0,55499.674878756116,395454.35052995605,1.1124869502601626,2.5191469553442816
9186,52061.0,196.0,5.706850301964652,182.11140026138165,1.7407562824327738,-1.5710292296353758
9187,13850.0,3949.0,11.35259238354132,86.27872971747489,0.9519948741244937,1.5800619601570287
9188,19255.0,1374.0,185.8370717087671,8934.655133902288,0.4179177786341877,1.54903562641657
9189,246.0,11638.0,10.057972767047142,125.67722780026222,1.0013383684596744,1.428369298586932
9190,17595.0,10078.0,360.2819015195212,11408.355612810841,1.3772335433575993,-1.5423615170079734
9191,10287.0,6460.0,19.76909406870257,103.16204040639894,2.2467585450818266,1.5625830355586807
9192,12851.0,14459.0,49.958318868531144,181.66600781508626,0.40659069866392117,-1.5964835555172605
9193,11537.0,11815.0,331.36229835700544,842.2506661094034,1.2843542856877028,-1.5384214546548558
9194,41890.0,15209.0,4.518959462976073,4.588851396242173,1.8386299442869083,1.077133544810187
9199,15994.0,7523.0,194.40936057292186,1305.9310214348998,0.9309797869774928,-1.5213453054903667
9200,788.0,14763.0,483.4335855010848,8274.363270708269,0.31404786419936986,-1.4788281315356864
9201,16461.0,9804.0,16.943183415796,83.42245306795833,1.2665283150673785,-1.581648307044264
9204,37074.0,5437.0,60.92949898608831,482.9420393707838,0.9580134101359118,-1.580040920142283
9205,13652.0,9268.0,46.09492436566419,155.48406344044525,1.2635021596882798,-1.6665694860753948
9207,45852.0,15366.0,39.5159193756019,188.400463176286,4.563455629529322,-1.7042499843909513
9210,33849.0,15067.0,63781363.000000075,63781363.00000008,1.2759349657503145,-1.6229604302123666
9211,5499.0,14284.0,50.21997170149184,772.5907036167611,1.2897886316655833,1.6495722742135572
9212,12172.0,14489.0,35.85967807923293,463.788465122061,0.9384261546183962,-1.5461336788538318
9214,12603.0,6896.0,22.53297810158395,112.1797699090406,1.0991241873231297,1.5654816438225607
9215,1566.0,14820.0,11.596457982560688,13.053533086308285,1.548917913499716,0.22745418928370006
9216,45955.0,193.0,26.62162509385261,5143.378472410786,1.7340000719230995,1.5713291811027748
9217,21324.0,15023.0,3.841063309961719,4.034039867876431,2.2176740443123775,1.4212465442907853
9220,21198.0,12114.0,78.6200498950163,460.12001083277374,1.2321450774838814,1.5614807866706557
9222,24130.0,12651.0,460.2842242444611,3473.4661987414643,1.3920224390095648,-1.5506796634124238
9223,33590.0,12173.0,33.92104496996801,1428.7342709987554,0.41480149012098705,-1.5655798749928076
9226,23429.0,14392.0,58.595816120170014,186.57191952277157,0.9748530596309888,-1.569886194600888
9228,42573.0,192.0,23.655940788273533,4694.841417786174,1.7353817713345605,1.5700873525767944
9229,1842.0,12297.0,53.83749804401683,543.3869829859653,1.0113133326233354,1.4819586897071624
9230,32401.0,14914.0,177.09089683335012,1997.4412342535165,0.978881710642684,-1.549386958997456
9231,14582.0,8039.0,1.6382510935288743,11.708108756737019,2.211248035255201,1.5470406964683516
9235,40268.0,7990.0,98.9624208431218,841.6055357884508,1.0024484195537184,-1.6126061207153228
9236,12961.0,14094.0,773.7831157173621,15130.303332610956,1.146173736218267,-1.7137261707468314
9237,1631.0,13321.0,108.64289436031682,353.0530540019802,1.2074636564403276,1.395115516246942
9239,18118.0,7895.0,81.25764330497918,652.2392281481101,1.1140179897571523,-1.532870323366897
9240,376.0,12566.0,3.5545826428105776,21.42059109747479,1.5055146844072453,2.5856574076431627
9241,56408.0,9953.0,581.819069470145,172146.44432014716,0.9176687964838058,-1.5623808358047195
9242,11307.0,3825.0,40.80662531304644,2951.3821505854444,1.170845381564315,-1.607348688886985
9243,14165.0,15173.0,5.012044457171424,5.2919127209558425,1.0854453911465844,-1.7447388289393995
9245,6767.0,8792.0,35.574770342711226,1107.3312144555136,1.0085444554631615,-1.6353611850051255
9246,12533.0,14903.0,50.66637314814493,382.4961706678456,0.42550749597402115,-1.6045846466752238
9248,17718.0,14879.0,170.7052595419125,215.22190037058968,1.2988915622443695,1.5628505678125069
9249,10895.0,14784.0,37.539897565706504,43.14844633738501,1.1210170136294135,1.5596538297663496
9250,1565.0,9945.0,5.616892375001851,28.453989115978285,1.1192733962285732,1.513203840714406
9252,1188.0,5084.0,12.221520186255884,49.444454065161636,1.0563605660158992,1.6628996420268214
9253,8490.0,9617.0,68.66881066395617,465.8981756998441,2.2831316344074724,-1.5819188918422593
9256,25763.0,13246.0,7.383366104756717,21.54736296233221,1.4703178796552854,1.5701130641333112
9257,11577.0,14427.0,33.80729169209695,219.423291581799,1.0150370745402892,-1.5545706303415996
9259,27460.0,15266.0,90.39731027575927,131.02998338582785,0.9106358489174877,-1.5841693594376778
9260,38115.0,14437.0,63781360.91367137,63781360.913671434,1.700231461810553,-1.6080217206237954
9263,2629.0,14491.0,33.832893488432376,190.75962505590235,1.3863503774958588,1.4680026828647998
9265,44380.0,7663.0,9.375757381772083,41.538055400274345,1.4182884754779512,1.567829243563124
9266,8199.0,2720.0,12.878358342552655,91.80559760684444,1.3583861404799766,1.6034620089032279
9268,354.0,14339.0,8.917489662604158,11.783280335594805,0.5819618239411344,1.6281606390502636
9270,21837.0,15061.0,28.337054955677374,45.18696615895874,1.2759349657503145,-1.4814017804444244
9273,39624.0,14748.0,31.264461936205695,162.67653717938813,1.9048500848472796,-1.5821549895789395
9274,860.0,765.0,61.736566366092916,5463.633778500421,0.24677061865873964,-1.619685992541452
9275,52048.0,196.0,5.8686931080187135,236.1353432322451,1.7407562824327738,-1.5709162840138287
9277,21316.0,821.0,85.03359406077742,2809.6275210679582,1.085601728460583,1.6012385004357184
9278,41830.0,3529.0,176.65680211568625,9205.095582834303,1.0844853328276673,1.5754763868327846
9279,34684.0,7134.0,482.9979124594163,86522.73318824133,0.989799065922324,1.5977269554816398
9280,1700.0,14590.0,77.42329113909082,111.84535044046186,0.43132136619159767,-1.5428367838326653
9282,5932.0,15062.0,2.994550022023881,3.290983984397794,2.2176740443123775,-1.7696341841706231
9283,8835.0,15208.0,3.8066797273643487,4.460174980062014,1.6044024141576885,-2.987328406182864
9284,47725.0,15030.0,37.59142701423474,56.297834196023004,1.0390103342038568,-1.567693486993933
9288,38903.0,10443.0,12.273815871410756,33.539763650883366,0.4406148001390411,1.5733355636720292
9290,11727.0,5075.0,357.90691342757003,43945.781903406976,0.9519948741244937,1.5956197436023294
9292,18615.0,3500.0,44.91173663251226,224.01522951118926,1.2197610784754254,-1.594343023927205
9293,10736.0,10468.0,29.91948827822865,237.96149979412635,1.2545228385389942,-1.5959232119643565
9296,17384.0,13971.0,20.35227956995102,120.15298110427719,0.9666720186278006,-1.5718885193038092
9297,33504.0,14727.0,24.319589894262087,63.9117083871757,0.9789611138404366,-1.5314336512944022
9298,33140.0,11790.0,5.599124946110759,102.27588890798515,2.9592064722932014,-1.6002116213012663
9299,8005.0,14843.0,27.18200418305905,65.46246929495825,0.9561769987370881,1.4983787149054184
9302,42710.0,192.0,19.014091626047474,2755.544648895003,1.7353817713345605,1.5712603331200528
9303,1315.0,14140.0,57.35504735493698,284.5020913558262,0.4146142821774536,1.2588321287442914
9304,12498.0,12048.0,114.03319454192865,9707.692309095059,1.685463589546823,1.6070739032947734
9307,9006.0,9892.0,206.21665008772814,6931.009727300947,1.3582388220428658,-1.5146793897568114
9308,41132.0,1722.0,209.34657732378545,323.3355236678459,1.084134237974807,-1.5662402898411476
9309,881.0,14002.0,19.662742031317823,39.18767397935764,1.0688431694576737,-1.0939579904407153
9310,9849.0,5817.0,42.868906740389406,434.6114085866607,1.285679179663385,-1.5763057737958297
9311,13472.0,12227.0,26.122524723591155,611.5166097660837,0.412931263678711,-1.590254998925075
9312,3590.0,8036.0,33.99947265172209,279.93944712735646,0.4321966008167715,1.553628471822297
9313,8617.0,13020.0,11.371224004237053,48.55697013270053,1.3360043576964886,1.5167719103977364
9314,44385.0,9380.0,22.15444495117889,700.1413096628987,1.7396687221432023,1.5546046986740274
9316,14229.0,2586.0,132.79387371172066,15559.857836163941,0.4361381867468696,-1.5797098332618924
9318,4417.0,14950.0,205.0313753385012,1051.6795559550142,1.4025294115257185,-1.6111977646144173
9320,4531.0,12916.0,6.753784006953978,25.901944246821227,2.6534089363457065,1.6222569565333969
9322,14369.0,14286.0,11.40269785780561,13.786825177991021,2.135919283253241,1.4573446025665873
9324,24278.0,12892.0,63781363.000000134,63781363.0000062,1.0614331826118257,1.5846143113355178
9328,57267.0,13290.0,186.47987877458357,4503.460339833353,0.9280470090430455,-1.570127985274492
9329,15331.0,8516.0,103.9900311383837,164.2211875152501,0.963740608654703,1.6014559049128207
9331,12412.0,2333.0,618.5607713162631,88544.9973426793,0.9645072060001204,1.5569639237368265
9333,7862.0,14640.0,58.20025614166387,73.00987614298838,1.349032331220499,1.5255755197103245
9334,33918.0,7003.0,18.445212263605146,361.2522946331577,0.972062393282763,-1.5724309593771097
9336,23343.0,540.0,311.4958161091281,42260.14726116405,0.4150902473825155,-1.566657911064861
9337,7861.0,13212.0,31.740654403102234,119.21872053495262,1.188938434928936,1.4908181512885867
9339,25663.0,5606.0,29.748302356459728,105.56928512190326,1.3763640520466511,1.5764509420496782
9340,3098.0,12608.0,14.1221992515967,39.29401996663132,1.053984399549558,1.5358878612869278
9341,29103.0,10652.0,4.774005092690986,15.120706979797399,1.646137701374287,-1.5753801655459951
9342,34501.0,12420.0,1381.9039094281568,7135.42716711474,2.077631330314358,-1.6040021495221897
9343,40149.0,3639.0,20.38435649929775,91.30540444175423,1.1154723011565644,1.6023452964283549
9344,37424.0,3978.0,63781360.91367376,63781361.24545751,1.7668950854967327,-1.594968214821391
9345,41031.0,5866.0,48.09798601923242,308.7330323117019,1.1186101440764822,-1.5574015980864546
9346,25529.0,10755.0,81.24129579070734,251.90910511296985,1.1188553854671692,-1.5712461487008182
9347,896.0,9609.0,6.845262019335189,33.212078496429065,0.4515237453461109,-1.7010467527675264
9350,38856.0,5708.0,464.8288263465738,198230.6577598865,0.9856042244832306,1.568657556087312
9351,23245.0,1621.0,6.720323691574973,37.57337182125501,1.0190713334023767,-1.5654635451159458
9352,16252.0,12447.0,105.22370062840939,153.78936672221516,0.4218347633452681,-1.562029340205085
9355,5566.0,13947.0,41.223540749100856,240.19963173840762,0.40556182085822046,1.5877932207541536
9357,14673.0,3971.0,63781360.91367369,63781361.2313402,1.8087532333352487,-1.6550816954056924
9358,13384.0,2451.0,30.977136594706533,143.75038143214093,1.0690713149288844,-1.5782238382166465
9359,546.0,3366.0,70.99718651523634,422.90407140920996,0.4221792787584261,-0.7922931774297075
9360,26669.0,1732.0,9.996937320835169,36.225053777279456,1.530310425003848,-1.576702938095843
9362,249.0,3202.0,1087.2806410217788,26354.069629084213,0.4200956734306048,1.6177840822386738
9363,2389.0,6363.0,4.048795819222012,25.509834283402444,1.0495559721423853,0.7975422421630868
9364,34985.0,11001.0,44.33035630580851,4514.692447416855,0.407208101853689,-1.5800726621240768
9366,3176.0,5684.0,228.99518121824326,858.9028505167433,0.4033848201507902,1.497105993282843
9367,33066.0,13009.0,1085.76848722539,246577.16412908369,0.9276674775482067,1.59943744396074
9368,27339.0,14346.0,477.8357820100556,8809.979711438084,0.4179130639921348,1.5514320882365886
9369,18006.0,11686.0,69.93277885307492,306.81675119067665,1.2781471183197821,-1.5473544931577208
9372,9102.0,11553.0,9.281230951953253,52.31319946268504,1.0013383684596744,-1.578320830549464
9373,1895.0,14340.0,16.0236909226989,47.18539301931592,1.3363114286992068,-1.377441379430773
9374,2091.0,14979.0,983.5230212679063,2533.6579549457124,0.8451583860079638,-1.5346438827950573
9375,55336.0,12913.0,6.664984404340143,21.125328486330606,2.6534089363457065,1.5738140455991958
9380,19320.0,15040.0,146.061566036557,614.9912542708198,0.43177047665474116,-1.568860737913992
9381,8230.0,12966.0,29.97814385388465,53.90954982352489,1.2926204915478134,-1.5697456852724065
9384,15279.0,13955.0,38.309750479106306,161.82616634458344,1.2460564420551732,-1.6708760244021463
9387,13785.0,3319.0,33.38725868508834,1212.7644209230182,1.1086458140883533,-1.5721755983639738
9389,3644.0,15139.0,15.4756563256721,81.73094261990335,1.0451088257895504,1.4216353312455876
9390,2794.0,1937.0,56.21872262059284,217.90756380327497,1.009407264531903,1.6940555333298521
9391,25033.0,13595.0,39.398225482789336,566.3609923408235,1.8317067364439426,-1.61567283686135
9395,11258.0,7079.0,391.41403232517655,14562.377355279763,1.1063830808873398,1.4337959832534115
9396,48829.0,14437.0,19.798112401837038,62.51971474421439,1.0131985683037654,1.5567996986123431
9400,2273.0,14903.0,116.64796065211159,491.1363268591143,1.829084969517361,-1.724796138781481
9402,36643.0,12315.0,195.14072941116095,672.6200455012137,1.0989310030296051,-1.5839223958075381
9403,18595.0,3459.0,512.0124960942537,9835.21402292127,0.41879908803183213,-1.5853261666452039
9405,22888.0,9235.0,47.595646428718005,190.64869766998007,0.42627920789410345,1.565376136058018
9406,13931.0,9372.0,15.235359555969222,98.11848947807682,1.0091168015379002,-1.600100874647829
9407,18161.0,13167.0,11.352528004308583,74.92654366889784,1.4744966760373908,1.5639731142335258
9409,21115.0,4453.0,378.55440362000024,561.8483275197852,1.290861803525467,1.5508780290716153
9411,47.0,14286.0,17.37104877036074,31.11894605489656,0.5837269866589913,-0.6588885671917961
9412,339.0,10817.0,69.45877724523926,39952.01438976177,0.4136365821116913,2.301118459841463
9413,5984.0,6228.0,11.24051490034441,67.46270461201199,1.404151418779134,-1.577243902851002
9414,25134.0,15009.0,64.86725455565062,280.37605281729003,0.42854436675608976,-1.590118801395637
9416,1334.0,10298.0,43.46210910190805,1361.4808710607142,0.36846066369093017,-1.7718670172596795
9417,673.0,14645.0,491.6567162624345,8051.961282416274,0.38843902996238183,-0.32094200212840857
9418,3668.0,15188.0,27.887779538361666,100.08556459057395,0.9976501789340254,1.507014459076289
9420,8718.0,12758.0,24.80708343820223,120.91123013405429,1.2475419409011697,1.5613889374263255
9421,35162.0,14743.0,50.301323991804864,83.85438464683459,1.080225588937243,1.5873497440533284
9422,24758.0,7925.0,63781363.00129833,63781393.18108806,0.9310496935251913,1.6242616501765434
9426,64359.0,11858.0,163.9430819620681,22831.6923154959,1.0677428817524277,1.5670938158606738
9429,16774.0,13941.0,20.864283761740875,56.68469905837118,0.9420572652695203,-1.5179217274105257
9430,30056.0,15326.0,103.1090944045426,274.46981854438485,0.972117341942088,-1.5232739671453772
9431,2143.0,14365.0,20.601764068040136,46.54120531043891,1.2352711577001256,1.508399325363452
9434,20133.0,11495.0,13.27842387922414,69.24768901804384,0.46970420773063387,-1.5657661973573
9436,41478.0,8153.0,1.6323305356545441,13.442527618328324,2.211248035255201,-1.5624486123556385
9437,4520.0,446.0,9.842460437333132,49.63197915853652,1.4011616629096246,-1.530003023300872
9439,42872.0,4414.0,500.3172632639905,32471.535734600842,0.9869800682191621,-1.5434069946457265
9441,40980.0,13988.0,28.182228174417762,146.25593486061973,0.9730469530560072,-1.5789643245326819
9445,11396.0,11211.0,32.585688975175266,144.14851517249812,1.3850134429491225,-1.559611807254139
9446,12557.0,6304.0,27.844542308709688,799.2589047815529,1.064055341419614,1.5987066791730222
9447,24404.0,13550.0,63781363.00000013,63781363.00000891,1.1333506755308855,1.6360127412007368
9448,10188.0,14375.0,97.45448420055352,980.4684315312209,1.327146251362541,1.5847535704304503
9449,25965.0,3303.0,65.57130793297341,1146.126140182372,0.4292678031403918,-1.5754205610993848
9451,399.0,12986.0,293.767355217538,33733.5265679443,0.39222648615547956,0.4003429039762248
9452,4356.0,11055.0,124.82623964317563,637.5140291619961,0.9794605354531365,1.492593668629432
9453,3250.0,9731.0,189.12227151045963,665.6571470269334,2.1711124346022768,-1.4662654702842581
9454,248.0,5760.0,3.023527967108155,15.985565635758464,1.3082422772363942,1.8702072585173077
9455,40512.0,10309.0,32.31108394698837,641.444720455561,1.026934409584512,-1.5620231965417444
9457,1089.0,14957.0,10.692281376641107,14.15974173248022,1.3515555478686623,-0.07323923191199354
9458,10451.0,10906.0,16.669330061605606,209.11793144194687,1.3073746648238063,1.579674996752473
9461,1287.0,11282.0,19.838507818186084,383.2490713533674,1.0927518220368613,2.9771636455646626
9462,40339.0,14364.0,330.3111609034555,21660.54237353819,1.045130411270453,1.5719901165497998
9464,11071.0,10663.0,63781360.913671486,63781360.91400089,1.7685224180924148,-1.52678604743013
9465,17640.0,8751.0,71.10927731640963,499.40405684133464,1.2946543679674638,1.576324445918463
9466,26671.0,10842.0,115.4067389190418,421.70037093611745,1.1085050199122546,1.4962431883427467
9467,13539.0,12476.0,100.05958030132503,168.54892691488726,1.2397532997720893,1.4152418841451588
9469,48102.0,15235.0,542.2585537231733,14225.859157578107,2.137621825628394,1.6013035185071285
9471,6458.0,11595.0,26.434775501089966,185.9435187668583,1.3208065491395393,-1.598706362185448
9472,3959.0,673.0,18.375611405973025,105.42574790773314,1.1892617467296949,-1.5620174073871542
9473,4124.0,14173.0,202.1390410484763,4531.028988513668,2.301355989387531,-1.4835198970803618
9475,42043.0,6562.0,3.659081403920871,12.884487527441614,1.9296850229547253,1.559644163771859
9476,7111.0,3865.0,43.66967287798112,2250.8227036408603,1.5281924351761063,1.8151112634579916
9477,9565.0,14727.0,252.4661193442598,7345.05129776191,1.2327655079542863,-1.5940558615835627
9480,45711.0,4582.0,63.40087803254069,8375.709848754412,2.118776919806921,1.565297052995089
9482,3463.0,5372.0,18.732321127391284,103.87182511121945,0.4583435088274102,-1.637423802313961
9483,58142.0,11281.0,66.80287101645206,2990.0768060026007,0.969355840233788,1.558044676502497
9484,27986.0,8280.0,27.187500576384114,652.4220806310818,0.9493195325311141,-1.5567647494429027
9487,35600.0,13873.0,9.554358294293811,16.747488290050413,0.942778590705233,-1.5719264393002594
9488,1236.0,14182.0,464.09604138017056,1883.165258150902,1.3891372100981538,-1.60846191618458
9489,16996.0,6094.0,14.255563964507912,55.94326190445859,0.4253341258217048,1.5820544345123682
9490,5739.0,4146.0,16.108779445314127,536.9196587156472,2.2795037680413865,-1.5889908098004433
9492,2937.0,14773.0,584.1681964321277,1224.375315472289,1.0615590164987925,-1.4109451645279896
9493,9601.0,11979.0,24.360408532949936,149.6087120255965,0.9538370660673576,-1.6529374981446385
9494,25114.0,2939.0,163.90324719231444,27875.27481793618,0.4076470261500686,-1.5680520983475053
9496,26399.0,1162.0,71.76583936424784,5916.697293696294,0.4217495676728053,-1.5780300314892726
9497,25729.0,14183.0,6.016737244613937,29.056469637391846,2.6113335684035177,-1.5753185666343033
9498,14053.0,14137.0,53.770438531698666,236.12815339535743,1.306257448303251,-1.5577677952993323
9499,49283.0,15012.0,63781363.000000365,63781363.0000208,1.2759349657503145,1.5387595013028588
9500,1627.0,4422.0,17.093131922169086,67.2408186484481,1.0946893158246858,0.40249091208058174
9501,8639.0,15839.0,73.73045820426451,447.10886250816833,0.9707559030891239,1.4669817328009833
9502,9971.0,13585.0,74.90331055590012,100.44205936267385,1.0785992542545688,-1.5599800985745966
9503,29387.0,14510.0,2604.6728863571802,3809.413502465208,0.9866053880345204,1.502738321997024
9504,7080.0,8981.0,23.233130500741716,131.28734749643993,1.362145045370901,-1.6103598087911226
9505,12006.0,7730.0,13.409922033989185,58.54645583781695,1.8247845269889573,-1.5494464063436697
9506,5537.0,4068.0,12.716879638258543,125.49147828990388,0.4270478875969102,-1.6021584953678947
9510,8784.0,9911.0,765.8174446314288,23598.343984536677,0.41657796950552356,1.5660919388179941
9512,3411.0,10920.0,1622.7286427114927,5573.567290119429,2.150897096037667,-1.553290508206903
9513,5270.0,5894.0,47.423787512659764,8755.255107356552,1.4145147826581708,1.5454182614680496
9515,13585.0,4034.0,13.792610532933026,82.6668514672545,1.087793782978212,-1.578877312073876
9516,1352.0,14892.0,9.802016699756523,19.677364467997606,0.46586349867758353,1.6604738685437506
9517,13682.0,11097.0,3.6297083523655966,30.925861531809137,1.0565710523973049,-1.4812951096044729
9518,30585.0,8868.0,243.84193290759188,10277.860190996938,0.4757472343828057,1.5766015994666076
9519,155.0,14282.0,17.97986439493442,36.0166055379494,0.5837269866589913,2.309400662710516
9520,817.0,1030.0,117.54630252337205,13294.006359291756,0.4010665679192691,-1.5684871980904829
9521,10025.0,4226.0,36.77884501545448,4634.324907381085,1.371450865845696,1.5257808375525117
9522,32946.0,2212.0,44.322496218321234,153.7024203194945,0.9482978090697427,-1.5641499543901924
9523,4729.0,10379.0,242.85607691385397,318.0826268470464,1.3033302180064492,-1.6366959134067491
9524,2055.0,5279.0,30.990361564226518,249.07434822163222,0.39573759061577507,1.5369024254801265
9525,19648.0,10288.0,10.59680657126427,76.20425589533795,1.1001838802968764,1.5689119415782353
9526,1973.0,3209.0,54.04201521898295,260.0179105523989,1.0955376897692974,-1.0062370468246364
9528,20729.0,4335.0,500.4686416105238,5590.7120911688135,1.0803067672272177,1.661720513571084
9529,1094.0,15009.0,18.057500620881175,961.2136990644434,0.4134174172651155,-1.60897979974764
9530,786.0,14426.0,32.30522189896167,47.42906300448798,0.41359802521067585,2.150351250812523
9531,18589.0,2025.0,7.9139275585339535,85.08631377240894,1.710325636789093,1.5663050757218098
9533,28968.0,12133.0,309.7515203552786,81376.84291240646,1.4015004249665381,-1.5911899016090025
9534,38200.0,7599.0,37.77191558989571,161.6998504041466,1.2153102012428871,-1.554551684070334
9535,43929.0,192.0,7.700084325701402,364.9854648956156,1.7336328859840298,1.570921316371215
9536,30869.0,7945.0,63781363.00133464,63781394.27022553,0.9310496935251913,1.6252667780681944
9537,15937.0,13568.0,21.985665806280362,109.70008581301123,1.2299492849359566,-1.5740244529234435
9538,4889.0,7730.0,83.31751972235035,313.04807213858624,0.9309797869774928,1.8796946385717237
9539,32397.0,11307.0,8318.832452555007,42534.45355700722,3.968988023235622,-1.5941465950014604
9543,22007.0,4775.0,27.006851804979892,3161.362976041613,1.0978504883948887,-1.583446903619701
9544,9389.0,12441.0,1086.3809603661143,1648.0175218023435,1.5784507759763784,-1.7706820297154402
9547,33593.0,14942.0,63781360.91367136,63781360.91367136,2.2176881135501327,1.545208634252262
9548,12037.0,12187.0,34.39904488067912,1649.2377486692774,0.41480149012098705,1.5425117250141875
9549,3769.0,14571.0,48.46728398120516,205.5535277601657,0.413023546151477,1.6506033077686502
9553,510.0,14861.0,80.57470515865433,1214.6332699383415,0.1584650494165282,-1.5742307289135677
9554,25738.0,13196.0,20.247727939017697,240.95598928221986,1.0240101441497846,1.5707738848255233
9555,11963.0,10147.0,28.55376475464609,5051.816164064412,1.6216243568584896,-1.5887586434396666
9556,521.0,12941.0,69.76193465314773,1594.0150929673152,0.4003579509585853,-1.6198441766599194
9558,26917.0,6860.0,15.65453674523208,84.94488675391015,1.2901801994147317,-1.5698748280050627
9559,39474.0,4996.0,43.6818516187874,516.7621105430887,0.953018990452234,-1.5802568279571136
9562,25249.0,1723.0,33.11238287193777,94.40869312964604,0.4187327786663749,-1.5636633674081224
9563,4524.0,13519.0,22.17076873854777,112.31993792096453,0.44857039968981255,-1.562577082732741
9564,21145.0,4501.0,406.0294573633379,35112.788838305525,0.3965393071995186,1.5744616015696564
9565,7601.0,14744.0,10.960438491850182,31.327439202722594,1.4047582833064254,-1.5529359373148508
9567,25375.0,3406.0,7.741677924223509,60.17910692467612,1.3469068255404142,-1.5746918254149638
9568,25372.0,14236.0,91.48280083426327,265.12264862722486,0.40932123869767933,1.581216262535004
9570,8401.0,10631.0,63781360.91367152,63781360.9143465,1.7685224180924148,1.5464389058978623
9571,27490.0,8083.0,8.961364263682281,32.9136413592474,1.0000979776216383,1.5814460965061217
9573,20019.0,1673.0,127.55805153894784,165.10177560922997,1.2867608233463896,1.4766106933810965
9574,561.0,10943.0,1423.4988440552822,547222.0412390934,0.18450693890781428,-3.094447527071536
9576,17831.0,4453.0,12.792069460452737,65.69506571475527,1.249712086734024,1.5537142330565872
9577,40157.0,14788.0,422.5351353293778,14181.997003571942,1.3906187422869745,-1.6121348504568587
9578,11966.0,11682.0,781.8218629018527,40535.02116864706,1.2209845210911572,-1.5736140342365312
9579,15879.0,12911.0,1734.7901536237596,1225093.1421400656,0.9874750514820765,-1.4592352182187602
9580,16923.0,4112.0,23.429885611883357,168.8425080058853,1.2404219449258722,1.5638455772241993
9581,774.0,14721.0,17.61601648040094,20.91025445125202,1.0245964892120147,-1.3869011919029903
9582,1490.0,14496.0,12.098585391234629,68.08464384239589,1.0831977006709377,1.4903698428902097
9583,6329.0,13704.0,20.32304458911365,166.3765503558508,1.0755285669023893,1.6198689491260843
9585,47590.0,15180.0,57.91420678998379,152.19540471383513,0.9652985732572895,-1.5794384622251705
9588,14107.0,12261.0,20.653266672520246,99.21253857962883,1.5570255990067565,1.596627317710777
9593,35191.0,5253.0,68.04294141592037,607.4811721878075,1.23581528338778,1.5281829480797322
9594,4843.0,14772.0,336.9678937405968,3475.9981886207484,1.2419681766905837,-1.510046279221671
9596,6122.0,8873.0,88.99909084764374,212.40130602154946,1.6923832182408183,-1.5564338677667868
9597,423.0,8296.0,75.71063328316905,7778.760593071213,0.3175822011759119,-0.2910698712573204
9601,27356.0,8053.0,42.29286120383627,2148.3793122280513,0.9766814962154655,-1.555393320808902
9602,623.0,10905.0,239.01678984936547,9893.762011830046,0.43095297690459167,0.7530479844095437
9604,7367.0,2775.0,284.1896974446075,643500.1801982399,0.9109128255930372,1.5304235760446177
9605,5148.0,15674.0,80.85165276292709,173.4846785094021,3.072333962667936,-1.619195803856819
9606,29163.0,8364.0,5.3938895305594405,18.677740792499645,2.2239657278386313,1.5872666706468903
9607,864.0,14944.0,28.823144934732188,201.5935902547858,0.4176659680000204,-1.7210242480944788
9608,41764.0,14859.0,1447.5162057457712,35572.68392326716,1.3906187422869745,-1.6232449452462578
9612,31842.0,6898.0,79.78479818761096,11646.78267047063,1.2892125468649935,1.5107961114426671
9615,10351.0,14949.0,44.721782200109175,261.4580900537091,0.4154252013923164,1.5866246624017981
9616,54474.0,14079.0,22.929150287417862,119.13101132753053,2.184671348498037,1.6062039167336453
9621,9772.0,4532.0,29.67803582466643,250.30151005334343,1.0793815021925433,-1.52369572580381
9622,61095.0,199.0,63781360.91367144,63781360.913732305,1.7362497559147712,-1.5708196854275815
9623,9689.0,7666.0,13.474561055409279,136.18615347327108,0.9590439636611072,1.5733538548437431
9625,6680.0,2055.0,34.681614325082734,258.32382785218766,2.269339057930524,-1.6347354774646492
9627,1855.0,3609.0,36.37487786692637,86.63350035142825,0.43791610845261036,1.7244353207878615
9628,887.0,14801.0,8.601990010390882,9.115909951208584,0.806520974629708,0.11048941793320625
9629,6497.0,14868.0,3147.7469879458035,11602.190417196463,1.0698072345239775,-1.7220008947643153
9630,28010.0,14836.0,116.15501344524256,26649.919201215125,0.369079340231074,-1.5737853780956126
9631,31969.0,10918.0,40.39989749467006,305.0755298466463,1.0997512004034107,-1.5729196433219819
9633,586.0,14513.0,10.891113406828573,12.126956906494332,1.3150251077435953,0.848316937540319
9634,23353.0,14046.0,106.54050095472515,987.2655107247964,1.285960572722479,1.5746412289349299
9636,12582.0,9768.0,14.378596063453658,49.74121583730692,0.9187750990685123,-1.5703192165072464
9637,26289.0,14212.0,596.6554114990397,48786.24418174755,0.40135135255013843,-1.5856953373079008
9638,504.0,10977.0,113.90221478617464,1012.6074841239515,1.228900157662586,-3.1399192545806276
9640,32942.0,9192.0,47.37978315742748,173.25370560178558,0.42627920789410345,-1.5726458735398263
9642,6726.0,12428.0,94.43771854060722,2370.5904712749552,1.133456036640979,1.5030245410911967
9643,6976.0,10535.0,95.36743510368744,1363.3424265113074,0.39281741451678226,1.51805631774757
9645,7667.0,9174.0,65.76162197225483,2313.9694841793257,0.4208717021695085,-1.5996449884839246
9647,22526.0,2293.0,354.9414100304773,857.4504684669135,0.9778751623084666,1.6470165121002442
9649,1500.0,11311.0,15.609965775912663,21.388958400496747,1.3140182595048682,-1.4526968838288905
9651,4751.0,10631.0,63781360.91367151,63781360.91402918,1.7685224180924148,1.9482254127371306
9654,10227.0,13084.0,16.652303078626115,108.35124629056806,1.0941304067302529,-1.5983217186391745
9655,49415.0,15289.0,74.37172668580332,11755.10053580759,0.9676693979560858,-1.5541698734009808
9658,57894.0,11486.0,95.56207809941537,35329.63355521016,0.9382963337309591,-1.5711756221632809
9659,24874.0,5381.0,6.457091964808242,20.381559064348536,1.1529579623687574,-1.6012290195152798
9660,16331.0,12545.0,9.331051827543371,164.96049637224507,2.0931688570411926,-1.5539954745433144
9663,1561.0,14809.0,6.212673250515991,11.115030896880532,1.0323977776999038,1.5812786762108026
9665,25527.0,14483.0,67.32408547645663,955.0392827814547,0.4354846188463271,1.5819617804643422
9666,4886.0,13094.0,13.402782573434855,23.547162035618932,1.0746552282682598,1.5670313830577425
9667,42629.0,192.0,25.019756244830443,5361.065741926677,1.7353817713345605,1.5715361382305106
9669,19568.0,5238.0,205.59306402917846,62140.14215151166,0.41158614798810395,1.5808298487151828
9670,4938.0,14570.0,10.416607942119688,23.89269868543639,0.4776933984582238,1.5061149594491325
9672,2520.0,13979.0,95.6865696764071,1417.1188323926026,0.9851418812416359,-1.7981307136181561
9673,20612.0,14513.0,14.477147865786943,20.29813891818474,1.3833046779864635,3.13142574476142
9674,18129.0,14808.0,87.69829140853841,16367.506545068769,1.8196525372008312,1.612594240445372
9676,17355.0,12398.0,31.231343662915062,1026.306638423874,0.41674827865283737,-1.5836753845246379
9679,39472.0,10679.0,2.8629014315354517,19.9866484865077,1.2389563786187434,-1.5833024529580793
9681,25881.0,8224.0,2176.4221985736503,17349.17106613086,1.289861653166687,1.574453334806127
9682,17839.0,15031.0,3.7036255465047145,3.8128383279112503,2.2176740443123775,-2.8262851785302727
9683,26204.0,7207.0,21.9823711820668,96.02963617068902,1.2307035853874497,1.5564354078739695
9685,6475.0,49.0,11.532611949885077,67.67124126960415,1.2324172321984177,-1.5684234378917101
9687,42076.0,13056.0,2.8579704660576173,12.451840842438761,2.5489552101450785,-1.564417017432278
9688,40536.0,7185.0,265.8932512091486,620.9501319915556,1.4100992309359364,1.5473476247419191
9689,20668.0,3655.0,168.02586065902852,15246.732405668585,0.3774879753096458,1.559062590166594
9690,23720.0,3365.0,32.495360158485255,99.4499840311552,1.1140860701774529,1.5614115098078205
9691,32085.0,4616.0,6.946188947011262,51.42648778282189,1.050882913644173,1.5218794234527577
9692,18623.0,10021.0,24.005087775467516,48.20223350287901,1.5422605620619891,-1.6169444631551246
9694,33509.0,11594.0,7.178808509666406,26.734462699611417,0.45930783264701786,1.5753331487400586
9695,4181.0,7960.0,8.381220176640005,206.77083592986287,1.0650941359458594,-1.6467040989822912
9698,4533.0,11104.0,24.106027791977834,284.91839537686684,0.9131051482597118,-1.5668661115673865
9699,10252.0,9756.0,17.27616839846085,211.31135934679062,1.215744660163443,-1.5801481200000722
9701,4686.0,13215.0,52.09982167496743,425.8821387950457,1.238153829152822,-1.7453568616026665
9702,32530.0,6177.0,63781360.913673244,63781360.92667048,1.2501583399213132,-1.6290233539151628
9703,37785.0,10872.0,33.48065204428047,184.10295050922645,1.0952909917567328,1.5531994058549983
9704,17533.0,14834.0,14.012810791931885,27.315078419873565,1.3879119766083896,-3.1169407765958845
9705,2824.0,5859.0,15.01413802637414,55.50401913524387,1.3166448837334974,1.680501356884906
9706,14355.0,9797.0,24.24541971922844,49.82591410517501,0.9564994215958976,1.5944347756021964
9707,20254.0,14425.0,54.86076708659794,64.49970470403139,1.2140016381703467,1.571285710313031
9709,857.0,10435.0,9.903503167440931,56.71785161279787,1.3965262374912157,1.702077121293697
9710,16031.0,9836.0,10.430767498717065,37.59885620988553,1.4766654954857348,-1.575817924670555
9711,15247.0,13935.0,68.96055512455153,898.5748129477614,1.0117914883572365,-1.6395153657055883
9712,801.0,14874.0,2625.9450709659386,7426.208699863328,1.2911410486948338,-1.4973973801159557
9713,26822.0,14901.0,146.86547433107847,4990.300351514765,0.41075645389645443,1.587138694404678
9715,278.0,14293.0,16.167902310965452,23.060261467078153,0.5837269866589913,-1.6412552986145559
9716,16071.0,9789.0,1004.0945171740054,251014.10982348624,0.9167870618468028,1.5789984568889843
9718,33846.0,13569.0,29.26178923910886,53.070534000679146,1.3216773748474295,-1.5967720374854062
9721,10228.0,5637.0,486.9212117014334,156286.18649732543,1.8831696369792206,1.6582470909715903
9722,27883.0,12840.0,152.89205146386826,4489.888474468601,0.4316756948400404,-1.5520290333933533
9723,318.0,13797.0,8.108909589371383,26.671090951641272,0.958868542763045,-1.9825853944191165
9724,2814.0,14921.0,1339.6866891886937,36524.95388950751,0.9613383296759094,2.226465931420522
9725,16270.0,15277.0,8.425349110134313,36.269744112661186,2.4331727432180172,-1.4696346417449586
9726,15826.0,10599.0,63781360.91367155,63781360.91439191,1.7685224180924148,-1.684985977543298
9728,28092.0,10069.0,27.996521145247126,179.31788566009672,0.43249504108879283,-1.5642967096680707
9730,4962.0,14920.0,956.5086329243376,1122.5048497887717,1.2515765943977166,-0.1381902387952791
9731,18161.0,8343.0,5.919156256691032,11.673411584860991,1.4083160648774928,1.5620175915692085
9732,6976.0,14534.0,13.054438597515311,42.81297611994267,1.2772274693581793,-1.538532752910991
9733,46675.0,14790.0,135.76847044909732,419.7419384236843,1.1091058168751786,-1.612397256982418
9734,10937.0,3477.0,20.926573104230112,404.6799311271423,1.0322786182070556,1.5846525814175176
9735,21753.0,11964.0,162.56854064309434,19731.241300129084,0.4198364077444854,1.5894266441575293
9737,2037.0,14765.0,50.912816251129705,66.94491650219624,0.3787264516945449,1.5197399142484633
9739,43876.0,10827.0,4.760354320984928,13.491723087212058,1.646137701374287,1.5820250350899185
9740,34468.0,5641.0,373.19982560237844,51897.84928782122,0.9659012262022677,1.5324067984496996
9742,28185.0,8124.0,1.6227233640153926,9.392282578897996,2.211248035255201,-1.5541408901076437
9743,12431.0,849.0,11.510073279631579,30.92924477902758,0.9583741424379096,-1.5613648786938985
9744,52684.0,12675.0,22.306114894452524,142.1114542010799,1.2272482293886038,-1.5691698985426703
9745,28872.0,4642.0,29.1078736013429,3885.156525172826,0.44840424121149075,1.5696934840105812
9747,24388.0,13776.0,108.83866695383803,9018.310895020317,0.9759473082658714,-1.560294410657875
9748,11334.0,11328.0,45.36254670780451,902.4342802738732,1.0148478404971248,1.472042285343185
9749,23570.0,4420.0,24.566356019541047,1089.6588872547834,1.4375138483782317,-1.570110163365318
9751,16436.0,11118.0,21.989964517251696,98.67519715032242,0.3946458593675864,1.5867502828822733
9752,18932.0,7359.0,9.309190455667569,54.07060036356443,1.3400290480432306,-1.5771910911062397
9753,43610.0,192.0,6.511589871035338,244.29368933561352,1.7336328859840298,1.5711358527154078
9754,21254.0,7839.0,10.558762485722024,60.824810356199706,1.0890920603652994,-1.5741680722532199
9756,271.0,14549.0,57.49447983803002,710.7672740041985,0.4217126554508827,-2.7106612433522197
9757,2054.0,11860.0,683.6965438260186,2743.0138225566666,0.9868538082475906,-0.986642700946967
9759,27061.0,15093.0,1411.5534316623337,4411.722248598208,0.9991095050455518,-1.5568830411805223
9760,7473.0,5759.0,21.445501788673596,381.8977180941659,0.9761905480873765,-1.3368353144298306
9761,11784.0,1452.0,28.04947279371691,97.52162391859707,1.0908301772390527,-1.5573661437696356
9764,22585.0,9959.0,96.73428355860439,816.847931416349,1.1149736727891293,-1.5745225155651381
9765,27793.0,14931.0,31.60588972985612,72.693517351102,0.41806951453809743,-1.5646434804998697
9766,5265.0,10338.0,5.85189918268265,49.60597065377126,1.0424004313218125,-1.60177330454036
9767,22019.0,14126.0,59.64694659664712,5258.350875596455,0.99137972948033,-1.5594230271443155
9768,6917.0,3798.0,22.377776931681247,53.698214478472465,1.090298585752668,-1.5566964623910378
9769,51839.0,196.0,5.9517645648123345,304.2659324369859,1.7407562824327738,-1.5703661405943754
9770,16986.0,13963.0,43.10083028922697,752.8669027611205,1.2671042396455143,1.6855334864197713
9771,46380.0,8146.0,1.6257665396477794,17.357820784360207,2.211248035255201,1.5973498450806864
9772,31882.0,9034.0,6.299741910291515,28.033633143600902,0.4343181868532359,-1.5622956607621
9773,15982.0,5844.0,104.60933055805357,911.0482554762365,1.1991337291172046,1.5763417640530493
9776,27464.0,8743.0,28.375061702918728,181.3091893184496,0.42565517799627733,-1.5606113562885895
9777,15825.0,7989.0,16.055577439474064,110.30292439399582,0.9536924226113158,1.5756988426018592
9778,9562.0,11837.0,109.73126615040188,754.3773747361797,1.3927832477942215,1.5516054837506217
9779,8880.0,15187.0,63781360.91367163,63781360.91367175,1.8345749519476047,1.4554390267857786
9780,4173.0,14774.0,479.843787609409,1211.9232067509054,1.0649246185491195,1.1510872026838141
9783,1389.0,15054.0,3.183772088572978,3.368688310196735,2.2176740443123775,1.860283828123569
9784,21226.0,9628.0,44.85528236118132,1167.9292730933334,1.279528644607513,1.5625389910596619
9785,9850.0,13900.0,31.000267303976674,77.46824778281778,1.010379060967034,-1.5561049886526066
9786,362.0,10932.0,49.315162718908155,279.75864640961476,0.38621199848021087,-2.2053391922281183
9787,3553.0,5956.0,386.7961015812559,2436.368495030838,1.100059380069068,1.595413906499681
9789,45813.0,6688.0,4858.890531138368,1313498.9436348751,0.9126314460541018,-1.6077226840334422
9790,31142.0,13044.0,139.89594939159062,31758.626350967264,0.4263317035160326,1.5601767626705207
9791,5176.0,353.0,1239.468054715738,1303.2315610572982,1.3096323378507677,0.04884501296920823
9792,41279.0,2553.0,118.31996820871642,374.7456623344369,1.5278016923780877,-1.5847661987676376
9793,9486.0,14329.0,34.79555212526306,3602.0444880221166,1.3798335828459831,-1.5673494588662857
9794,5175.0,11946.0,418.7228103302859,5055.82716908967,0.395584519942821,-1.546434199211545
9795,39891.0,14320.0,265.65462104522254,655.9274280341809,2.124929613180868,1.5890968797279748
9796,16974.0,14885.0,12.3159409121748,13.740048944542114,1.1043083205769755,1.6130844653274141
9797,46808.0,10465.0,202.94352940433288,2497.43122609304,1.012664279230817,1.5706055746798033
9798,45278.0,15184.0,5.926236339832175,8.008801555536476,1.6931280516007214,-3.1036983701449588
9799,25458.0,14921.0,346.9904319459859,1193.9316624315331,0.40400572713679744,-3.1370734466779218
9802,1185.0,14824.0,24.047205315868013,25.747604655007443,1.574301237863608,1.789671851234802
9803,26246.0,12569.0,63781363.000000045,63781363.000002004,1.3011821772737133,-1.5954702802368597
9804,27374.0,13966.0,21.82560274801115,158.47734096283935,0.9666720186278006,-1.576221283938912
9807,30242.0,10747.0,5.058400580587649,26.484824821325244,1.646137701374287,-1.5705415840673251
9808,2745.0,3057.0,1530.5453436812581,17455.5732856736,1.0304214837438561,-1.8748434495865092
9809,35729.0,12420.0,34.69578514454958,315.9353554560418,0.9959456469657335,-1.4970234113922947
9812,19295.0,14885.0,5149.843296482757,15876.872207401339,0.4210191018865047,1.5401148663336224
9813,42741.0,4673.0,14.818500897106619,108.5945766395618,1.4671954258603346,-1.5741940411491455
9814,22143.0,7309.0,19.0444498965979,121.62415354773616,1.1102524171600814,-1.6025961052304636
9815,3135.0,13724.0,14.594138781932305,30.905765445944123,1.059359024289658,-1.614467346032766
9816,16030.0,13498.0,16.663788507943607,36.37886831628948,0.4900133699905018,-1.578536015056812
9817,42736.0,9244.0,63781360.913671374,63781360.91367338,1.6953234243460904,1.5325575558583686
9818,27953.0,14884.0,24.08806540482032,317.27746430304995,0.40378557535752163,-1.5686109020770345
9820,12809.0,10725.0,63781363.00000078,63781363.000016086,2.810318041696066,1.4946187568520533
9821,8830.0,14075.0,62.437814060919244,265.5051972384834,1.2365617921441148,1.6053848603795515
9822,20576.0,8993.0,36.92964776651721,143.0384804890817,0.46394085547880065,-1.5555231404356609
9823,8180.0,14207.0,30.253462199547755,134.47365024483614,1.3290627596646938,-1.5406099157997057
9824,1271.0,8966.0,423.0422563090053,2229.8266202511313,0.35030550675165084,1.1502575202732135
9825,30844.0,12627.0,34.50338274097279,268.71014281881384,0.4336251607483132,1.5854239387895481
9826,7857.0,4178.0,9.151145198944143,29.76732133410219,1.3693439649213097,1.5410940316070725
9827,28856.0,4286.0,31.030252416592965,874.0070643657092,0.9960686159225848,1.559627485209751
9828,5952.0,1029.0,15.624032514397296,114.33602429493988,0.9708317260122018,-1.5219118520769666
9829,17414.0,14859.0,1966.3962814911438,75810.75305731953,0.9756245320914719,-1.6129749217369256
9830,39791.0,10805.0,2.58855791826967,15.34063846713633,1.2389563786187434,1.5862966352312007
9832,31482.0,10057.0,551.4336288207728,582.7485158153478,1.418014573014423,0.046174089519413236
9834,46313.0,15162.0,22.54077891773281,23.15456832124385,2.544419202934734,0.010833607595213814
9835,1479.0,4559.0,12.402714664151272,74.12187224567552,1.3305607166697144,1.4759268440717142
9836,8863.0,6792.0,98.92480114852339,237.84060872628288,1.2945708409488363,-1.5993342466718563
9837,6428.0,5980.0,27.060066063586618,136.34021926224514,1.293652012190389,1.5343799420700337
9841,1690.0,3202.0,107.3100973210438,2054.0963863969705,1.190021385165973,-1.7570857932147725
9843,31161.0,3256.0,97.08907375327361,24028.680116964842,1.0001627696791475,1.5897254541876176
9844,8255.0,2455.0,19.878507921324374,176.61975684783894,1.1232319112081113,1.6257134059333678
9848,35962.0,10969.0,199.58023537968518,1111.089930978078,0.44634199865783236,1.5735370041253633
9849,34191.0,9822.0,38.127916135076774,5668.771896974901,0.41309937619834736,-1.569856755455112
9850,43550.0,14862.0,216.62478154751955,16434.7391763915,0.9792344653399797,1.5945654202910773
9853,6869.0,11029.0,29.32986456793805,75.50867180071856,1.4767937324739973,-1.6104191344462448
9854,9310.0,10641.0,5241.214128442588,38130.24084278218,0.9380652675849779,1.59710655564248
9855,3822.0,5439.0,30.430675675364167,267.7053352244088,1.1904808492109684,-1.5635755165471759
9856,18199.0,10137.0,66.70188444020528,553.1599710179494,1.08410291656017,-1.5530466906192382
9858,20523.0,14623.0,33.44826876709402,43.86280966815237,0.4300360025231372,1.5753479315169736
9859,25902.0,14619.0,21.865292522776812,268.06439190208914,1.5390975257563233,1.5380386473168277
9860,12940.0,13822.0,10.06770708115029,29.94738583310608,0.4666082839029753,-1.5530265506758567
9862,1200.0,9841.0,211.34817924192083,3385.200629010755,0.20023086061544323,1.7756620923441366
9863,9893.0,14545.0,31.47228462152141,405.38923060709254,0.9427160683712338,-1.6460648369081372
9864,1255.0,11004.0,5.6570868714443,25.36033111692402,0.4448938495070904,1.5455813235561353
9865,21407.0,12136.0,56.2730888336079,283.9244393289647,1.4066019737078892,1.5571057849580932
9867,10300.0,9121.0,122.53813948456504,2498.1259755624737,0.4289557451329447,1.530307398236258
9868,2912.0,2904.0,15.156819177933407,176.5423712313555,1.0723313218585682,-1.5584246878440722
9869,12080.0,2373.0,49.390109285121476,5347.963375227598,2.5124698045805025,1.5553040942193914
9870,3663.0,11920.0,40.71468627351359,501.8809359479037,1.3685239587544955,-1.5796726054255437
9872,45468.0,9996.0,192.36680523209202,34770.714882199165,0.9096899748824062,-1.5558759087042786
9873,678.0,7039.0,40.84928260141309,6711.703450374187,0.416027591099204,-1.6337188267061706
9875,33423.0,13206.0,31.817710309379418,703.1539892326668,1.0944644446129006,1.5381489561264068
9876,33017.0,10360.0,34.85720018187883,99.24619909582377,0.9666541094629941,1.561556042104676
9877,25148.0,4133.0,10.73983181075803,61.42057746410911,1.0634926189675664,-1.585268832122043
9878,32672.0,11317.0,85.36114027214815,215.65012268996904,1.3047513016911674,1.5833370060190128
9879,2243.0,14380.0,538.025075278366,1086.5398941846054,1.1167023484781256,2.574688949727363
9882,36081.0,15205.0,3.6583997566829622,4.206171295510782,1.6044024141576885,-0.0077025656004732655
9883,32895.0,11427.0,13.08732656514331,48.40796175260923,1.0068787775767765,1.626431961662083
9885,5967.0,1781.0,22.70192630276722,87.31935531541549,1.0508297229365429,-1.5739634565763796
9886,1653.0,11306.0,3.331583951858959,25.453861378149007,2.839541398426335,-1.5452063436334134
9890,7033.0,11705.0,77.50435990192892,196.7849058570456,0.9817880172763431,1.625483801524727
9891,6119.0,6698.0,7.2281069699183655,55.746002815937636,1.3602585247943555,1.5750378913142675
9894,27604.0,4611.0,519.4056763533264,20124.97284895836,1.3203696841506773,-1.549588759988794
9896,44892.0,10602.0,6.457955711247483,363.7351161241177,1.8117218670148447,1.5907137619270628
9897,9885.0,6105.0,3.4011114915757754,57.715533883448536,2.1204410903932662,-1.5725352864757058
9898,19668.0,14107.0,1884.3065113764944,1122788.2374294254,0.9327340027939273,1.578615647649147
9899,9931.0,14145.0,17.212368740205537,39.92766488125861,0.42637721311653115,1.6013536735581568
9901,14528.0,12033.0,11.473565993446822,18.4673072556331,0.4301229255691543,-1.5755545863607117
9902,5131.0,5643.0,12.745047649117913,100.44920475389982,1.2396443857429422,1.5711562979550535
9905,53983.0,8944.0,525.4372136494123,21187.1275019583,1.2541784221889092,-1.5839750591355641
9907,2395.0,5109.0,28.049193361547,3169.235470166641,1.5204019275759144,-1.6508391788920498
9908,3680.0,11063.0,13.46394405262107,39.47983269059881,1.0941317641456554,1.5865612049733564
9909,31557.0,11144.0,22.33402311503363,163.16522386858003,1.2147662815513935,-1.568900033198554
9910,9886.0,5338.0,20.71199958592912,98.76333092861834,1.1268980082695697,1.5422648439835116
9911,2498.0,14880.0,5.704359009000905,7.330134774821521,1.4529955773935854,-1.4041733682412527
9912,19273.0,14604.0,17.09035537874084,35.11516677212806,0.9218221772293894,1.5903070915406032
9917,17411.0,8995.0,33.302582107205716,530.2398055369739,0.4042377634852026,1.552211211309318
9918,16501.0,12749.0,147.32003468148054,270.67395976889094,0.9660376606799805,-1.47731240221705
9919,25068.0,13029.0,9.551843342746064,25.523496698262562,1.3623427338625407,1.5687588959239804
9921,1836.0,3067.0,25.468686925468756,49.30141345731857,2.260987810035962,2.8292643901359047
9923,5048.0,5567.0,11.645501530565507,69.97613979165857,1.314222034548262,1.5988280484906017
9924,2574.0,11758.0,65.41896028359304,111.21835299641059,0.5067367764318044,1.5265072912613404
9925,370.0,14694.0,10.619684417456076,11.477579199196992,2.6392247133471614,2.7330765881994417
9928,43813.0,4388.0,54.33542444450709,339.2476015490425,0.9693339318657461,1.558252275181821
9929,15258.0,14972.0,29.441833468741294,33.7426518357288,1.1077318701388397,0.04456811435902419
9930,5800.0,12949.0,43.21555893004273,142.0130407593547,0.9966307153787277,-1.777072621865109
9931,13406.0,2494.0,35.337350772075496,129.62351776792872,1.271778231766118,1.5655307347935854
9932,2323.0,8902.0,8.772004668491482,66.93860982672435,1.3359292594483612,-1.6161546669596631
9933,23010.0,15209.0,12.422167118641935,17.839371704288443,1.0106358168891183,-1.5746624256353627
9934,2033.0,14555.0,21.327994714600308,27.41127576256824,1.2460707168319303,-1.5365849660833493
9935,24509.0,14136.0,16.726204818109455,31.408605556934617,0.42637721311653115,1.5799837779670665
9937,20622.0,6189.0,25.059400572668658,725.3014301470239,1.2332576363932484,-1.6318962205830498
9939,19697.0,15845.0,43.64076559255469,74.91080598953056,1.0189736876383193,1.7174587104383063
9942,7178.0,14910.0,103.87307224459595,802.147790866683,1.3453411828489181,-1.5931021028607122
9944,30426.0,13937.0,13.948270937513996,64.03947350262305,0.4486444736687596,-1.5710389804264964
9945,2571.0,2537.0,11.955833227038546,93.52583057625047,1.3663832023175742,-1.5740094272557419
9947,6208.0,14677.0,259.201060536989,600.1699455692266,1.1882632710757406,1.523803735524489
9949,44396.0,192.0,9.408594455295614,440.8634860040773,1.7340000719230995,1.570465838599651
9951,32713.0,13573.0,43.79351050879259,195.75400540743044,1.0809791575416643,1.5621308473854434
9953,5118.0,7367.0,46.81478558500109,61.108951895421036,1.3902636955659455,-1.4823872279129338
9955,48306.0,10790.0,4.693925247312325,19.612237164398397,1.646137701374287,-1.5652167286647813
9956,32361.0,12663.0,49.37416276997904,11566.309791379936,0.48552792405590983,-1.5657159166875
9958,8037.0,3166.0,61.66650267202229,193.08228139500187,1.2576956340853227,1.5419662587582155
9959,55514.0,10656.0,3.20240512002614,21.960999741343844,1.2394112690615444,-1.578091001847156
9961,2600.0,1056.0,17.365517690539267,106.62205172891562,1.1655548710613661,1.432630005705849
9962,25444.0,15078.0,100.73900318356743,224.88782874006858,0.9646390633445721,-1.505355978187086
9963,1705.0,10066.0,199.98536116526392,2717.408117021472,1.222430369325107,2.149066431782407
9965,9057.0,12949.0,177.16307276298178,1657.4249817350205,1.1501117743124978,1.6413273872794762
9969,4506.0,3969.0,17.805569710206388,37.64937164166679,1.2978964237146038,-1.5452270828630739
9970,8182.0,3225.0,24.40914320473452,183.0704366483195,0.9676433887992406,1.632100403323111
9972,43147.0,1470.0,63781360.913680956,63781360.918581136,1.0298294887105417,1.5546705207935374
9977,41369.0,14587.0,5.840991449581248,21.395905204822974,2.118575517621957,-1.565954233414939
9979,35571.0,15207.0,4.752400091748683,6.205088624027522,2.208101841751349,-0.04046245924552309
9981,26089.0,6803.0,3.0555508002080214,33.36450939074543,1.047991168157587,1.537804459959789
9982,10180.0,13369.0,5.881154063783305,23.57184373560942,1.036474454516528,1.5723059433857076
9984,26526.0,15071.0,6.91218448207483,7.153173953525892,3.220486783048706,-3.030693271409628
9985,10184.0,10755.0,38.27688242330629,88.21443389749143,0.4075674393598708,-1.5806077062923929
9986,10800.0,14273.0,157.30821197972827,188.43225818531613,0.9755452787850981,-1.526620466747732
9987,7461.0,13938.0,69.82149123700023,941.9602887533752,1.0117914883572365,-1.72393272120014
9988,17032.0,14279.0,84.15606789717914,296.5531746768913,1.299137632251669,-1.6531352988320906
9991,12234.0,15264.0,57.43609879954759,66.19798182301112,0.900162465417798,-1.6746637806785352
9992,1743.0,677.0,63781363.00346497,63781384.04437285,3.933650649399876,-1.451185578361929
9993,45579.0,6448.0,101.47786624253546,10232.591301533852,0.9814070717959636,-1.5722412870958606
9994,22250.0,4618.0,6.732112757363066,76.59798808021321,1.050882913644173,-1.5087543469351659
9997,25934.0,14243.0,75.58509364093354,235.64707757465754,1.3851601746561046,1.5879016676373001
9998,179.0,12001.0,20.029362444006196,379.4249508928377,0.13265164066112026,-2.4585513105891663
10000,178.0,11008.0,5.64285655979033,23.954479553507692,0.4448938495070904,1.696438580319239
10001,34064.0,7803.0,16.263141552921372,853.1940391933177,0.9499325603044738,-1.567366456966467
10002,54055.0,12295.0,3.063283809066071,18.405362898841734,1.0635418903576488,-1.5839257350890896
10003,7976.0,3858.0,39.46927668509024,100.66018815643903,1.31321289973805,-1.5635959373683361
10004,16480.0,14694.0,63781360.91367136,63781360.91367165,1.8444033205084782,1.669839614316843
10005,34620.0,4138.0,15.88974649087724,477.9501807548494,2.2795037680413865,-1.5733682674125675
10008,52693.0,8889.0,1490.7055884666147,206627.7468951956,1.290669222681774,-1.5849784779180864
10009,18079.0,15028.0,68.83047753130906,608.307000425983,0.9621775672511542,1.515715848469503
10010,728.0,14914.0,109.46589875957099,1008.143631505229,1.1040717956135098,1.0265953500393077
10012,11480.0,14576.0,3.794872904069689,14.137705299608715,0.9718126470540698,1.573784334804496
10013,19736.0,14654.0,59.26444435187957,542.0489823314042,0.4643625632232821,-1.6021166041904025
10014,5794.0,1252.0,37.94922525043712,974.2490388154033,1.4951021144104204,1.6188529777155616
10016,12125.0,10734.0,2.961751403771176,13.300315999102866,1.2389563786187434,1.6532505133603905
10017,15982.0,14859.0,17.80149581408933,35.44973409129327,0.4283252206120139,-1.5770926879889324
10020,6226.0,10214.0,36.32585139349591,91.59979413617877,0.42932359832698885,-1.5301939040868708
10022,3520.0,3754.0,19.870557875260992,440.1190871922621,0.3928653181897558,1.571706362606623
10023,327.0,14679.0,2008.6811355271466,36202.0970760218,0.33552537627991785,3.022252090567145
10024,8343.0,4700.0,14.958901318158734,101.17777555015134,0.41715683402232423,-1.5792592323965113
10025,22700.0,12257.0,53.98148751252796,705.2561108816456,1.2393285405183383,1.5981370686549645
10026,32445.0,10940.0,215.53213745786474,2765.3325615715894,0.433906553807407,-1.5459093456304391
10028,9054.0,13750.0,19.112226649285287,34.643444587355866,1.2759657338499004,-1.5712311203746276
10032,10286.0,9459.0,33.38224606385942,234.34308502984968,1.2598736951735847,-1.6820759983379394
10033,25102.0,4469.0,18.388511892425036,236.02787925120955,0.37978913252982305,-1.5792341475700633
10034,11224.0,2664.0,46.69071173907994,6932.254054787011,1.065607039946364,-1.5824204818912433
10035,1065.0,11610.0,19.101073630202286,310.40153009804834,0.4319151052720258,1.551174225303426
10036,48521.0,6727.0,762.2849126292009,2634.10109095136,1.4924173946786914,1.591081595529012
10037,18582.0,3895.0,212.20244249590093,25106.994473253024,1.281615035143337,-1.5257827703056186
10038,43322.0,3896.0,211.24415201928534,24641.922018985926,1.281615035143337,1.5537536902510511
10039,1635.0,3327.0,12.17833346571563,37.142508308573866,0.4345846998784925,1.6691385606868159
10040,57006.0,197.0,6.776701918366626,862.2179991574512,1.7366145241302433,-1.570962017993717
10044,6865.0,1828.0,126.11778964331346,1137.8652948550407,0.9864678250246982,-1.3825977416243473
10045,7603.0,15174.0,160.52909473920766,181.32599982498758,0.9493360374380684,-1.587055945652978
10046,9271.0,14945.0,390.6380750467745,3136.7537873289016,0.42273679508650197,-1.5843543453850784
10047,8173.0,14891.0,78.49370849062551,83.1158208120236,0.9597250701058381,1.5712248295973406
10048,11593.0,12895.0,2367.630038303312,26341.463732830653,1.1818941682965287,-1.5788195558314486
10049,5822.0,14148.0,8.432651470279836,17.688299868508942,1.0995688131200452,1.5426916496289549
10050,51147.0,14864.0,214.52087151839166,16008.982339293194,0.9792344653399797,1.59405133295768
10052,36291.0,3285.0,172.25083242464285,42511.310197414234,0.969514140261592,-1.5599132165701335
10053,38498.0,9761.0,47.65760538462815,58.458751286706814,1.0503317319858814,-1.5537858997689642
10055,47290.0,193.0,25.341674322087098,8185.331460470344,1.7336328859840298,1.5710709877508369
10057,1919.0,6391.0,1538.4531422904254,33407.748108968655,1.4219204980226408,1.80604557222538
10059,7394.0,3782.0,5.889382640591396,20.986371230190333,0.48082269784195003,1.587454967222193
10060,35545.0,1537.0,717.5150904229909,30638.14610841552,0.9540390539770782,-1.6165643672245003
10063,22593.0,15208.0,3.77840749869426,4.349339413560144,1.8386299442869083,-3.109579939284472
10064,61801.0,199.0,63781360.913671464,63781360.91407049,1.7362497559147712,1.5712900802565648
10066,4853.0,14735.0,40.523019851125774,260.1009157257024,1.0939579883177808,1.391563340190051
10067,177.0,6908.0,6.159127804333044,17.346068548359355,0.4719554566973333,0.3346997840255262
10068,9814.0,3814.0,15.589580034844719,259.095977378978,1.7668950854967327,1.6636514866961691
10069,11877.0,3226.0,56.70443241104855,4148.570526978351,1.2124018559265897,1.5699815550512441
10070,18802.0,12175.0,115.87973193056331,3503.476348294153,0.3947146855606348,-1.542143026435538
10072,43949.0,193.0,7.795967814666728,341.9245647704741,1.7340000719230995,-1.5705099683979606
10075,33170.0,4501.0,160.21470462535788,2754.657026325502,0.9597355511072073,1.5694093376400429
10079,19283.0,12537.0,37.70887658161223,8044.457850058758,0.42482618586641874,1.550852750596169
10082,9544.0,14877.0,168.8720564039304,223.13879960897526,1.2988915622443695,-1.5553937284753838
10083,7103.0,14592.0,62.59042632273299,268.7417833600062,1.0667643656199626,-1.6715634877432224
10084,15259.0,14149.0,195.38836879803816,206.48700257360858,0.4149572597024389,3.1379183215689794
10085,12285.0,2659.0,11.078197723693274,75.48664429946822,0.9546784855413093,-1.5666219852994057
10088,27499.0,7557.0,11.020270546022005,42.363353889937095,0.41662695241173836,1.5677833047852132
10089,14934.0,9799.0,7370.248658219696,51117.55845813854,1.1292355631103175,1.5035814605574178
10090,8453.0,13679.0,366.24239913302927,7226.71018412076,0.4062663130725769,1.5612642776593693
10091,533.0,15000.0,8.504428798252768,17.405885414285887,1.0188220476556686,2.5093760057580003
10092,53666.0,13659.0,139.405064547844,985.6974769743322,0.930305421169167,-1.5563485714342453
10095,8677.0,11045.0,34.104844823264685,997.3068125260887,0.9713597755602255,-1.4776188693174956
10097,60923.0,199.0,63781360.91367143,63781360.91371356,1.7362497559147712,-1.5707534296053365
10098,860.0,14909.0,21.304042478622257,35.155188205606976,0.398078425418586,-0.014801492011212879
10099,15724.0,6891.0,23.81665699126328,108.80566397705614,1.3557394775950715,-1.5913164586119526
10100,51918.0,196.0,5.438062071162794,98.33122023431964,1.7407562824327738,-1.5706941347049128
10101,5860.0,14633.0,3.496333656523032,11.985447909279344,0.9718126470540698,1.569673979997045
10102,7307.0,9787.0,31.696363542398082,195.40306434769983,1.3742267615038701,1.5605831213696826
10103,1512.0,14886.0,112.21700090883856,154.42932077152662,0.4370191971486541,-0.21045914997925605
10104,33355.0,12450.0,230.36074638122165,28927.367399393934,1.133456036640979,1.565522169982924
10105,2463.0,14918.0,957.2511280112961,1113.9712759001068,1.2515765943977166,-2.912425622329117
10106,24458.0,14818.0,43.221135763013926,48.08555957762736,1.277073542258449,3.12656305903042
10107,390.0,11416.0,9.0963996614699,15.030938867971635,1.8999435469613775,-0.9820932214075514
10108,61318.0,199.0,63781360.913671434,63781360.913790375,1.7362497559147712,-1.570547668077355
10110,44342.0,4626.0,6.688708429261937,70.78240121119775,1.050882913644173,1.5359193439131265
10111,3464.0,12551.0,37.22842249156786,7552.64793531562,0.42482618586641874,-1.5480243173847938
10112,16132.0,3233.0,12.29342679420886,47.560812647432265,0.4581958767189239,1.5504513964313793
10114,16429.0,14926.0,26.959782200967123,32.18698176832517,1.8604658260217373,-1.5981395000861522
10115,1683.0,14662.0,16.370866280220675,26.145133832533986,1.4026675364657548,1.5743115917859762
10116,2759.0,12954.0,23.102011565934202,531.3779288478258,1.0645769396371585,1.609195359473036
10119,6153.0,3302.0,57.99359131475185,116.41135133721296,0.4476879301244163,1.538358644875983
10120,5904.0,3746.0,7.447088619405613,47.30027095396783,1.2326193060813,1.5698779219852645
10121,7660.0,16068.0,8160.01765569743,18335.78545836895,0.5189290086676063,1.4950134056795967
10122,8521.0,14985.0,41.11851621705289,85.69400332938793,0.9780178869511932,0.09184309367215633
10123,46860.0,10677.0,47.206568432388266,502.7815636573257,1.1323918780093485,-1.5562727134264147
10125,51884.0,196.0,5.24978861031267,46.091984985682956,1.7407562824327738,-1.5708512644591877
10126,12108.0,7189.0,50.26615099394138,150.31064550902366,0.9618853952974133,1.5715363801776772
10127,1616.0,15059.0,83.93734434776874,132.01996841517567,0.41204782784094873,0.13146768814632104
10130,8927.0,13827.0,23.010525026211425,722.33964169773,0.4190024490050802,1.613383573173229
10135,17411.0,14036.0,35.12533763775066,254.25541584840886,1.21300203998798,-1.5952497574286868
10136,10709.0,6968.0,5.439425117649486,31.060540963223527,0.41445621179136083,-1.563317481382079
10137,1049.0,14511.0,86.15803124755135,486.96240903483283,1.7605595987311975,1.0750979983863422
10138,10026.0,7867.0,43.54519582151762,1163.7767117097505,1.2486563695491466,-1.5192114837375683
10139,25770.0,12516.0,37.11609506994407,637.7677785150252,0.42437533877384503,-1.557017976461435
10141,32851.0,6393.0,616.6030874796742,52593.43048675734,1.104223659340245,1.5431810116748106
10142,9552.0,14697.0,252.78639752605454,4326.398439429144,1.0463686991467736,-1.6097940279073868
10143,740.0,12858.0,52.41547486960651,2492.958422584283,0.25672451280777736,1.6533501310726264
10144,11895.0,15223.0,43.30416660119298,193.53942908454178,0.9227029853257745,-1.5672518030791645
10145,8434.0,14729.0,26.22295193769898,36.22001142211418,1.2448481880477607,-1.6295887007679866
10147,2880.0,10210.0,63781360.99790482,63781364.575338185,1.8143580298748523,2.3808165932273497
10148,14289.0,6362.0,65.70323309181997,899.1971650839785,1.2051695733188725,-1.431654054332762
10151,29163.0,13613.0,44.3591260962197,715.1574332062598,1.8317067364439426,-1.609737738560327
10152,13265.0,13935.0,15.495313200522858,25.741130743294857,1.1087836577306593,1.5582084560029077
10153,3405.0,4083.0,31.772219972806806,155.0641634237653,1.615487393571502,1.706351749154419
10154,13784.0,14153.0,15.6006579171828,221.49664908356166,0.4337083067942803,1.580662041254463
10155,33930.0,15198.0,63781360.913671374,63781360.91367139,1.6954669734714278,-0.058671907433890925
10156,49361.0,12914.0,1565.593170317922,1224612.4502272166,0.9874750514820765,1.5545362625935404
10159,16738.0,12173.0,23.231212757609494,51.38423991511787,0.9814459629703575,-1.5562003687558408
10160,2123.0,13107.0,181.30330524619862,411.2538873330618,0.9352562669378334,-2.5025024543091723
10161,9094.0,2938.0,365.0482446838942,100462.91166721159,1.0198947694129226,1.4998153803550094
10162,8182.0,9491.0,56.66381476758758,219.8435170333681,2.3060511008635043,1.518737997910417
10163,7745.0,15106.0,34.41367292134921,37.13123340296243,2.4079468324980398,1.6097758296492717
10164,13829.0,13515.0,18.37849522876018,58.84202805737358,0.38756668768175895,1.5730780962199864
10166,11682.0,12605.0,13.763752317071779,38.17725124118772,1.053984399549558,-1.5746308323797638
10168,32776.0,14986.0,63781360.91367135,63781360.91367136,2.2176740443123775,1.5408010553704214
10170,28005.0,10744.0,16.649868781800063,114.08088596741628,2.1419269134955976,1.5153096960163686
10172,3421.0,13719.0,44.86207843708101,93.10454167590547,1.0579904732207204,1.5841862512965037
10173,2323.0,14817.0,24.936663965119987,75.76321458841504,1.8389596090374152,1.396646172106115
10177,38615.0,6045.0,10.140982851449323,131.915631835056,0.9599865048734981,1.60524457453068
10179,35481.0,8118.0,1.6565127799647,18.13116712281869,2.211248035255201,1.6110662761391952
10180,24332.0,9532.0,37.47777211472322,163.2199504110337,0.960699616173511,-1.5705965385481924
10182,34051.0,1095.0,128.794210794013,27047.587212492686,1.090477090658455,-1.5749795243149032
10184,585.0,11154.0,254.518582505557,1935.6116142983153,1.1164918562290105,-1.9798591163007402
10185,12980.0,12915.0,1629.8355809337786,1212296.6246508574,0.9874750514820765,-1.5061678367510296
10191,17769.0,8338.0,13.579242934307212,323.93912428840645,0.9577635823089278,1.564752896717278
10192,24008.0,6838.0,44.20510683387449,997.5338788210479,0.40567719464901936,1.5570694499416515
10193,2613.0,14495.0,6.06845483075356,6.529113164006184,2.856223027855301,-2.4667781289832016
10194,43613.0,6353.0,4.103024947539828,28.70565774386416,1.0495559721423853,1.5332293769190861
10197,31462.0,3135.0,1063.1337814494075,38776.99616571463,1.4738404875686157,-1.6186402192444207
10198,6662.0,15194.0,141.67220845909944,976.9951308206956,0.9309062326579032,-1.773040021985525
10203,16651.0,14705.0,63781360.9136715,63781360.91367172,1.8444033205084782,-1.6633309032147097
10205,36135.0,9894.0,240.68688451022507,59738.94306983118,0.4119604087172807,1.5579634870187822
10206,14533.0,6277.0,62.30062000948445,149.25524683735762,1.302786114794296,1.5609794491749909
10207,10156.0,10572.0,7.450988831836547,638.8111195576219,1.8117218670148447,-1.6368283864000674
10208,586.0,14764.0,56.49097805676013,134.25011487236972,0.3874196102336887,-2.06674875421569
10210,19771.0,14422.0,25.357335087651723,87.64771646458482,0.9717458894590787,-1.5976503717420756
10211,29573.0,4835.0,68.21541895044498,4043.2272073581,0.38555865378238413,1.5722172802933414
10212,42355.0,14930.0,13623.363903591653,18279.31292368462,1.1227726932883093,-2.9480473580488096
10213,8701.0,13361.0,1861.3248229831147,21128.6536524445,1.2950932762497842,-1.5654595460814285
10215,14301.0,14270.0,26.11948384687751,180.36037746522322,0.4282957420930405,-1.5778228775425285
10216,12501.0,14704.0,64.54085046444115,2077.9066517029914,0.3983905018875595,1.607947355536545
10218,5628.0,14279.0,105.22272623855484,2627.2120565955966,0.4485614118982003,1.5310374871610883
10219,12475.0,5168.0,27.17893434902201,218.05179862641782,1.3016264075981234,1.575906941732523
10224,9758.0,679.0,74.92693739551453,122.67845541365612,1.2469178963554686,1.5421827019766172
10226,43254.0,3975.0,56.135701243329976,198.32666304205824,1.264960537626231,-1.5822203006415556
10227,47156.0,193.0,24.980037103198256,7732.730072410051,1.7336328859840298,1.5700745642155247
10229,50604.0,13290.0,263.96286684629155,391.5654333877193,1.296755308593841,3.1353850864766057
10230,21255.0,3947.0,63781360.91367361,63781361.20444613,1.7668950854967327,-1.605813101695105
10232,6993.0,14900.0,95.05047094552452,109.61475145573718,0.9407069101884954,-1.659955066119434
10234,5780.0,15065.0,29.344272619630033,100.30141732619282,0.399957396583907,1.538818385708185
10235,13683.0,14093.0,135.46514589214064,14366.613763665928,1.8855475312807841,1.558124949203943
10236,19539.0,6671.0,71.03759270451526,569.430838878409,1.2397532997720893,1.5880825235495852
10237,13179.0,13905.0,76.54276664188056,224.6187230610356,1.0978346371123633,1.579193838543539
10238,32410.0,12783.0,34.818818462545295,220.7292651967388,1.0154606299705728,1.5406024364033286
10241,14884.0,15039.0,4.751575876964246,6.881698615161002,1.2759349657503145,1.4188082795715276
10242,468.0,14880.0,25.947718418390505,91.57390185291626,0.9628877405936076,1.7984783613037854
10243,17620.0,15077.0,100.69264065608007,223.383242097231,0.9646390633445721,-1.4957415944012529
10248,27897.0,5536.0,8.344497366202763,35.86313820461755,2.4219442571563143,-1.5537824561799958
10249,691.0,13657.0,35.68164167736872,155.02441859076316,0.9480029013494131,-2.5757650401549745
10250,5370.0,14861.0,132.93497417791588,200.7614714481299,1.1671695128170547,-3.1351169213208805
10251,33634.0,1140.0,410.53529448110027,9714.01162367607,1.0114859506414862,-1.6144444459861076
10252,5034.0,15086.0,43.78845751610025,90.36028718001837,0.40811137843409956,-1.5118627993163654
10253,1569.0,14387.0,121.63423515731634,241.68905743060805,0.4067899389575574,1.691323752795136
10255,3519.0,14708.0,30.66660877760484,42.490266217997664,0.43652209293634825,1.5425209621840503
10256,47229.0,14750.0,51.03294211730092,84.24987644613807,1.080225588937243,-1.5843285766158752
10257,3908.0,12496.0,11.668921729347911,55.68044907087188,0.3888999588373299,-1.6005257167817213
10259,11234.0,15305.0,14.693809436821484,314.15829238963244,0.8837892304090728,1.5706098524840635
10260,6232.0,15045.0,4.502870829618109,7.097992224385706,1.2759349657503145,1.2548729782582617
10261,2154.0,14495.0,11.97317420237453,308.1231731787659,2.856223027855301,-2.344545510459275
10262,7191.0,14228.0,18.712299216941062,78.62717936752418,1.2968062554816926,-1.5759625146707523
10263,15808.0,3936.0,121.32586227605836,2773.7247900471143,1.114558913835145,1.491051037038633
10264,44382.0,10291.0,125.36459844242242,5243.629418686623,1.272075393097356,-1.5597230930450385
10267,61014.0,198.0,63781360.91367142,63781360.91368697,1.7362497559147712,1.5711676936714825
10268,13621.0,13330.0,82.10781300892778,218.68660662493045,1.7554923347465972,1.5529186020373762
10270,8669.0,15203.0,285.28111285048277,592.9136781205945,0.9477577473027198,1.6096417371897604
10272,4263.0,7947.0,78.20163220452872,82.4101716399249,1.2378027767452826,-3.0279160625346284
10273,5244.0,14452.0,15.08225384740003,72.88672875049605,1.096149950426624,-1.5702907505830994
10274,905.0,14924.0,81.80130216377859,334.03335034107397,0.4085373226592271,-1.0547309870454955
10275,33677.0,12966.0,26.20658512403441,715.0558588306345,0.4574134689822447,1.5674889700157397
10277,678.0,13053.0,19.63438658261243,90.49915432667055,1.4854274183199347,0.9408139407809176
10278,1363.0,14544.0,54.02718129049998,60.105179972534195,1.266708961114056,1.8368005806462704
10280,5131.0,10607.0,17.91770910283134,44.56776651848539,1.311094586181395,-1.5941897365792184
10281,4292.0,12768.0,9.335025470732027,74.88154398572023,1.0082673420659354,-1.3982329912186355
10282,56246.0,12431.0,234.50153556078956,7071.1293681166535,2.110231035100317,1.5481634321019782
10284,6356.0,14857.0,131.30412698790366,2293.0587123010314,0.4026631880322697,1.5384624170477719
10288,9032.0,13899.0,128.53328915241391,592.7314395587763,1.1159645909006224,-1.5715189241974705
10289,3321.0,1066.0,319.39226758983807,5039.573999294756,1.2285705630897632,1.4265152246315682
10290,17832.0,11274.0,821.4754399192619,15213.528692626192,0.4435398470560571,-1.5937836211087384
10292,44650.0,4364.0,51.810776203154575,215.3749105610105,0.9717663310378454,1.5474372044981228
10293,769.0,12697.0,12.255845257861003,24.436632693635364,1.2454401765020793,-1.431499480136015
10294,1461.0,15200.0,4.765684317244608,5.660662971966709,1.9204581963001401,-0.40168240008310185
10295,861.0,14986.0,58.562808896758746,168.1042168157601,0.40025428574871236,1.8416270296173667
10296,22283.0,10973.0,9.885020189925246,23.02771052728609,1.2798712019682807,-1.5677406953280457
10297,33810.0,2169.0,12.290299504323228,189.03412271858375,1.2710269176547555,-1.5862461929747091
10298,3284.0,13572.0,86.87528676948344,9551.829221401184,1.359467825150135,-1.4279721906058185
10299,20527.0,12592.0,74.01384856115205,1922.953646452755,0.8875153647864455,-1.5650117950367077
10300,1521.0,12394.0,104.94738656722623,250.96359290342176,0.42098590990086765,0.24921356799935465
10301,2880.0,13303.0,23.992233829188923,48.3815869247131,0.40703413172547015,1.5373681930003693
10302,27386.0,7460.0,44.075500172300295,5825.0427479142045,1.4095271954683084,-1.5478710928813715
10303,11282.0,14263.0,60.860716133125955,114.85696900286594,0.42334194274323833,-1.5462025585486276
10304,20430.0,14644.0,29.80679340528426,108.01341296370687,1.3056722220130794,-1.5666273938681288
10306,12550.0,12244.0,320.041090950271,5997.695155145049,1.1016168825234567,1.4408047773969284
10307,45507.0,14523.0,26.1081966366983,275.04729211140824,1.0893708714396722,-1.589457986089038
10308,306.0,4515.0,30.97749827731752,504.998729099488,1.0835403811817148,1.1919220242466795
10310,43806.0,4546.0,63781360.91367384,63781360.984786674,1.0712763407037498,-1.54954618577542
10311,3336.0,16409.0,41790.55769248914,96612.09336502891,1.0291087079563126,1.5979398910183544
10312,18127.0,12492.0,5.038110741295815,15.138810020152071,2.4678417412736673,1.5679143702887899
10315,14878.0,14788.0,105.50045374599249,130.22655351820478,1.3916168105991615,-0.11829033589074647
10316,3125.0,2854.0,13.245261309307406,89.65582164182202,1.460006365578652,1.5717037039035728
10318,26414.0,15263.0,138.0716265369729,358.92533089416474,0.8940367724379448,-1.559226475322627
10319,939.0,14782.0,209.49400209658168,410.41908950468354,0.3957540021849407,-1.6216323525703735
10321,3182.0,15056.0,20.24232681741317,34.08797259294891,0.4255145689412145,-1.5621269434668754
10322,19459.0,11408.0,36.18535263271385,671.4130146137052,1.3656587677004255,1.5758681771408023
10323,964.0,1586.0,22.627569266987567,304.44652643649283,0.5327353259552038,1.6675530088459292
10324,2677.0,12831.0,8.713108289859477,20.640295583298958,1.0848385615351726,1.6865753373623635
10326,15979.0,8998.0,11.274011564102763,1464.9157763933854,1.579265604580299,-1.6715231501891223
10327,11947.0,4928.0,436.1554585326295,38016.31059148909,1.1077913495509288,-1.437117298065641
10328,595.0,275.0,15.130325078505283,103.04017726506147,1.3877913722231257,-1.6761383052855965
10330,56772.0,10812.0,4.7432837502049034,20.37139174178434,1.646137701374287,-1.5636104757776172
10331,19483.0,10012.0,78.97026950107066,661.3238864257053,1.8170110766787702,1.588357060300427
10333,19267.0,3059.0,48.39437883342399,489.8702992456601,1.0887228919858356,1.5911646136205706
10334,13580.0,15037.0,2.950509734465473,3.2170899516247013,2.2176740443123775,1.5598001962329724
10335,11376.0,14155.0,61.60314543094971,440.943868706423,0.41594163625087993,1.5433714190690793
10337,4833.0,13238.0,31.751283703188076,94.81865584190153,1.2231256243263113,-1.5633582509329937
10338,24583.0,9281.0,9.915140787448658,70.16485967163099,1.0990881992625217,1.577731819527619
10339,5429.0,10885.0,38.80284948020973,85.37068145189367,1.0595955604086966,1.583564568841967
10342,19269.0,13863.0,79.00635411157374,2912.204055126083,0.41480344377824696,-1.5693642149653793
10346,15118.0,10766.0,2.8581259531594725,20.16310420661053,1.2389563786187434,1.6034202812624798
10347,23224.0,3078.0,37.331815308740694,291.94022366754103,1.0886902770191915,-1.59023165294595
10348,20552.0,3137.0,176.02184703635768,15805.42949217284,0.44128582108599623,-1.5792328231338078
10349,51993.0,10960.0,56.546162758247526,751.3939994078463,1.2870609967776356,1.5609622088970314
10350,20528.0,14332.0,23.235607928451753,87.91332208333834,1.6187933878476652,-1.5730838648055863
10351,4552.0,4794.0,18.234287506184515,163.73920365502082,1.3078477925808962,1.5722848399292562
10352,8450.0,11074.0,486.7733010229396,1400.5701123013653,1.2238108193852644,-1.5398427674059068
10353,8345.0,14950.0,36.976207254934714,100.29384867465522,1.2783169707997177,-1.561478499683155
10354,11445.0,2786.0,261.0891041657801,610331.373069232,0.9118162923053762,-1.5256774674283953
10355,6351.0,8265.0,189.42058504223675,1051.8606422886683,1.3341193090471442,1.477469110011124
10356,19947.0,10615.0,63781360.91367154,63781360.914600216,1.7685224180924148,1.5657403347902912
10357,20046.0,10643.0,7.286155489516535,24.754271508697453,0.41688847571710275,1.5734086609364955
10360,288.0,14372.0,15.61321347430792,34.91068535216081,1.3108531349243868,1.502979357761751
10361,35101.0,11790.0,2.2281659535366924,16.549936850214127,2.9592064722932014,-1.6048256654470203
10362,46939.0,15205.0,63781363.000000045,63781363.00000005,1.6044024141576885,-1.5646111598923176
10363,5611.0,12384.0,30.39167481897983,874.1102532386213,0.41674827865283737,1.606479750508793
10364,548.0,9561.0,11.310701142260259,200.0740013102104,0.3943121747489732,-1.888516628405669
10366,7272.0,12497.0,80.04878247728837,1684.9237092779226,1.317674482975548,-1.577136837027958
10367,5181.0,12668.0,10.832045325156953,31.111080798475903,1.0005626569423034,-1.5684742788349118
10369,1071.0,14334.0,120.51515567885423,2312.5561145300812,0.41232001457577644,-2.2128820893864694
10371,973.0,15081.0,53.126584874257745,144.7745711300498,0.3807280000996357,-1.9534876881392182
10372,23745.0,15203.0,60.63097859169426,337.7905343918968,0.8818000893586113,-1.5554772763524911
10373,28414.0,7812.0,49.38394722781885,3564.0710594352126,0.4084724367749397,1.5780541565583512
10374,19377.0,11285.0,64.88547535522486,2779.170071061172,0.969355840233788,1.5318520436661038
10375,17644.0,10872.0,20.779420516108264,117.59008257583262,0.9683901990043019,-1.5919547735635338
10378,674.0,13975.0,7.145680952819352,14.024721043193004,2.649316418473134,1.546632784002568
10379,42712.0,4082.0,12.122295938782141,120.05962451905616,1.0634926189675664,1.582801256276296
10381,5436.0,12634.0,34.96911550536421,298.7937895282785,0.4336251607483132,-1.6271376380186167
10382,9184.0,10742.0,15.331447322426088,96.61851347647237,1.5462507661305898,1.55958001607068
10384,2355.0,12601.0,18.018839512092704,343.9980108492886,1.0824499440604622,-1.5515831639667101
10386,47678.0,6372.0,134.26105576050813,17608.263518190317,0.9651001762615858,-1.5703482022108548
10387,45487.0,14408.0,1142.1210042163368,9468.118275404642,0.9618868776880635,1.5381362021610934
10388,33860.0,7311.0,23.20541782341705,140.83649385471475,1.0950782802035715,-1.572666311348872
10391,5165.0,1054.0,130.63462912177698,470.12095608444065,1.3152989251935978,-1.4962913697453768
10392,22793.0,12698.0,55.91009749994609,96.88242606504375,0.9623539320299898,-1.5341892167807825
10394,34782.0,14970.0,63781360.91367135,63781360.91367137,2.2176881135501327,1.5443018600100253
10398,14762.0,10537.0,15.376365125381108,116.4912738139311,1.2993080066048261,-1.5696197596427097
10401,21709.0,3727.0,92.43394355470585,18950.07324457615,0.4315095736642438,1.568095272819795
10402,5112.0,13810.0,592.6543217018099,2680.672367896712,1.3358672181608202,-1.5181570064628394
10408,9798.0,14526.0,59.286657365228514,861.0388061046995,1.2356972372967194,-1.5596788159652022
10410,48506.0,194.0,6.882313747009815,122.1858849578279,1.7342210097777397,1.5704224844370613
10413,21471.0,4904.0,173.54791953798176,9122.371560075357,1.0099545382552673,1.5616065654445532
10415,44008.0,7893.0,168.72527145986427,38747.56141962744,0.9446914044789791,-1.5393423018715124
10417,8684.0,10507.0,5.168510298975417,38.771496920702425,1.8085049593855291,-1.653487838916836
10418,20409.0,15198.0,63781360.913671374,63781360.9136714,1.6954669734714278,-3.043603593859944
10420,17846.0,15067.0,5.455517881335417,8.848279420561648,1.0499331492661697,-1.545806545126292
10421,1825.0,5497.0,19.754430384572988,74.98746342793099,1.4518047737428523,-1.923262714303945
10424,43328.0,7887.0,63781363.00118675,63781376.86607715,0.9310496935251913,1.6069190287405133
10425,7088.0,14550.0,103.35432709810314,122.29519988058061,1.5319769722890793,1.5966324278433321
10426,11147.0,14887.0,54.33570878020502,507.81246034313284,0.9574052343996893,-1.5458632309322773
10427,1141.0,15154.0,1013.2161350411362,1251.5312516238316,0.32838967542457465,0.8645367267998348
10429,21329.0,13167.0,301.93827269189825,1057.4810235830096,1.0250497229869755,1.503359629815016
10430,10202.0,7680.0,31.294934938578066,390.7942373670148,0.41664850913976964,1.623293502367153
10432,4224.0,15094.0,14.519385108929976,21.927731335153815,2.5955024210441455,-1.4925815756657355
10433,20076.0,3499.0,22.71921292348202,186.2014288235966,1.4065850666876867,1.5438005008042113
10434,3931.0,6779.0,11.909903759598091,44.909926092889734,0.9883276299935702,1.586061994135052
10436,47396.0,15146.0,256.76173404510985,10490.454843382886,0.9266113184757307,1.546829288084404
10437,24790.0,12360.0,33.11580504981495,3133.4081500921857,0.42561989390155275,1.5862009637390202
10438,7725.0,12279.0,131.80596581883935,225.54530098074147,1.238207599774298,-0.06355764395665689
10439,32275.0,7632.0,199.9480555307105,2069.150192811189,0.9309797869774928,-1.592585273412359
10440,15998.0,3150.0,425.40703986626227,2522.1434689271146,1.2522450492011876,-1.5790559559522528
10442,12019.0,13943.0,53.03784670165195,507.65307699985976,0.43132136619159767,1.5294465284340057
10443,11953.0,14988.0,23.343235598542368,28.16359907734392,0.41222876702250216,1.5847112934763352
10444,44635.0,14840.0,113.18214673393271,186.834767754251,1.4723200324850452,-1.57601095268764
10445,7727.0,14590.0,42.98668539695246,398.1314370325306,1.0621933854358807,-1.6227550440704688
10447,38001.0,12950.0,40.34565765851362,225.72253914079988,1.2680482265775754,-1.5780194923013915
10448,61796.0,199.0,63781360.91367143,63781360.91373214,1.7362497559147712,-1.5710418110720954
10450,11085.0,11916.0,222.80191529655283,1677.9377276935877,1.3089879822992816,1.5578947260089693
10451,28698.0,14811.0,2326.0380558304605,7035.371866013585,1.1208301717376572,-1.6580551941407191
10452,5632.0,3850.0,20.010882707167735,176.87203133410597,1.085359744020962,-1.6101300228096025
10454,31510.0,13212.0,294.45177488041156,19210.13332080723,0.43252797249315533,1.5792514221879663
10456,8683.0,14899.0,1507.381104092574,1884.068343509788,0.42280382338067585,-1.5994107016579435
10457,3528.0,14881.0,93.10451344521636,167.26928326675196,1.106718372826884,1.4358148354173461
10460,10558.0,15030.0,8.448279938878898,16.35130400620694,0.42904993768593647,0.010634054020554317
10461,1568.0,4818.0,11.632172037839116,29.02737863644244,1.566293693591725,-1.707454431266966
10462,12638.0,6741.0,167.35828844198232,301.99263363055564,1.1161095332288897,1.5349716626464232
10463,11735.0,3771.0,26.986298563981435,527.6563033132478,1.2306102309353275,-1.5649794013897005
10464,47068.0,12898.0,63781363.000000134,63781363.000004776,1.0614331826118257,1.575443533078398
10466,13641.0,8512.0,58.80204710135753,205.22618254582184,0.42172708790934144,1.536740945110539
10468,1632.0,13383.0,7.742498843415309,38.45431383773778,1.116097171926983,-1.6651482438589034
10469,13445.0,12546.0,5.5802466039650875,28.18410849134487,1.058306972380644,1.5429920976716103
10471,7117.0,13955.0,17.840832018435307,65.71055702912838,1.3011417144588213,1.5653425238987961
10473,42097.0,2487.0,296.14315338382085,27646.041223376804,0.9703295790852517,-1.5465268828386067
10474,46943.0,10829.0,2.56170073211656,8.236953739362265,1.2389563786187434,-1.5989406767082135
10475,3180.0,14773.0,18.268912726665704,58.43076335649959,1.283747825958441,1.609654488485716
10476,14471.0,3348.0,15.820131961596497,64.29791847304386,1.1976706820938252,1.5575485996097669
10477,11658.0,692.0,24.781202841511362,4251.378119234607,1.027226800446235,-1.5724677237558757
10478,3145.0,13808.0,22.450323373351296,130.4519709395988,0.3791937757568755,-1.6032038711276486
10479,18716.0,8899.0,37.06831416593306,277.581278150722,0.9830085506273897,1.5708830956109539
10480,59249.0,198.0,20.973262047703862,8052.6732153076555,1.7395349912180516,-1.5703512143521676
10481,16715.0,15058.0,28.276391251654104,46.6408352047789,1.2759349657503145,-1.4599674987072693
10482,16858.0,11249.0,314.74411250647876,1376.1371127269945,0.9417183964780736,-1.5981914440320077
10483,20482.0,11459.0,9.946665834923653,52.37485247685359,1.3134470496653352,-1.5624955862098364
10484,8996.0,14825.0,45.2783334070031,48.79486454013543,1.277073542258449,0.02273228261275434
10487,43648.0,192.0,5.831378680222983,62.902619248662106,1.7336328859840298,1.5711045104912116
10490,19575.0,8029.0,1.6343955796237803,10.27270941792681,2.211248035255201,1.5523685643417615
10492,21688.0,3449.0,421.1746552872137,5854.837063541985,0.9708050854593304,1.6569438978291067
10494,277.0,11869.0,10.756500846641186,23.712434078391766,0.4868154364093392,-1.320845728468492
10496,28142.0,2996.0,100.3215960382652,8845.080473592006,0.4295854854283222,1.5732875388853385
10497,7181.0,14746.0,112.6958910407349,113.41044517618577,0.39950939774727207,-0.6014181374017927
10500,21542.0,9503.0,23.01450026439756,360.35640244814056,1.3027769782094452,1.575633618436453
10501,18387.0,12914.0,3.9736155533033495,7.202019200425704,1.6232038449229358,1.575095252030068
10502,46963.0,15207.0,6.215002435523145,7.184874078776275,1.6931280516007214,-3.124237586952963
10505,10160.0,10748.0,8.374499096099392,81.63316715362129,0.9716852685333115,-1.6023234023738298
10506,4254.0,14136.0,17.912802022583264,36.53886679132441,1.1098371918734153,1.748053605483803
10507,20876.0,15049.0,56.64620312812062,542.6827861509122,0.9670566006066273,-1.5590111591168556
10510,206.0,14885.0,92.28770942882682,352.0899513886751,1.0911493926169666,2.766936561760578
10511,23869.0,7645.0,67.48259127737401,490.368706933967,1.1227531552205996,-1.5622954877236193
10512,3314.0,2186.0,3.1637363932278015,11.101504826621284,1.2007288278489319,1.5602810278258865
10513,20729.0,14279.0,21.43377050976201,85.5541547454768,1.044551115184779,-1.5677114226841067
10514,13420.0,1044.0,108.18470713974013,5820.482359701559,0.40102209214263856,1.5825620259589903
10515,23009.0,3556.0,52.77920711961291,715.0494232420341,1.1048642396423611,-1.5615717143128693
10517,26932.0,10687.0,63781360.91367147,63781360.913847886,1.7685224180924148,-1.5568474819644251
10518,28421.0,15007.0,3.6241883373797092,4.509432593672887,2.2176740443123775,1.5627972007410236
10519,355.0,14655.0,22.712558452230038,94.50923322014653,1.2240583548962698,1.3405907260704657
10521,729.0,14037.0,89.66971934925787,1502.1213215377188,0.3559015434563683,0.8898660436659187
10522,5466.0,11695.0,646.1508890672974,15323.367787605252,1.7531963356064237,-1.5473500413566994
10523,7557.0,15204.0,63781360.91367161,63781360.913671784,1.8345749519476047,-1.7075323307128942
10524,51239.0,14886.0,319.2151256676938,20408.750447566523,0.9182321536580739,-1.56082458637861
10527,13081.0,12589.0,76.75146102400409,746.8436074492209,1.2768633495264012,-1.5259204557772124
10528,27490.0,15199.0,4.637147375870054,5.366540717311853,1.9204581963001401,-3.1220068914208423
10529,28527.0,7528.0,18.009338191393212,127.50082838786317,1.0804160895912538,-1.5573038752536086
10530,9543.0,7147.0,501.4482143816018,91598.24035843162,0.989799065922324,1.6639175954212906
10531,3017.0,14840.0,86.86665256719269,143.27547686602412,1.3082279085123036,1.5233177193712752
10532,1397.0,15090.0,7.049344061777438,9.852706603741721,1.0549131381523407,1.5284890620385176
10534,8975.0,13757.0,23.785468453614317,183.6694812815423,1.2447045532818939,1.5658279201281797
10535,53174.0,14576.0,94.53524460121089,106.40222683035647,0.9794780558647364,1.577508784977629
10536,44004.0,193.0,7.133774553577172,245.38594728580512,1.7340000719230995,-1.5709747681766157
10537,575.0,5424.0,13.776601097247605,67.5432852518607,1.3843020641275992,-1.7824521267297293
10538,29222.0,13872.0,79.68283827084187,2972.2088066235124,0.41480344377824696,-1.5674913358105507
10539,11402.0,2794.0,68.23727627274832,2002.1127807835148,1.3258921258132246,-1.561679833972713
10541,19183.0,7262.0,6.333390517236987,36.907019569997736,1.0989414631665615,1.587007518236603
10542,1501.0,15051.0,232.11597224724872,703.2089477079111,0.406249196089622,1.7301177962822996
10543,10287.0,2846.0,25.106022141783125,62.6022428068943,2.3373778773598475,-1.5959621443588337
10544,3804.0,14796.0,49.239147119733495,54.84927478720175,0.41931885262169577,0.11230697205162192
10546,2044.0,13636.0,20.015842284628516,91.46741456154616,1.2911671298091292,1.5479740228479986
10547,29533.0,4994.0,59.71432018719855,7990.870444321922,0.3901259970622137,1.5637700468643139
10548,4526.0,14932.0,58.8311180639537,1407.4223403946562,1.0787318615151773,-1.5281151629569927
10549,942.0,14240.0,166.73074953582744,1351.0268836133632,0.37772059457843227,1.1158413109914498
10551,30537.0,4810.0,17.263758085831817,154.66999238187495,1.0709004517517053,1.5799929233051857
10552,42874.0,1031.0,89.60078438952299,12006.356886212698,1.0236429913204546,1.5677849764748748
10553,19718.0,13789.0,25.64281984801683,58.699548711313966,1.7037143249492335,-1.5779292143260817
10554,41421.0,6393.0,57.55436741390772,4911.639752140293,1.8036365904382339,-1.5801432290282307
10555,16332.0,13899.0,25.48055076876411,44.80394504030952,1.113988574775573,1.5780898030376926
10558,7214.0,3040.0,7.201157013494842,25.531817781481678,1.5823142078612602,-1.5680049031859637
10559,25566.0,1203.0,63781363.00026417,63781370.55299208,0.42382540073289454,-1.5834433693503365
10560,10692.0,14208.0,103.2799005903391,1367.1134974067434,1.099437953359122,-1.5746905503215858
10561,16789.0,15208.0,4.648622836642949,6.28355960407319,2.208101841751349,-0.1171068503266706
10562,3270.0,14090.0,81.25277877589791,468.80995340156466,1.0952431521142665,-1.6978743054132568
10563,5116.0,13723.0,35.80478894575715,1143.6266412978914,0.9591458276247538,-1.5700013074826522
10564,33906.0,11938.0,30.70780017751459,5930.0141175053595,0.39993585544651833,-1.5696031589519444
10566,1326.0,14816.0,68.61529616830991,122.8174640136812,0.9488828548702539,1.9609670090331044
10569,1483.0,12048.0,243.2589605634122,471.49051698672554,1.3540522071982894,0.026009928428715495
10570,2994.0,12653.0,44.57084531134421,370.39754688061413,1.298300260869812,1.5930877254046036
10571,3078.0,14724.0,25.101217459075425,48.662432724031355,1.287593381698595,1.6061156255655356
10572,20342.0,13053.0,130.414955809553,4236.787295897671,0.3898212831492461,1.5461114118021866
10573,2446.0,10758.0,2.7888631716788446,10.54059915686124,1.2389563786187434,-2.0463440250855416
10574,14582.0,14370.0,5.9866252182415,8.726928055641727,1.363128032842127,1.5465276116025752
10575,965.0,14206.0,7.398063430620162,142.15144226045294,0.9152747400671872,-1.6280519665008941
10576,18106.0,5654.0,17.521713983092102,94.48165785405607,0.43292281527825116,1.5722526722755994
10577,16148.0,6088.0,187.83697081355095,14236.843885454291,1.0965196343290087,-1.54383719196132
10578,26413.0,4577.0,7.142276517246649,79.99888694384131,1.050882913644173,1.5156139147188872
10579,47290.0,15025.0,253.53104616936892,22077.62212738505,0.9771297151391107,-1.5553537552526167
10580,13083.0,5751.0,63781363.00000012,63781363.000000924,1.4002965711850963,-1.5373278205351846
10584,21621.0,14201.0,488.13273989036196,568.8815127178281,0.9655621123286773,-3.107880567197141
10586,17666.0,5204.0,37.98493370821262,98.48749851791419,1.108632491016095,-1.562575547508025
10587,20891.0,9416.0,105.50819729517586,518.756200010955,1.425548739673656,-1.5869884892701178
10588,20299.0,14421.0,1060.6240536204946,16235.58179446713,0.4237342882220844,1.5805420198032323
10589,44207.0,14667.0,140.0850702841419,1273.0409545435448,1.0604534490433446,-1.5267369778436426
10592,52237.0,196.0,4.915719650259264,149.4094196990902,1.7407562824327738,-1.5707587534885192
10593,10259.0,11780.0,140.48034227091696,1076.3738899625457,1.2577221615920506,-1.5466509996574775
10594,664.0,14855.0,21.5432091821728,102.70354600574862,1.3301293307917499,-2.051065437459664
10596,47696.0,13930.0,15.464297025968081,25.17043910171418,1.1087836577306593,1.5669154370094849
10598,699.0,14388.0,43.77464640998338,1159.7270883460071,0.3883933609102796,-1.4577734626751688
10599,2247.0,14059.0,23.429766016722496,49.81212571106392,0.4150572780922221,1.781331400870281
10600,21117.0,5362.0,44.66008108976448,1793.868608269987,1.0852844097997791,1.5781069453180105
10601,34707.0,13900.0,55.03313904019218,2320.045961723142,1.102008048887884,-1.583387686933676
10602,10860.0,8110.0,24.37068145279896,396.6405669330859,1.2885856576058938,-1.5522189256541268
10604,937.0,8487.0,76.38139498318502,10199.389060853038,0.3158497247446033,1.6070509858437556
10605,23954.0,12760.0,15.84110485169252,25.030977422361417,0.9605059207265796,1.564343717289318
10606,23401.0,13018.0,17.1874533397254,65.03405686148844,1.2904840811631324,1.5737360515220573
10608,5624.0,14918.0,46.08102602610328,63.49937678297327,0.9913771435831678,1.629380783754399
10609,42680.0,192.0,24.53875625088299,5135.270667803823,1.7353817713345605,1.5717524793945363
10610,11266.0,4795.0,79.20090729811109,486.99205902178886,1.0764161473525418,-1.6382766411994678
10611,48522.0,194.0,7.199947197814067,169.88302963191467,1.7342210097777397,1.5712172585139885
10612,35317.0,13648.0,54.390093495124624,1063.8980399065354,1.8317067364439426,-1.60345762571458
10613,7022.0,6449.0,10.035186923876081,51.15705094376538,1.3104013001000976,1.561996382950835
10615,60221.0,12115.0,247.64789610340316,43565.96324989258,1.2399939197647565,-1.5854078891383656
10616,4646.0,14769.0,9.591993737651283,13.046820702545762,0.46284491988781074,-1.5697786987073936
10618,3566.0,3836.0,773.2579856791374,294172.89274007047,0.9345508065194195,1.5885189455231978
10619,27646.0,14284.0,211.27258245251463,319.5028103891884,0.974055857396814,-1.575277903642216
10620,37380.0,12282.0,11.18312780280422,59.710461979096245,1.0405569251448146,1.5756972113304564
10623,5403.0,2905.0,39.150924401357,60.84390462083854,1.1972307648886675,1.6119968343817361
10624,24482.0,10664.0,205.30667140924467,8251.322214651369,0.9752245225652503,-1.5771281457634192
10625,2671.0,14636.0,47.04791014573648,69.77357514279991,0.9779029114222457,1.6010596451800885
10628,762.0,14709.0,430.9388170068093,4846.340272942882,1.8017319828850882,0.7342379619284027
10629,10377.0,13952.0,121.9405372465409,3183.578516832523,1.3166448837334974,-1.5780162150874755
10631,23160.0,11528.0,14.472036449823605,47.667943476491054,1.4462249336071105,1.5909902872027475
10632,2025.0,5248.0,40.942012536013486,298.5999952861428,1.3076225714141023,-1.7319321369431797
10635,25937.0,6896.0,22.63577677449892,114.75644432815666,1.0991241873231297,1.5707357640616937
10637,23020.0,2140.0,146.6644932689544,26015.35097662914,1.3854545611034177,1.5489551269679478
10641,21051.0,3441.0,29.925021996401167,299.4345353342173,0.9378633137074948,1.526555069937529
10642,31634.0,9175.0,115.75529320128936,6020.96420797195,0.4208717021695085,-1.5557573177031232
10644,4038.0,7201.0,51.97702959889035,1657.8526892300254,1.3567788764796889,-1.6491074953633664
10645,32385.0,11297.0,76.2769498700649,2168.226793124021,0.40561093405689336,-1.569856048484918
10647,15116.0,12238.0,29.14679080055354,100.38526548538445,1.2085668580532656,-1.5486539862129929
10648,16554.0,13244.0,19.880039056185343,42.66707545765223,0.43413238401138476,1.5706085811388228
10649,10491.0,15066.0,45.94609020660922,78.18326862118818,0.39427005658851716,-1.5774158128896862
10650,28938.0,15005.0,3.5427380905875943,4.1989613718769006,2.2176740443123775,1.551984955200374
10652,41891.0,228.0,28.267586158604693,165.62561432365382,1.0833133042855108,-1.5663569268428876
10653,33235.0,12881.0,69.9641324882216,15354.454542619222,0.4177877606614545,-1.5696142241899167
10654,8550.0,2314.0,9.397745476376992,89.5847146858996,2.144962560712436,-1.5705230512401802
10657,1751.0,7906.0,85.5759704086733,491.9177543334959,0.9445151812587784,-0.7448310702474323
10658,18530.0,14649.0,29.942905395351524,112.52409676997539,1.3056722220130794,-1.5775278357487066
10659,51240.0,10664.0,3.229938062320985,22.562112396375376,1.2394112690615444,-1.5777525899794558
10660,14166.0,10172.0,23.90736879704242,490.1280624780359,2.2498259326273113,1.5721324788560656
10661,16900.0,12393.0,60.44760182533333,8675.732151767961,0.41299483690548444,1.5488887571127654
10664,30217.0,4948.0,227.9511825068188,27681.870355570303,0.9024399634168497,-1.5586774061513133
10665,7659.0,5745.0,16.640092536705474,85.31947281485553,1.0733043496851005,-1.5827743700258443
10667,15361.0,13012.0,602.636065634601,32073.265819485878,0.42128826796056207,-1.5977006835444245
10668,49259.0,15212.0,5.93782635559349,6.801665086330608,2.208101841751349,-3.0686492057563797
10669,2127.0,14958.0,481.2155278224672,792.165903088461,0.9285009578595711,0.7558193368656605
10670,831.0,11016.0,5.616553349079727,21.437351314043983,0.4448938495070904,-1.5846460626867422
10672,2776.0,14894.0,38.99416846630119,822.9467193593612,0.4248515681081495,1.6021773073142707
10674,46000.0,9063.0,416.40909032602616,1249.8044405841536,1.2952527494938035,-1.5924873184996289
10678,9886.0,14015.0,728.1467311300747,2617.5280786922026,1.2936660916574574,1.5204067071746903
10679,1385.0,10530.0,82.39387923776076,4800.67719829226,0.4254864802901157,-1.465190030929998
10680,19010.0,8474.0,581.7093041193923,3824.4077817279317,0.949689063770957,1.5686937079969676
10682,3156.0,14726.0,456.3663633545865,14886.578480398668,1.0224654153969337,-1.2369808010010375
10683,20134.0,6009.0,29.796838924396077,276.508346038407,2.2935683821891506,1.5748232190037073
10684,10308.0,13985.0,21.634378303277554,283.98434996220794,0.9666720186278006,1.5365764169536864
10685,33575.0,8465.0,214.9158803963224,2514.126410287519,0.4057513841463818,1.5546704249914332
10688,24403.0,8446.0,56.9631416836746,482.9279926140142,0.42235683656469303,1.5563934506995458
10690,2679.0,9480.0,9.102291076687239,41.461414050919515,1.1610234486781266,-1.6517615862055621
10691,3591.0,14432.0,11.981747626174217,48.29100497528072,1.2691159606898266,1.6268429803585274
10692,623.0,14582.0,366.8529098363381,823.0232309418097,0.38776061397434375,0.9187538218799085
10693,6785.0,3310.0,148.34492588829886,8799.207435190585,1.301996319732696,-1.5381819527567275
10694,26495.0,14011.0,35.6588568060191,74.36544274692672,0.9626775090677969,-1.5409589194163245
10695,12544.0,11748.0,17.31643944239825,1413.7902930036191,1.2235067845148229,1.5435076338392668
10696,2762.0,10105.0,6.3792371672136605,19.921892431768832,2.635120483950387,-1.5922832904034143
10697,39858.0,4045.0,3.3822365832131647,17.030126883540646,1.0421326271074567,1.5388385045108424
10698,47156.0,193.0,24.980037098067097,7732.780534390871,1.7336328859840298,1.5715198800051475
10699,4851.0,12315.0,3.008904435966124,16.398863166431827,1.0635418903576488,-1.6853798276718523
10700,13631.0,10309.0,9.98218594636363,145.09780298657418,1.1158264938182543,1.585477369453797
10701,4447.0,3657.0,11.268342265108013,78.33344017309697,0.3830199413228176,1.5498698858753166
10702,61462.0,199.0,63781360.91367141,63781360.91369962,1.7362497559147712,-1.5707024852270772
10703,7893.0,3102.0,19.197799131993364,174.21726007161922,1.0743138776976213,1.628874573494038
10704,7331.0,15172.0,4.799800629811879,4.850800916008009,1.0854453911465844,-2.2630317120916237
10705,46788.0,193.0,20.9079373422213,5275.464422353305,1.7336328859840298,1.5714624007342133
10706,18121.0,11946.0,4349.953820347888,23846.772076181915,3.3038047625236695,-1.4787167635817344
10707,52237.0,196.0,4.9157191987771665,149.40939475118012,1.7407562824327738,-1.5708544056383924
10708,4238.0,12396.0,7.032473970261488,20.721667960623044,0.4341935667874609,1.5468571199496999
10709,22221.0,14970.0,146.1948803018513,318.65513803339576,0.9662135493670484,3.129422778307279
10710,43538.0,192.0,5.463170063412448,76.88707761049076,1.7336328859840298,1.571140692329245
10713,20156.0,10675.0,4.811684882922091,16.566191679762905,1.646137701374287,-1.5765547214528366
10714,957.0,14503.0,19.685693298322846,84.03066428765015,1.1064941465785758,1.6461508469827253
10718,8567.0,7350.0,18.31598500154417,144.10977559982987,1.239837055300856,1.5821930767618062
10719,29748.0,11500.0,44.58051994837746,285.5312274468765,1.3116174822766917,-1.5156711507481755
10722,1714.0,10823.0,4.02890649146028,20.62799919699654,3.3096343720590564,1.6280222999577023
10723,1770.0,14685.0,29.146909631362497,40.59490515070438,1.2384161526001525,-1.5294514489884337
10724,4431.0,2478.0,14.501823837384958,61.56599394269307,1.3429434797960962,-1.7030869651401768
10725,2377.0,15028.0,30.67525557049673,186.14627100495116,0.38725431463215665,1.7305641391884958
10727,12526.0,10804.0,29.169201885309498,328.1826108929844,1.1162007546280126,1.5507037499971925
10730,9466.0,662.0,11.738531436535759,41.55313372605576,0.4274576755864637,1.6090578312709283
10731,5015.0,14138.0,168.26870724669737,24484.290859416145,1.956728470188546,1.8958518168891447
10732,48589.0,194.0,7.571043499183962,231.79498506043555,1.7342210097777397,1.5711489531333582
10734,49860.0,14287.0,44.737117806087575,136.8672740190935,1.436109005661009,-1.5712677959121217
10735,9055.0,14735.0,34.506558571492555,48.98320135534416,1.031335656824457,-1.651256643692723
10737,3192.0,1326.0,14.523921615056985,140.50592889972665,0.42840852518635686,1.5502818871751838
10738,10946.0,15092.0,70.40218227182518,290.15884086963086,0.8995925770754469,-1.6304738072324292
10739,4896.0,9487.0,64.29727131822597,205.3482506151226,1.4011443121883493,-1.5290721280326185
10741,23604.0,7575.0,16.15134720711961,60.84435879149226,1.8172039387726768,1.5665925565212664
10742,48882.0,14539.0,198.20350112963422,8985.330745268007,1.1265107935089291,1.5618830259771852
10743,2782.0,6254.0,7.562960141796956,67.34237852349209,1.0513505127273817,-1.508572332197667
10744,1730.0,10980.0,24961.225248493378,4015227.622756789,0.9009361922648951,-1.4384244125230388
10745,46060.0,13540.0,12.648699281395759,40.223254956677806,2.6725360336960953,-1.5618348490539016
10746,32944.0,11454.0,86.3087399373062,1233.9350125234926,1.538246759071709,1.5108273663128586
10747,43602.0,192.0,7.475195867200237,184.09045390016874,1.7353817713345605,1.5702295049790855
10748,3185.0,7609.0,38.85567497212643,412.4099680149778,2.0442297550591464,-2.087332682547067
10752,2969.0,1102.0,73.62577893690852,360.6889650554962,1.1112143485658925,-1.4752662728721355
10753,694.0,14832.0,63781360.91367159,63781360.91367832,1.3822423259674606,1.7365069223847491
10755,3731.0,14867.0,19.77176572356149,142.48083880927393,1.010881961595618,-1.48317635852342
10756,45453.0,15188.0,63781360.913671575,63781360.9136716,1.8345749519476047,-3.1237450516864254
10757,1431.0,11690.0,44.16165909416681,121.86173614106764,1.1083761607072447,-1.4852078857561735
10758,5461.0,12853.0,5.999522009612508,10.280708702973167,1.5271526802734694,1.593198242323331
10759,20423.0,15024.0,3.9277994220861054,4.342964997525733,2.2176740443123775,1.5136853857391719
10760,675.0,14865.0,26.345230949416763,118.98071162264101,1.2293758710791811,1.3177012736359464
10761,461.0,7778.0,19.393250864369026,144.6428661058674,0.4177194624145522,-0.28226308318423315
10762,16004.0,15123.0,35.760537639218136,51.15419441427882,0.9029218872969982,-1.555955715718468
10764,423.0,11592.0,9.196317318422304,35.705608360095454,1.0013383684596744,1.560579979918987
10765,57476.0,198.0,8.24678359188129,1757.5257220815633,1.7338156410824932,-1.571370929695631
10766,21717.0,14952.0,128.54161850255792,426.5834609115569,0.4154252013923164,-0.019217176823992405
10767,1937.0,2434.0,4.421870154031698,27.7608174287777,1.3552003529409027,2.767223407034346
10768,40052.0,14722.0,2490.524053227779,240212.31828623358,0.9360772568556393,1.5519661268961351
10769,19715.0,12072.0,39.2162939637875,71.69391015042169,0.4161783540723556,-1.5753485442378694
10770,26314.0,10483.0,89.51480484136596,1096.4235469072107,0.9930962118475434,-1.5579168573903488
10771,8189.0,12813.0,27.973927984075978,258.995931669799,0.9857792199585684,-1.5740210867054605
10774,7446.0,3766.0,50.443132495917794,1665.9243683126615,1.6037854158028741,1.6281241522356127
10777,8404.0,14239.0,205.75140214661198,1826.8667062756742,1.29316728207024,1.5741392368535159
10778,502.0,999.0,50.136106906659464,728.7656840739961,0.40551052667556187,-1.5929715458396558
10779,6280.0,12597.0,4.862092968888702,30.993576620102157,1.020054874041457,1.5818785925127434
10781,751.0,10091.0,31.691098911916445,131.67509853203524,0.41100663280175387,-0.9692852912912273
10782,62039.0,12227.0,105.84914198392586,148.85358845342796,1.4034737875905,1.572646191971853
10783,24965.0,15092.0,69.61336569922277,236.22163715345354,0.8995925770754469,1.6010796078094616
10784,34377.0,14979.0,63781360.913671374,63781360.9136714,2.2176740443123775,1.5501197823183732
10785,9870.0,14268.0,26.008347886111007,30.517047305249,0.9564994215958976,-3.1288107322803524
10786,30208.0,15141.0,2871.3140642737285,92306.3599788332,0.9749555996476288,-1.5596715961756176
10788,41630.0,4142.0,15.492812142471793,107.58453960676015,2.2705120159392123,1.5716840562663685
10790,4036.0,14520.0,596.3159695632019,631.7481522488201,1.3144667499396516,-0.2457385268848896
10792,49014.0,14815.0,71.65445821741355,15360.453131752649,1.8157546072875803,1.581622979093588
10795,736.0,10863.0,7.845632980015826,20.885438245301902,1.3709854455364803,-1.4826693499685302
10796,32285.0,10956.0,9.068255542286385,33.802914702602415,0.966049356211623,1.5676691645633418
10797,8013.0,13447.0,2.199841397478897,13.89068807386701,1.0979206103503667,1.5594553176304624
10801,21359.0,14300.0,57.60094978641725,135.8410544078869,1.249505660652506,1.5424654650209857
10803,11314.0,6652.0,20.15186887066369,311.73572976074115,1.3177668422686537,-1.5759479603236128
10806,13249.0,14734.0,317.87131066386195,329.82077177850005,0.958521708002626,2.9796701462256974
10808,61230.0,10845.0,2.522162611018479,14.955340745304335,1.2389563786187434,1.5803002187374677
10809,1231.0,13940.0,70.67701261679584,986.3753401583767,1.0117914883572365,2.933916084987166
10811,464.0,12968.0,31.475637264466542,218.7708618497897,0.9630507605656158,-2.1423657887456233
10813,260.0,13730.0,39.4242767592004,169.40968392369814,0.2169767835615613,1.2291564780068167
10814,46427.0,193.0,20.616898353635097,2951.625976874963,1.7340000719230995,1.570935184836986
10817,27907.0,11902.0,453.0023115722092,834.5173486695862,0.983299852000235,1.6268932449749285
10818,3628.0,7710.0,83.41162276093169,255.37072833600033,0.9309797869774928,-1.9648758492851561
10819,3915.0,7711.0,8.538580458902475,48.59166880709015,1.4185327791513518,-1.5201191404838472
10820,37630.0,6686.0,215.30766717818585,41474.717182086344,0.9709375963640761,1.5554097295885305
10821,15074.0,3937.0,63781360.9136736,63781361.19164072,1.7668950854967327,-1.6267606773802896
10826,52390.0,8293.0,25.709187907484292,9842.165070938292,1.0314502418952536,-1.5716759726468876
10827,8634.0,10683.0,128.4076253721331,590.0756577738368,1.1164299412918723,1.6640231321271837
10828,6958.0,10047.0,408.6462028513458,1537.8891455870205,3.645654138754307,-1.5677475959621059
10830,24374.0,14282.0,159.59944376050217,201.21280856393045,0.974055857396814,-1.5781675327273534
10831,5754.0,9668.0,33.19331550597495,199.91832179682825,1.02598766968952,-1.6905047070416992
10832,25135.0,15232.0,34.50456464650333,101.0836148163523,1.1279490525689297,-1.543947714616958
10833,11257.0,10270.0,118.28173928539775,464.2272553712378,0.9773499695679339,1.5468030019719674
10836,12151.0,14943.0,33.269944466413726,93.11554815662858,1.2881377283396804,-1.523398237469664
10837,17951.0,6956.0,4.099568410579507,40.36831199827325,2.1691659402612227,-1.5665583545016593
10838,10745.0,9509.0,16203.805765312673,901691.2635977677,1.7306554708069797,-1.568971283843137
10839,4745.0,14772.0,44.90752398589143,76.90627288573457,1.0229759298131038,1.5646915222989692
10840,2446.0,13597.0,14.090261563582006,67.4382487753899,1.4955496036580598,-1.3220624416049838
10841,7496.0,12567.0,2.320371175524274,16.72606043735002,1.5055146844072453,-1.6310274706940038
10844,5393.0,13634.0,9.378191161791744,16.98804133822034,0.9814997720745813,1.561256741029039
10846,40257.0,11694.0,75.32062499473894,146.26190366562872,0.9817880172763431,-1.5774494268083485
10847,17574.0,10671.0,38.315793453085924,1805.093306213917,0.9433675528653419,1.5618901341998441
10848,288.0,6612.0,14.09281282860538,53.77260175311325,0.9710971737650242,1.5875513387108344
10850,7026.0,13655.0,1025.9068257149722,3955.5160598409957,0.4207320684864486,1.5388675151468334
10851,5184.0,7171.0,28.989065906646054,285.53588449290226,1.0854227996568335,-1.5663644441018116
10852,864.0,13691.0,86.47304909933774,256.7891881531553,0.41376986635069485,-1.8328009341436897
10858,22709.0,8194.0,6.555284098717171,65.83435662453131,1.0315447737378594,-1.5703336699609638
10859,5667.0,3500.0,16.339466706834756,56.939321336498324,0.4236032991226966,1.5764312240635154
10860,1652.0,14082.0,53.89018284501821,1915.6883308109814,1.1053464936184088,1.7756336369297927
10861,44745.0,15198.0,63781360.913671374,63781360.9136714,1.6954669734714278,-0.03905318125314378
10863,16036.0,14819.0,43.41971120024011,48.25441164983776,1.277073542258449,3.13028278267641
10864,7756.0,14821.0,10.21783003994776,10.495897345934514,1.2917488993448205,-1.6460567765724816
10865,10083.0,464.0,19.670086849570435,264.20007419237885,1.0647132190703794,1.528982561992065
10867,6526.0,9972.0,13.133256576388938,266.3029342588122,1.309590897586895,-1.579516679424835
10870,19902.0,4939.0,40.85767445343941,412.20997747448,1.468828203209786,-1.5530912408489788
10871,10592.0,11696.0,9.182423287360994,66.08050109645927,1.0013383684596744,-1.5692087178290755
10872,926.0,14857.0,38.610007389770196,78.367120458251,0.9716236397701893,-1.2346025836923482
10873,25035.0,6970.0,91.96207197564479,735.3329222471375,1.060928651076026,-1.560772296198378
10875,816.0,15145.0,9.370999367399959,35.11676131384674,1.3686090497358547,1.3821997955024377
10877,28793.0,12393.0,60.810707275334124,8901.12761469935,0.41299483690548444,1.5631462437920256
10881,19973.0,6517.0,2137.6713529244125,1123496.4401983658,0.9306561545079786,1.599938072606761
10882,2189.0,12413.0,2.8260136124113364,7.425472209032531,1.8817565318650389,-0.9893001955630774
10883,25530.0,14904.0,63781360.91367135,63781360.91367137,2.2176881135501327,1.5421357141807803
10886,10315.0,14357.0,77.21446043547421,130.3966653272826,1.5422789035428945,-1.5013333099483062
10887,5017.0,7099.0,70.04660028873592,411.9826466801175,1.272697420457298,1.5314812424839879
10888,24307.0,12587.0,63781363.000000045,63781363.00000425,1.3011821772737133,1.5937948640300896
10890,52094.0,196.0,6.1447127837644535,332.4417216719381,1.7407562824327738,-1.5708652029600727
10891,48998.0,6766.0,441.8660778288939,11246.876908969476,1.4680901965437634,1.603334721507985
10892,15780.0,4126.0,26.07949973829011,974.5265215892481,1.098236237137195,-1.5611910091412757
10893,8940.0,10145.0,31.597811484211885,130.1915073622247,1.3072207077506945,1.5499442910860464
10894,5063.0,12687.0,16.62641477685411,99.10333908208136,0.9142272316402442,1.468390914700086
10895,7198.0,5851.0,61.69438563387666,229.14818674036354,1.0795516965026435,1.4989298211944764
10896,23597.0,10585.0,13.288751164018331,108.53393900773452,1.0054715865940238,1.5680506052221916
10897,29373.0,12738.0,30.933110230646854,86.07629117499897,1.0459594311520815,1.545207677969301
10898,29492.0,15187.0,6.415023121955878,7.470112822777708,1.6931280516007214,-0.06063168320538668
10899,4727.0,15050.0,2.984172613169412,3.087559405029783,2.2176740443123775,1.3050605497296004
10901,32310.0,7565.0,32.75095425889731,8668.618047347569,1.816195926583903,1.5659338317761915
10902,2472.0,11115.0,13.122131334651874,36.770516345842545,1.0649471180268448,-1.5971803729501266
10909,5396.0,3797.0,185.18223422532003,253.63965333706676,1.3379977521566908,1.5908426893964813
10910,546.0,14554.0,12.258677672616729,18.7014043008636,1.1031555563328994,-2.023111252088299
10912,24942.0,13481.0,5.641680410903217,92.00184034483408,3.1869648575603167,-1.6127283191839608
10913,1966.0,12071.0,4.431584563234603,36.061446359954076,0.49283019641090287,1.5792135835932677
10914,45600.0,3897.0,13.697346301431407,153.14104946236571,1.7668950854967327,-1.5847183814617767
10916,1729.0,14202.0,142.84345937873974,966.8954119428485,1.0755571327936078,-2.1816224578978303
10917,2603.0,13729.0,26.98300973568105,47.50999438609208,1.3826654368838034,1.5027140975450153
10918,20836.0,5035.0,50.550889679409124,338.4899245366384,1.253653519586972,1.6069208317027692
10920,10352.0,6364.0,18.836154466109807,144.6200581993667,2.2304648631123385,1.4590157331901386
10921,8722.0,11500.0,37.53826564891196,714.7839717346507,1.3409884248174209,-1.5413006721362397
10922,894.0,14451.0,42.6553875322408,115.30109414412192,1.3712518171167838,1.4077996370001509
10923,18042.0,15054.0,15.952786114595478,18.028118791796373,2.5477738403877668,-3.130015378138993
10924,25887.0,11549.0,350.6997092300382,39032.54782759194,0.9631356306189257,1.5114141338585476
10925,21019.0,6778.0,51.83383631893373,68.90977976150234,0.40135135255013843,1.584753228485892
10926,26006.0,4929.0,618.0814524627526,72604.20726254935,1.1077913495509288,1.524777450316412
10928,11966.0,1833.0,4.572184107780896,17.231044012906374,1.7046801524075228,-1.5726161268338035
10930,9119.0,11872.0,7.576190471890565,18.160401572259975,0.523722485483172,-1.565117201153734
10931,262.0,3984.0,18.49297553232408,98.8762757487031,1.2978964237146038,0.5824327266665941
10932,1231.0,12468.0,44.23604503411282,462.71129085414583,1.3208178166873448,1.1450513951140968
10933,29202.0,13014.0,21.704696990893606,591.3903645088417,1.8584749335578734,1.518194838090254
10934,741.0,8086.0,13.108250697230739,63.38520043197095,0.38756866110426486,1.7244348572304262
10935,2607.0,10673.0,166.8140369880781,4763.720139891456,0.9749409050036159,-1.7582131362112163
10936,54451.0,12930.0,1057.166617195866,240860.44033055526,0.9119749222966486,-1.5858914709576142
10937,7269.0,1048.0,27.684480835975496,317.30556475771954,1.0606565135260957,-1.5312140387979463
10938,13840.0,8514.0,3.4091174111925664,16.634664337519144,0.8069004716066334,1.5620121218852001
10939,6349.0,8033.0,1.6608131595288926,20.42802078688447,2.211248035255201,-1.7929854320433745
10940,231.0,12939.0,12.868016286235903,39.33094682276976,1.373712908151205,-0.32855211650867483
10941,9348.0,14663.0,107.95656826420223,190.849566819399,0.41921804424453296,-3.1125689514328743
10942,705.0,13430.0,515.0561520502932,7933.3695066399405,0.3926689632143598,-2.779249341101582
10944,11879.0,7939.0,943.0511205699468,14770.08777358552,0.4352459851883651,-1.5362724999575716
10945,99.0,14289.0,16.76779052622573,26.800265047695593,0.5837269866589913,-0.8454126684192719
10948,45669.0,14151.0,63781363.00008261,63781363.11879293,1.913978589230169,1.6015491871693428
10949,12503.0,11236.0,27.215543090660407,171.4215989732138,1.0920966397599117,-1.5256748192097234
10950,4422.0,1551.0,43.90112389766829,4452.346910537327,1.2463346143459393,1.5416905463661408
10951,51898.0,196.0,5.288730848898658,56.389732609806096,1.7407562824327738,-1.5707691528932384
10954,31560.0,14524.0,28.160703689621364,116.52897807263116,1.2606097941637806,1.607444386775237
10955,1658.0,14588.0,44.76935194725666,49.48783183448284,0.9639690426469018,1.4486611549424993
10956,49618.0,7801.0,149.06919162137797,10895.623472856774,1.272660964721229,-1.5701097514023827
10957,39856.0,14928.0,63781363.00000172,63781363.00024768,0.9704157620139686,1.5134814980571234
10959,12343.0,14930.0,9243.418996374283,18267.678021415042,1.1227726932883093,-2.9588729670245666
10960,3714.0,3832.0,53.44695170320084,421.36302301846274,1.1936233242916796,1.6140453830018109
10961,2811.0,5527.0,553.156494694834,2196.4427001734243,0.4290434224481538,-1.523673477559307
10962,2544.0,14334.0,15.769853242675497,33.92684133898443,1.084223693972704,1.6528066239930164
10964,45980.0,11362.0,94.66003782587886,35815.65298366457,0.9249918379589464,-1.5718653268864962
10966,17306.0,15071.0,6.883701778624218,7.062069101040647,3.220486783048706,-2.994812344012554
10967,46760.0,10483.0,12.623272041373822,846.2695762660938,1.1229849302867498,1.57656045909066
10968,57359.0,12365.0,4.9409252957732726,22.500650831836868,2.052407207017648,-1.5674336768935382
10969,43748.0,12563.0,63781363.000000045,63781363.000001684,1.3011821772737133,-1.5839716711745195
10970,25734.0,14635.0,63781363.00000002,63781363.0000001,1.8968296012309318,1.573982544679096
10971,36038.0,2645.0,66.58835112372435,324.29302015425714,0.926769350586908,1.5719099383258626
10973,5269.0,14071.0,10.726801150130214,45.69460968891668,1.2334599765096301,-1.5667338830986837
10974,58346.0,12004.0,9.621602661782699,120.42191381439316,2.043986100085916,1.6004498676820338
10976,920.0,113.0,140.96203906612052,7141.234389721876,0.3918530412279529,1.158715038339221
10977,23197.0,13722.0,8.587610797869107,25.244179367403998,0.43799330685800286,-1.5704175205408013
10978,3424.0,14645.0,709.7923347483653,809.3623604146493,1.0670262956774805,-2.6063154688062657
10979,776.0,14916.0,57.41082413229565,182.0661701160172,0.4226921827589308,-1.5037165670663433
10980,1322.0,11770.0,113.89656510948303,255.24540559980383,1.2299778593919852,-2.608182424192461
10981,11295.0,6918.0,15.674887124312228,104.01823737697384,1.0681839582287191,1.5698522537739494
10986,33715.0,12726.0,4.209621597377179,29.839359544887326,1.0700515740725933,-1.5507966602256795
10987,16156.0,10491.0,5.246895506886954,44.70414073718299,1.8085049593855291,-1.6186938939146638
10988,43526.0,192.0,7.804139653274789,225.3744777344464,1.7353817713345605,1.5713150563915455
10989,50921.0,14788.0,426.90018522712637,14522.995924237966,1.3906187422869745,-1.601751691474082
10990,44232.0,9860.0,862.8210045895938,16978.366999088605,0.9206454824136887,1.5682730829541829
10991,17945.0,10781.0,2.839087831276663,11.287632947082454,1.2389563786187434,-1.6264476476291503
10992,38217.0,15024.0,4.072894482864938,7.000035333320515,1.2759349657503145,1.512991273694807
10993,46705.0,14916.0,472.67902113121045,1323.0778099788386,0.9770544792645769,-1.5757194747247192
10994,4697.0,12682.0,144.2949022950207,8409.83994313233,0.4093776222143652,1.5692341534537881
10995,479.0,15064.0,20.811550920710307,31.069956171851313,0.48073405804908903,-1.2931009109017149
10997,39262.0,6764.0,36.834936898316506,448.27905024490764,1.5423138257155489,-1.5638262920147152
10999,5168.0,4233.0,13.214048403721312,112.82449473712812,0.449891186154362,1.5513326554100335
11000,3317.0,9994.0,4.205654510781273,37.45938052004982,1.4298976220584052,1.5958349657449906
11002,43434.0,192.0,5.293074708246458,57.89044254771675,1.7336328859840298,1.570401974018368
11003,304.0,6930.0,12.593184232005296,57.0807890161134,0.39857923416546415,-1.8444701822426226
11004,10572.0,8169.0,12.754108869064087,83.62670238531733,1.3686290306364866,1.553757489979554
11008,12899.0,15199.0,2099.602441706244,71343.28682587881,0.9745677379050264,-1.5212471464011563
11010,38685.0,14275.0,16275.50093506306,226522.92033683372,0.9774925205370661,-1.6276662173367702
11012,7727.0,14611.0,37.198106785390614,80.51777809738593,0.985687506674725,-1.552630936892593
11013,9945.0,2721.0,184.77967999193345,366.57370881976425,1.3872779947082379,1.6006384229156154
11014,43962.0,193.0,7.4560027650657155,291.3073652812447,1.7340000719230995,-1.5710858645356531
11017,13003.0,14861.0,192.99566918959607,209.5995699059511,1.052503104703312,-0.05494436134799616
11018,2237.0,14091.0,56.120117755619475,585.7422699835258,1.2888848896453644,-1.4910229746675199
11019,152.0,14865.0,13.165989972435394,16.68855892244617,0.4549016639598872,2.3854129584259702
11021,31900.0,15211.0,56.72162598021672,174.0711125094086,2.135048704402337,3.027643755776653
11024,4441.0,14202.0,46.021198765753034,156.64398641818138,0.4167319581601092,-1.5777388121490044
11025,3750.0,8076.0,1.610409041633953,10.289090719634856,2.211248035255201,-1.3860632607293553
11026,1045.0,14946.0,7.133421933579082,7.387848876445253,0.8866034404320288,-2.898290417797005
11027,14067.0,6472.0,27.70057902538204,413.1448064913309,0.41321995637786685,-1.5701293204550266
11028,7220.0,14338.0,32.70165394497713,223.0266455769863,0.9542626331388321,-1.6471545877123352
11029,7276.0,4596.0,107.95197378269084,7303.920452197834,1.1044899387867235,1.508814307759762
11030,24163.0,10573.0,19.548939752629167,457.21269657252793,0.4241135692365469,-1.565475795729418
11031,43529.0,192.0,5.989692992916087,153.09390593446895,1.7336328859840298,1.5704426691003128
11032,15004.0,7439.0,17.55028932969102,57.37142344982999,0.4002414671024188,1.583697189514369
11033,3949.0,7472.0,307.63480667243317,2922.610144650153,1.2743717274337778,-1.5560429654329624
11038,43804.0,192.0,6.400366253638406,137.50935129783645,1.7336328859840298,1.5708814808653455
11039,49767.0,13101.0,6579.350079747503,153146.40222342714,0.9948891138229675,1.6032782266305325
11042,36565.0,9972.0,85.06062566926046,26171.49006953853,0.4258870597483779,1.5720119478048955
11044,18737.0,3187.0,36.159538682433094,217.84855440537177,0.4361428672558141,-1.5601532171320858
11045,28947.0,9637.0,276.51261697552434,36458.1996140258,0.9367853611497468,-1.5749254884146617
11046,6470.0,1049.0,497.8193428397371,11533.473418726839,0.9572609583221866,1.7920103984157638
11047,14618.0,4198.0,26.78160000199494,671.0207718703699,1.3815203717517792,-1.5612542503198679
11049,9074.0,15044.0,3.046169611448316,3.31095063263182,2.2176740443123775,1.5331449277190512
11050,34069.0,11183.0,46.2566153656,277.0385199318359,1.0934220592505388,-1.522275685255617
11051,12102.0,4096.0,44.240051422388646,130.29469622371312,1.5592408526531436,-1.5186937581266586
11052,23250.0,5443.0,63781363.00000004,63781363.000001796,0.9553256673642303,1.512779736995397
11054,8487.0,14699.0,243.41645557885707,5155.977487686528,1.0463686991467736,-1.5786657798106654
11055,11928.0,14871.0,61.826549667456824,522.1140365235112,0.9920804607127099,-1.7239062765558206
11057,3387.0,14932.0,59.4076520376737,1443.2539287388338,1.0787318615151773,1.4368559428170198
11058,567.0,5516.0,15.651702073194084,87.5050483254284,1.2260789868424253,-1.0580541688419087
11059,7845.0,11784.0,6.3586361312308215,24.323183358252482,0.46394085547880065,-1.5781790939118143
11061,14039.0,4900.0,30.320404381793278,99.15045782311144,1.0966043411306063,-1.6047332284951095
11062,659.0,6642.0,23.97754293488734,176.9443097287882,0.43458296016733505,-1.8983800879217865
11064,35349.0,10090.0,94.12961011875709,11975.879502933241,1.3840392424684342,1.559698570931176
11065,15706.0,11189.0,15.76822111709747,53.132924735182314,1.1098864216471358,-1.570835331201134
11066,4669.0,7812.0,8.083464170910867,44.28444816531833,0.48081545423201383,1.5406178827198538
11067,18888.0,7707.0,50.48674103641736,1025.503079193052,0.9710517113641113,1.5977717447857553
11068,41916.0,15207.0,4.724129936743003,6.164231168069578,2.208101841751349,-0.034838638037353147
11069,10664.0,3473.0,26.687901893603318,93.42518815123,1.4326724080957114,-1.569922206876296
11070,15517.0,7718.0,81.10297837769082,1441.9979897382057,0.432350265090976,-1.6005868818316955
11073,46577.0,11319.0,1790.7601912250516,30598.284233095244,1.1546934621601201,1.5615144097559046
11074,61911.0,199.0,63781360.91367147,63781360.91403487,1.7362497559147712,-1.5709766790186765
11076,5305.0,14349.0,78.42243130875532,133.03978853401827,1.5422789035428945,1.4125402488270562
11078,60923.0,199.0,63781360.91367143,63781360.91371356,1.7362497559147712,-1.5708463970301025
11079,53112.0,14631.0,68819.29316787976,2795953.7400736567,0.8880564504400116,1.5942062737429856
11080,3002.0,13359.0,10.817563644474808,33.31007776580381,1.0133939555984515,1.5417642788512187
11081,48263.0,14146.0,293.83671405901345,20252.139853716923,0.9781588531578292,1.575696282794587
11082,1833.0,14910.0,169.2540615676969,353.2734831823028,1.1055545409713556,-1.9321622484397325
11083,24843.0,7383.0,339.47884832660765,10880.35061106268,0.43305812164973817,-1.544608800006576
11084,9913.0,5960.0,183.8565235689575,11087.668743935,0.9794338067569645,-1.528071841701411
11085,2550.0,14096.0,169.52967043234176,323.22499751926983,0.9575127689563538,2.6401483965780908
11086,13823.0,14546.0,19.950009998470044,60.897260628510296,0.42466406061516726,-1.5566539688675958
11087,38935.0,15408.0,15182.8509429213,34813.404198333825,0.9275605511623053,1.9033025592936503
11088,19221.0,9398.0,33.40505725414657,191.80549202054706,0.42668177387068296,-1.5691290910288875
11089,10455.0,7855.0,9.08535871779307,241.88645889791604,1.0158955894180874,1.5756042267886974
11090,15358.0,14271.0,23.112155607346825,48.148534958618846,1.3183060784659884,-1.5473884911978213
11091,16322.0,3371.0,25.694201269435066,655.1363325878082,0.4199422026363884,1.5577552156486578
11092,35223.0,15203.0,63781360.91367161,63781360.91367165,1.8345749519476047,-1.6937382982690985
11094,2996.0,15141.0,39.112198031278936,270.65437104213225,0.987344738192989,1.8192661603319789
11099,25953.0,7964.0,33.827490725946134,2442.454049663268,0.4194089659431347,-1.573008280120265
11100,7479.0,14928.0,53.00877661194439,81.87044921083738,0.4327934476475883,1.5517767111083458
11101,2642.0,12565.0,47.144519759488084,138.64653547912258,1.0712229409491087,1.677339390731756
11102,11603.0,10196.0,12.72452376842361,121.67953974795479,0.46725516482842533,-1.5480516362630374
11104,2147.0,626.0,3.8224233660250597,24.716795742044198,0.9109770088699738,-1.5908545181686338
11105,28221.0,15157.0,3234.325316252934,105228.99842755926,0.9950455819641761,-1.5627979093249895
11106,2592.0,10891.0,31.181607766717228,416.2328246082665,0.9652732919827922,1.115007149759078
11107,57328.0,12525.0,66.05836250615144,152.97063407676913,0.9858249900705673,1.5753993648119695
11108,1963.0,13593.0,305.4761103571286,854.609900973603,3.2715585942353904,-0.35271628863049764
11109,7436.0,12023.0,32.599554318494775,298.6012321919476,0.4248735733163751,-1.531363126498056
11110,1762.0,14703.0,615.3519406503103,5406.23973867343,0.4223352866480995,-1.6571310868896914
11111,42872.0,192.0,15.089431503578338,1563.0117283153877,1.7353817713345605,1.569971347873635
11112,14895.0,3525.0,21.551758068874122,523.1375189611297,1.0654868052186217,1.5488517727289954
11114,7244.0,14428.0,11.46628445774198,30.54200776075422,0.4776058086955949,-1.580761002900482
11115,1038.0,14864.0,118.87347393137183,203.03378516381383,2.331306714022397,1.1655846075896612
11116,49062.0,15016.0,3.7489017070235904,6.269319049025458,1.2767209846960366,1.5149471397809422
11118,27527.0,14088.0,223.89754073359535,5257.554885415615,0.39941940253565744,-1.5662868599842286
11119,23445.0,4943.0,58.77157720073874,6722.735316144833,1.2775976917289635,1.5838898695130001
11120,444.0,13544.0,17.050878516331604,184.38018272005888,1.211935126805484,-1.226342017256544
11121,47762.0,14475.0,275.4309382867725,14417.68088132597,3.514854105891232,1.5810624363080474
11123,41667.0,7174.0,103.16722214683786,970.9645119845786,1.109090968819704,1.5968755196332518
11124,8200.0,3928.0,31.53102605437548,245.43571109734128,1.2264582342416472,1.5660586530064087
11125,31038.0,11219.0,19.155630897673174,161.84349295738798,0.4189589735215927,1.5707717632194254
11127,27561.0,14280.0,135.65775554594464,8515.385411587267,0.41223111829994713,1.5588374892054828
11128,12955.0,3176.0,7.949211092881337,74.8565607474645,0.4383590787348916,-1.5778117075258276
11129,56542.0,11851.0,116.54697924230355,12464.027536705014,1.0677428817524277,-1.5636481700834344
11132,39363.0,12716.0,9.387461486946684,117.13321346094519,1.0027157988460906,-1.56675097354656
11133,5857.0,4576.0,28.285740097589336,405.5246659487811,0.39057064082986837,1.5846042102999927
11134,39520.0,7204.0,37.70169695399555,223.3962728690421,1.254820664677791,-1.5700345873413268
11137,21919.0,6680.0,96.78783839488486,1155.167747071812,0.9709375963640761,1.5443579231280775
11141,12205.0,10684.0,131.6986811066596,677.9997825130623,1.4277956499700453,1.6061183926948621
11142,44292.0,14608.0,45.30176517141716,288.80156698040446,0.9730014924165047,1.5749070183544198
11143,4267.0,14035.0,9.37558008329758,54.55143919702553,1.305190199111685,-1.564091688988351
11144,35510.0,2121.0,20.463349606681334,66.59688213698207,1.1137770781222842,-1.5522253080408845
11146,11599.0,13965.0,318.1506004727987,5736.274129547903,1.3565987190278685,1.5786529398112967
11147,38594.0,10743.0,27.89537381019038,1353.3358176130187,1.198565819453034,-1.5749065047044575
11148,18720.0,4538.0,83.96686804837347,5208.614653071192,0.4138519277677141,-1.5565669385649328
11150,11063.0,14414.0,373.862644747314,3574.3306223234717,0.42448014892788455,-1.557413680350462
11152,4707.0,14773.0,15.281306869534061,16.665220958716777,0.44423606814215844,-3.0938441195360116
11154,11842.0,12284.0,4.60084473159991,20.348303403341195,1.019833631557967,-1.5698204674903022
11155,1171.0,14634.0,5.161921916384373,9.754440027376663,0.5596576677045716,-1.5808816691003347
11156,1946.0,14059.0,23.380340852115427,77.178908188074,0.41786218781820744,-1.4737344616211414
11158,1079.0,14944.0,175.6426179897574,284.15928893697094,0.4187569125708562,2.7172534332671416
11159,31473.0,12918.0,170.5391549858479,191063.05442624455,0.41874220716699406,1.5585191224465005
11160,3019.0,8333.0,23.030522206021427,518.6676803822334,0.9549477230691475,1.8441881620686986
11161,5302.0,3560.0,30.417613350942492,224.81568559991877,1.0866257253549199,-1.5163926666854453
11164,39289.0,7613.0,200.12917961774173,1846.0509765498896,0.9309797869774928,-1.5845948472569287
11165,13942.0,8775.0,1346.4554170709066,32517.541546513265,1.1379886805114208,1.543574628318722
11166,28409.0,15255.0,35.62257139585039,116.54174919340485,0.9651099864230536,-3.0573289679938322
11168,44233.0,3632.0,605.0702795246128,32505.313257040107,1.5411109197698283,1.5775076349839925
11169,15728.0,12914.0,3.9102501346526477,6.83807139375997,1.6232038449229358,-1.6056755636810744
11170,8628.0,9409.0,103.2904202682641,16885.999813863193,1.7396687221432023,1.441707265466485
11171,34517.0,15199.0,4.650393181330667,5.35406571152398,1.9204581963001401,-3.1173267959529043
11172,25279.0,14400.0,342.0239926392193,3021.6801855144267,0.4165686767674937,-1.5827471800938862
11173,47551.0,3435.0,93.54235904845434,858.6406729582206,1.0757224490582422,1.5715367875862587
11174,2217.0,4837.0,6.416268807959724,14.829041273588752,2.084505493469503,-1.5506321449184817
11175,32748.0,8223.0,2149.2339081296736,17836.85407338222,1.2894991846338129,1.5679113129418556
11176,33611.0,3879.0,8.746350795650514,449.5168643330416,1.8087532333352487,-1.597686498123814
11177,42226.0,192.0,35.365017195766015,12239.690322640603,1.7353817713345605,1.5716430960954326
11178,19178.0,13127.0,200.4969365209869,1246.4991414613194,1.1136404103981263,-1.5807805874516427
11180,642.0,14724.0,261.0562843571155,1479.5410057571198,1.746201655193081,-1.9365571866247673
11181,38653.0,13260.0,63781363.000013836,63781363.00008102,0.942504481987987,-1.5564427359870083
11183,29727.0,4488.0,162.75727624147513,3218.2148580059875,0.9597355511072073,-1.566316166519034
11184,16009.0,2594.0,30.85381204579941,918.3741461819645,1.121572897251086,1.574252031344051
11185,26963.0,717.0,1220.3135914411605,122118.83654792789,0.9868538082475906,-1.5416006148681232
11186,12375.0,13920.0,9.308321548837295,16.709049654779246,1.3460592824358957,1.5649191564923002
11187,21891.0,10921.0,90.78497976696134,253.77846468806516,1.2341049070865717,1.5672971450450504
11188,10565.0,5583.0,366.5991999847408,25186.70605608634,1.2444849488840246,1.6060203881453199
11189,9527.0,9050.0,23.606610154532074,68.05609650614201,1.3317622303886858,1.5713305320734727
11190,22974.0,3648.0,56.16047653546397,84910.58491302449,0.9203379817246058,1.5826285047658555
11191,19203.0,4653.0,20.034400963605883,67.63118158810839,0.41176079629470413,-1.5587526659109372
11192,11849.0,9483.0,9.122552170833332,67.50384533414936,0.4257704910751763,-1.5740614288043422
11193,8127.0,9626.0,151.02226456597236,2995.351566508791,1.12672297878594,1.5213313708143252
11195,47077.0,193.0,23.57999211818431,6865.02414262728,1.7336328859840298,1.571481192891832
11196,1813.0,14855.0,10.68948944058718,14.131454158122214,1.7601276832306683,3.0651857852092803
11197,27410.0,7995.0,1.8081255354295716,31.252820695817327,2.211248035255201,-1.6167867501642956
11198,38057.0,11883.0,25.30995719439245,113.47502017211795,1.2540918452950787,1.5739404981640457
11199,19490.0,8145.0,51.88763688301721,4062.217423523214,1.0896394994478795,-1.5775971400853912
11201,28038.0,12942.0,4.717636718573999,156.98209495747912,1.9119794697447174,1.7126388116660627
11202,21002.0,14480.0,13.707468981204268,124.21439038786508,1.5208248609588766,1.578344221371358
11203,4664.0,4278.0,63781363.000000045,63781363.000000715,2.255552482767559,-1.2320577080349044
11204,3663.0,6701.0,56.4015572999454,460.8312103461169,1.2270006023679765,1.5831407380987246
11205,45228.0,13215.0,523.9404274721411,26226.614150718022,1.405713322483217,1.565363893184663
11206,581.0,14880.0,31.929930463852926,75.65344351874418,1.2711096163911426,-1.0832187982089254
11210,7998.0,13353.0,21.711295886086976,74.13011800692973,1.2361558991510129,1.559160899125343
11211,14519.0,14839.0,124.09337962628794,871.0638041590274,0.4082210232816994,1.6032135233810003
11214,40370.0,6792.0,36.82730696367794,186.55940268415242,0.9948697964547469,1.568253342239855
11215,39665.0,4553.0,131.0257934240626,1525.5926139932646,1.8972832946622764,-1.5610178510350219
11216,50170.0,10687.0,447.8269649011946,60314.649557093915,0.9379691062083417,1.570787109641853
11218,3912.0,9583.0,8.470639981298607,30.710774524441234,1.2948233585793603,-1.5868156530980093
11219,20508.0,13356.0,76.86345685850478,206.17387982147648,0.4261386911320507,-1.561228840688709
11221,3448.0,10923.0,13.081360699376368,60.465299830443975,1.6173411250213934,-1.588104367537152
11223,37492.0,11943.0,676.6534271327317,8248.027790597043,1.2392248827304773,-1.595677958030069
11224,4196.0,9777.0,31.430886181445228,188.76666895487244,1.3742267615038701,-1.5833401899670672
11225,14013.0,14853.0,32.62082498625172,108.17937571126353,0.9648753974679687,1.5930977873278533
11226,17829.0,14262.0,23.10898809125145,29.2724785628854,0.42412268239576023,3.118591759810532
11227,35228.0,11368.0,126.8021297229925,17158.02824154361,0.932760803760608,-1.599205520773404
11228,15762.0,11505.0,49.34621911454545,73.65460513469459,1.2774938911563203,1.5765128519041531
11235,14151.0,3761.0,32.541642447875766,126.94539334340809,1.4828650765123423,1.644827042592783
11236,17967.0,4631.0,17.1299347092782,51.537658236314414,1.3042890969726773,-1.5907002468176834
11237,20743.0,11375.0,63781360.91367137,63781360.913672134,1.0404327699429468,1.6435827968510675
11238,7395.0,2365.0,23.81321580030252,188.6056990144868,1.0179313934518397,-1.5784888825318324
11239,1762.0,5864.0,29.526129861073972,93.33098680204137,0.4395696088628418,1.5149055220466547
11240,275.0,14125.0,7.8930582385103465,18.31518590353485,1.4005971626984628,1.3401636019775975
11242,9866.0,15176.0,831.3222036860735,53563.009525458794,0.9368099057437007,-1.5979513898650548
11243,25799.0,12526.0,74.21017787196541,298.87195561524715,0.4004542141676797,-1.5861390264518458
11244,2165.0,14955.0,18.414066340669944,34.208443578250105,1.4097233804327465,-1.7069048863344576
11247,31679.0,14995.0,3.3112601852731136,3.790088174731927,2.2176740443123775,1.5492685693605763
11248,40177.0,14529.0,35.02664116142872,656.3862389758482,1.2920483798060156,-1.5664411250958392
11249,29760.0,14287.0,905.4989412019195,18136.687415364522,0.4301293717010024,-1.5544186552751666
11250,37393.0,15278.0,6.591659610580262,8.64953971958317,2.4139911146714548,-1.5425741942370548
11251,48269.0,14757.0,19.275750061903512,129.00776449813483,1.4162229359789285,1.569693353494
11252,7271.0,13962.0,50.465124315247095,146.53233020499658,1.086690464589465,-1.6867137772362777
11253,41836.0,7828.0,83.75413832742173,919.8558887788956,0.9309797869774928,1.6134216240629895
11255,674.0,12176.0,13.166318301000095,3650.3049819441176,0.6255995563534874,1.5093380781594896
11256,10428.0,15043.0,2.981561398395839,3.18300323942184,2.2176740443123775,1.4954229030899164
11258,16033.0,15208.0,3.9844740367615588,4.416169879725728,1.8386299442869083,-3.10032628573101
11260,108.0,13215.0,11.546924297679425,18.553068728660566,0.5198694055647819,-1.2602546955652472
11261,160.0,14941.0,26.99570550153949,36.14385922829011,1.706033460838394,-1.8216105436115724
11262,4523.0,5728.0,33.50932574736871,817.7412827104513,1.337464789768821,-1.5412002730023635
11263,6634.0,104.0,15.640004237509478,91.0981037227158,1.1798753728942366,1.579522858140674
11264,1735.0,3958.0,34.869826437885926,539.2268179309765,0.4123044965984304,1.5454755292546676
11265,13892.0,5403.0,616.8297402112614,13257.309500149257,0.415905818689856,-1.5644663206279836
11266,2986.0,14891.0,25.17181153152342,32.99228348700073,0.4248515681081495,-0.06662194952731751
11269,13999.0,13735.0,9.909936899876373,17.769086697653346,1.5481451995650108,1.5659994409053968
11272,60933.0,198.0,63781360.913671404,63781360.91368154,1.7362497559147712,1.57056503805479
11273,12031.0,11536.0,9.186861100169077,159.03206301905254,0.9135534322782131,1.5673901587204122
11274,21375.0,14602.0,654.1387054261288,1487.0567659815972,0.42681460288433787,-1.5756054239574873
11275,1966.0,11811.0,32.88193777639765,203.2536666707489,1.251477765824143,-1.146689294168392
11276,13211.0,12272.0,48.73081752846037,11448.77753438972,1.8452943943447717,1.564039875311506
11277,1190.0,9628.0,8.704480358350883,36.76377374679141,0.9966727728160714,1.563687918763678
11278,30344.0,3036.0,85.38516082964769,7030.5575742846395,0.8998236452892859,-1.5827075685171628
11279,60471.0,198.0,63781360.913671404,63781360.91369207,1.7362497559147712,1.5703596027813966
11280,15520.0,8822.0,407.2767439595484,2139.004485217824,0.9347778169030354,1.7378976656205107
11281,15119.0,15201.0,123.00866695079206,351.39549656058495,0.9526671357235801,-1.605963467946024
11284,33478.0,6623.0,101.79047977765818,471.80342444178905,0.9482978090697427,-1.6054065528447696
11285,31969.0,13999.0,15.09985152826416,1027.0062359702185,1.0263455250376647,-1.5794279284930468
11286,30974.0,13931.0,67.25219948716676,814.9643909033974,1.0117914883572365,-1.602097103677973
11288,27452.0,12308.0,1821.0228737825353,20303.69138820451,1.0618324352467357,-1.4747693515809879
11289,25129.0,2955.0,50.57777753784818,211.88168682291436,0.4067490538659648,1.5662453489361674
11290,1566.0,6689.0,18.759472792197297,5606.40907119941,1.3725290577534806,1.5828502789875976
11291,15377.0,12978.0,15.725546717216945,97.63943954648421,1.8815836816765366,1.5546142199793593
11292,15436.0,13399.0,782.9813353732451,28031.207379384843,1.3941821080344114,-1.550770111716485
11295,5529.0,6944.0,321.3198504354581,3484.171290531124,1.225854722815745,1.3591795928002566
11296,31193.0,184.0,132.87160594469944,1220.0490370694383,1.1459489356691244,1.5610455717735503
11297,48445.0,12298.0,94.96782111491873,34223.22543290443,0.9021492020485595,-1.582383266546533
11299,228.0,8339.0,13.498461012287127,95.89073489243499,0.43185018641435313,0.3182236783077299
11300,710.0,15301.0,455.45315257645933,7823.403790109315,0.19659244195821118,2.9591677280564324
11301,3428.0,9055.0,64.87428822447269,3227.430945133366,0.4262081236415934,-1.5150966158256411
11302,37334.0,12416.0,321.3950279791273,12984.537288387655,1.0632505956042384,1.5794884420967295
11303,16245.0,2583.0,241.8994541959484,2129.6015242836625,0.4162410934589183,1.5786872122838986
11304,944.0,10903.0,86.97148318654456,11379.730795523315,0.43020596475690975,1.62075880791424
11306,30324.0,15192.0,325.1002989886881,9034.501308745357,1.8945801163688767,-1.5502540717759206
11307,59280.0,10265.0,624.9254442563407,60540.50046250477,1.3029526448592819,1.6009244176398651
11308,20128.0,6282.0,40540.589767736776,289439.1676583893,1.2981328294035972,-1.6789279787554232
11309,1148.0,10833.0,18.90920318688103,100.78218390764916,0.17554987108633346,-1.4309085136506805
11310,9217.0,15045.0,39.38354281151395,46.63897760238341,0.420287424718794,-1.5579406726839926
11311,7156.0,13864.0,19.41836771428765,25.214157120367048,0.42988430542966083,-1.5506750088315961
11312,39100.0,3830.0,7.810761700281664,73.01117282219751,1.0679400166352162,1.565507963361345
11314,29388.0,3784.0,13.87561325679213,191.36840203614804,1.7668950854967327,1.596292271978642
11316,19039.0,13856.0,15.344303927479393,44.307937509687285,1.4313458013087834,-1.5873900047214369
11317,12970.0,3049.0,25.969307848792596,83.36457427707352,1.092925804200996,-1.5776189410360308
11318,8411.0,14873.0,57.701556573444044,59.7656972656815,1.2777368283440684,1.5916655049964943
11319,587.0,13939.0,21.462050799288804,85.5715076571395,0.43390543338032983,0.8498930947948167
11320,469.0,4495.0,14.402770749184699,103.30349665251364,1.2504064712641167,-1.2434314834048064
11321,28518.0,8010.0,1.751424975107647,13.809682460414754,2.211248035255201,1.5547395906149273
11322,17723.0,7194.0,4.974743177414484,12.788926497622134,1.5043949267545091,-1.5693023407857396
11325,24398.0,13374.0,8.406967659025849,80.81032981578807,0.518748301088436,-1.575335968725152
11329,11686.0,14495.0,11.845140201680906,297.57434586282045,2.856223027855301,-1.700999821066771
11330,11174.0,15312.0,590.9224872076287,1760.3501782465535,0.9621004011282628,1.575095362596759
11332,31686.0,12211.0,62.090764582113486,16278.320277428087,0.4133133811307984,1.5767579925786075
11335,606.0,14463.0,65.65131151990641,107.70013540718047,0.36587341826122355,1.4834736929535228
11340,15883.0,5484.0,78.58382960745662,344.50410428417183,1.4205087776272824,-1.5426780983713972
11341,14742.0,12769.0,24.771039922138563,169.33016379580107,0.42844781971196555,-1.575346875059331
11343,29394.0,14729.0,315.74285056348356,7024.321907982288,1.0100643081632383,1.53234396501346
11344,8275.0,14791.0,142.19568412544103,243.97963071033095,1.2009449987134964,-1.5985990181821648
11345,2019.0,14741.0,282.8804491119446,502.36001097445126,1.4024331715606115,-3.021191865756466
11346,61320.0,12564.0,5.378144361593903,23.6283708700121,1.058306972380644,1.5665630242154482
11347,14912.0,1891.0,81.37607912388864,672.9911003414925,0.41347820503839744,-1.5542870757969975
11349,8249.0,2882.0,57.15895088637979,297.0605814415908,1.1042458905021317,1.6726534101148034
11350,28605.0,14916.0,63781360.91367137,63781360.913671374,2.2176881135501327,1.552528314883167
11351,53208.0,10405.0,378.687565286577,386.2599566104462,1.1090808586409038,-3.046735291829754
11352,4501.0,8586.0,537.4848637798755,15009.143189529457,0.4069084445190614,-1.5893121267970798
11353,6274.0,13598.0,3.574312457385199,9.976744040955216,2.6932996639613975,1.5738615482671483
11354,1995.0,9205.0,36.336417695835586,148.97415406806977,0.4160170796305274,1.5491025781974714
11355,2925.0,11219.0,230.02703689230322,2049.813683614877,1.2722835684209615,-2.1973103037504873
11356,10002.0,7080.0,645.3679712958653,136579.7701989008,0.989799065922324,1.5188160209664225
11357,20962.0,15233.0,1002.3341240850641,11443.935368016098,0.8877323637860799,-1.4957116466748859
11361,40340.0,6290.0,15.206560331251021,630.7913926065788,1.419590279517149,1.5739107001043613
11363,9239.0,2474.0,60.972012449085135,510.12417523761576,1.0816264200526446,-1.6639286125649744
11364,37577.0,7547.0,20.728699096246448,538.6496034173215,1.3247784316274,1.5726172212759342
11367,31373.0,7265.0,234.0493971371562,20136.297137171663,1.0349412675034784,-1.543143687399337
11368,19243.0,6156.0,130.51955418997642,804.5700094315213,0.4162803729228843,-1.5480047536224462
11369,26699.0,6934.0,20.95482427389136,622.6533942795664,0.986934910432368,-1.5940916136449883
11370,8680.0,6475.0,20.094070266647844,218.13370370889567,1.0797950693199407,1.5800084960855443
11373,9970.0,1406.0,47.013886099950255,181.99460242788786,2.2368907457990947,-1.5351264568007654
11374,1362.0,13026.0,215.19711947304907,10230.228326802238,0.16953512432871476,-0.9593251663815452
11375,42654.0,192.0,24.061529091074462,4913.215086755629,1.7353817713345605,1.5697246683488315
11376,14725.0,12739.0,369.97786308013843,1481.1177870895215,3.792388612339766,1.570686432978522
11377,6524.0,6193.0,464.73938620488116,22828.078897545463,1.1105515866232032,1.4808804553382147
11380,5898.0,14910.0,26.201645532803045,38.0418598094579,1.0065663342066014,-1.545273874015699
11381,45016.0,9522.0,20.815501203948596,139.98309244997319,1.0004313835810899,-1.5750156045297743
11384,839.0,13408.0,44.350843516039546,108.41838413209041,1.0585693275375627,-1.5670375297642039
11385,1406.0,3261.0,68.29854785485436,931.3559130766567,0.9949999167889306,-2.828920643350892
11386,48334.0,7877.0,63781360.91369379,63781368.00707734,1.0248999305660507,1.5861384911250191
11387,1650.0,8811.0,5.455856232809542,35.206878865833964,1.2870132401837489,-1.5947960906373284
11389,16310.0,14714.0,264.3451732418282,577.0201374464099,1.0254317339124168,-1.5517203381662448
11390,531.0,14688.0,34.071732682541224,66.7430085815969,1.3758264735579928,1.3120786591260478
11391,9671.0,3731.0,71.8373788612135,345.2641055978116,0.9523235542642267,1.5257146684067457
11392,23343.0,11589.0,24.58658114617231,736.7769679895356,0.9437701433502865,-1.5825404778594598
11393,45334.0,10575.0,63781360.91367158,63781360.91555416,1.7685224180924148,1.5635845528710455
11394,629.0,4490.0,75.26468245183966,9927.472416709003,0.37049780031932633,2.2259581002040707
11395,31574.0,12648.0,14.880692790960657,34.500442495966155,0.4329880519118058,1.5629236534276822
11396,43081.0,8646.0,851.7958949954198,4398.375824787441,1.0038154579142184,-1.595588542751475
11397,37631.0,14765.0,13.207141794397954,61.98329544309715,2.135702607313353,-1.5635885709045778
11400,17109.0,12179.0,11.07568436966475,116.56305723843724,1.3994498110465436,1.5425175100962671
11401,37044.0,13926.0,40.378546107010195,4400.347496025688,1.0117914883572365,-1.6038660959324085
11403,8612.0,12725.0,9.969432203170228,242.05208629689048,0.43954749615308963,1.5999263154655017
11404,2867.0,4894.0,33.31533933847226,262.34503508424825,1.213609981088747,-1.5815276799482574
11405,2691.0,7877.0,13.461818617089072,130.17526181973454,1.2972269098034654,1.6183827598153506
11406,17803.0,5848.0,653.2293792840461,14555.577535818786,0.9594748416769938,-1.674434208002365
11408,3154.0,11226.0,28.297755399952184,35.92026455079458,1.3137127163276792,1.4985035136810898
11410,18448.0,14264.0,160.9147314252005,7982.095768897746,0.43476390434596507,1.5725616326820118
11411,29767.0,7167.0,11.450571925292461,149.97186343061384,0.4218667701948311,1.570713405280965
11412,5533.0,10022.0,15.223699174352786,58.475851714615914,1.2384560454079252,1.572428385004055
11413,12266.0,6048.0,61.312417747800296,3339.474779446502,0.42358160494372055,-1.5418019506778482
11415,7328.0,6123.0,74.928436356572,4086.7082966324188,0.969189697418644,1.6328773107293002
11417,6024.0,9197.0,12.023854291923538,63.31948206879009,1.2540795622073648,-1.6015043324344913
11418,61198.0,198.0,63781360.913671404,63781360.91368048,1.7362497559147712,1.6289618431282709
11421,45847.0,12064.0,48.18041535194108,109.68892600180631,0.9503188000493259,1.55718897717078
11423,38215.0,2198.0,307.0764379605484,68113.32708395548,0.9826365324864176,-1.5829643977697343
11426,47220.0,12992.0,604.7360466342685,7838.005537730623,1.0229767014842541,-1.5758189050659117
11428,44036.0,14695.0,15.630508191615876,47.11547085480637,0.9336759161200255,-1.560078931422451
11429,10439.0,11120.0,433.2947329747252,4135.077348060644,2.307880797795828,-1.5981612596042314
11430,34354.0,12294.0,16.644275818461573,192.95345526578478,0.4208558041526392,-1.5712554743188294
11433,40682.0,1948.0,27.92479412362593,407.47610058136274,0.9777918068857916,1.559277067987521
11434,1027.0,15212.0,12.251828973910268,18.232489858413395,0.9955373543058053,1.5416440908601994
11435,33838.0,1050.0,100.85656126017959,25167.75045545121,0.9592481621469401,1.5815944865526246
11436,48468.0,194.0,6.744223881477079,103.69745658760273,1.7342210097777397,1.571156121235478
11442,4531.0,13869.0,79.72453720567181,801.5946042030415,1.1292082211636134,-1.7365738078031694
11443,21478.0,14861.0,76.83418791932743,88.21832626312242,0.4104844558785693,0.008325583227666663
11445,2226.0,14926.0,57.2561166816862,590.489042558876,0.45440857614854996,-1.3279763003936176
11448,17195.0,14748.0,36.89831603319296,961.7989073945629,0.9199581156555564,1.6178326093346542
11449,2808.0,13030.0,99.71550967886004,917.8356559190045,1.3946278392993352,-1.5234819718935122
11450,36902.0,14452.0,12.93066370262184,39.284217635244694,1.0131985683037654,-1.5754380765056284
11451,25316.0,12816.0,725.8807837134634,23325.500435233575,0.41181975105466184,1.5693865766894397
11453,9534.0,1991.0,15.17378054583675,284.31947869507775,1.030347845521179,-1.562801218727625
11459,43204.0,4428.0,241.3794292402047,6092.849061568425,0.9900968304571799,1.571834309304443
11460,48008.0,14809.0,41.719594791552375,103.5255590819663,0.9316381224149026,1.567645148705687
11461,4715.0,507.0,45.348400168710945,445.9610896394767,1.1099502909593557,1.3814189344155232
11463,23642.0,7902.0,79.74016705715279,277.0244836175696,0.9445151812587784,-1.5187593240230015
11465,8719.0,8524.0,387.3145535707109,16125.04965305734,1.3841866956136721,-1.5179544021609659
11467,1618.0,12768.0,8.301445127870878,30.439099461883206,0.7777092157597454,-1.4163527149606667
11469,31744.0,14496.0,24.60583220364617,493.3793347937408,0.9535849348879561,1.572283653453701
11470,4797.0,1353.0,45.49377271984758,213.62047210357878,0.9706514945042435,1.8673539098496708
11471,28872.0,9780.0,312.7311341970841,2663.412198329644,1.0100574714772432,1.5747674766782782
11472,14121.0,14697.0,9.815482902834049,31.272852013504853,1.0066664601938626,1.6894071840895903
11473,47256.0,9365.0,30.276697520443793,820.6583433413829,1.2748952259044344,1.5639868714228196
11474,11031.0,13390.0,185.93129543068702,6229.28009106288,1.2133487533966962,-1.599960256537275
11475,23111.0,12882.0,100.92355938691522,207.33620852585102,1.237337580155142,1.5980722948636248
11476,3117.0,12667.0,99.80260699055222,155.9879363045006,0.3912066659257033,-1.5082138204910387
11477,6711.0,14611.0,50.792311737891666,258.96053152480033,0.41496522190091556,-1.5119365219882404
11478,681.0,3385.0,80.37315501806822,131.8698742881657,1.0827146225273767,2.4372271065882285
11480,12240.0,12087.0,9.196390439294028,69.84348445153404,0.42852982078182633,1.5676996247875394
11481,9469.0,14728.0,39.98419190779016,50.85501264812044,1.2305073084505347,-1.6103668906401094
11482,624.0,9096.0,3.9662576174687296,26.16937620400436,1.4709649755309053,-1.3835495427868338
11484,33785.0,2670.0,942.0634221411815,86651.65194615813,1.1002192060133051,1.5810575684550092
11485,6293.0,1120.0,30.879992616784058,136.92225773176904,1.0066308537924642,-1.5158728315789467
11486,42710.0,192.0,19.014091651117788,2755.5446456774475,1.7353817713345605,1.5703239741773205
11487,1056.0,7312.0,28.542319414216053,387.00245824546914,0.38596505895484123,1.6485278576989872
11488,26836.0,3743.0,69.83696933137354,897.9350293185852,1.0099536087640761,-1.5639646484788625
11489,486.0,11708.0,84.9639427803878,28242.47587403442,0.19647402023017732,-1.839794465115754
11490,20193.0,868.0,23.306478105753143,137.31832838889318,1.0726919805379531,-1.5747717678262592
11492,30531.0,13671.0,52.52122667012329,3409.5058170397856,0.4221511508684066,-1.5586713506263405
11494,47236.0,12335.0,4.48214652899594,22.670968846149655,1.0635418903576488,1.5824902798360772
11496,10948.0,12069.0,253.9765004225154,6039.577831847663,1.259188069500811,1.5325553652492523
11497,7651.0,13159.0,19.139672798768782,48.99871373256245,0.9889013576756724,1.5683685231216815
11498,7958.0,12840.0,277.75989035265206,864.8279163509228,0.41357958640956044,1.5387304171389167
11501,17915.0,15175.0,447.6395227351012,490.07511980499925,0.9581837891341046,2.8506669914867993
11502,1575.0,773.0,19.063867614863653,155.1330492268951,2.2879183448315374,1.503991514237767
11503,37137.0,753.0,127.21627920290555,31973.100442697898,1.4132214356689188,-1.5830037009306728
11504,26919.0,9146.0,149.48556701088026,761.9383736637477,0.44611281199397257,1.5543303620461781
11505,11284.0,14680.0,19.013846834567623,30.339351623571723,0.9602193429534862,-1.5550063816634
11506,29904.0,13647.0,175.3178702405795,41278.00261612471,0.9935791233271983,-1.5525556899227098
11507,38959.0,1776.0,152.89175894548507,7863.7205303133605,1.088587045053347,1.5799539759701815
11508,16994.0,1615.0,16.80451491664145,230.34867063725582,0.41777316827111655,-1.5805141023647489
11510,43997.0,7640.0,63781363.000474826,63781370.19401435,0.9310496935251913,-1.5444611057474416
11513,19737.0,13042.0,9.315343607543047,23.239813026094637,1.3623427338625407,1.5677868273011526
11514,15698.0,8732.0,54.4997847927411,232.23398948779626,0.9399278308752426,-1.5609663527502902
11515,48311.0,11082.0,3.7662870898582987,40.949062648809445,1.0565710523973049,-1.5458272179837829
11516,671.0,691.0,44.39660946587938,227.6033107015239,1.076067770477449,-1.2957840125615945
11517,18122.0,8176.0,36.660517864870535,3390.0788280127367,0.37795267932151766,1.5622693034977138
11520,1719.0,14917.0,13.646336702982474,15.701076990662369,1.3465465703608124,0.09856868635869204
11521,1541.0,14699.0,63781360.91367136,63781360.91367162,1.8444033205084782,-3.026535380479677
11522,6747.0,12102.0,117.12402602172492,3123.634886412275,1.3855664997062827,1.6315491444608186
11523,32249.0,8351.0,48.26441018970796,7647.679120818756,0.425628599374802,1.56919705032757
11528,10381.0,11864.0,685.729652774773,2751.105342495627,0.9868538082475906,-1.4471284641709474
11529,29335.0,1278.0,386.49593708558115,29749.371223566606,0.9387762460018543,-1.5727648114850787
11530,14568.0,8226.0,2204.8814799451266,17692.220976765155,1.289861653166687,1.5984812191680073
11531,40882.0,160.0,122.56648358094783,532.1149441134177,1.0885592945749267,-1.5743724901645062
11533,11216.0,13942.0,5.6350031675424255,15.992972471754728,1.2301462855106315,-1.5690222131975589
11534,12962.0,10322.0,5.805351518895351,27.13531715914283,1.0424004313218125,1.5778148292094056
11535,3248.0,6787.0,37.82278900461593,134.64709968816086,2.3592891001588288,-1.4409256679654596
11536,47020.0,7555.0,37.27672667508378,246.79546735118322,2.0442297550591464,-1.6069668538953708
11537,3261.0,3655.0,58.78312026608765,128.13609394780036,1.0889963568661054,1.3255866253443442
11538,32690.0,14573.0,191.77166243576175,1291.315320651564,0.9541148864925698,-1.6031491989332403
11539,17406.0,12611.0,14.486772579201887,41.05453765768576,1.053984399549558,1.5656719791098301
11540,4463.0,14805.0,20.051921625346907,23.934297246103895,0.445143624700135,1.53075799792827
11543,9632.0,6670.0,69.45080337239852,483.0942034499956,1.2397532997720893,-1.6063790891543688
11544,19845.0,7999.0,54.961386000987275,1154.217497224328,0.9108319174163542,1.5706277735378886
11546,23682.0,10485.0,145.6636846895682,19480.376658083427,0.42895686419263584,1.5898451830244198
11548,802.0,12462.0,15.309881406397071,116.99546698327056,1.4008819923057434,1.593956525773948
11549,20149.0,12328.0,82.49876539187731,173.81510152512695,1.3774283330233208,-1.5376569714134025
11550,1114.0,6032.0,36.678355442625985,899.5012367703594,1.068858647442646,-1.7218956868972373
11552,49041.0,13674.0,22.13318391135967,31.10760041074502,1.0116212935474092,-1.5837748192326662
11554,2824.0,16558.0,3387.7367698888165,6203.806653506734,0.47953592717447047,1.3390759646615626
11555,24725.0,7264.0,15.208681056397506,104.98596330442284,1.1667826807587962,1.5753432506129512
11560,33466.0,2792.0,65.57310371336247,911.2601986211328,1.8828731043860731,-1.5578971018861263
11561,23511.0,1262.0,26.492586151684403,293.4854102855895,0.41842878420197394,-1.577477243135038
11562,3691.0,10085.0,7.840754888336418,41.43162469787923,0.4569587348290506,1.5459702020424402
11563,2506.0,8151.0,31.274304247698343,202.49312134599157,1.2206866754473085,1.5067795616156192
11564,8796.0,14772.0,110.65397539479746,159.44109493198735,1.3129460774256756,-1.3889455952627656
11565,53325.0,14088.0,77.06577898898314,12321.76765084575,0.9795165428098407,-1.5784074465953657
11567,83.0,15068.0,17.03288141470736,19.108133133207833,0.4187938736096943,2.5559901335398187
11568,11098.0,15055.0,28.23147314770152,48.96669035665992,1.2759349657503145,-1.390534098808669
11569,52238.0,196.0,4.853879565101127,129.39780937828093,1.7407562824327738,-1.570831947006307
11571,4468.0,13461.0,53.0279205929494,223.51486155621257,0.9352562669378334,-1.3566377800458782
11572,28390.0,14175.0,162.52915382472926,4518.190728268734,1.0874574274714333,1.5725851046606285
11574,24443.0,6790.0,123.16664920610587,63039.689805199174,1.0998463022769775,1.5759390392373207
11577,13053.0,11889.0,22.375141035130692,88.35709826706078,0.39676061423020115,-1.5928617405435213
11578,11939.0,14920.0,692.5981812253513,950.2743451342,1.2515765943977166,0.15808531053387267
11580,12450.0,5859.0,118.51173482841021,2686.5595378820753,1.2021889678319726,-1.5309585663731062
11581,13671.0,8205.0,431.35768069874274,25739.45162533203,0.3991844452265392,1.5467168733771537
11582,13046.0,6369.0,141.43404589009072,9519.413837989672,1.3075217882954002,-1.5786039211433107
11583,1626.0,4112.0,99.51973513377101,369.86911686947303,1.2169480823675092,-1.2909224909826706
11584,61198.0,198.0,63781360.91367142,63781360.91368048,1.7362497559147712,1.5126228033237978
11585,43833.0,193.0,8.575217101049692,457.6895008919286,1.7340000719230995,-1.5709948049932996
11587,38197.0,14597.0,352.3891287937371,443.7436788380569,0.9596335854415677,0.04028573899767581
11589,22896.0,5683.0,421.11643142821544,116932.73844657517,0.4033848201507902,1.5906343161946817
11590,18078.0,7540.0,506582.9379843293,3285930.0405785837,0.9508930797442156,1.318060332567706
11591,11475.0,14545.0,31.10643448424822,111.68886974763433,0.37703332880142637,1.577751896646139
11593,21141.0,12817.0,77.0772308326987,164.95737948195298,0.9594363691342532,1.527472319678886
11594,47383.0,13901.0,55.385759926957164,23284.511813485744,0.9729250730151112,-1.5607235501591685
11595,1129.0,14502.0,139.5073514593287,9078.338693247402,0.17910241573827745,2.133350445123228
11596,25749.0,405.0,185.045990957228,23016.06720826091,0.4215465378543,-1.5622019472905195
11597,3507.0,3812.0,176.82963016962955,2480.6041913586023,1.2232768376899295,-1.5540988441793038
11599,16117.0,3152.0,21.05236679187715,156.4611453258706,0.9607421263972569,-1.517882792419094
11600,1059.0,14964.0,54.29885499472575,244.34028701711256,0.9891107074310568,-2.1258294523571344
11602,24121.0,12398.0,4054.6115705384286,448479.43284318753,0.9750224275766178,-1.5985634751840023
11604,2417.0,14197.0,20.52208420165243,48.91269548413338,0.41532021437022437,-1.5880549495652467
11605,57490.0,15082.0,383.65669690588487,21672.816984539822,1.4347999529601871,-1.6181685860592627
11606,1868.0,8678.0,11.693251390310122,57.32599327194966,0.4228382005854869,-1.3277578612863568
11610,27053.0,13912.0,134.89321422735978,5852.202491441733,0.9915010836215186,1.5379783236206708
11613,46362.0,12756.0,5.386171844654322,27.59713684693597,1.0700515740725933,1.5578891075645898
11615,11435.0,4266.0,34.82386280231712,789.2552532794928,1.0920675661088262,-1.5511267847722614
11616,562.0,14243.0,12.088468394218966,38.10654501819931,0.43743154259730904,-1.839193757213732
11617,20371.0,10588.0,7.146482270779123,557.8433416018346,1.8117218670148447,-1.5979541841525426
11619,22638.0,3952.0,46.62941815522132,7330.096724844088,1.9616635666115207,-1.5664864697783578
11622,631.0,13136.0,24.893170139540075,563.724353793931,0.439469656140168,1.749625757975403
11623,509.0,12607.0,20.413774854148397,548.7007476958989,0.9889561656360797,2.0774337773621956
11624,2333.0,11995.0,6.994783373839877,31.21312988061283,1.294956440315243,1.5525832837984446
11625,12939.0,10365.0,8.000231505582047,70.79270653257358,1.0532125958733225,1.5647270117233774
11627,15787.0,10753.0,9.679297826241715,41.87879819107013,1.3833046779864635,1.5791118556116819
11628,51477.0,14496.0,11.360036897708722,257.0423960157753,2.856223027855301,-1.6021129660612956
11629,16069.0,13099.0,654.3663457643295,4342.115531735751,1.0259640775143044,-1.6377619321995631
11631,125.0,14947.0,5.37159779903833,9.459589416929012,1.4522388559340191,-2.2467430119546457
11632,3965.0,12811.0,12.263341136414892,72.73340541731127,1.3078355724186645,1.5246922097764275
11633,8327.0,4504.0,5.5788109424266645,43.341596202966905,1.0712072111907762,-1.4447184648714728
11634,4957.0,15205.0,6.788995005221097,7.559412109896978,1.6931280516007214,-2.9731182136861465
11636,26346.0,5773.0,210.99626424484467,212999.64576946673,0.9692014647601093,-1.506295359554509
11637,303.0,10834.0,77.45577735759323,773.16595394178,1.0172386178206134,0.4622272495486237
11638,14380.0,15208.0,3.8041268312267205,4.466557782956258,1.6044024141576885,-3.0335217459188493
11639,6921.0,13013.0,28.512875206618325,73.72002196203778,1.0985082053091326,-1.5955174749760428
11646,17065.0,13988.0,76.96472109978957,1236.4063737322908,1.0252166510729928,1.564750015334818
11648,32154.0,13176.0,303.667224144822,1017.9594279605056,1.0250497229869755,-1.5299343674422496
11649,47106.0,193.0,24.03209211573733,7077.468756725271,1.7336328859840298,1.571702667274225
11650,61019.0,199.0,63781360.91367141,63781360.91367612,1.7362497559147712,-1.5701703504509472
11651,46902.0,15276.0,8.016961265720242,29.5103450777779,2.4331727432180172,-1.5555097649391083
11654,23563.0,12759.0,89.81304837351533,286.0704828429318,1.114452611737695,1.558399236933184
11655,25276.0,12716.0,329.47711221798795,4028.690154116065,1.171271199812585,1.5601804302096158
11657,18799.0,6709.0,6.531229928266917,56.750514057847624,0.5722409153600723,1.5789138748035059
11658,48493.0,12186.0,95.11371627376374,34787.96365548553,0.9181517269337961,-1.5853105143362358
11659,42629.0,192.0,25.019756254416272,5361.030248484113,1.7353817713345605,1.5700498837586891
11660,10729.0,15173.0,4.902553669132322,5.03086650354879,1.0854453911465844,-1.875527792912952
11661,752.0,14860.0,15.200766251463799,15.453116476946365,0.42326867882559555,1.6710201171937142
11662,5678.0,15038.0,18.586540150871492,29.4646333099164,2.126188726316374,-1.800511316481183
11664,43947.0,192.0,7.4398881073876275,322.5109739188318,1.7336328859840298,1.5708447694015244
11665,26185.0,13864.0,60.59953523711504,308.2339031320143,0.401144967733964,1.576222701485581
11666,196.0,15006.0,4.9674836895528225,6.296130379979792,1.5202176878227691,0.0684420600113785
11667,28500.0,14133.0,38.80614848926999,1543.3879378254628,0.99137972948033,-1.5862470919235057
11668,61014.0,198.0,63781360.91367142,63781360.91368697,1.7362497559147712,1.5704162839873217
11669,1731.0,14775.0,32.99511062705833,93.6380064289693,1.4347999529601871,-1.607536128200805
11670,5184.0,14272.0,22.776056488217908,45.978936837727574,1.3183060784659884,-1.4591865642188664
11671,24123.0,4879.0,245.1705898649493,20972.137457074943,0.9917629964562239,1.634848623039084
11673,27499.0,13525.0,63781363.0000001,63781363.00000338,1.1333506755308855,-1.6249655246454977
11674,6736.0,3501.0,79.84414444255664,492.99853345635154,0.398273820835108,1.5967551523928336
11675,30747.0,2520.0,83.95419707381461,412.1341792460126,1.118148494245351,-1.5742916437341476
11676,15154.0,1826.0,253.97587426133134,22626.235299800715,0.970928406827182,1.5304131186017391
11677,18259.0,920.0,17.088731676885228,686.0905909535119,0.4325909510087248,-1.5763607971587414
11678,43602.0,192.0,7.475195557123708,184.09168967450728,1.7353817713345605,1.57135341614807
11679,66012.0,11308.0,70.80551659694945,549.9307953512161,1.0910642312720031,1.5582476171572541
11680,12053.0,1604.0,7.100476939685983,47.751564788216506,1.2397319167147276,-1.5831728005768502
11681,32532.0,10694.0,63781360.91367148,63781360.91381185,1.7685224180924148,-1.5609231591461747
11682,4097.0,3509.0,78.9413781989229,19233.049081343568,1.2269693069073144,1.573887982406173
11683,17583.0,14797.0,4.157865088544148,12.629017637936698,1.0988037268564208,1.5699447266512623
11685,3137.0,4494.0,5.725271630602306,48.688741589753626,1.0712072111907762,1.2701743634821139
11686,404.0,14951.0,36.61020605395862,99.64139468557701,1.2783169707997177,1.5743912490061236
11687,14298.0,7712.0,16.5878641891128,59.61701773968085,1.2832505585807237,1.5822935331190722
11688,1006.0,13592.0,14.504115767706507,149.66527428454944,1.348274284630217,-1.736302960087739
11690,20680.0,8002.0,41.83688878344319,175.5324457878645,0.9791843841270021,-1.5159712002715582
11692,1595.0,5313.0,125.05797584702309,1969.4400493470525,1.0551862238701597,1.7566801732981896
11696,9157.0,14204.0,82.2075529784344,234.23443226404956,1.3865466960582868,1.6009448478623025
11698,8996.0,14982.0,32.716729555388966,207.6584417111484,1.2348198821777348,1.5671457878907802
11699,18873.0,8178.0,22.600500629950474,199.9487934699223,0.8934973840996473,-1.5966047024545935
11700,31745.0,12426.0,50.13723800220321,30629.175875089957,0.4118178810160551,-1.5608400113478929
11701,48355.0,13360.0,66.16348699377772,7134.077651012013,1.1049038412059493,1.560166341968675
11702,14911.0,15169.0,63781363.000000775,63781363.00016916,1.0855152976942828,1.7055641250425562
11703,14279.0,13718.0,45.82956093354351,178.91803188655902,0.39091910513679196,1.590432770189431
11704,36702.0,9193.0,75.113201607964,5795.251828227942,1.9192664043679522,-1.5777991647180933
11706,47129.0,13062.0,15.317118714722145,132.42665477423017,1.0239912489721812,-1.5804656254948017
11707,2831.0,15207.0,3.705751172780636,5.900751209985642,1.6044024141576885,-0.3022682165621701
11708,25447.0,5921.0,45.51904561321909,116.3419011291389,1.2721913548902521,-1.5627939347513629
11709,39945.0,10437.0,6.551762673399142,36.06206046887099,1.2954227118528192,-1.572295443913805
11710,4958.0,14896.0,82.94989260200377,131.02949740131888,0.38321645402304944,3.0700193789822334
11712,5763.0,13863.0,60.02125229470653,151.46069876951202,1.2996302966272395,1.5635164504003567
11713,61573.0,199.0,63781360.91367145,63781360.913886294,1.7362497559147712,-1.57097879828125
11714,20125.0,8684.0,15.715272682060835,142.01768405696077,0.38759058665686824,1.5574149617391335
11716,13945.0,15053.0,6.623265270766554,21.80830599309888,2.1875926593071564,1.5568488522066686
11717,18768.0,11694.0,3.7849432930443636,15.945434644559134,2.2449421170720445,-1.6695534839770667
11718,16900.0,12907.0,10.436716789397982,32.79664989412129,0.47270243951683133,1.5658577899490638
11719,2265.0,14894.0,140.87675764382345,256.70725836918484,0.4003469253443923,1.6199066575863188
11720,25003.0,5851.0,62.15860059828208,251.20295662631298,1.0795516965026435,-1.5485071355120477
11722,48074.0,7397.0,93.36682573693878,3136.1519865462437,1.0116500976452367,1.5816582888792943
11724,26680.0,13430.0,352.10582497417954,26541.427492864732,0.9346946571783834,1.6134550144607926
11729,31439.0,5253.0,295.56501810377944,70512.71346939978,1.2355254987826243,1.5805007938938278
11732,61523.0,12540.0,31.03873330539135,5950.049479264019,1.0027157988460906,-1.5661405669990918
11734,28622.0,4136.0,128.41379302689273,1391.6806591060397,1.0155554061935907,-1.5802574951116828
11737,9297.0,10523.0,8.241545360009846,745.2873732843434,1.8117218670148447,-1.6789686521578666
11739,1290.0,14988.0,29.587609790206,91.64262337175775,0.42909383584760175,1.7710630275576462
11740,7134.0,14812.0,34.52194702748253,217.66178353837867,0.43310390105763114,-1.6119682910434023
11741,12086.0,2457.0,159.34522471983993,15356.188599640289,1.1232319112081113,-1.5674957772259333
11742,25975.0,12354.0,58.54829458411376,173.67896174035462,0.9269519685886505,1.575188486478149
11743,32281.0,5778.0,277.44125975721306,15096.835183321185,0.9761905480873765,-1.5201367199945173
11744,53599.0,13722.0,73.02758314082,329.91052826476084,1.1046561267603168,-1.5723309137446138
11748,8108.0,8929.0,14.502551821574077,197.64306814748116,1.0040542057521582,1.5392420292734004
11749,51134.0,195.0,12.751852235690194,1989.3124767829847,1.741829047456339,-1.571351218795163
11750,3510.0,991.0,9.548103036434838,29.115890604026198,0.9997328514128014,1.5320269024808346
11752,16926.0,13651.0,4215.240831416602,30414.788299451666,1.232887084451127,-1.765995029661057
11753,5883.0,11597.0,204.1920668648252,4654.057468164254,1.1609438430802241,1.63343245147027
11754,28167.0,14269.0,27.417865480509967,266.95832235609254,0.4282957420930405,-1.5688655687503927
11755,1970.0,14851.0,19.758664649673197,30.567370115156137,0.9635114219908433,1.6478941525827762
11756,4299.0,11902.0,36.5279732424264,364.8895621541977,1.2140415114481296,1.2554249857341027
11758,408.0,237.0,73.88080315353392,2741.7891017240386,1.0682643059213168,2.4976120396457384
11759,25678.0,704.0,8.951159177413887,49.89813676130721,2.552989031342573,-1.5942964702963087
11760,36247.0,11073.0,30.701100895866823,199.11565084679475,1.8339652553052155,-1.5633136666749154
11761,60399.0,199.0,63781360.91367142,63781360.91367432,1.7362497559147712,-1.5693076210177765
11763,19993.0,13138.0,36.247239406315714,380.88749738794985,0.4119811836729453,1.5960456656490623
11764,4751.0,7208.0,5.199767538632995,13.799649993629489,1.5043949267545091,1.536929223741368
11765,13029.0,11568.0,10.866912952215039,45.41883137161361,0.40540959914166674,1.5722939863894008
11767,24449.0,14997.0,9.818182792036076,10.615051884750555,1.4046906232680458,-1.6870080427705882
11769,28332.0,14354.0,139.85813353880098,377.467000173357,0.42974804954132173,-1.561094898962126
11770,13114.0,12529.0,20536.43929420856,76616.62299199685,0.6428967259304075,1.4393027141415051
11772,5364.0,14736.0,8.477728074961094,13.779863128116183,0.534566729505882,1.565335767591721
11773,60519.0,199.0,63781360.913671404,63781360.91367908,1.7362497559147712,-1.5714938060603074
11774,16505.0,14881.0,88.79454374714,896.9552530421423,1.6381104445385049,1.5988651698516418
11775,60071.0,10870.0,4.865712716907791,16.384028872540906,1.646137701374287,1.5783489753928845
11778,5422.0,10083.0,3645.0497790272866,122195.29542233313,0.444744474654305,-1.5040477276834792
11779,1485.0,9294.0,8.91918664789849,26.987802881015533,2.5403080585347384,1.3557511186564195
11780,6047.0,13880.0,169.10918875284545,327.28208098105864,1.1946996358061552,-1.4032502703336978
11781,35788.0,10491.0,76.4847507310577,21339.487352355438,0.401079275437383,-1.5798696085103912
11786,1884.0,5366.0,14.583341705998775,65.90161016575287,0.4862047343632703,1.4876646706230352
11787,12202.0,6729.0,16.408407344128328,1089.4712358314157,1.350984829822997,1.5598721451219613
11788,467.0,14973.0,32.0549235380713,32.337601246620025,0.9884335081186761,-0.8713986742244472
11789,46273.0,14138.0,199.5390836738155,33247.66195949137,1.956728470188546,1.5299815106057724
11790,776.0,14342.0,418.8674338241684,801.1628257639345,2.124929613180868,2.831975728947071
11792,1404.0,14989.0,131.67204987425524,426.4168128752824,1.033998716733711,0.9613241916184047
11793,25749.0,5215.0,43.407869980292816,1298.9737982889021,0.4086382070786234,-1.5808965001940285
11794,39369.0,8558.0,32.32270812206105,145.7235276710344,1.2971717489158303,-1.5470413379857748
11795,2060.0,7464.0,195.42994577042228,949.1182107888479,0.9309797869774928,1.4178606016332385
11797,16720.0,13206.0,19.771348894592684,130.87666318442464,1.2820740174547252,-1.5711250440247833
11798,9926.0,10206.0,48.32143228842922,103.96406258930391,1.2285037581023024,1.6007782510332014
11799,12467.0,6046.0,12.517414545373395,153.64431054030976,1.2481370799728897,-1.5742870571183694
11802,16841.0,12580.0,67726.49246418988,234301.837997895,3.025368237026817,1.523249159159251
11803,60454.0,199.0,63781360.91367142,63781360.91367617,1.7362497559147712,-1.5717635621705288
11804,28990.0,8604.0,22.6468739825397,288.2820014885073,1.2949900184902488,1.580516401155052
11805,10995.0,14740.0,68.81638735823398,570.6025847502281,0.9483154692727241,-1.6388777821275315
11807,22350.0,2996.0,69.38491797692576,435.52751800990217,0.42984718463975774,-1.5814148252172897
11808,33140.0,2257.0,102.23370045101655,1191.0958722777427,1.2787190090821918,-1.5652755185571714
11809,50273.0,15207.0,63781360.9136723,63781360.91382058,1.8362422795285522,-1.5934204696158956
11810,36057.0,13598.0,14.07529664955929,59.497896386421274,1.4955496036580598,1.5692586329418818
11813,23834.0,3344.0,43.81389930503824,143.4295534336657,0.9842028449924849,-1.5989642286052088
11814,14153.0,9482.0,15.32042578781433,83.68076364917968,1.36923853094232,1.5464826766601851
11819,4526.0,5861.0,217.57547260109638,1986.369850511328,1.1120060759210844,-1.376487960713671
11820,723.0,3780.0,28.326274241939643,2393.3829301114183,0.3295003964396672,1.5481435926497067
11821,26769.0,13003.0,248.23262282880822,13258.772961221985,0.4092360220236164,1.5894647368635078
11823,16414.0,15945.0,3783.500671613016,18645.904525263053,0.97075154756154,-1.4005390263551325
11824,23568.0,2351.0,44.6191809742574,887.2082304317661,1.108189898889593,1.5611671264214522
11826,42203.0,1584.0,21.853028495595805,444.87304885704793,1.1414015689259285,1.5721062835143937
11827,23717.0,7513.0,269.034636540871,7136.728922683153,0.9333611545798178,1.5877868918331755
11829,3813.0,9058.0,26.575034053009535,86.38019940332383,1.3191580899596231,-1.623276313152893
11830,7494.0,1945.0,56.754583361121604,234.34531911871753,1.009407264531903,-1.6312173636589122
11831,24151.0,15062.0,63781363.000000075,63781363.000000075,1.2759349657503145,-1.6504970354600004
11833,8391.0,4935.0,186.50787626123378,1055.7581154152856,1.0268813347867294,-1.5720114172439592
11834,35361.0,5797.0,375.67855805385096,76428.59791545919,0.9761905480873765,-1.5120421331281428
11835,12645.0,14784.0,29.0223540688407,55.205931840184036,0.9734854936217983,1.578023817690203
11836,29450.0,11376.0,19.648043116778382,153.21882082740973,0.41581957411536913,1.5723559683736854
11838,7403.0,13728.0,13.736927276788277,45.34717922493983,0.55060535220774,1.5729129577557988
11840,39711.0,12822.0,16.632446407228482,56.71746533112744,1.1038976357146135,-1.5355522892836024
11843,34034.0,274.0,67.041196448968,322.76695817664313,1.062101244463738,-1.543565663053962
11845,11386.0,13924.0,14.098672082143862,36.51733072460768,1.457567540485208,1.578733654190955
11846,4425.0,2635.0,69.8645364768239,1007.4095583112701,0.950882996685552,-1.60261966355514
11847,35311.0,11761.0,153.12546232533614,29399.57626396104,0.420110273922398,1.5595658604944398
11848,8953.0,2347.0,51.509727063930896,97.93674530862118,1.095620550292943,1.693929028647017
11852,18702.0,13107.0,34.4305226006792,80.84564342714089,1.27155820725415,-1.5562499163875865
11853,43793.0,192.0,6.538244620088526,160.36970532088355,1.7336328859840298,1.5706622285982068
11854,33729.0,8578.0,18.877744274843838,2183.0865777988465,0.39473476060038903,1.5770296593075752
11858,25567.0,14944.0,2.5910163587921335,3.821300211973102,2.208446685009918,1.5964620184170346
11860,27097.0,12372.0,67.42062441564465,343.0822538705687,0.9745245436343786,1.5724351931512761
11862,3563.0,7729.0,846.7223759834071,34618.08152182471,0.4180457075673348,-1.7057251434051877
11863,1716.0,3505.0,15.710145140846649,102.9907718773026,1.334955884341804,-1.5833977294804376
11865,31712.0,13055.0,12.671812568835323,53.852000879767246,1.1125760029345246,1.5708764107960724
11867,31079.0,14950.0,205.5827991345227,1001.3346377381816,1.4025294115257185,1.5687494654718042
11868,11618.0,11990.0,25.697343325945326,206.6013744301879,1.0899233451837445,1.5820617965723267
11869,1115.0,9709.0,13.44970241248006,21.61105115933776,1.3370458621445636,1.5156635143079789
11872,5411.0,14068.0,35.66246912065801,38.969444372864096,1.052150514812441,3.121200855171085
11873,48561.0,194.0,7.379112825112906,199.0702529142167,1.7342210097777397,1.5703980021322577
11874,8919.0,14629.0,63781363.000000015,63781363.000000134,1.8968296012309318,-1.6057639479824173
11876,802.0,14497.0,687.915965926143,906.1805568822907,1.3461220767493907,2.8243415715941067
11878,8910.0,14780.0,14.01315749603197,1132.487657280695,1.2977551770024844,-1.5609502813361968
11879,11574.0,5685.0,62.44598838883227,395.73486008477727,1.003837943765979,-1.65941775534777
11880,2979.0,10379.0,390.1998750913231,5841.292422304084,0.40229514102394026,-1.621127724268641
11882,13806.0,10346.0,5.76347253831151,42.795774333631584,1.0424004313218125,-1.5705277148522014
11886,47134.0,193.0,24.69249502309008,7511.244671497481,1.7336328859840298,1.5700081035945281
11887,12715.0,15039.0,144.3380416769522,622.2991677424042,0.43177047665474116,1.5613285867156013
11888,3577.0,14234.0,16.69402042394419,117.99702332996306,0.4193784099558897,1.5268723915233184
11891,2025.0,14501.0,72.6156035457543,169.07507410554896,0.4462322148861032,1.699793485501635
11892,10492.0,14315.0,391.17834379077124,630.0259198119686,1.7601276832306683,1.515606632970939
11898,31718.0,4732.0,42.559389034335474,2032.6833099145208,1.045070369068706,1.580897209885366
11899,21591.0,7899.0,29.238898310192653,983.1559978001301,0.41188889299152576,-1.565355200372586
11900,5759.0,5214.0,54.42013798598718,2798.4177192231923,0.38517124945389436,-1.638466895229085
11901,6892.0,1933.0,8.892797103498744,189.52751795303695,0.9142252163173387,-1.5868555166763059
11902,27665.0,1780.0,79.04854845673815,4629.239535637114,0.4365005607386198,1.563779056897704
11903,34635.0,14959.0,63781360.91367135,63781360.91367136,2.2176881135501327,1.543112735919412
11904,1015.0,7350.0,47.32701704728745,10598.235714718601,0.3337272013143284,1.750223333504047
11905,16866.0,6932.0,466.25906730902517,113949.31560911224,1.0316926994445352,1.5345638524842473
11908,41124.0,14713.0,63781360.91367148,63781360.91367164,1.8444033205084782,-1.6117285511301278
11909,7004.0,8374.0,20.884878000918544,442.5078240753473,1.581654289615989,1.6489118570151933
11912,12516.0,4731.0,1256.570650484183,5964.815675946036,0.39905686885527347,-1.6037372167999275
11914,31467.0,8464.0,32.84476128250694,1123.5652873442946,1.581654289615989,-1.5970525189783333
11916,42647.0,10710.0,63781360.91367146,63781360.913757265,1.7685224180924148,-1.5610000152903323
11918,5015.0,7287.0,226.5049085958375,1895.7471728199885,0.9699604999353126,1.3972401546353117
11919,24699.0,14551.0,84.32997380208077,1189.1685114169716,1.0222772050477855,1.5521118467943276
11920,9673.0,14597.0,107.31866091701592,6220.00916954615,0.4215209094479029,1.5742511934567518
11922,8131.0,14882.0,117.00105704521074,135.48521562556158,1.153787974530104,-2.9772442501269385
11923,47907.0,14840.0,1305.9124025355927,8030.27442970853,1.9297433661148358,1.557132752132477
11924,30358.0,12644.0,4.789642302690612,17.49548959261195,1.50961482656327,1.5608003685301317
11925,32691.0,12202.0,228.83432469972274,20822.926795774507,0.41024364243195804,1.5626193332885214
11926,21699.0,14641.0,29.76865927595997,102.65848997672639,0.9226880997065626,-1.6018513332832833
11927,8637.0,7419.0,961.8527442986612,1706.161041754111,0.9773135958305775,-1.194500656218963
11928,18656.0,15029.0,3.5506137701161897,3.7303896161900507,2.2176740443123775,-2.944383605428298
11930,11577.0,6886.0,12.945529988162,128.0563869199086,1.395276478669838,-1.5718689811498334
11932,4822.0,13195.0,27.361271415337452,96.3626163295727,1.3162338845338768,-1.7255104319897698
11933,2706.0,1350.0,39.13669937824614,363.84875090762415,2.3158633228473366,-1.7343894203909045
11934,14376.0,14493.0,24.541661692039686,59.28024953124119,0.4314994857190777,1.5971835286714438
11935,15121.0,12044.0,12.291623209246282,105.34924092390455,1.6480477801177151,-1.5501475544760581
11936,34029.0,12827.0,28.810478824211497,5356.29070292411,0.4160250367340333,1.5592957421466533
11937,26357.0,10789.0,19.11193288942219,137.7910632517645,1.555552592407659,1.5814856327535216
11938,47257.0,6338.0,94.90356286008226,3720.7411201222503,1.3274715480306574,-1.571816287403925
11941,14453.0,13163.0,105.10289818266207,8247.032508064776,0.9833465514562691,1.547429247158045
11942,9710.0,15207.0,19.849918383913312,24.889260442042378,1.0971493594658757,-1.5943178082993295
11943,418.0,13166.0,53.391562591653376,115.8935556182138,0.948636862201541,-1.8726340719272672
11944,16915.0,5785.0,27.582155590959438,152.1050531866367,0.38114024975780003,1.5790971374813778
11947,14943.0,12231.0,137.37754014020507,4115.969706784731,0.4325017854238586,-1.562942284996632
11948,22870.0,14271.0,29.312183220993617,96.03316380346507,0.4282957420930405,1.5904874105504945
11950,1416.0,7991.0,10.432826874822478,60.01709749159737,1.3184586147371093,-1.5491809086279018
11951,44654.0,8516.0,63781363.000000685,63781363.00016535,0.9818491483761852,-1.5428182929832377
11954,841.0,15056.0,19.468869648788445,33.72260757463468,1.5364565242958772,-0.2935535611432365
11955,50168.0,7515.0,65.19326743738397,6839.668142641483,0.9279303753420323,-1.5668870208368522
11956,26566.0,11012.0,13.762900221497727,69.31159271476648,0.424290161562631,-1.5741915658244463
11959,52180.0,11971.0,125.61250588735965,3293.3743173061753,1.067303193214026,-1.6057136254634408
11960,515.0,15007.0,58.870229692952265,118.64357545471077,0.3916716081767818,1.4422350103736934
11961,44408.0,2843.0,37.72014674917638,6006.855414189478,1.1742441306636098,-1.5724390787647844
11962,25721.0,395.0,21.794034678652633,62.34329710712279,1.108769806035277,-1.57130923962509
11963,1328.0,14937.0,100.19576684688073,144.29129818005202,0.9348676502799276,2.2438432646690982
11964,6998.0,12934.0,44.403290239289916,335.63506121862196,1.023837148776095,-1.6459637530086924
11966,27344.0,5115.0,349.8381961429396,104568.01492249471,0.9339246277541269,-1.6240314147764472
11967,11868.0,673.0,72.86916207291657,887.8540241795259,1.191063740030989,-1.5587236328472276
11968,38971.0,10531.0,16.759178172538757,99.56808392398995,1.4077114114752964,1.5836133514308697
11969,54359.0,12660.0,4.752910629295548,15.602817816725759,1.586037117070486,-1.5954858611380793
11970,39556.0,11873.0,13.057624882854828,54.44722284188487,1.0677428817524277,1.5974350553992178
11971,16237.0,15200.0,63781360.913671404,63781360.91367143,1.8497199417784422,0.09322153919222301
11972,4901.0,4771.0,77.59592496623915,2817.2793533136432,1.5813233037204952,-1.4825870765284692
11973,42953.0,15092.0,67.56752278859395,112.20406953474287,0.9094952232147919,-1.566247041515897
11979,2757.0,4016.0,804.3109664617486,310622.0548418842,0.9172167648334848,-1.5577033098637512
11980,45646.0,13499.0,165.71621160986862,59056.777731848226,0.9767680151188864,1.5606909161032314
11981,4940.0,12502.0,46.26227265644212,87.49728172449089,2.0675771212625254,1.6029908706700948
11982,45702.0,9191.0,6.702296166370645,1477.9084042390102,1.6947218566711881,1.5388504937178256
11983,17070.0,15247.0,24.36126051287984,32.90174401250989,0.9170414112933145,1.5301564582390463
11984,338.0,14624.0,64.37236544907378,82.87098766999452,1.0742223542011318,-0.8497922072956298
11985,47355.0,193.0,25.828641302467933,8416.521049784646,1.7336328859840298,1.5713254626576907
11989,29749.0,11576.0,281.49775349993973,15122.612426583102,0.4274067672489658,1.564826685602942
11990,16979.0,9673.0,18450.674409326846,132002.84289866977,0.9593853273521831,-1.5140283112358341
11991,40357.0,2121.0,266.54257781159225,11514.525425762791,1.1137770781222842,-1.5686232132028024
11994,166.0,13496.0,126.36510699182271,7864.20397629674,0.3808772122288561,-1.9841410055650786
11995,8393.0,1190.0,116.81424526168264,457.4016023961095,0.9514416343274897,1.5727258215214512
11996,7432.0,5900.0,17.031717121307196,54.89448386423679,1.3342228795667899,-1.5605093215245036
11998,157.0,14975.0,8.916298584751033,15.808835217054991,0.2060127084292334,1.7357907922848643
12000,58169.0,12224.0,56.686599707050256,13585.201450212755,1.0422863262097377,1.568516573900354
12001,5291.0,13606.0,15.234434263574588,37.25658490833652,1.2795860467429763,-1.550927926071397
12003,7918.0,14850.0,10.934036352596213,23.037881142678565,0.4339822346197442,1.585430413497909
12004,48001.0,7848.0,203.5615042456956,5882.119105768971,0.9309797869774928,1.6067721332216094
12006,14566.0,15332.0,15.451742343333843,23.10636417136907,1.0295671874858892,-3.1139836126454834
12007,26272.0,1248.0,63781363.00000034,63781363.0004585,1.9155884711943925,-1.5542292303490044
12008,3772.0,14893.0,273.7060399314043,274.9671646405212,1.320710615895076,2.8928026511245966
12009,7336.0,14052.0,47.04256773834666,979.5550559334853,0.9406411638114218,-1.517175988774938
12014,849.0,15036.0,735.759914983877,1320.1094034653934,0.413875878075171,-0.9764835739108445
12015,6486.0,7831.0,8.73996688770439,199.81323510768803,1.0158955894180874,-1.5713286595117246
12018,926.0,14339.0,60.81158646851529,1006.0821066386668,0.3909175387542796,-1.693716027694235
12019,904.0,14903.0,31.20467825722044,39.77529651313503,0.4217089582006799,1.280900528539566
12020,6310.0,13807.0,8.657439413678343,27.8931209826144,0.46991201087910306,-1.5643987139181976
12021,25729.0,14218.0,125.89617372779493,8079.220839232959,0.41864633565349857,1.5639494684258828
12022,28877.0,6889.0,123.88054747257122,774.2402962693088,1.2838882013459412,-1.6182056680947678
12023,43558.0,2668.0,63781360.91367153,63781360.91381195,1.8427412658688578,1.5504659897517288
12024,14878.0,11209.0,12.812566464550551,88.17435577342448,0.4333269150894738,1.5616027833327664
12026,1691.0,14970.0,32.371512056351825,47.59622302269229,1.2299901121418337,1.3857268391935014
12027,4607.0,15110.0,32.28056203756814,68.72027491636503,0.9716852685333115,-1.5701591068284895
12028,46009.0,12838.0,63781363.000000075,63781363.00000254,1.06830579800463,-1.554381880964914
12029,11986.0,5711.0,124.48488519260587,690.4700531600122,0.95871022904661,-1.543658396580575
12031,18360.0,3498.0,13.634575537583375,110.47616992466226,0.41049500034057007,1.5654962837954625
12032,370.0,14737.0,194.8987941838526,3901.339950654091,0.3223440441628762,3.1242688015463638
12033,2743.0,14936.0,4.854235885739903,7.7470658422498735,1.264387808058005,1.5644724905061698
12034,9981.0,3865.0,41.704941391783095,315.230040147582,0.3929528691441875,-1.5566537992558336
12035,19590.0,7581.0,34.74089136400893,368.03355901255856,2.0442297550591464,1.5529812960078218
12036,38751.0,11163.0,13.073060488103522,83.36044122027981,0.4787209578560689,-1.5698350580969112
12037,17176.0,2322.0,34.0403666892049,805.8552226885098,1.0808081063514727,1.5794775496166846
12038,43926.0,192.0,6.8558611185476295,215.63484753858484,1.7336328859840298,1.5712201393456748
12039,41230.0,5921.0,46.39424849755403,191.20925757244652,1.2732611722212583,1.562570406558628
12041,24568.0,4135.0,70.79841648692407,5209.783726563725,1.8819734819370324,-1.6054109926834255
12043,1068.0,13017.0,60.58991962423247,2525.414232872382,0.3922907888668304,-1.508621610956014
12047,25836.0,538.0,134.00130539532097,6110.540477869146,1.2975281735196516,1.5591503699667544
12048,12585.0,14022.0,594.8688135487165,932.8390845239057,1.0048680440751847,-1.4755359244788642
12051,878.0,14274.0,19.200952564928365,47.43487787493672,0.5837269866589913,1.4966457194614078
12052,17312.0,3888.0,40.826376639873544,278.12352924979245,0.3929528691441875,-1.561557946654183
12056,21380.0,7984.0,691.6926211738293,2511.0763970624166,1.0983937178723389,1.605685034445596
12057,33507.0,10687.0,2.8915354657300663,20.401662912913892,1.2389563786187434,-1.5834920373220231
12059,7830.0,14788.0,109.26680599214333,246.3273934552481,1.3916168105991615,1.789278209893648
12060,16662.0,9915.0,16.943317312483313,111.20276544614931,0.3918784981831003,-1.5657527505051276
12061,12153.0,3373.0,281.3192658712088,6811.1007308565195,1.338983862932405,1.5798743722490098
12062,13695.0,14170.0,69.07487892109566,126.78277648506887,1.0903630852368078,1.4918118091459271
12064,2924.0,8014.0,33.287699371834854,563.4446852565392,1.5035695427379716,-1.5298993532181053
12065,1957.0,15048.0,5.740118252600947,14.195632231920046,1.2759349657503145,0.2931455652971096
12066,42488.0,192.0,30.568442091666505,8927.04082856203,1.7353817713345605,1.5715028759370053
12067,13289.0,8569.0,515.7336560279505,29381.88437353531,1.2001293266082345,-1.5877283416279708
12069,36490.0,13649.0,35.821303916863314,166.2088926043179,0.9480029013494131,1.5819039315747032
12070,51081.0,195.0,12.471182504694236,1863.4715230949794,1.741829047456339,-1.5701728435197775
12075,60795.0,199.0,63781360.913671434,63781360.913699895,1.7362497559147712,-1.570998222309704
12077,2522.0,9955.0,5.645166770668715,68.01939452031313,1.00596964182463,1.5785505785296858
12080,52255.0,10836.0,2.5947125484147766,9.037500132110605,1.2389563786187434,-1.5944314193107578
12081,3303.0,3514.0,61.26912543111157,301.9270599217605,0.378380107079134,-1.450075692313652
12082,3956.0,14859.0,1426.6649347226978,34926.58838650455,1.3906187422869745,-2.036692425375643
12083,19599.0,12809.0,8.684353721362417,64.03226589017821,1.0027157988460906,-1.5626194400843545
12084,30634.0,5708.0,374.3190961194429,3166.494586368793,0.9474081841326066,-1.5165024835834937
12085,5334.0,14035.0,40.56887435300913,313.48667067990476,0.4353874991385679,1.6222212010252255
12088,19493.0,14906.0,35.37902094146512,66.44566176387478,0.42117597538941987,-1.557594545887651
12089,29761.0,14599.0,353.0491113864646,437.19609832475834,0.9596335854415677,3.1404135217524485
12090,28455.0,7789.0,83.3863556869554,616.9238395083721,0.9309797869774928,1.622654216076294
12093,1453.0,3657.0,15.583303958231319,180.74759377680303,2.2700134622962036,-1.7257275383963915
12094,1210.0,11201.0,104.85332609251894,4674.593161046244,0.41314518474561207,1.8962506406531883
12097,4625.0,8289.0,4.389902900015269,22.352118530322944,2.0171688773661405,1.5773947386481169
12099,6575.0,7169.0,16.27155324071773,78.1817307500578,0.4732476819338944,1.621751944074781
12101,20455.0,13949.0,61.22786414810645,106.329752388235,1.2403990076019404,1.5535228509257404
12103,37813.0,15205.0,63781360.91367157,63781360.913671605,1.8345749519476047,0.030462827562185525
12104,9389.0,13501.0,2941.556196815557,27344.55360856509,0.6099358271882314,-1.4532734782363117
12105,2111.0,13736.0,7.546957761829458,15.45234471396009,2.434827339044671,1.6252135347182513
12107,571.0,14824.0,50.38022213436051,1776.832847439219,0.3167044257259264,2.2027635834718806
12109,9864.0,6713.0,131.12480464400045,322.0967634553824,1.2016112273158364,1.5792174616651136
12110,20160.0,5423.0,229.22845794885174,22506.27300775597,0.4000018361171455,-1.5873848049919541
12111,13290.0,6804.0,83.01960807720742,33615.73932127431,0.950882996685552,-1.5976044879869138
12112,29089.0,5966.0,183.871751976766,11208.106443042174,0.9794338067569645,1.5551909596662055
12115,52887.0,9043.0,16.598553589338387,42.64120970353523,1.527501827801176,1.5767078175285554
12117,47350.0,14927.0,84.77932330965334,626.168712567346,0.90949166203053,1.5488426074459545
12118,25263.0,10607.0,63781360.913671546,63781360.91475174,1.7685224180924148,1.5567015579011472
12119,10646.0,1519.0,15.473708025775107,2598.6079525586442,0.46827390082089815,1.5674104373696371
12120,5121.0,4263.0,18.583404144498875,74.08246556302689,1.1984763707374024,-1.6171835078275771
12121,42977.0,192.0,13.070612184292232,1092.1343942696926,1.7353817713345605,1.5700684442499653
12123,16773.0,15137.0,37.36514292769622,330.5545212286977,0.987344738192989,-1.619672206197687
12124,13626.0,10554.0,7.519904785853808,575.7023943809612,1.8117218670148447,1.622213882450376
12125,5336.0,15203.0,57.13371483976334,280.15400156744494,0.8818000893586113,-1.4602620902359407
12127,3125.0,14924.0,64.05968933067149,94.00603561336187,1.7801066282973796,1.5013806046688938
12128,242.0,14983.0,9.054202048739844,9.344036198281715,1.045570596592892,-2.6022493662545108
12131,44817.0,5441.0,12.742347961171149,27.653305559533433,1.4974089825461452,-1.5729568687896058
12135,32478.0,13195.0,126.53510963691193,37152.45922928715,3.2518277013581116,1.5776944461242564
12136,7966.0,14635.0,13.838716527666895,22.193872534185974,1.0952429739875744,1.5543012256360529
12137,16769.0,14930.0,84.17674890706816,328.932617992458,0.9463024157617677,-1.59154953350953
12138,219.0,14526.0,41.23503205811488,43.354864009160266,1.3141482369274693,-0.09563818626864151
12139,5798.0,13329.0,37.97140305165827,149.0954350156522,1.21260037426619,-1.6460734271546262
12140,8375.0,14696.0,63781360.91367137,63781360.91367164,1.8444033205084782,1.7580612578901942
12143,4223.0,12551.0,400.4143448755399,1774.9780998275942,0.39222648615547956,-1.5134371119693932
12144,51451.0,13263.0,63781363.00000033,63781363.00018824,1.0136044120342464,1.5738313122543193
12145,10505.0,13841.0,20.48737841364209,54.205590832635934,1.2883944575830268,1.6090127293451877
12148,5794.0,14586.0,518.7969672644773,11502.358057594802,0.41279225542331627,1.507617989456201
12149,11931.0,5522.0,37.2764381931895,347.32688487897184,1.2275948781036432,-1.5797620504460548
12150,24206.0,6917.0,71.30088863037841,255.3720839733431,1.1594878980291012,1.590719821783327
12151,5489.0,14962.0,236.29897486541608,413.9826657828831,1.2265156649796354,-2.805727826074466
12154,39907.0,5768.0,143.44668400718987,446.805891484376,1.0832792278558434,1.5571257110044094
12155,9978.0,5910.0,48.01622270676421,487.49677251597853,1.203551549167053,1.5712422453646127
12156,41718.0,4760.0,32.873826048215555,132.23980197378432,0.9970539358801437,-1.5688837157265745
12157,759.0,3823.0,7.713640135333775,71.18761717725515,1.2493689359389124,1.606410898587336
12158,17387.0,14277.0,158.4469481384086,193.921426226316,0.974055857396814,-1.5595423947373326
12159,41402.0,3779.0,157.96181690685248,39535.983479743176,0.9893310651609115,-1.6091138447354643
12160,61650.0,199.0,63781360.91367142,63781360.91372561,1.7362497559147712,1.5704381925507955
12162,15861.0,6530.0,1874.2910240241456,1118632.9814313394,0.9306561545079786,-1.505694070313233
12163,2686.0,14793.0,37.29618489426926,808.6536870295907,0.4263456782826655,1.542312829686403
12164,47367.0,6991.0,401.0707267689279,56020.51375159333,1.2282241235223812,1.553395959444562
12168,16319.0,6978.0,173.65204273746832,50554.548473443916,0.4135727662015728,1.548785176047897
12170,21428.0,14361.0,28.73287465901567,113.18504052881447,1.027241809251341,1.5723781320936598
12171,9838.0,9123.0,163.83890329732134,3416.3857412788702,0.5244046948743364,1.5693502840541094
12176,1180.0,13718.0,20.859761998997673,217.48427383540002,1.2731355555010744,-1.6301550042448367
12177,909.0,13642.0,16.218764477345804,933.2410230919121,0.8434132506770924,1.5039833284465531
12180,28283.0,13995.0,18.552811172703485,177.89109010974983,0.9666720186278006,1.5614940378987872
12181,1091.0,14798.0,35.68750592449709,214.25366797250467,1.0400711969068361,1.3176307326867345
12183,17287.0,12957.0,761.3706164152345,65984.49154838703,0.40295801444699153,1.5378605224973625
12184,21026.0,14438.0,86.163570583514,319.02919930343853,0.4060491748064593,-1.5538548125139229
12185,8763.0,14943.0,101.89999568253388,329.8546476465293,1.2958520994444838,-1.5254674787548343
12186,34580.0,12393.0,77.15417186565598,12383.495854850655,0.41299483690548444,1.5627766755427466
12187,26614.0,9060.0,725.8531112600588,151077.2578671766,0.9592195521344836,-1.6417338694675085
12188,452.0,13767.0,14.141200681467808,28.7295981691749,1.1076125971457105,1.7277154299707584
12189,37363.0,11853.0,49.258812524807134,286.4876903065662,1.0909817775800226,-1.5695666074818841
12190,27073.0,13813.0,76.45167839924132,1536.7879682476273,1.3528721775141899,-1.5696130343987085
12191,2293.0,14208.0,73.52941062423653,171.33717534794806,1.1008460952724048,1.9279207862956576
12194,8337.0,4437.0,98.16667554044477,28931.263165033324,1.2381528114824853,-1.5242191654639954
12195,22359.0,4525.0,138.45599832865574,163.59614959633416,0.4336955293419996,-1.5766345836323488
12196,27499.0,14907.0,44.61063377539157,179.8216481848255,0.9755163973912143,-1.5969811150676545
12197,13124.0,14692.0,121.73398999988979,1418.5730561249904,0.9994460723392001,1.5493833567727284
12198,3244.0,14921.0,5.810956376062907,22.25326503360557,1.0542527231268315,1.5791551976805975
12200,957.0,14711.0,725.0451526770394,7857.367889675152,0.4027920340985281,-1.4336012530127022
12203,14041.0,4587.0,7.045429014411096,71.91169805625624,1.050882913644173,1.4745079103586332
12205,25955.0,14020.0,20.93636245099194,286.38956827993127,1.263693513504033,1.5117040958275265
12206,1198.0,14978.0,49.10410600650646,101.22748505636403,1.2496230373160653,1.3130738885062836
12207,43804.0,192.0,6.400366460397024,137.50933663811563,1.7336328859840298,1.5707017252835276
12210,27408.0,15186.0,63781360.91367161,63781360.91367166,1.8345749519476047,1.6107396048944636
12211,3737.0,13585.0,72.7191182378911,183.0345135217056,2.220225400706422,-1.5393937175864296
12212,10773.0,14941.0,75.05353360574803,254.9946938485704,1.3627781358301236,-1.5920928623309831
12213,13699.0,12779.0,33.99169623599178,214.59086421744368,1.0154606299705728,-1.5068706166569779
12214,15659.0,11937.0,571.1853392598782,3227.724854852178,0.9305575555499213,-1.550432910153521
12215,21571.0,7859.0,29.527108511398826,304.6919828516173,1.1162739274744617,1.5465106955802017
12218,36280.0,7266.0,88.75443987150771,32647.471673937704,1.3654828710876976,-1.5741393856108898
12220,3398.0,14171.0,8.385841963997194,13.305313210131676,1.6152153252547305,-1.5213806013891162
12221,16162.0,7904.0,81.6688158056153,339.8135168175933,0.9445151812587784,-1.4970525359993394
12222,23025.0,10145.0,11.764291894386147,66.3736686939306,1.5000463758437659,1.569013980401009
12223,15248.0,10229.0,5.259874923220952,13.31458614038367,0.5517638175135205,1.580124135903441
12225,13497.0,14693.0,46.20490141073825,92.95444607416947,0.45592535315830035,-1.6585727394856995
12226,745.0,1928.0,320.0424055005967,85161.47110614454,1.2981420901891805,1.9689256959052577
12227,32854.0,15079.0,100.83589272605239,226.40546085894044,0.9646390633445721,-1.5184481808965684
12228,14349.0,14885.0,27.769428813761127,33.3450891683787,0.4248515681081495,0.003820127084140726
12229,28160.0,15246.0,729.7881143034205,14380.775980791825,0.9231671042731677,1.5834364583099023
12230,8504.0,13689.0,39.0393827866039,232.94925129428705,1.1113881869580595,-1.4260556093112977
12231,11398.0,11258.0,7630.732519524945,38560.58903200338,3.6000804028146947,-1.510705260195922
12233,26300.0,14828.0,48.89944140549394,49.22038544401658,1.277073542258449,-0.14628444025504084
12234,4373.0,12416.0,59.75419470914958,785.7540173325104,1.282500484985306,-1.6324175515391068
12235,14548.0,15035.0,2.8876104692652635,3.08791641202754,2.2176740443123775,1.5365575221324943
12237,24522.0,5439.0,80.62877791743949,14953.37441887988,0.3741782334433347,-1.5669850704726298
12238,4108.0,14483.0,90.73128591156097,4385.139106177196,0.43127709479116705,-1.6896908164408273
12243,3835.0,15105.0,31.002436194491576,32.979809207894824,2.4079468324980398,-0.011577526421369713
12244,56022.0,12708.0,14.89233875172563,77.34931638237147,1.4202382349783342,1.5731703136427115
12246,47413.0,193.0,27.200250641730335,9130.266825070967,1.7336328859840298,1.570475942355488
12247,8561.0,13934.0,5.550722582921054,15.79661384177997,1.2301462855106315,1.5790728259046671
12249,1081.0,14691.0,263.4294398348693,5805.322199614751,0.3739336538865473,2.3177651850667336
12250,4667.0,14858.0,836.9794809707531,1505.178003418812,0.9570081384148248,1.6492057981075412
12252,43434.0,192.0,5.293073870281291,57.89036957791984,1.7336328859840298,1.57119739473414
12253,43425.0,192.0,5.2316706111031275,52.27325592455855,1.7336328859840298,1.5711509635535146
12254,7267.0,12308.0,22.326926118698154,108.0718022582222,1.3390714516656743,-1.5960273405921126
12257,61203.0,199.0,63781360.91367143,63781360.913757436,1.7362497559147712,-1.5707023491789638
12258,321.0,14755.0,18.92695436124386,23.51083428205364,0.3874590403426666,1.8457392260141765
12259,16972.0,15126.0,29.116273713930024,50.17004535586149,0.9514460543864751,-1.6223620626706525
12261,11234.0,11350.0,35.53245395102594,4368.183972167566,0.421597845937506,1.5827846886952666
12263,12762.0,5373.0,136.28058207095282,325.729189091537,0.39981735333442014,1.599955686426375
12264,31229.0,10284.0,33.969649068034734,471.7051682551816,1.3791260839271697,-1.5768012687044364
12266,48936.0,13224.0,60.26434082990634,263.33669236101434,0.9413861324658137,1.589198019467898
12267,33178.0,14985.0,63781360.913671345,63781360.913671345,2.2176740443123775,1.5440540825456988
12268,14096.0,8152.0,278.25261717444164,40027.76923703172,0.9151832721641728,1.4992074528357475
12269,2307.0,6764.0,17.234025223483073,451.29722965310935,1.499394416262273,-1.5441099933961604
12270,2039.0,13848.0,118.17117195190002,326.94957366899337,0.4264076298100026,-1.596453888571536
12272,2002.0,14952.0,417.8093316208921,1077.325238371815,0.9285009578595711,-2.813229623290115
12273,26932.0,2525.0,77.66791582595137,42841.50085783203,0.37463443355390263,1.5644837415761736
12274,3128.0,14477.0,265.3016789587978,567.7465153687991,1.3143290165941668,1.6021790002168497
12275,12041.0,9241.0,51.65686123409042,172.09336681619104,1.2259744423953682,-1.607332860040837
12276,33877.0,14946.0,63781360.91367136,63781360.913671374,2.2176881135501327,1.5552948283954229
12282,45539.0,8162.0,1.6380953146769501,15.405484626173685,2.211248035255201,-1.564774240405803
12284,4634.0,10670.0,23.318285764632535,4974.950867431061,1.7685224180924148,2.0042595230537574
12286,24938.0,10596.0,6.999450976285083,519.4309215914054,1.8117218670148447,-1.593617552408608
12287,411.0,12719.0,75.71962776674508,7881.230703475181,0.417621080645584,2.3836684626255704
12288,5489.0,12969.0,15.639269277262022,35.2051137221888,1.4915810170091124,1.6576062469213413
12289,2631.0,8208.0,13.844956532477859,107.67223091670353,0.4701309979532109,-1.4541814640386168
12290,15084.0,9092.0,35.59072264356307,912.2292096025893,1.2601001617946426,1.5573861164134442
12291,20940.0,9641.0,1041.532669304101,265370.00357191963,0.9367853611497468,-1.5813530191455671
12293,50374.0,9410.0,35.98715786895429,245.63105925575326,1.1071842781770218,-1.5672533796829593
12296,27372.0,9806.0,70.84718095564376,1294.109824693087,0.9368770441633502,1.5907002880883006
12298,2411.0,14912.0,44.89083990125418,73.1042953415966,0.9630507605656158,-1.902196880195269
12299,2183.0,13928.0,23.10722541030314,145.64317212387817,0.41979172586826474,1.369775873764309
12300,54758.0,14180.0,165.50854359369836,22321.59651777136,1.956728470188546,1.5949292170231062
12301,2036.0,14543.0,48.17701832930499,71.83875739719976,1.3015367581943311,-0.08406939899324298
12302,7179.0,11819.0,7.677180635507561,49.43336986376634,0.9839497836312572,-1.5143354001260942
12303,10065.0,14173.0,167.72914947343864,635.0010115300582,1.0919888447567445,1.5505293496510881
12305,3851.0,15139.0,41.49203786881346,306.57305380090895,0.987344738192989,-1.7759769655001363
12306,621.0,14289.0,6.857095628590131,10.866537502413065,1.243623694228533,1.3916526896174681
12309,20000.0,12792.0,16.56508037967607,97.54401293229392,0.9318586888829004,1.542158647769798
12310,27373.0,5461.0,156.19518276540575,29632.400590079036,1.535796977259507,1.552254231560134
12312,6156.0,232.0,13.086252525956004,89.09792830384319,1.1035018706520305,1.6816971753613243
12313,19048.0,9445.0,520.7009571803309,1219.5591276037392,0.9857257467257328,-1.5742357081794944
12314,29985.0,6498.0,41.019112663573466,255.61971850308532,1.1976706820938252,-1.5751205925676788
12316,47290.0,193.0,25.341674326955882,8185.331459195247,1.7336328859840298,1.5705159212497504
12319,30441.0,6093.0,7.368515217147665,27.214900302502457,2.5792805802672527,-1.5756910061191167
12322,1153.0,9689.0,19.696879218058545,2042.3665138658105,0.3233403805515339,1.587838517626761
12323,215.0,12191.0,88.80959725677403,15166.883257579868,0.2848198513632276,0.060241909809632045
12324,15982.0,12221.0,30.82523119844248,142.4586514627464,0.9208910008856679,-1.5829912938333526
12325,23554.0,15163.0,18.582775729190892,22.343542007619227,2.544419202934734,0.009440907246389742
12326,8461.0,14814.0,204.5349914966836,1776.7705200937542,0.4065223531077128,1.600534476289432
12327,13549.0,10561.0,25.784298843546953,94.6946950923085,1.299271636353846,1.5367614825771396
12328,5542.0,13980.0,7.824377610720571,21.62972148710455,2.649316418473134,1.5754844770146565
12329,5869.0,14086.0,13.367456902479823,31.56878106913579,1.330367789516234,1.5336791905529414
12332,49698.0,9184.0,14.13846249741496,71.53721415165357,1.3138656711412382,-1.5660315601668524
12333,9472.0,3728.0,10.09166866362717,71.52347083169298,0.38992253831591916,-1.5707634347330883
12336,22463.0,2349.0,10.853972704789616,62.837949152719524,0.9655976407093433,-1.6093986084278504
12337,22598.0,14638.0,29.674518445290293,103.80758092046726,1.3056722220130794,-1.5583328153434999
12338,23713.0,12461.0,24.944921831282702,97.20136504095908,0.4418495521500693,-1.5720244677818647
12340,30431.0,14749.0,50.90187490265723,84.16152722968636,1.080225588937243,-1.590539556044282
12341,13286.0,10910.0,131.84469071249876,855.5814632521184,0.4252575870746716,-1.5630790728934667
12342,5241.0,4407.0,12.458160936832835,72.6543752232508,1.3378682180184835,-1.5727789648553903
12343,1218.0,9359.0,12.763469743311795,419.1806236828462,0.9850037329367857,-1.5895974966626405
12344,2436.0,13517.0,66.13890800519523,213.06995265412584,1.3310191080974851,1.3780919365027073
12345,565.0,14266.0,22.834772349185478,920.9045115524798,0.39110990416876623,-1.7767009281523436
12346,35110.0,15229.0,2316.3419286958065,46350.99813602704,0.8877323637860799,-1.5557727395052983
12350,12324.0,4671.0,23.44303962526356,2095.514944266469,1.4815106517892038,1.5596551115594417
12352,54054.0,9519.0,98.5640878629463,3155.738770270609,1.4863256027499903,-1.5473536750519343
12354,5491.0,14941.0,14.936537970543961,17.512805490428928,1.4009144984024764,1.8121873162015338
12357,1718.0,13513.0,12.02879266387413,39.307893600773895,2.2836050947236357,-1.5955961210195382
12359,23364.0,14467.0,12.557445930497236,32.63571239645795,1.3749649527250263,1.5851588748313674
12360,496.0,14905.0,13.894878259408431,28.11033551224227,0.41428735888864077,-0.10782659264485961
12362,47976.0,9217.0,63781360.91367135,63781360.91372181,1.6959932827367412,1.5354982542587705
12363,21983.0,14836.0,20.479060420591818,64.61777117480865,1.9148338509356557,-1.3971491440845003
12365,291.0,13300.0,27.29114247250426,60.53548609970473,2.3630090215164175,2.2746018380336825
12366,2779.0,13942.0,14.103619990128491,64.209855889799,1.0712276859287464,1.6211974054802016
12368,23664.0,2867.0,9.059415341144744,53.788927827947774,1.2012961072350814,-1.5651319990405768
12369,13242.0,13686.0,157.70379740067406,828.7726455358344,1.1196468083299198,-1.556660135874439
12370,16120.0,10614.0,15052.278811428248,76570.55848073999,1.911148962139828,1.510427310690553
12371,11052.0,15267.0,82.0337901573937,85.60573550703774,0.9283615737217773,1.3501782793698724
12372,36894.0,14901.0,269.4902009397344,19008.83226250926,0.9792344653399797,-1.5778139924933865
12376,21106.0,15143.0,8.547183291408516,12.483643252071547,2.0947681855242877,1.670866798969891
12378,11831.0,7227.0,63.941600734566386,1624.7447676825916,1.3244192495440184,-1.5623793201686431
12379,8495.0,6930.0,14.311292390699899,64.48920314597817,1.3058211110151523,-1.578653072162664
12381,8758.0,8422.0,8.777874456292354,28.689905436214538,1.3897609516770113,1.5404708109480432
12382,11431.0,6998.0,71.25359209881869,3109.405558680965,0.41785765694096266,1.5274582630907492
12384,39162.0,14812.0,90.05604133004383,16399.38345961996,1.8196525372008312,1.590085785403644
12385,3763.0,12386.0,8.950957746720446,48.031891481103756,1.2545586750086102,1.5192214190285547
12386,23585.0,14975.0,13.223070764458459,142.68934795531305,0.4077845679970455,1.594067108401574
12387,1933.0,14451.0,55.51985706163752,745.0192111627812,0.4105093619140037,1.5025563748899746
12388,34277.0,14900.0,65.82809901606592,124.2202961675119,1.1476375156693677,-1.53551341364625
12389,1568.0,2734.0,13.134685388373326,106.52027483111935,2.174314962137531,-1.6518368762458198
12391,4716.0,2840.0,16.190762677804326,28.528451708757654,0.9580134101359118,-1.574633056068139
12392,36849.0,10757.0,6438.461229940989,334857.7022212839,0.9817521338425587,-1.5994364127028837
12396,38486.0,1075.0,43.430838858932006,993.2712869985179,1.1229128042343135,-1.5546656237113015
12399,30862.0,2928.0,32.23793790384852,147.0754658561395,0.9677688505516676,1.5713724609016568
12400,24038.0,4048.0,471.1900155901195,12428.033759579794,0.4110514949771443,1.5516876308691523
12402,1109.0,14784.0,149.22840129990703,159.74610858351753,0.39981395103350154,0.846421010002716
12403,13066.0,13634.0,5.07182045930112,52.363727766945196,2.1376541637553825,-1.5673576119559098
12404,923.0,14869.0,212.77686766468466,3900.5317995604037,0.12386259377420192,-0.7678607826628819
12408,35415.0,13914.0,16.042077872989903,58.03459774551769,1.2237631752865814,-1.5637671720633088
12410,30536.0,13812.0,163.41505605566812,938.3443890969503,0.4405761149653754,-1.5826941364996192
12414,17439.0,3818.0,38.376098884951006,240.1842444067693,1.3047628625592231,1.5808968403496073
12417,46067.0,10108.0,106.90698077294765,1829.832096474321,1.513531960178723,1.5907715025597664
12420,1540.0,14780.0,22.921225976037693,41.603354293666804,1.0047623392970249,1.298638122730142
12422,25698.0,10311.0,5.615186361289317,159.45902243931442,1.7096734424057918,-1.5770750347882914
12423,19786.0,15204.0,63781360.91367156,63781360.913671605,1.8345749519476047,0.032612593812389144
12424,2094.0,13016.0,1081.989561435087,243075.9785933064,0.9276674775482067,-2.1332903112176127
12426,8865.0,6952.0,21.669351223288928,1622.8613354029114,1.2118216538294129,1.5834506471118477
12427,43800.0,192.0,6.273378005314914,117.79438203326063,1.7336328859840298,1.5708597259961818
12429,28357.0,2556.0,146.48513910603003,821.5325789947686,0.9919971297387732,-1.5737827782087974
12430,30452.0,11068.0,21.778217799503782,237.891593728159,1.2758971786526148,-1.545321722531153
12431,17596.0,14945.0,2.567867399117438,3.579036234415301,2.208446685009918,-1.609897827943858
12432,36298.0,8137.0,20.88357936423436,60.23870427533293,1.257977298701518,-1.5703400035845931
12433,345.0,14805.0,53.470715502180546,73.58014604300217,1.3305338941561409,0.8447433925320613
12434,706.0,14905.0,15.74511658272383,72.06815832957622,1.2619773805503032,1.7446420856837077
12435,13699.0,7197.0,19.327496358254706,633.7791385847686,1.3002181987522095,1.580944320815731
12437,6702.0,10877.0,85.52598626877337,712.2351424555675,0.41678013452511736,-1.524921490408359
12438,2083.0,4522.0,5.482127150625058,33.10279067124307,1.801438125473986,-1.61840717000218
12440,23951.0,13027.0,52.406676916121164,536.4345909096588,4.561862014629297,1.6224777203686467
12441,12660.0,10860.0,4.420801393703215,68.413012036356,1.917884548084562,-1.5766042199760855
12442,41879.0,6341.0,596.7369300371323,2035.84426369936,1.3029758897241348,1.6120137844391582
12443,46777.0,12352.0,10.692910538729675,107.16409800433958,1.2964424705596211,1.5736356366374946
12444,16289.0,13618.0,101.95002312269118,125.38366188922684,0.36382909235001176,-1.555405201464184
12447,3870.0,13540.0,63781363.00000013,63781363.00001751,1.1333506755308855,1.969350238739101
12449,7898.0,8499.0,34.86748327552507,261.7038225848638,1.5480294781256152,1.5734487727520559
12450,17211.0,12533.0,5.785555785636786,33.05267822785688,1.058306972380644,-1.5499672618292466
12451,5558.0,14444.0,11.980897230816494,24.691429727010508,1.0131985683037654,1.5210357297098689
12453,2599.0,15053.0,3.116687346233645,3.2651447032293826,2.2176740443123775,1.5364369695375348
12454,1115.0,15059.0,32.78599200810736,37.38431798044072,0.4142649872597457,-1.3195295642502483
12455,10712.0,14431.0,52.937422483684976,102.05015839433543,0.9987519637037229,-1.5946784206814133
12456,7365.0,12566.0,3.49297818962777,20.935490782264942,1.5055146844072453,1.6107773188142795
12457,4169.0,8797.0,10.29879633220424,50.47021176667049,1.1088404697632679,1.5738987786823049
12458,16562.0,13997.0,856.3902046503088,4517.233193668369,1.0959936848404217,-1.5688549663571507
12459,29984.0,14901.0,247.55292612831045,433.7431236185242,0.9770544792645769,1.5793233544447627
12461,49602.0,7594.0,138.29062425945276,17904.215714443566,1.2024017848219442,-1.5654052126789073
12462,13104.0,7028.0,5.2399446230563145,57.50751673628487,1.369796730064208,-1.5593959478910249
12465,7949.0,12151.0,7.878097752979704,38.946464573427285,0.4846731866289764,-1.589588719415876
12470,5535.0,15061.0,64.10069844182203,79.93624673818952,0.4077845679970455,-1.5693078203650093
12472,4952.0,13029.0,63781363.00000029,63781363.00047466,1.4116557818880704,1.8227915331711302
12474,33167.0,10112.0,234.75197367661016,4333.827918012781,1.3067656601816764,-1.5791869396151965
12475,15353.0,4470.0,6.123477027002893,86.01963250111886,1.0712072111907762,-1.4435603454800578
12477,12502.0,13963.0,13.228956335133443,116.62771480836855,1.305947262066052,1.575980549808548
12478,5679.0,13988.0,5.440634976560305,6.16548503219226,1.9924792898805448,1.8112028338492894
12480,48858.0,194.0,7.983794624093004,307.70573733686365,1.7342210097777397,1.571531771529222
12481,37171.0,12992.0,1401.3730772367212,45200.729585292815,1.0885046174291277,-1.5377083507256015
12482,31335.0,14083.0,41.551551069728916,125.17466243893723,1.4014605248807317,1.569279769788794
12483,42205.0,14292.0,15.537680887667591,144.92365094573256,1.0925152147398411,1.6072522248955101
12484,5542.0,11881.0,28.445106520731716,80.5953524461465,1.0944644446129006,-1.6605988168548729
12485,11665.0,6451.0,11.78079161344951,142.6326919242921,0.38264181259745794,1.5705241894462696
12486,57486.0,11404.0,65.3046088224386,2299.642365659298,1.4749480315017474,1.5639105457192617
12487,19419.0,4573.0,2137.5855260749963,10913.033586761352,1.2360309183796663,1.5897392316520154
12488,28412.0,14049.0,23.195827786716325,136.2185137875904,2.184671348498037,1.645052791674113
12489,1040.0,7211.0,18.227446633022073,233.84975188613095,1.792836287371705,-1.5972693547011132
12490,9843.0,10524.0,5.355991792417326,29.463789425827837,1.8085049593855291,1.6102789542295322
12491,33480.0,10886.0,13.690068336153676,4565.594124634413,0.9259280877994448,1.5752145361597016
12492,46703.0,3917.0,29.7140583189995,1626.5211000744152,1.7668950854967327,-1.587813130230212
12494,9348.0,7671.0,59.315368594401974,199.0312737556454,1.0611024924749601,-1.57983561929384
12496,6096.0,3791.0,25.968954312548462,107.5278410558387,1.3639140932086895,-1.597281992357594
12498,23067.0,7461.0,32.25970398873873,295.5616517756049,0.41522487536494634,1.5888437973421043
12499,29938.0,13190.0,52.10916631548655,250.29363592005657,0.9513153992302489,-1.6132784555689628
12500,18431.0,14682.0,45.192385408399275,193.3672789761559,0.9710505796759417,1.4802697804872806
12501,9333.0,11709.0,16.74484664973959,66.54909049763278,1.1156157772280006,-1.552150846396557
12503,37902.0,14227.0,35044.054678521505,324618.2512228884,1.1372723555156474,1.5746509682676402
12504,30090.0,10619.0,50.346549182220436,50.89747604900089,0.401079275437383,1.485651044387442
12505,48163.0,13515.0,63781363.0000001,63781363.000005655,1.1333506755308855,-1.598343710408632
12506,473.0,14695.0,561.3795014100666,1867.5164684866547,2.3211939984396714,1.6692780873454158
12511,2440.0,3510.0,11.905749744987864,57.78030011940407,1.300358999922991,-1.5527641096778397
12512,46189.0,10463.0,36.93185536622512,98.66626110819314,0.9937720288853614,-1.5710857121955968
12514,27234.0,14910.0,63781360.91367135,63781360.91367137,2.2176881135501327,1.5346259186545788
12515,20322.0,14585.0,142.68409935072728,5926.89303814247,1.7659612594031289,-1.5576964975722134
12516,60313.0,198.0,63781360.913671404,63781360.91368179,1.7362497559147712,1.5715104912227558
12517,15256.0,4844.0,18.905419392999274,377.6535782948411,1.113964334192829,-1.5940157684025131
12518,78.0,14726.0,43.664736593876555,1429.0488574982774,0.421918676411726,0.9023879853898583
12519,30497.0,6022.0,37.2592028429616,1110.355076855786,0.404180782788614,-1.5662793882965576
12520,51213.0,13760.0,63781363.00000005,63781363.00000018,1.8073522310079468,1.5782183605131463
12521,4255.0,2005.0,51.26527234015708,371.4876932714533,1.082305101151986,1.5245298298206449
12523,15376.0,7812.0,55.871356156089064,582.9426068545528,1.07674735663593,1.569006531784041
12524,21420.0,5151.0,19.64996749945455,85.38293698138737,0.3939305059175082,1.567453314310967
12527,40094.0,13517.0,344.3360660469766,24639.678326805184,0.9278037515259756,1.5978374835446052
12529,9584.0,11825.0,7020.335947113842,28504.155101758508,4.373539892586652,1.6429033515076956
12530,24987.0,4381.0,12.28592318083653,237.3968936147513,0.996806945657073,1.5597492062528038
12531,36116.0,4639.0,63781360.91367177,63781360.91826359,1.0522917463596786,-1.5248419193952858
12532,23161.0,5357.0,4.245254773879909,14.795243603630716,1.7224146554325095,-1.5693021955871376
12533,11741.0,9433.0,21.04057528971228,7611.363818930463,0.9260539933423964,-1.6103041997390348
12537,3194.0,14778.0,188.05947655358602,912.79256242607,1.3376901668018923,1.6664839490028998
12538,13048.0,12840.0,24.50533478295738,144.25265989621903,1.2581489020465573,-1.5595849546745724
12539,37811.0,12302.0,3.0441968686037018,17.62307941347052,1.0635418903576488,-1.5882382099426429
12540,582.0,12956.0,53.192914540234966,96.39563139417429,0.38496767281370564,-1.3142133844028274
12541,7279.0,7332.0,8.119952557288423,25.89940522355306,1.1629248780970112,-1.5550277470134914
12542,14124.0,11064.0,36.327245551546696,470.6421944948337,0.4410435546973899,1.5799696630666298
12547,34772.0,10594.0,4.714444032152741,21.37215166498046,1.646137701374287,1.5695414574243705
12548,2425.0,14207.0,20.459152978981052,67.31800886711976,1.278404480977287,1.7080829750751474
12550,9411.0,11848.0,102.78314652361448,4335.082058657178,1.020531935857802,1.606497096037667
12552,928.0,12343.0,41.21729289922573,97.12869484703381,0.40690068058373013,-1.2483794819428613
12553,20652.0,4674.0,14.36343691726048,101.32890939723603,1.4671954258603346,-1.5746013053750367
12554,3102.0,12291.0,15.588115827811,80.71383453071762,1.333951028624809,1.4952323093219013
12556,6600.0,14709.0,6.335962377637816,8.346421566083352,0.6325519830773916,1.5173413016687445
12559,23944.0,14874.0,18.97387559426171,41.794664558744266,1.024137889938981,-1.5412929758915899
12560,17094.0,15016.0,355.3580220149913,1816.247104480752,0.9342449477849538,-1.6578557019017708
12561,22126.0,14439.0,43.90639264123264,129.44278744885335,1.320785295365075,-1.573107960506565
12562,2805.0,12916.0,153.9784727117777,2531.627185164511,0.9142171366077436,-1.2016515948384734
12563,998.0,11505.0,5.762836248088862,16.822446003861877,1.0010642876510747,1.6280397334161607
12564,6396.0,12046.0,17.542414799660744,296.23557756014696,1.6480477801177151,1.6187519587495462
12565,20485.0,14591.0,106.88673141035488,6169.125799395851,0.4215209094479029,1.5868943486718639
12566,5135.0,10679.0,15.380450012540125,60.6122236787525,1.0424222081678869,-1.5650851180155982
12567,18166.0,15266.0,89.13422108981075,114.43097231232473,0.9106358489174877,-1.5857904517986727
12569,5591.0,11690.0,31.928253397076663,722.2153495608516,0.3851076914866756,1.5727607384190616
12571,13029.0,13123.0,45.18272315491711,105.14973792682,0.4004063076101882,1.57159499995901
12573,25058.0,13877.0,16.894138560037415,39.71954023368355,0.4064640919437465,1.5738288401850722
12574,13039.0,7777.0,12.095036719219287,75.8435912374071,0.5220560059160382,1.574208432009356
12575,18483.0,1551.0,19.90015522055142,63.24098928020615,1.3730680037925818,-1.5729630586164312
12576,10803.0,7411.0,160.46433066693515,2873.3572251349556,1.0176176092259088,-1.5634345168535497
12578,1964.0,15076.0,108.93334862064401,991.2490242726625,0.9646390633445721,-0.6271452289909099
12579,10720.0,12049.0,99.64700322594437,9020.189271302306,1.685463589546823,-1.6050854545119173
12580,25148.0,12666.0,238.79732981705882,741.94629839355,0.4179349103406414,-1.5730532046572565
12582,55257.0,14123.0,27.45180180145879,321.12300196520147,1.8834027288866562,1.5949805066661624
12583,9746.0,14103.0,19.724252343350393,168.47312360198117,0.42438073726948367,-1.5266737292214663
12584,49800.0,15150.0,199.60423649296877,5048.949691209717,0.987344738192989,1.5633128715987599
12585,207.0,10279.0,56.68027334772575,9415.354434911345,0.19012515954228004,0.6491088231161496
12586,11033.0,12525.0,101.05681537780686,984.8158390887618,0.41681702160139067,-1.6136728757809902
12587,5353.0,14624.0,25.42561527838848,45.75305351882494,1.746924686232402,-1.594505221201644
12588,1805.0,12237.0,161.64929780883864,357.6405550788125,1.099635858554528,-2.013203476846716
12589,15728.0,12914.0,3.9101241753353757,6.826581695292216,1.6232038449229358,-1.5630590731788006
12590,37944.0,14770.0,37.15071772862376,50.390918354791516,0.9206592538582192,-1.5322361457361067
12592,26204.0,14327.0,8.855852899276446,17.29801367346456,0.9921670978587116,-1.5625084260987356
12593,13646.0,15264.0,102.48043411546203,262.988262381158,0.900162465417798,1.501762575449769
12594,6240.0,14471.0,10.135478354549184,222.90451879056485,2.3143176167602295,1.5162009655446926
12598,14945.0,8296.0,25.572316983517634,152.38970546076317,1.3855274601373169,1.5788130327812366
12601,33680.0,1339.0,156.88895271271926,459.87352830142527,0.9811228362745209,-1.5869107789142687
12603,16917.0,6409.0,2773.8917496386825,24301.64146565212,2.1536298285126056,1.6808304330634498
12605,37501.0,14217.0,63781360.91370302,63781360.91375397,1.0740608191138732,1.6269180180173657
12606,10058.0,216.0,29.365806336677423,46.55954761935664,1.2627802209536751,-1.4491225514728265
12607,44429.0,13772.0,1232.50858358898,20310.816737463312,1.9802189224348248,1.5590859896234388
12608,392.0,13123.0,8.078514504165021,21.008799297299973,2.381889649444139,1.822750213858885
12610,36437.0,13023.0,1074.0398069562195,239584.33632728967,0.9276674775482067,-1.597215134706082
12612,47009.0,8226.0,187.29172689881028,31113.87086567086,1.581654289615989,1.5873592670981713
12614,1115.0,9735.0,419.87112071341335,31131.91225029667,0.15415036936914162,1.710617950493261
12615,2856.0,672.0,20.51933642896231,123.2811415740306,0.4217413537949707,1.555765659025065
12616,6345.0,8781.0,127.3415966612287,678.3039549637116,1.0081041735864944,-1.5139027305828796
12617,5623.0,10532.0,5.313682589669231,24.397758525499892,1.8085049593855291,1.629916693178653
12619,21634.0,13795.0,17851.74427903394,713975.3565594297,1.739813651670353,-1.5524983938968662
12620,4057.0,3743.0,3.6825522407293083,34.080319509908726,1.0485273782606757,-1.583701213596357
12622,41823.0,14792.0,71.02250446795674,124.03712629203457,1.2207183009199771,-1.5896068604342188
12623,378.0,13716.0,6.607046349362769,10.178883251113941,1.132481792763209,1.4213324348139103
12624,3760.0,5725.0,22.866427568369964,114.2114914595623,0.9639690426469018,1.4812532077869314
12625,20039.0,14225.0,16.875276970155124,145.6008369375657,0.4193784099558897,1.5614470177280535
12627,4111.0,7514.0,310.67809381313896,330.08214655768495,1.3474845666419784,-1.686203148800588
12630,2737.0,14503.0,31.33554182293579,33.264019986128666,0.4237339949969656,1.5720342782103496
12631,803.0,15204.0,6.779845929006827,8.005553187780736,1.0625811732263253,-1.555882229433216
12632,3134.0,12811.0,12.138270491600656,69.20195880619403,1.3078355724186645,1.5659748766126376
12633,6406.0,8823.0,35.71230296274386,235.27003804606693,1.0890767109209007,1.4905099313802688
12634,52238.0,196.0,4.853879004625585,129.39778481491533,1.7407562824327738,-1.5707840804019344
12635,31294.0,9128.0,364.92300446873867,6968.545197911162,1.0503984406580356,-1.529189448765474
12636,32960.0,2892.0,79.24505985287256,611.5233487471304,1.1073021411162323,-1.5337263405904742
12637,44925.0,15191.0,61.00548320868049,650.7268962153763,1.4622782286743568,1.6016972770875844
12638,279.0,4396.0,113.20619817982318,2095.980251957983,0.45141375612615686,1.6487956586787536
12639,2517.0,14927.0,85.90638547644973,89.10571224495752,1.1144253814797287,0.9519135072577748
12640,45796.0,8286.0,12.296844651838166,109.77487046405359,1.581654289615989,1.594533977383478
12641,36387.0,4619.0,21.132700253599417,3344.130671364426,2.118776919806921,-1.5609259294214881
12642,33072.0,4518.0,56.87505016715435,156.24754466248388,1.227606557940556,-1.5696250387791175
12643,11896.0,14974.0,9.496453359089513,13.527410061253804,0.4525288909101122,1.5847225813023382
12644,50400.0,7736.0,63781363.000073485,63781384.80584131,0.9310496935251913,-1.551010154986458
12649,24602.0,7022.0,5.762626431916246,77.92801037709155,1.0324866455877995,-1.572550852527502
12651,419.0,7564.0,124.56312085679345,27044.320512313432,0.42373489522524194,2.5955803931148007
12652,25953.0,11946.0,159.64617188921503,663.0682801439899,1.0895930000933425,-1.5182145827637068
12654,54467.0,12920.0,1416.6390274096048,1198765.0060870661,0.9874750514820765,-1.5948171582250559
12655,781.0,6759.0,66.68755400705452,530.775754540778,1.1006006012608474,0.7618826739737465
12656,1662.0,13683.0,12.56421024960715,49.88548170494236,0.9661341963727222,1.6612738655790535
12657,11874.0,7384.0,18.743887594506514,318.7464949161577,0.994218886885593,-1.527610030235151
12658,702.0,14973.0,24.494212890454524,36.25937922453961,1.51860298509869,1.1182358308056322
12659,45957.0,8321.0,37.10555839542838,116.20475259212371,1.1127726183184492,1.5821388741308566
12660,45067.0,6704.0,466.469130389976,21417.000250852514,1.4931080020536216,1.5812096470142443
12661,3241.0,7758.0,25.30780195332451,215.33611293335,0.4169336459931117,1.6016146392460517
12663,5477.0,12581.0,4.80382896221861,20.959609851678827,1.020054874041457,-1.5676951007407733
12665,33069.0,9905.0,40.92987176853141,389.4207415670126,0.3765726596978046,-1.5798554609292412
12668,23674.0,13522.0,31.915789250920675,335.55802396142,1.3018291579216066,-1.5769431295134428
12670,5557.0,14527.0,15.220609925462343,43.31310591289466,0.4272737363730913,1.6236981585418198
12671,31589.0,12900.0,59.961599756535776,1179.2100709508336,0.913176741951961,-1.5778055950373422
12672,16904.0,12583.0,27.19325345619326,923.7733139969636,1.146210383260517,1.5800829138105534
12675,11622.0,2686.0,69.8677826370921,516.0396021831262,0.959977891696478,1.59702452040238
12676,10133.0,14854.0,27.59459776497419,48.795712193199854,1.2194742103428509,0.061890962225207895
12677,63218.0,11483.0,761.6971447171685,31903.797750842314,0.9422240983525291,1.570286356892791
12678,1971.0,13661.0,101.99163628076582,144.3491635859884,0.40821779924391566,1.6966620407703679
12679,34958.0,14954.0,63781360.913671374,63781360.9136714,2.2176881135501327,1.5507947935487565
12680,2289.0,14369.0,25.171227653739372,100.40581832256402,1.071467090087871,1.4908005693869886
12681,56965.0,11399.0,15.912365571878516,145.34821123464158,1.0013383684596744,1.5729218306269368
12689,8163.0,15338.0,14268.517565184617,39725.04195781415,0.9937256705497143,-1.6403789515146412
12690,3974.0,14700.0,21.643597976758397,22.300448139315844,1.0164607625381163,-0.2167808845582317
12692,6263.0,4604.0,18.44147806495559,58.27330627950611,1.3458262895103659,1.6231855735209322
12694,10462.0,6079.0,13.168320774634234,77.09954746026312,2.2742864046495055,-1.5782411841655335
12697,12651.0,3334.0,14.97346961917324,48.81389108385112,0.41551889944226694,-1.5707248312171913
12701,22930.0,7389.0,41.66649789513153,1410.5507603224685,0.9044190870760785,1.5587749602149292
12702,5076.0,11763.0,152.39094536640687,3553.724105861408,2.1736499360320827,1.5081793149397116
12704,36081.0,10664.0,63781363.00000181,63781363.00484244,0.930251649275667,1.6193652591728702
12705,1737.0,13899.0,25.859242785919754,70.0088760507574,1.102008048887884,1.5944601917398167
12709,5746.0,5194.0,134.20679468669914,31698.21820937682,0.4058473548355711,1.6494008169580725
12710,6163.0,14973.0,13.436184505062224,154.81030685264068,0.4077845679970455,-1.5480253767716834
12712,22323.0,7320.0,15.75869425831918,67.5747795702095,1.1718999658007259,-1.569830263826262
12713,51111.0,12459.0,239.05676381808595,1495.0987287921437,1.109753467276832,-1.5438973078952354
12714,33749.0,14731.0,27.913962172615477,101.44459174431206,1.9048500848472796,1.6058705744347122
12718,29729.0,1997.0,63781360.91367139,63781360.91370754,1.8492132429289918,1.5441135907367327
12720,30030.0,13760.0,63781363.000000045,63781363.00000014,1.8073522310079468,-1.592743616434625
12722,17141.0,12999.0,67.67207848694014,794.0409378672592,1.2370000992254997,-1.5519578471622775
12723,962.0,14712.0,90.1670044582747,95.13139431510422,1.0906095926064403,1.7912598437491272
12724,41516.0,15205.0,63781363.00000005,63781363.00000006,1.6044024141576885,-1.5581245850185106
12725,30734.0,10759.0,282.535805377008,14997.464681248279,0.4142929485325307,1.582010437419981
12729,1416.0,14431.0,55.31288157529816,69.64893493784244,1.2140016381703467,1.5994944856686182
12730,605.0,14007.0,159.57579289929183,220.10914615381543,1.356970939403452,1.9755424735143454
12732,873.0,12514.0,22.498231704819016,100.63538673718263,0.4099570971356469,1.4411064105686147
12733,5199.0,4695.0,22.020072754605124,575.4543946623003,1.0712569798941156,1.696611126691943
12734,7142.0,5331.0,198.42884396933755,2639.8740009505154,1.1030385027347185,1.6425126352680819
12735,19175.0,4852.0,7.310739846636065,83.66133848829652,1.3290761971069753,-1.5517226151373191
12737,22095.0,11493.0,93.92209813756442,18818.0116982609,0.4152009659813158,1.576887921257281
12739,49562.0,11366.0,61.30594941845952,511.4642337790757,0.9206454824136887,-1.5793720932733104
12740,3955.0,3838.0,8.230702850808795,295.7420841080176,1.8087532333352487,-1.7788163938019699
12743,42876.0,1831.0,146.96081705924092,15352.32121098933,0.9860088874126159,1.5918310908215099
12744,51247.0,7891.0,167.14388824746703,37791.52751213808,0.9446914044789791,-1.545856311293701
12745,3116.0,14994.0,11.034068193526588,12.997829453285728,0.43996075511770505,1.6404704286183232
12746,21177.0,14152.0,167.5521026375503,23751.425955331524,1.956728470188546,1.6437761651293512
12747,10818.0,13661.0,663.1541645010742,4449.9981820744415,1.357929068142414,1.5473425126375364
12749,11526.0,14560.0,61.997626377852995,1050.4586917928268,1.5408196667276186,-1.6270608189646054
12750,7196.0,14743.0,29.11130445866162,72.52354621749895,0.9396690636863548,-1.5824927114157665
12756,28824.0,12435.0,32.22515253292568,207.06789932542148,1.2443472541991765,-1.5889157410166557
12757,27035.0,13085.0,10.275942331843595,344.8152678135779,0.9603556142293953,1.5679924120287259
12758,5691.0,14897.0,64.39846834550329,118.11795494377931,1.6381104445385049,0.04902125059375233
12759,26012.0,15012.0,3.566575736138802,3.628029693284462,2.2176740443123775,-2.493323978715605
12760,27499.0,14138.0,494.7420432029184,10877.838146756836,0.9367780247305817,-1.624532753961019
12761,4272.0,4060.0,125.35252338667026,599.6038056468789,0.4132127284742093,1.6716111935477806
12762,9368.0,14718.0,136.37293403617684,520.8685120744259,1.3799113138819505,1.5791598631621353
12763,11220.0,897.0,34.72885813411087,216.4052510284816,1.0703078207332444,1.5510768766945358
12764,61203.0,199.0,63781360.913671434,63781360.91375743,1.7362497559147712,-1.5709000437896903
12765,30934.0,14286.0,211.67495193444248,319.86247836478327,0.974055857396814,-1.575526259668989
12767,2403.0,14696.0,249.52563248600268,4226.744607944182,1.0463686991467736,-1.7942198590292684
12770,5272.0,13900.0,15.105087850974796,28.52012656174897,0.9654472662380453,1.5304200409697863
12773,52257.0,196.0,4.742379052667978,94.7988178120306,1.7407562824327738,-1.5706375626538782
12774,43007.0,11876.0,666.4112359242835,3205.1266028198033,0.9868538082475906,1.5262878476019859
12776,41724.0,14840.0,112.52356683187328,188.61675508526275,1.4723200324850452,-1.577470222775552
12777,8946.0,271.0,54.49624830834938,228.40529363672613,1.0981578425179577,1.4903047371506415
12778,32527.0,14874.0,65.893127717535,621.1630965946655,0.9920804607127099,-1.6295065355629734
12779,4578.0,3847.0,42.082331246925804,161.07360611137676,0.9530857670854143,-1.5313132050940117
12780,4273.0,14582.0,18.04962680989886,25.93305780913494,2.1889305801528907,-1.4600984765561418
12781,11312.0,4232.0,104.8068451344406,3556.8950287613243,1.3857698007265877,1.5336777305955749
12783,50589.0,9011.0,57.907671932202526,485.89845534275935,0.9764780609513357,-1.5894565811116792
12785,49578.0,13206.0,8.859038259442324,15.859924301126622,2.0308531463492843,-1.5651460007003266
12789,279.0,12130.0,56.42771067639096,3383.5878347064713,0.41845540480061993,-0.7788607423419421
12790,1302.0,14819.0,44.806739153347166,53.99593550146339,1.406711390795404,1.3796340797774773
12791,27799.0,3837.0,20.270901410384404,2177.0794368816196,0.40080592393783987,-1.5674541062880878
12792,27066.0,6627.0,187.42210526916043,21705.410182210584,0.4260938676484982,1.5522278564695586
12793,558.0,14094.0,10.504967288945862,37.65981114875074,1.1129274141283279,1.9302459032226837
12794,376.0,6369.0,19.511454415804547,80.84001276400231,0.41325637048076624,1.4447870377663459
12797,631.0,14770.0,93.55789247536052,257.54711412630115,1.3684754405228083,2.4710255196502513
12798,12349.0,14479.0,18.174244991451943,30.76857852861775,1.3672880247928156,1.554708839819268
12800,38092.0,6471.0,330.8810046390399,31313.637709579725,1.107571255539139,-1.5403665281703318
12801,30648.0,13709.0,32.911326805525945,54.012334142334254,1.0114215472165569,-1.5852653829767935
12802,45889.0,15207.0,4.555524672301289,4.613214484218714,1.8386299442869083,0.6948215192397283
12803,31186.0,12994.0,63781363.000000075,63781363.0000006,1.4137163542887774,1.5612601853762997
12806,7716.0,11145.0,453.96404128466094,13383.397626272887,1.0693269613039527,-1.5795955890055429
12807,2664.0,14714.0,40.78276139471963,72.42806228539342,1.444090315186676,1.4567956517794043
12809,1658.0,15000.0,162.01357652563416,170.11761968094928,0.41518520562984645,1.4179753615011175
12810,26281.0,15015.0,860.6644663533941,72138.90213163721,0.9647990137206776,1.6115231129465448
12812,25918.0,2370.0,237.46363673496668,1301.5986489082961,1.1162298977778677,1.576382162667174
12813,42704.0,15061.0,4.57630907392628,5.469802211859759,1.0499331492661697,1.5719734063773683
12815,18797.0,13833.0,581.2703419165224,57972.37464388487,1.2439672241962358,-1.5572508665341567
12818,673.0,14445.0,9.861103664583432,12.499903795157396,1.3461376945787362,1.5081680864905471
12819,13812.0,4516.0,27.715009645776245,173.23566902835378,0.9789093153234569,-1.6054680372010943
12820,10548.0,5730.0,11.17239372095013,221.49520973794887,0.9900034210273534,-1.575344478562363
12821,10211.0,14424.0,33.863211922275305,187.37418247458564,1.8028767900652825,1.5297535358558907
12822,25598.0,12370.0,126.80380021347247,1052.5923106979324,0.42656506738073774,-1.5627523957061267
12823,20558.0,14795.0,461.5796734804727,10862.835341109254,0.9101041153250417,1.6456638761183224
12824,2405.0,14511.0,7678.841030147828,45445.2683159508,1.233458415277553,0.6994240717349536
12826,808.0,13004.0,32.4343682181773,119.20947390293573,0.3922907888668304,1.4002911376810094
12827,1533.0,10556.0,7.750478578068291,725.3327897096365,1.8117218670148447,1.9252989822812914
12828,34815.0,704.0,8.838029549791031,38.68988254107184,2.552989031342573,1.5873925324258864
12829,2457.0,14870.0,52.46945545326797,115.99287019819404,1.005229246004753,-1.472123892158764
12830,737.0,9339.0,8.848087640644586,42.88570981770141,0.4342157763578283,1.7811956992600755
12832,48663.0,14665.0,63781363.0000011,63781363.00000168,1.0091117977600934,1.5510616792264624
12833,46178.0,11826.0,41.44706368209819,396.3729616790759,0.9839302286174947,-1.5734336004940024
12836,21400.0,14982.0,781.5673342364902,16571.04849827172,0.9301311437345349,1.5823262473702473
12837,10291.0,14815.0,222.64795385280416,2560.696066527675,0.4065223531077128,-1.5665552985626447
12838,34328.0,9097.0,32.07897851163482,126.77212932293041,0.9626950202034159,1.5966643672524903
12839,24975.0,12597.0,11.845226234165745,52.637355927008386,1.0381954021223407,-1.5573114532900347
12840,52663.0,14515.0,381.20157061134876,8819.975490095389,0.9542797429765003,-1.5862931616067806
12841,30283.0,9337.0,111.15665178050014,504.51422781874066,0.42590760080344714,1.564838694227545
12843,14863.0,15002.0,15.3235640280403,67.2981339501376,0.9679082647184938,1.5490384531651031
12844,443.0,2044.0,3.7357949855128605,22.046511265103838,0.6526738758235742,-2.8642204310433406
12845,20010.0,12034.0,284.11047402619533,26016.4414050153,0.4167382668060471,-1.5962118745737102
12848,13756.0,7619.0,22.586124837272173,126.02584262217219,1.0602706184742792,-1.590876988236797
12849,4271.0,5832.0,14.812098542270094,63.377766402530476,1.3063501169025271,1.571026813110314
12855,36853.0,10963.0,78.69710960998448,3742.606964675524,0.3851076914866756,-1.5547873957573468
12856,51955.0,196.0,5.499004747683135,116.23893784795618,1.7407562824327738,-1.5708650852915618
12858,4147.0,11783.0,4.413040845230144,19.174608779951708,1.0879774310897807,-1.5806857043098799
12860,14273.0,14451.0,23.23539845979261,56.60282404335795,0.40529070285051116,1.565087167335376
12863,597.0,13151.0,18.875387584769566,107.58931001887731,0.9703922702846745,2.0724922710648856
12864,10922.0,12429.0,2247.6805375988993,10433.159273711402,1.7204827629476043,-1.4239182124764407
12865,48911.0,12874.0,63781363.00000012,63781363.0000049,1.06830579800463,1.5423693777102379
12867,40085.0,4415.0,410.4854509441572,18840.18553989595,0.9847918002590482,-1.5988664839777533
12870,11464.0,14711.0,62.838787821898194,143.77053152055277,1.7803292052647506,-1.5897413936304634
12871,24234.0,12900.0,87.35768077027873,95.93608916307399,0.43265882479924817,-1.5291061517188487
12872,324.0,13512.0,32.98115077643733,829.1950824781479,0.24913570273698266,1.7736019654121067
12873,29740.0,3264.0,178.2497858884902,2300.134707961584,0.9341997793035708,-1.5555495601552003
12874,38924.0,9790.0,1279.7497001360762,386189.62917067955,0.9176687964838058,1.5688960042566455
12875,42954.0,192.0,14.086733770415844,1316.778761759754,1.7353817713345605,1.5717866595341055
12878,1049.0,7372.0,110.24679258051918,9438.402619600058,1.3462997498265292,-1.8839683738313755
12879,38120.0,14443.0,35.23035028143876,964.0710336278164,1.5408196667276186,-1.5734667289617335
12881,52767.0,13627.0,84.07743784758287,330.060714305507,0.9497488750878467,-1.5462637089259486
12882,15373.0,8916.0,35.28774307974894,3396.3765031104986,1.0030944487486533,1.6009193457511648
12883,59249.0,198.0,20.973262042621315,8052.67321697743,1.7395349912180516,-1.5712506569982756
12885,330.0,5086.0,18.813199731749336,323.81338396628894,1.07507124755697,0.35824098179852015
12886,26089.0,3937.0,442.4565446208513,36896.90437177037,0.4200434797150042,-1.5532954629213191
12887,5924.0,3190.0,63.83304968344329,207.58779539268855,1.2057471274974114,-1.4891415481741015
12888,5180.0,14765.0,7.165623529300547,11.881083165370834,1.362652671915917,1.572132757867498
12890,1833.0,10286.0,56.00570121010986,416.7494836562754,1.0336240573543343,1.5581383481107396
12891,25272.0,14364.0,76.00944194852799,128.36850068339757,1.5422789035428945,-1.551700107808124
12892,26720.0,10157.0,23.001154104004264,107.26200600651005,0.4142998775258793,1.5622984270302829
12893,48161.0,15277.0,6.497696637086412,7.883639505795873,2.4139911146714548,-1.557040935318092
12894,19426.0,5890.0,14.780454081180439,116.1079452646254,0.412186695974008,1.5782403540069097
12895,12527.0,14217.0,20.20135797436997,76.3154393379953,1.1110139538863704,-1.5757590694857189
12896,47306.0,10730.0,26.61729096334782,255.3017854398124,0.9227119038198482,-1.5720247145027912
12897,18522.0,13861.0,318.58981467944875,3326.6930594199425,0.9362418862005679,1.5655275388641192
12898,40930.0,6714.0,255.97439829438676,18473.6810958621,0.9344686298937893,-1.5796117722229308
12899,4412.0,12884.0,43.127544050705765,2849.380242377187,0.4827550681364699,-1.5555300031382544
12902,17058.0,12759.0,22.472509660802444,37.34050842196535,0.4174240276652404,1.5599867140874566
12903,1010.0,14806.0,21.71511568454533,28.721330373503502,1.2565247741092265,1.6667691944449536
12907,305.0,15050.0,39.25475886352176,75.41654893909268,0.40911589025963996,1.3619138157384167
12908,1303.0,3984.0,15.345820258243112,182.09163901923844,1.2544429009184563,1.430014184681076
12909,11301.0,9984.0,656.4856533877135,3047.1559348055275,0.9718501243544047,-1.5775620547478664
12910,21583.0,12816.0,128.69381962799608,1828.9848408155488,0.9208203844301545,1.512158393170477
12912,33178.0,11165.0,241.82734098091595,4725.301275738018,1.2915043910531008,1.5560444534371582
12913,42191.0,192.0,35.70081096520424,12562.556707126509,1.7353817713345605,1.5715696302865305
12914,31983.0,8451.0,48.820281920552205,87.47804570813364,1.3029434553097765,-1.5689315046581844
12915,8372.0,15071.0,6.854897573341631,6.9720360876385366,3.220486783048706,-2.9065410241239613
12916,12735.0,15187.0,6.696157351223392,7.6732662786616785,1.6931280516007214,-0.1458158313868176
12918,40188.0,15237.0,2512.2084690111396,49910.5151244301,0.9104319873933854,-1.5620131093428224
12920,16300.0,15201.0,4.74581172185791,5.68641878343331,1.9204581963001401,-0.02114930788305643
12921,8906.0,10206.0,14.998873434687846,110.68083820260061,1.1430909324749294,-1.5345956367190416
12922,21460.0,3203.0,164.3744831999935,40423.780048427885,0.4011119198663292,1.5911370126033064
12923,8206.0,5942.0,18.38249255307399,307.01069267897986,0.4132648380507191,1.595687360219295
12925,27984.0,10493.0,8.079573575111695,18.737607336605574,0.4940796953909111,1.5787022585240433
12926,20096.0,15267.0,73.8882534504211,81.69081930689879,0.9283615737217773,-3.071826842702438
12927,3453.0,14745.0,205.62886453785717,392.74193427978287,0.9367780247305817,-0.1402372162227816
12928,1152.0,5146.0,12.010807182752721,128.59065995494447,1.315576083851723,1.7044522334772159
12929,9489.0,10678.0,23.216249406496203,4848.648709524096,1.7685224180924148,1.7667199023617612
12930,8012.0,13902.0,649.4684557716006,1542.9309385587353,0.4044182843051934,1.5134962928435793
12932,2888.0,14599.0,1080.4140045269553,31234.907427959093,0.40472894332887177,-1.630416376235414
12933,18751.0,7478.0,16.358060305384793,156.59260913923617,1.2752282055297206,-1.5693830994577225
12934,54840.0,13040.0,63781363.00000031,63781363.0005448,1.4116557818880704,-1.5964533359417326
12935,44752.0,4023.0,63781360.91367392,63781361.30641395,1.8087532333352487,-1.5905469772135974
12937,12859.0,14644.0,690.5813099959328,10933.861886681525,0.4036207493219098,1.5454217586426577
12938,16457.0,14735.0,57.754019109872814,124.17827299501424,1.243875401341899,-1.6999012740006791
12939,9428.0,7503.0,194.5856027907515,1124.8453803244925,0.9309797869774928,-1.4986748094205387
12940,1509.0,15004.0,30.082825673019546,54.58452004100931,1.0723890935164162,-1.594155913370401
12941,20467.0,10223.0,37.73200825240615,340.0264739529531,0.43546515342479764,-1.5637045387520372
12944,19929.0,14517.0,30.320802999203572,260.3710509289043,1.0178343592693377,1.608860879572046
12945,34548.0,14950.0,63781360.91367137,63781360.91367139,2.2176881135501327,1.550309686507131
12949,23737.0,9792.0,1172.1764481286452,324847.39399832475,0.9176687964838058,1.5671077575650763
12950,10587.0,15138.0,35.87751720500124,299.4083665989897,0.987344738192989,-1.6395346207435488
12952,44411.0,13104.0,32.574799087012295,104.16142142101688,1.2320685671927256,-1.579506780759355
12957,4459.0,14027.0,34.87424888082518,236.182508380916,1.21300203998798,1.650223737306262
12958,20928.0,2543.0,96.85663858016922,837.3972151487493,1.0143950687553571,1.5530655999563605
12959,27829.0,2170.0,12.400214811959655,208.54408835082987,1.2710269176547555,1.5985909755609327
12960,2899.0,15216.0,10.896089773426175,32.557346027873656,3.370851040044478,-2.001952871458252
12962,15794.0,15278.0,6.81163121495341,10.549909135393635,2.4139911146714548,-1.48469862792104
12963,482.0,13436.0,3.976600165883036,8.591923530270005,1.7531876651889058,-1.7339725963996673
12964,5477.0,10402.0,66.85456085092794,670.2114586035185,1.069666135978945,1.8186845681117558
12967,2991.0,14445.0,184.0103858640487,960.5416729953389,1.5440095367401576,-1.3183542516805675
12968,50964.0,14424.0,145.44975476248916,5148.123774641985,0.9717458894590787,1.5744029365299317
12970,12576.0,9074.0,3.4909450722674937,63.845330644872945,0.9738071842572782,-1.5680858254689483
12975,45909.0,7968.0,13.245187987100099,130.003075420279,1.0847129411693932,1.5682721597805427
12978,981.0,4796.0,6.3756453379008855,25.993809578069737,1.3067775813994176,-1.5354409602565753
12979,10188.0,15252.0,6013.31324655195,23562.026412330528,1.8137381990219532,-1.5741875482262817
12980,31908.0,14506.0,2634.1238255531944,3782.4101666823353,0.9866053880345204,-1.5091932277997162
12981,2952.0,15210.0,4.771597109191085,6.427272447975555,2.208101841751349,-2.552618044288816
12982,47426.0,15080.0,101.71372042349216,232.4682275592114,0.9646390633445721,-1.54017837168392
12984,39980.0,10583.0,63781360.91367158,63781360.91532146,1.7685224180924148,1.5611163429345902
12987,16203.0,10285.0,55.29020553207735,529.8873440890735,1.2845392852240232,-1.5417979956560228
12989,29693.0,7478.0,12.089201990719255,32.13153293598257,0.4325639793602619,-1.566240064125056
12991,5894.0,9118.0,20.86022480135837,226.39061337275078,0.9525428695872775,-1.7453614397110875
12993,10077.0,14878.0,563.1942184948919,2035.8775255290473,0.42017065461669684,-3.096269365971803
12994,191.0,14693.0,10.46956818893662,17.58861105636569,0.24912578045722872,-2.4866991903093396
12995,14302.0,8117.0,181.76226329344553,1943.2520034678232,1.3749649527250263,-1.6053246971300286
12999,12709.0,7598.0,631.8817340997416,1345.8710753366877,0.9411137004420351,1.475286217799533
13000,26154.0,9341.0,291.4411009347439,2693.349651218114,1.099113504056432,1.5239455304113725
13001,2129.0,12575.0,16.77625762031943,33.11302202286033,1.078773685396005,1.5952933445476911
13004,12454.0,4599.0,48.02477078645607,706.3186773965485,2.156878708920468,1.565352667936448
13005,36162.0,6696.0,1876.7645762808074,1112123.9691784936,0.9401019847810578,1.5410547990880856
13007,18264.0,6425.0,27.35998972148219,612.2206300213682,1.2977228065110875,-1.5633292244897083
13008,44874.0,5404.0,74.2900052893932,1816.053336441536,1.1006006012608474,1.5599764573785555
13009,17671.0,2644.0,75.91323242848192,1363.8492045858902,1.3044477652480677,-1.5943412201199185
13010,7150.0,10793.0,626.4273265425235,111899.4303719235,1.0022479918979514,1.2965286799139812
13011,546.0,4354.0,27.766573867021453,237.71157904071694,1.0427444921898767,2.6443039877853405
13012,1062.0,15165.0,113.08379067883662,130.10668391397863,0.41301298226679795,0.9059904940288931
13013,1479.0,13327.0,110.1000855590758,5764.339075272907,0.4207940860405748,-1.8566754413615663
13014,3211.0,1104.0,47.59785837219426,148.02265433055376,1.003630051162059,-1.6041022497570279
13016,16440.0,12667.0,19.85765056310308,124.0193139499046,1.0224654153969337,1.588819506359907
13018,805.0,11259.0,14.329450815100016,36.90588916013014,1.0789842392827538,1.791972981957526
13019,4812.0,14394.0,44.842498121654394,100.96094165568584,1.1186599276200042,1.7658062017661709
13021,4473.0,12507.0,2893.2493427182258,111426.11992976829,1.7639644189069286,-1.6606720454213373
13022,20777.0,14986.0,23.575920078471484,28.757148582475228,0.41222876702250216,1.5791443049278895
13023,6874.0,14517.0,74.32112439390194,324.4121026871841,0.4313035472949298,-1.5045135842828907
13024,16592.0,7092.0,17.853138300156782,72.86353720573517,1.0736211466362628,-1.5275707155853353
13025,25745.0,10294.0,55.92950547915921,569.9071062526183,1.2845392852240232,1.5549302161768366
13027,21804.0,6489.0,349.4657559895496,31268.511108299135,0.4056390023071212,1.5634100401481954
13028,19393.0,14352.0,15.827466191040024,53.10772214732485,1.1064477288781966,1.5644679007325584
13029,2472.0,14843.0,196.87990236415993,414.50009915870135,0.4312383733944791,1.4972223925208634
13030,19257.0,12476.0,186.07563603409616,793.1855563986082,1.2011105216916875,-1.5613385140269795
13031,28741.0,13446.0,324.9550898615455,7369.366230882906,1.0162433021073396,-1.5644114589376865
13033,5821.0,4585.0,7.128159923882472,77.72167963883874,1.050882913644173,-1.30230702823591
13035,4003.0,14502.0,2883.4345888549906,8432.839697427196,1.2588538186734417,1.7525586364376544
13037,24754.0,6642.0,37.13929194210545,209.4657619737544,0.9778335209278659,-1.594743354253093
13038,1279.0,14234.0,4.616514655113669,11.630474396559082,1.0864932971890229,-1.506235325169826
13039,903.0,14310.0,45.06512890262825,1133.5000690723134,0.8909395356318985,-1.3940035299183677
13040,45834.0,13698.0,18.16743581308108,38.540793487207075,1.3191927969923873,-1.5617165313207133
13042,5749.0,14715.0,23.250305995985332,77.0650614731927,1.9048500848472796,-1.8606446256469116
13044,6211.0,5254.0,70.6824311645018,691.121201520116,1.23581528338778,1.306294061734635
13045,15294.0,12867.0,31.75469622552885,394.9364648448293,1.2977551770024844,1.5735744417096202
13046,19366.0,9583.0,120.89300663900102,6170.042822970781,0.414285251205282,1.5557792216127106
13047,4402.0,11953.0,27.455223862760885,72.14276004334958,0.9715812216174328,-1.5710548948844902
13048,1433.0,14825.0,26.679054519876267,81.74069754893526,0.42311441196231003,1.4541085409303989
13051,4458.0,15021.0,17.46408204113198,21.419615317765956,1.2514674271648545,1.650986948653902
13053,29529.0,15236.0,28.551286619010153,32.18891546846577,0.9716513035436828,1.597730290882963
13055,3171.0,13760.0,2.900602691077723,4.50255276200522,1.8073522310079468,-1.3244287173674878
13056,19293.0,8488.0,572.4670775343377,14768.566048055136,1.3792823832058905,1.5759470663536375
13057,16042.0,14105.0,196.23263066723794,7820.585726636785,0.4218298160867795,-1.5607190564378417
13058,12153.0,10668.0,16.83834928089841,450.0028006542179,0.4341644977293696,1.5645712485299037
13059,45094.0,3460.0,157.59393190284163,866.215301249228,0.9816712340997993,1.586759983028513
13060,8375.0,13845.0,5650.273032874521,20936.680916322428,1.4100971204297876,-1.3244755241119452
13061,9695.0,14965.0,104.63562405415895,2600.8853077159088,0.4133337468361604,-1.5341460097612032
13064,4792.0,13642.0,178.4098717944667,41106.1399926118,0.9935791233271983,1.4582604651387354
13067,5989.0,14881.0,323.415427680474,2563.774245718249,1.0634724324730276,-1.5823438773196183
13068,16765.0,13450.0,33.28453826910121,107.19274168033107,0.946806746307225,-1.6028595606228253
13069,56377.0,10419.0,1574.1695093385256,35324.31813103721,1.1557623100783254,1.5633200938447738
13070,2104.0,7392.0,8.431617566883821,102.31273774517733,0.4268491764122101,1.5259238873045824
13071,6018.0,9255.0,70.3712489014959,196.60076457945462,1.3158450240627795,-1.5759261615678208
13072,37721.0,11569.0,318.4912149339167,318.65805457786104,0.9567542970004057,1.4588790254934902
13073,24146.0,5212.0,80.01421786844679,15619.153251899403,1.2952527494938035,-1.4926214919166498
13075,7884.0,13910.0,23.172025879695344,54.31702487400414,1.2877316086280741,1.5804594585538547
13076,6589.0,15789.0,594.3210319939768,2004.046543254237,0.9609806093986601,-1.3591286284104387
13077,24859.0,13025.0,84.1265862930601,2073.3032026278124,0.4263317035160326,-1.5651589466772964
13079,46208.0,13131.0,296.22230402161966,1543.026507599872,0.9778685903621516,1.5618844400413652
13080,4203.0,14802.0,25.24215635553421,91.19622318775235,0.4376675436669384,1.6155316369247874
13083,4855.0,10515.0,5.136477039576154,37.00553086245981,1.8085049593855291,-1.7302483059660247
13085,4919.0,5285.0,26.50484300259477,479.0057678453533,1.3042903940180168,-1.6677490205375332
13086,4527.0,14661.0,100.99945346609864,127.09717463111502,0.4273456389429492,1.5565412249381716
13087,28913.0,6310.0,28.169147800842815,148.06053509120937,1.4178317509776808,1.6060952438135363
13090,42484.0,2726.0,90200465.6307272,90200465.6307272,1.8441431382985745,1.590892874808932
13093,17940.0,7672.0,200.1289406698754,2677.7055807182533,0.9309797869774928,-1.6299715687073288
13095,24841.0,11647.0,71.06376835216032,143.15246519139896,0.3985709703779886,-1.583253535061402
13096,3692.0,5832.0,8.983664951060646,41.1817889388601,1.0594264183997923,1.5443969240703963
13097,14807.0,9341.0,7.361916879717977,160.69572571182752,0.9895704277480046,-1.5801514842313578
13099,25964.0,686.0,56.94286452768648,12852.042792961649,0.4200821744004069,1.566904274598445
13100,31026.0,15066.0,63781363.00000008,63781363.0000001,1.2759349657503145,-1.6254971541575707
13101,28020.0,8497.0,106.54084330281042,7005.379828988287,1.5483422414464478,-1.5635881537166296
13102,17050.0,13932.0,169.64321199628256,662.4041551635157,1.1052850003477768,1.5307304816780747
13103,2540.0,12858.0,20.96156757649916,120.66471963324356,1.3224648397622416,-1.5484011576970524
13106,50921.0,14853.0,201.98864920931217,11094.222781049044,0.9792344653399797,1.601850289934236
13107,12737.0,15041.0,4.604509627291142,7.534875563980995,1.2759349657503145,1.4008706180512642
13108,23864.0,12483.0,29.754056859461624,392.8472281022863,0.47156867142384273,-1.5882062128325836
13109,47064.0,15280.0,7.541065474611959,18.729034559262708,2.4139911146714548,1.502318489406877
13110,38196.0,13789.0,202.20166727737407,631.303065769099,1.2265156649796354,1.5981805766410944
13111,35183.0,9754.0,67.08602583090457,5417.413157170518,0.41719358125618355,-1.5674642566394381
13116,23765.0,2687.0,79.6913590402422,10237.87343404138,0.3972447455331501,-1.5911340937875662
13118,17738.0,15063.0,4.313349024807718,4.798988426282227,1.0499331492661697,1.5551210126482806
13119,10870.0,6675.0,26.05811681120389,363.97953574487025,1.2740413812194233,1.5647498441095224
13120,59611.0,12824.0,74.01786308969507,2169.3329458160824,0.9594363691342532,-1.5561878843175398
13123,5147.0,5138.0,49.304209094503044,189.1748618640624,1.515146185250418,-1.4644725181794147
13125,2682.0,11759.0,233.9555471020188,460.2411084147942,1.2059317403320873,1.9427828542493628
13126,18612.0,8174.0,11.555457984757643,234.65156177450288,1.0315447737378594,1.5788531048142052
13127,27847.0,15175.0,4.586722837784122,4.665233969766332,1.0854453911465844,-2.004461860941404
13128,15775.0,14161.0,15.920655673876926,241.3874766209925,0.4337083067942803,-1.5710612853496593
13129,47954.0,8061.0,63781363.00081576,63781381.57643668,0.9310496935251913,-1.6048068572281171
13131,48848.0,6672.0,37.38076167349318,279.5553803951682,1.2397532997720893,1.5790070838877637
13132,46367.0,14343.0,14.884909698973287,20.98016441041276,1.3992053105464797,1.5905519678037972
13133,29650.0,7009.0,16.375264295911787,136.30285349934462,1.008029774118829,-1.5286348614284389
13135,723.0,14600.0,15.121301986096391,23.613069511515388,0.3983702946574268,1.395780462937612
13136,43541.0,192.0,5.8381655681698605,129.0904449720336,1.7336328859840298,1.570423878977851
13137,3116.0,8996.0,12.187693913974543,37.835838385409474,1.3822800793199657,1.4965148334292537
13138,39162.0,12436.0,84.416331388437,242.26093100450623,1.2256603849968997,-1.549174683813251
13139,30672.0,14621.0,29.27532061270852,93.305821339978,1.3056722220130794,-1.5445913067159036
13142,29426.0,10394.0,90.39163792122882,5785.4206233804425,0.424471584771316,-1.5869598600706436
13145,17620.0,6839.0,32.318978258114605,662.6800735020087,0.4019381895987955,-1.5652723370767878
13146,611.0,14782.0,56.648050756651855,87.359376459772,1.2139710696149448,-2.3825898745892897
13147,19182.0,13296.0,188.32597537829358,4648.006519708287,0.9280470090430455,-1.5705476890014165
13148,3550.0,10330.0,5.945665233235931,57.37790345391847,1.0424004313218125,1.6144798021614375
13149,8239.0,12150.0,8217.906674132591,39955.841624633795,4.611338439554213,1.4626369092308105
13150,11963.0,14953.0,12.374978415563962,18.12778898319713,1.4292847751089355,1.6682836599256827
13151,34897.0,11876.0,37.4391999443843,8778.676478984255,0.41782359279846487,1.5656123802909503
13152,25222.0,1156.0,22.842020858336795,126.98032742222485,0.9506016036264582,-1.6117368991470347
